unit_id	kind	title	text
P00001	poem	Александр Бестужев: К К[реницин]у	Тебе ли, Муз Питомец юный, Томить печалью звучны струны, Чело под скукою клонить? Прожив три люстра с половиной, Полет забывши соколиной, Оледенить себя судьбиной! Поэту ль малодушным быть? Бесспорно, что не в нашей воле Быть счастливым в сей юдоле; Но можно менее страдать В оковах грусти бесполезной; Поверь мне в этом, друг любезной: Возможно жезл судьбы железной Терпением перековать. Не вечно ветр в долинах воет, Не век Перун крылатый роет Гранитну цепь Кавказских гор; Почто же волею своею Страдать подобно Прометею, Топтать веселия Лилею, Печалью свой туманить взор? Конечно, кто избег кручины! От ней ни юность, ни седины, Ни сан, ни род не защитят,— Везде ее проникнут жалы, И часто пиршества бокалы Вэдыханья царские струят. Но ах! Чему тоска поможет? Она шипы на розах множит, В пыл жизни чувства холодит; Нам радости даны часами, Но грусть свинцовыми крылами Вперед нас двигает годами; А невозвратна жизнь — летит. Друг! Примирись с самим собою, Престань печальною мечтою Болезнь сердечну пробуждать; Пусть Зефир дружбы с новой силой Развеет мрак души унылой, Путь жизни бог Цитеры милой Забав цветами будет стлать. Последуй дружества совету: Поставь лишь радости за мету, А скуку на ветер пускай; То с чашей нектара златою, То граций с резвою толпою Спеши знакомою тропою И в счастьи счастье воспевай!
P00002	poem	Александр Бестужев: МИХАИЛ ТВЕРСКОЙ	В темнице мрачной и глухой Ночною позднею порой Лампада темная мелькает И слабым светом озаряет В углу темницы двух мужей: Один во цвете юных дней; Другой, окованный цепями, Уже покрыт был сединами. Зачем сей старец заключен В твоих стенах, жилище страха; Здесь век ли кончить присужден, Или ему готова плаха? Не слышно вздохов на устах, И в пламенных его очах Божественный покой сияет. То к небу взор он подымает, То с нежной грустим глядит На сына, полного печали, И так в утеху говорит: "В слезах довольно утопали Твои глаза, друг добрый мой; Пора расстаться мне с тобою И Михайловой главою Купить отечеству покой. Всегда будь верен правде, чести. И, если хочешь, чтоб венец Имел веселью твой отец, Оставь врагов его без мести..." На площади народ шумит В столице хищных, злобных ханов, России яростных тиранов; Он с зверской радостью глядит На труп, весь ранами покрытый. Над ним, отчаяньем убитый, Младой князь слезы горьки льет. Свои власы, одежду рвет. Татар, узбека укоряет И бога мести призывает... Он внял ему, сей сильный бог, Россиянам восстать помог И снял с лица земли тиранов: Их город стал жилищем вранов; Иссохли злачные луга, Ослабла в брани их рука, И, пораженные слугами, Они их сделались рабами.
P00003	poem	Александр Бестужев: Эпиграмма на Жуковского	Из савана оделся он в ливрею, На ленту променял лавровый свой венец. Не подражая больше Грею, С указкой втерся во дворец — И что же вышло наконец? Пред знатными сгибая шею, Он руку жмет камер-лакею. Бедный певец!
P00004	poem	Александр Бестужев: Алине	Еще, еще одно лобзанье! Как в знойный день прохлада струй, Как мотыльку цветка дыханье, Мне сладок милой поцелуй. Мне сладок твой невинный лепет И свежих уст летучий трепет, Очей потупленных роса И упоения зарница... Всё, всё, души моей царица,— В тебе и прелесть, и краса! Какой отрадой повевает С твоих кудрей, с твоих ланит! Дыханье — негою поит, От взора — сотом сердце тает, И быстро молния любви Течет, кипит в моей крови. . . . . . . . . . . . . . . . . . Когда ж твой легкий стан объемлю, Я, мнится, покидаю землю... Оковы праха отреша, Орлом ширяется душа! Но целый мир светлеет раем, Когда, восторженные, мы Уста и чувства, и умы В одно лобзание сливаем! О, друг мой, если б в этот миг, Неизъяснимый, невозвратный, Далекий горестей земных, Дней наших факел благодатный Погас в пучине светлых струй И пал за нами смертный полог,— Чтоб был последний поцелуй, Как небо, чист, как вечность, долог.
P00005	poem	Александр Бестужев: Ей	Когда моей ланитой внемлю Пыланию твоих ланит, Мне радость небеса и землю И золотит, и серебрит; Душе так сладко и покойно, И тих, и волен сердца ход: Так солнце катится беззнойно На лоно зеркальное вод.
P00006	poem	Александр Бестужев: С персидского	Будь, любезная, далеко, Так, как запад от востока; Но любви чего нельзя? Степь и море — ей стезя, Сердце всюду страж и плата, К милой шаг и до Багдада.
P00007	poem	Александр Бестужев: ЧЕРЕП	Кончины памятник безгробной! Скиталец-череп, возвести: В отраду ль сердцу ты повержен на пути, Или уму загадкой злобной? Не ты ли - мост, не ты ли - первый след По океану правды зыбкой? Привет ли мне, иль горестный завет Мерцает под твоей ужасною улыбкой? Где утаен твой заповедный ключ, Замок бессмертных дум и тленья? В тебе угас ответный луч, Окрест меня туман сомненья. Ты жизнию кипел, как праздничный фиал, Теперь лежишь разбитой урной; Венок мышления увял, И прах ума развеял вихорь бурный! Здесь думы в творческой тиши Роилися, как звезды в поднебесной. И молния страстей сверкала из души, И радуга фантазии прелестной. Здесь нежный слух вкушал воздушный пир, Восхищен звуков стройным хором, Здесь отражался пышный мир, Бездонным поглощенный взором. Где ж знак твоих божественных страстей, И сил, и замыслов, грань мира облетевших? Здесь только след презрительных червей, Храм запустения презревших! Где ж доблести? Отдай мне гроба дань, Познаний светлых темный вестник! Ты ль бытия таинственная грань? Иль дух мой - вечности ровесник? Молчишь! Но мысль, как вдохновенный сон. Летает над своей покинутой отчизной, И путник, в грустное мечтанье погружен, Дарит тебя земле мирительною тризной.
P00008	poem	Александр Бестужев: 	Еще ко гробу шаг - и, может быть, порой, Под кровом лар родных, увидя сии строки, Ты с мыслью обо мне воспомнишь край далекий, Где, брошен жизни сей бушующей волной, Ты взора не сводил с звезды своей вожатой И средь пустынь нагих, презревши бури стон, Любви и истины искал святой закон И в мир гармонии парил мечтой крылатой.
P00009	poem	Александр Бестужев: В день именин (Невольный гость...)	Ал. и В. М........й Невольный гость в краю чужбины, Забывший свет, забывший лесть, Желал бы вам на именины Цветов прелестнейших поднестъ: Они — дыханию услада, Они — веселие очей. При них бы мне писать не надо Вам поздравительных речей: Желанье счастья без печали В цветах вы сами б угадали... Но — ах!— якутская весна Не зелена и не красна! И здешний май, холодной, дикой, Одной подснежною брусникой, А не лилеями богат. Природа спит, и в поле целом Я разжился одним пострелом, А я слыхал, такой наряд На именины не дарят. Итак, по воле и неволе Пришлось приняться за перо, Хоть я забыл в угрюмой доле Писать забавно и пестро. Примите ж это благосклонно И в шуме праздничного дня Не осудите вы меня За мой привет простой и сонной. В нем правда — каждая черта; Притом же ваша доброта По слуху, по сердцу и дома И вчуже страннику знакома... В краю зимы и дружбы зимной, Поверьте, только вы одне, Ваш разговор гостеприимной Напоминал друзьям и мне О незабвенной стороне. О, будь же добродетель та же И с нею брат ее — покой, Как неизменный часовой, У сердца вашего на страже; Да никакой печали тень Не хмурит тихий свет забавы, И, проводив веселый день, Поутру встанете вы здравы... Да будут ясны ваши сны, Как небо южныя весны, И необманчивы надежды, И перед вами все невежды, По крайней мере, хоть скромны; Совет подруги чист и верен, Знакомых круг нелицемерен, Неутомителен бостон, Ни бальных скрипок рев и стон! Когда ж на берега великой, На берега моей Невы, Покинув край морозов дикой, Стрелою полетите вы, Да встретят путницу родные, Беспечной юности друзья И все по сердцу не чужие, И вся родимая семья Благополучны и здоровы, И пылки, и разлукой новы, И смех, и радость, и расспрос, И сладкий дождь свиданья слез!!. Зачем же, искра упованья — Дожить до сладкого свиданья,— В груди моей погасла ты? Но я ступил из-за черты Сорокаверстного посланья. И мне, и вам унять пора Болтливость моего пера, Но знайте: это все с начала По пунктам истина скрепляла, Хоть неподкупна и строга; Тут не сплетал из лести кружев Ваш всепокорнейший слуга . . . ...... въ.
P00010	poem	Александр Бестужев: Дождь	Провиденья перст незримой, Облаков летучих вождь, Ниве, жаждою томимой, Посылает шумный дождь. Звучно, благостью обильный, Брызнул ток живой воды, Освежая злаки пыльны И замершие плоды. Вот и радуга завета Капли светлые зажгла: То улыбка бога света — Сень бессмертного чела.
P00011	poem	Александр Бестужев: К облаку	Куда столь быстро и легко, И гордо, и прелестно, Ты пролетаешь, облачко, Скиталец поднебесной? Земли бездомное дитя, Игралище погоды, Напрасно, радугой блестя, Ты, радостью природы! Завоет вихрь, взметая прах - И ты из лона звездна Дождем растаешь на степях Бесславно, бесполезно!.. Блести, лети на ветерке, Подобно нашей доле — И я погибну вдалеке От родины и воли!
P00012	poem	Александр Бестужев: Муравьеву-Апостолу (Ты взора не сводил..	Ты взора не сводил с звезды своей вожатой И средь пустынь нагих, презревши бури стон, Любви и истины искал святой закон И в мир гармонии парил мечтой крылатой.
P00013	poem	Александр Бестужев: Оживление	Чуть крылатая весна Радостью повеет, Оживает старина, Сердце молодеет; Присмирелые мечты Рвут долой оковы, Словно юные цветы Рядятся в обновы, И любви златые сны, Осеняя вежды, Вновь и вновь озарены Радугой надежды.
P00014	poem	Александр Бестужев: Пресыщение	Ты пьешь любви коварный мед, От чаши уст не отнимая, И в сердце юное течет Струя восторгов огневая; И упоен, и утомлен, Ты ниспадаешь в тихий сон. Мечтаний рой тебя лелеет, Кропя росою сладких слез. Так с жадных крыл прохладу веет На жертву неги кровосос; Так в цвете истлевают силы От пресыщенья в пыль могилы. Ты скажешь: «Мил заветный плод, Не дважды молодость цветет И без желаний волны Леты Шумят всегда у наших стоп!» Но ты и сердцу прежде меты Готовишь гибельный озноб И поздний плач, и ранний гроб.
P00015	poem	Александр Бестужев: Разлука	О дева, дева, Звучит труба! Румянцем гнева Горит судьба! Уж сердце к бою Замкнула сталь, Передо мною Разлуки даль. Но всюду, всюду, Вблизи, вдали, Не позабуду Родной земли; И вечно, вечно - Клянусь, сулю! - Моей сердечной Не разлюблю. Ни день истомы, И страх, и месть, Ни битвы громы, Ни славы лесть, Ни кубок пенный, Ни шумный хор, Ни девы пленной Манящий взор... . . . . . . . . .
P00016	poem	Александр Бестужев: Сон	Зачем зарницею без гула Исчезла ты, любви пора, И птичкой юность упорхнула В невозвратимое «вчера»? Давно ль на юношу, давно ли, Обетом счастия горя, Цветами радости и воли Дождила светлая заря? Давно ль с родимого порога Сманила жизнь на пышный пир И, как безгранная дорога, Передо мной открылся мир? И случай, преклоняя темя, Держал мне золотое стремя, И, гордо бросив повода, Я поскакал туда, туда!.. Летим — сорвал бразды шелковы Неукротимый конь судьбы, И брызжут пламенем подковы, Гремя о плиты и гробы. Я обезумел, воздух свищет — Все вдаль и вдаль, надежда прочь. И вот на нас упала ночь, И под скалою бездна прыщет, Над головой расшибся гром, И конь, и всадник, прянув с края, Кусты и глыбы отрывая, В пучину ринулись кольцом. Замлело сердце! Вихрь кончины Мне обуял и взор, и ум. Раздавлен на брегу пучины, Едва я слышу рев и шум. Вот набегают грозно, жадно За валом вал наперерыв; Уж мой отчаянный призыв Стихает, залит пеной хладной... И вдруг с утеса на утес, Как зверь, поток меня понес . . . . . . . . . . . . . . Очнулся я от страшной грезы, Но все душа тоски полна, И мнилось, гнут меня железы К веслу убогого челна. Вдаль отуманенным потоком, Меж сокрушающихся льдин, Заботно озираясь оком, Плыву я грустен и один. На чуждом небе тьма ночная; Как сон, бежит далекий брег, И, шуму жизни чуть внимая, Стремлю туда невольный бег, Где вечен лед и вечны тучи, И вечносеемая мгла, Где жизнь, зачахнув, умерла Среди пустынь и тундр зыбучих, Где небо, степь и лоно вод В безрадостный слияны свод, Где в пустоте блуждают взоры И даже нет стопе опоры! Плыву. На тихом сердце хлад, Дремотой лени тяжки вежды, И звезды искрами надежды В угрюмом небе не горят. Забвенья ток меня лелеет, Мечта уснула над веслом, И время в тихий парус веет Своим мирительным крылом. Всё мертво у меня кругом... И близко бездна океана Белеет саваном тумана.
P00017	poem	Александр Бестужев: Тост	Вам, семейство милых братий, Вам, созвездие друзей, Жар приветственных объятий И цветы моих речей! Вы со мной — и лед сомненья Растопил отрадный луч, И невольно песнопенья Из души пробился ключ! В благовонном дыме трубок, Как звезда, несется кубок, Влажной искрою горя — Жемчуга и янтаря; В нем, играя и светлея, Дышит пламень Прометея, Как бессмертия заря! Раздавайся ж, клик заздравной, Благоденствие, живи На Руси перводержавной, В лоне правды и любви! И слезами винограда Из чистейшего сребра Да прольется ей услада Просвещенья и добра! Гряньте в чашу звонкой чашей. Небу взор и другу длань, Вознесем беседы нашей Умилительную дань! Да не будет чужестранцем Между нами бог ланит, И улыбкой, и румянцем, Нас здоровье озарит; И предмет всемирной ловли, Счастье резвое, тайком, Да слетит на наши кровли Сизокрылым голубком! Чтоб мы грозные печали Незаметно промечтали, Возбуждаемы порой, На веселье и покой! Да из нас пылает каждой, Упитав наукой ум, Вдохновительною жаждой Правых дел и светлых дум; Вечно страху неприступен, Вечно златом неподкупен, Безответно горделив На прельстительный призыв! Да украсят наши сабли Эту молнию побед, Крови пламенные капли И боев зубчатый след! Но, подобно чаше пирной В свежих розанах венца, Будут искренностью мирной Наши повиты сердца! И в сердцах — восторга искры, Умиления слеза, И на доблесть чувства быстры, И порочному — гроза! Пусть любви могущий гений Даст нам звездные цветы И перуны вдохновений В поцелуе красоты! Пусть он будет, вестник рая, Нашей молодости брат, В пламень жизни подливая Свой бесценный аромат, Чтобы с нектаром забвенья В тихий час отдохновенья Позабыть у милых ног Меч и кубок, и венок.
P00018	poem	Александр Бестужев: Финляндия	Посвящено А. А. 3......... му Я видел вас, граниты вековые, Финляндии угрюмое чело, Где юное творение впервые Нетленною развалиной взошло. Стряхнув с рамен балтические воды, Возникли вы, как остовы природы! Там рыщет волк, от глада свирепея, На черепе там коршун точит клев, Печальный мох мерцает следом змея, Трепещет ель пролетом облаков; Туманы там — утесов неизменней И дышат век прохладою осенней. Не смущены долины жизни шумом; Истлением седеет дальний бор; Уснула тень в величии угрюмом На зеркале незыблемых озер; И с крутизны в пустынные заливы, Как радуги, бегут ключи игривы. Там силой вод пробитые громады Задвинули порогом пенный ад, И в бездну их крутятся водопады, Гремучие, как воющий набат; Им вторит гул — жилец пещеры дальней, Как тяжкий млат по адской наковальне. Я видел вас! Бушующее море Вздымалося в губительный потоп И, мощное в неодолимом споре, Дробилося о крепость ваших стоп; Вам жаркие и влажные перуны Нарезали чуть видимые руны. Я понял их: на западе сияло Светило дня, златя ступени скал, И океан, как вечности зерцало, Его огнем живительным пылал, И древних гор заветные скрижали Мне дивные пророчества роптали!
P00019	poem	Александр Бестужев: Шебутуй	Стенай, шуми, поток пустынной, Неизмеримый Шебутуй, Сверкай от высоты стремнинной И кудри пенные волнуй! Туманы, тучи и метели, На лоне тающих громад, В гранитной зыбля колыбели, Тебя перунами поят. Но, пробужденный, ты, затворы Льдяных пелен преодолев, Играя, скачешь с гор на горы, Как на ловитве юный лев. Как летопад из вечной урны, Как неба звеэдомлечный путь, Ты низвергаешь волны бурны На халцедоновую грудь; И над тобой краса природы, Блестя, как райской птицы хвост, Склоняет радужные своды, Полувоздушных перлов мост. Орел на громовой дороге Купает в радуге крыле, И серна, преклоняя роги, Глядится в зеркальной скале. А ты, клубя волною шибкой, Потока юности быстрей, То блещешь солнечной улыбкой, То меркнешь грустию теней. Катись под роковою силой, Неукротимый Шебутуй! Твое роптанье — голос милой; Твой ливень — братний поцелуй! Когда громам твоим внимаю И в кудри льется брызгов пыль — Невольно я припоминаю Свою таинственную быль... Тебе подобно, гордый, шумной, От высоты родимых скал, Влекомый страстию безумной, Я в бездну гибели упал! Зачем же моего паденья, Как твоего паденья дым, Дуга небесного прощенья Не озарит лучом своим! О, жребий! если в этой жизни Не знать мне радости венца — Хоть поздней памятью обрызни Могилу тихую певца.
P00020	poem	Александр Бестужев: Отрывок (Вечерел в венце багряном...)	Вечерел в венце багряном Ток могучего Днепра, Вея радужным туманом С оживленного сребра. Черной тучею над бездной Преклонен, дремучий лес Любовался чашей звездной Опрокинутых небес. И за девственною дымкой, Чуть блестя росою сна, Возлетала невидимкой Благодатная луна. Отвечает горд и весел Звучный лад, настройки взмах, И взлетает с гибких весел [След?] ладьи, алмазный прах. И за быстрою кормою [Говорливая] бразда Сыплет искры за собою, Как летучая звезда.
P00021	poem	Александр Бестужев: Ответ (Литература наша — сетка...)	Литература наша — сетка На ловлю иноморских рыб; Чужих яиц она наседка; То ранний плод, то поздний гриб; Чужой хандры, чужого смеха Всеповторяющее эхо!
P00022	poem	Александр Бестужев: Поэтам архипелага нелепостей в море пуст	Печальной музы кавалеры! Признайтесь: только стопы вы Обули в новые размеры, Не убирая головы! И рады, что нашли возможность, На разум века не смотря, Свою распухлую ничтожность Прикрыть цветами словаря!
P00023	poem	Александр Бестужев: Приписка к богатому надгробию...	Не спас от нищеты полет орлиных крыл, Ни песней дар, ни сердца пламень! Жестокие! У вас он хлеба лишь просил, Вы дали — камень.
P00024	poem	Александр Бестужев: Эпиграммы	Люблю я критика Василья — Он не хватает с неба звезд. Потеха мне его усилья Могучих дум замедлить рост: Вороне мил павлиний хвост, Но страшны соколины крылья! Клим зернами идей стихи свои назвал; И точно, все, как зерна, их лелеют: Заключены в хранительный подвал, Пускай они до новой жизни тлеют! Да, да, в стихах моих знакомых Собранье мыслей — насекомых!
P00025	poem	Александр Бестужев: Д. В. Давыдову (Любуюсь я твоим конем...	Любуюсь я твоим конем; Не поступью его игривой, Не быстрых глаз его огнем И не волнующейся гривой. Не потому, что он не раз Твоей участником был славы И что на нем прочтен отказ Грозящей смертью переправы. Прибавлю: он не тем мне мил, Что победительные клики Слыхал, как ляхов ты громил В Владимире и Лисобики, Что попирали Безобдал Его могучие копыты И что он ржаньем оглашал Брег Вислы, буйством знаменитый. Любуюсь я твоим конем, Когда, сложив доспехи ратны, Везде ты с нами и на нем Несешься по степи раскатной Вслед за матерым русаком. О почестях не мысля боле И чуждый боевых забот, Когда на нем встречаешь в поле И ночь и солнечный восход; Когда на нем из полной фляжки Пьешь с нами водку наповал, Когда враг чванства, друг распашки Охотник ты — не генерал. Когда, забыв все бремя славы, Которую с тобой делил, Он делит отдых твой, забавы... Любуюсь им,— твой конь мне мил!
P00026	poem	Александр Бестужев: Я за морем синим, за синею далью...	Я за морем синим, за синею далью Сердце свое схоронил. Я тоской о былом ледовитой печалью, Словно двойной нерушимою сталью, Грудь от людей заградил. И крепок мой сон. Не разбит, не расколот Щит мой. Но во мраке ночей Мнится порой, расступился мой холод И снова я ожил, и снова я молод Взглядом прелестных очей.
P00027	poem	Александр Бестужев: Забудь, забудь	Кн. Н. У. * * * Ты улетаешь, Ангел света, И свет души уносишь ты, Но не зальет годами Лета Тобой зажженные мечты. А я бы жаждал в тьме забвенья, В холодной бездне утонуть. О сердце! Милое виденье Ты навсегда забудь, забудь! Запомни сладость первой встречи, И негой думы полный взор, И ум чарующие речи, И голос — ключ певучий гор! Нет, не падет росой целебной Слеза прощальная на грудь. Забудь, о сердце, сон волшебный — И навсегда забудь, забудь...
P00028	poem	Александр Бестужев: Адлерская песня	(На голос «Как по камешкам чиста реченька течет...») Плывет по морю стена кораблей, Словно стадо лебедей, лебедей. Ай, жги, жги, жги, говори, Словно стадо лебедей, лебедей. Волны по морю кипят и шумят, Меж собою таку речь говорят — Ай, жги, жги, жги, говори — Меж собою таку речь говорят: «Уж зачем это наши корабли, Как щетиною, штыками поросли? Ай, жги, жги, жги, говори, Как щетиною, штыками поросли? Уж не будет ли турецкая кровь Нас румянить по-старому вновь? Ай, жги, жги, жги, говори, Нас румянить по-старому вновь?» Тучи по небу летят и шумят, Меж собой они речь говорят — Ай, жги, жги, жги, говори — Меж собой они речь говорят: «Для чего полны солдат корабли, У орудий курятся фитили? Ай, жги, жги, жги, говори, У орудий курятся фитили? Уж недаром слетаются орлы, Как на пир, на черкесские скалы. Ай, жги, жги, жги, говори, Как на пир, на черкесские скалы». Паруса надуваются, шумят, Что на палубах солдатушки сидят. Ай, жги, жги, жги, говори, Что на палубах солдатушки сидят. Им ефрейторы делают наряд, Усачи молодым говорят — Ай, жги, жги, жги, говори — Усачи молодым говорят: «Ей вы, гой еси кавказцы-молодцы, Удальцы, государевы стрельцы! Ай, жги, жги, жги, говори, Удальцы, государевы стрельцы! Посмотрите, Адлер-мыс недалеко, Нам его забрать славно и легко. Ай, жги, жги, жги, говори, Нам его забрать славно и легко. Каждый гоголем встряхнись, встрепенись, Осмотри ружье да в шлюпочки садись. Ай, жги, жги, жги, говори, Осмотри ружье да в шлюпочки садись. С кораблей врагам пару поддадут, Через головы там ядра заревут. Ай, жги, жги, жги, говори, Через головы там ядра заревут. А чуть на мель, мы вперед, усачи, Сумы в зубы, в воду по пояс скачи! Ай, жги, жги, жги, говори, Сумы в зубы, в воду по пояс скачи! Вражьих пуль не считай, не зевай, Мигом стройся, да команды ожидай. Ай, жги, жги, жги, говори, Мигом стройся, да команды ожидай. И придет вам потешиться пора — Дрогнет Адлер от солдатского ура. Ай, жги, жги, жги, говори, Дрогнет Адлер от солдатского ура. Беглым шагом на завал, на завал, Тому честь и крест, кто прежде добежал. Ай, жги, жги, жги, говори, Тому честь и крест, кто прежде добежал. В рукопашную пали и коли, И вали, и усами шевели. Ай, жги, жги, жги, говори, И вали, и усами шевели. Нам похвально, гренадеры, егеря, Молодцами умирать за царя. Ай, жги, жги, жги, говори, Молодцами умирать за царя. Нам не диво, гренадеры, егеря, Пить победную чару за царя. Ай, жги, жги, жги, говори, Пить победную чару за царя».
P00029	poem	Александр Грибоедов: Горе от ума	Комедия в четырех действиях в стихах ДЕЙСТВУЮЩИЕ: Павел Афанасьевич Фамусов, управляющий в казенном месте Софья Павловна, его дочь. Лизанька, служанка. Алексей Степанович Молчалин, секретарь Фамусова, живущий у него в доме. Александр Андреевич Чацкий. Полковник Скалозуб, Сергей Сергеевич. Наталья Дмитриевна, молодая дама, Платон Михаилович, муж ее, - Горичи. Князь Тугоуховский и Княгиня, жена его, с шестью дочерями. Графиня бабушка, Графиня внучка, - Хрюмины. Антон Антонович Загорецкий. Старуха Хлестова, свояченица Фамусова. Г.N. Г.D. Репетилов. Петрушка и несколько говорящих слуг. Множество гостей всякого разбора и их лакеев при разъезде. Официанты Фамусова.
P00030	poem	Александр Грибоедов: Горе от ума. Действие 1	ЯВЛЕНИЕ 1 Гостиная, в ней большие часы, справа дверь в спальню Софии, откудова слышно фортопияно с флейтою, которые потом умолкают. Лизанька середи комнаты спит, свесившись с кресел. (Утро, чуть день брежжится) Лизанька (вдруг просыпается, встает с кресел, оглядывается) Светает!.. Ах! как скоро ночь минула! Вчера просилась спать - отказ, "Ждем друга". - Нужен глаз да глаз, Не спи, покудова не скатишься со стула. Теперь вот только что вздремнула, Уж день!.. сказать им... (Стучится к Софии.) Господа, Эй! Софья Павловна, беда. Зашла беседа ваша за ночь; Вы глухи? - Алексей Степаныч! Сударыня!..- И страх их не берет! (Отходит от дверей.) Ну, гость неприглашенный, Быть может, батюшка войдет! Прошу служить у барышни влюбленной! (Опять к дверям) Да расходитесь. Утро. - Что-с? (Голос Софии) Который час? Лизанька Все в доме поднялось. София (из своей комнаты) Который час? Лизанька Седьмой, осьмой, девятый. София (оттуда же) Неправда. Лизанька (прочь от дверей) Ах! амур * проклятый! И слышат, не хотят понять, Ну что бы ставни им отнять? Переведу часы, хоть знаю: будет гонка, Заставлю их играть. (Лезет на стул, передвигает стрелку, часы бьют и играют.) ЯВЛЕНИЕ 2 Лиза и Фамусов. Лиза Ах! барин! Фамусов Барин, да. (Останавливает часовую музыку) Ведь экая шалунья ты, девчонка. Не мог придумать я, что это за беда! То флейта слышится, то будто фортопьяно; Для Софьи слишком было б рано?? Лиза Нет, сударь, я... лишь невзначай... Фамусов Вот то-то невзначай, за вами примечай; Так, верно, с умыслом. (Жмется к ней и заигрывает) Ой! зелье, * баловница. Лиза Вы баловник, к лицу ль вам эти лица! Фамусов Скромна, а ничего кроме Проказ и ветру на уме. Лиза Пустите, ветреники сами, Опомнитесь, вы старики... Фамусов Почти. Лиза Ну, кто придет, куда мы с вами? Фамусов Кому сюда придти? Ведь Софья спит? Лиза Сейчас започивала. Фамусов Сейчас! А ночь? Лиза Ночь целую читала. Фамусов Вишь, прихоти какие завелись! Лиза Все по-французски, вслух, читает запершись. Фамусов Скажи-ка, что глаза ей портить не годится, И в чтеньи прок-от не велик: Ей сна нет от французских книг, А мне от русских больно спится. Лиза Что встанет, доложусь, Извольте же идти, разбудите, боюсь. Фамусов Чего будить? Сама часы заводишь, На весь квартал симфонию гремишь. Лиза (как можно громче) Да полноте-с! Фамусов (зажимает ей рот) Помилуй, как кричишь. С ума ты сходишь? Лиза Боюсь, чтобы не вышло из того... Фамусов Чего? Лиза Пора, сударь, вам знать, вы не ребенок; У девушек сон утренний так тонок; Чуть дверью скрипнешь, чуть шепнешь: Все слышат... Фамусов Все ты лжешь. Голос Софии Эй, Лиза! Фамусов (торопливо) Тс! (Крадется вон из комнаты на цыпочках.) Лиза (одна) Ушел... Ах! от господ подалей; У них беды себе на всякий час готовь, Минуй нас пуще всех печалей И барский гнев, и барская любовь. ЯВЛЕНИЕ 3 Лиза, София со свечкою, за ней Молчалин. София Что, Лиза, на тебя напало? Шумишь... Лиза Конечно, вам расстаться тяжело? До света запершись, и кажется все мало? София Ах, в самом деле рассвело! (Тушит свечу.) И свет и грусть. Как быстры ночи! Лиза Тужите, знай, со стороны нет мочи, Сюда ваш батюшка зашел, я обмерла; Вертелась перед ним, не помню что врала; Ну что же стали вы? поклон, сударь, отвесьте. Подите, сердце не на месте; Смотрите на часы, взгляните-ка в окно: Валит народ по улицам давно; А в доме стук, ходьба, метут и убирают. София Счастливые часов не наблюдают. Лиза Не наблюдайте, ваша власть; А что в ответ за вас, конечно, мне попасть. София (Молчалину) Идите; целый день еще потерпим скуку. Лиза Бог с вами-с; прочь возьмите руку. (Разводит их, Молчалин в дверях сталкивается с Фамусовым.) ЯВЛЕНИЕ 4 София, Лиза, Молчалин, Фамусов. Фамусов Что за оказия! * Молчалин, ты, брат? Молчалин Я-с. Фамусов Зачем же здесь? и в этот час? И Софья!.. Здравствуй, Софья, что ты Так рано поднялась! а? для какой заботы? И как вас Бог не в пору вместе свел? София Он только что теперь вошел. Молчалин Сейчас с прогулки. Фамусов Друг. Нельзя ли для прогулок Подальше выбрать закоулок? А ты, сударыня, чуть из постели прыг, С мужчиной! с молодым! - Занятье для девицы! Всю ночь читает небылицы, И вот плоды от этих книг! А все Кузнецкий мост, * и вечные французы, Оттуда моды к нам, и авторы, и музы: Губители карманов и сердец! Когда избавит нас творец От шляпок их! чепцов! и шпилек! и булавок! И книжных и бисквитных лавок!.. София Позвольте, батюшка, кружится голова; Я от испуги * дух перевожу едва; Изволили вбежать вы так проворно, Смешалась я... Фамусов Благодарю покорно, Я скоро к ним вбежал! Я помешал! я испужал! Я, Софья Павловна, расстроен сам, день целый Нет отдыха, мечусь как словно угорелый. По должности, по службе хлопотня, Тот пристает, другой, всем дело до меня! Но ждал ли новых я хлопот? чтоб был обманут... София Кем, батюшка? Фамусов Вот попрекать мне станут, Что без толку всегда журю. Не плачь, я дело говорю: Уж об твоем ли не радели Об воспитаньи! с колыбели! Мать умерла: умел я принанять В мадам Розье вторую мать. Старушку-золото в надзор к тебе приставил: Умна была, нрав тихий, редких правил. Одно не к чести служит ей: За лишних в год пятьсот рублей Сманить себя другими допустила. Да не в мадаме сила. Не надобно иного образца, Когда в глазах пример отца. Смотри ты на меня: не хвастаю сложеньем; Однако бодр и свеж, и дожил до седин, Свободен, вдов, себе я господин... Монашеским известен поведеньем!.. Лиза Осмелюсь я, сударь... Фамусов Молчать! Ужасный век! Не знаешь, что начать! Все умудрились не по летам. А пуще дочери, да сами добряки. Дались нам эти языки! Бepeм же побродяг, * и в дом и по билетам, * Чтоб наших дочерей всему учить, всему - И танцам! и пенью! и нежностям! и вздохам! Как будто в жены их готовим скоморохам. * Ты, посетитель, что? ты здесь, сударь, к чему? Безродного пригрел и ввел в мое семейство, Дал чин асессора * и взял в секретари; В Москву переведен через мое содейство; И будь не я, коптел бы ты в Твери. София Я гнева вашего никак не растолкую. Он в доме здесь живет, великая напасть! Шел в комнату, попал в другую. Фамусов Попал или хотел попасть? Да вместе вы зачем? Нельзя, чтобы случайно. София Вот в чем, однако, случай весь: Как давиче вы с Лизой были здесь, Перепугал меня ваш голос чрезвычайно, И бросилась сюда я со всех ног... Фамусов Пожалуй, на меня всю суматоху сложит. Не в пору голос мой наделал им тревог! София По смутном сне безделица тревожит; Сказать вам сон: поймете вы тогда. Фамусов Что за история? София Вам рассказать? Фамусов Ну да. (Садится.) София Позвольте... видите ль... сначала Цветистый луг; и я искала Траву Какую-то, не вспомню наяву. Вдруг милый человек, один из тех, кого мы Увидим - будто век знакомы, Явился тут со мной; и вкрадчив, и умен, Но робок... Знаете, кто в бедности рожден... Фамусов Ах! матушка, не довершай удара! Кто беден, тот тебе не пара. София Потом пропало все: луга и небеса. - Мы в темной комнате. Для довершенья чуда Раскрылся пол - и вы оттуда, Бледны, как смерть, и дыбом волоса! Тут с громом распахнули двери Какие-то не люди и не звери, Нас врознь - и мучили сидевшего со мной. Он будто мне дороже всех сокровищ, Хочу к нему - вы тащите с собой: Нас провожают стон, рев, хохот, свист чудовищ! Он вслед кричит!.. - Проснулась. - Кто-то говорит, - Ваш голос был; что, думаю, так рано? Бегу сюда - и вас обоих нахожу. Фамусов Да, дурен сон, как погляжу. Тут все есть, коли нет обмана: И черти и любовь, и страхи и цветы. Ну, сударь мой, а ты? Молчалин Я слышал голос ваш. Фамусов Забавно. Дался им голос мой, и как себе исправно Всем слышится, и всех сзывает до зари! На голос мой спешил, за чем же? - говори. Молчалин С бумагами-с. Фамусов Да! их недоставало. Помилуйте, что это вдруг припало Усердье к письменным делам! (Встает.) Ну, Сонюшка, тебе покой я дам: Бывают странны сны, а наяву страннее; Искала ты себе травы, На друга набрела скорее; Повыкинь вздор из головы; Где чудеса, там мало складу. - Поди-ка, ляг, усни опять. (Молчалину) Идем бумаги разбирать. Молчалин Я только нес их для докладу, Что в ход нельзя пустить без справок, без иных, Противуречья есть, и многое не дельно. Фамусов Боюсь, сударь, я одного смертельно, Чтоб множество не накоплялось их; Дай волю вам, оно бы и засело; А у меня, что дело, что не дело, Обычай мой такой: Подписано, так с плеч долой. (Уходит с Молчалиным, в дверях пропускает его вперед.) ЯВЛЕНИЕ 5 София, Лиза. Лиза Ну вот у праздника! ну вот вам и потеха! Однако нет, теперь уж не до смеха; В глазах темно, и замерла душа; Грех не беда, молва не хороша. София Что мне молва? Кто хочет, так и судит, Да батюшка задуматься принудит: Брюзглив, неугомонен, скор, Таков всегда, а с этих пор... Ты можешь посудить... Лиза Сужу-с не по рассказам; Запрет он вас, - добро еще со мной; А то, помилуй Бог, как разом Меня, Молчалина и всех с двора долой. София Подумаешь, как счастье своенравно! Бывает хуже, с рук сойдет; Когда ж печальное ничто на ум нейдет, Забылись музыкой, и время шло так плавно; Судьба нас будто берегла; Ни беспокойства, ни сомненья... А горе ждет из-за угла. Лиза Вот то-то-с, моего вы глупого сужденья Не жалуете никогда: Ан вот беда. На что вам лучшего пророка? Твердила я: в любви не будет в этой прока Ни во веки веков. Как все московские, ваш батюшка таков: Желал бы зятя он с звездами, да с чинами, А при звездах не все богаты, между нами; Ну, разумеется к тому б И деньги, чтоб пожить, чтоб мог давать он балы; Вот, например, полковник Скалозуб: И золотой мешок, и метит в генералы. София Куда как мил! и весело мне страх Выслушивать о фрунте * и рядах; Он слова умного не выговорил сроду, - Мне все равно, что за него, что в воду. Лиза Да-с, так сказать речист, а больно не хитер; Но будь военный, будь он статский, * Кто так чувствителен, и весел, и остер, Как Александр Андреич Чацкий! Не для того, чтоб вас смутить; Давно прошло, не воротить, А помнится... София Что помнится? Он славно Пересмеять умеет всех; Болтает, шутит, мне забавно; Делить со всяким можно смех. Лиза И только? будто бы? - Слезами обливался, Я помню, бедный он, как с вами расставался. - Что, сударь, плачете? живите-ка смеясь... А он в ответ: "Недаром, Лиза, плачу: Кому известно, что найду я воротясь? И сколько, может быть, утрачу!" Бедняжка будто знал, что года через три... София Послушай, вольности ты лишней не бери. Я очень ветрено, быть может, поступила, И знаю, и винюсь; но где же изменила? Кому? чтоб укорять неверностью могли. Да, с Чацким, правда, мы воспитаны, росли: Привычка вместе быть день каждый неразлучно Связала детскою нас дружбой; но потом Он съехал, уж у нас ему казалось скучно, И редко посещал наш дом; Потом опять прикинулся влюбленным, Взыскательным и огорченным!!. Остер, умен, красноречив, В друзьях особенно счастлив, Вот об себе задумал он высоко... Охота странствовать напала на него, Ах! если любит кто кого, Зачем ума искать и ездить так далеко? Лиза Где носится? в каких краях? Лечился, говорят, на кислых он водах, * Не от болезни, чай, от скуки, - повольнее. София И, верно, счастлив там, где люди посмешнее. Кого люблю я, не таков: Молчалин, за других себя забыть готов, Враг дерзости, - всегда застенчиво, несмело Ночь целую с кем можно так провесть! Сидим, а на дворе давно уж побелело, Как думаешь? чем заняты? Лиза Бог весть, Сударыня, мое ли это дело? София Возьмет он руку, к сердцу жмет, Из глубины души вздохнет, Ни слова вольного, и так вся ночь проходит, Рука с рукой, и глаз с меня не сводит. - Смеешься! можно ли! чем повод подала Тебе я к хохоту такому! Лиза Мне-с?.. ваша тетушка на ум теперь пришла, Как молодой француз сбежал у ней из дому. Голубушка! хотела схоронить Свою досаду, не сумела: Забыла волосы чернить И через три дни поседела. (Продолжает хохотать.) София (с огорчением) Вот так же обо мне потом заговорят. Лиза Простите, право, как Бог свят, Хотела я, чтоб этот смех дурацкий Вас несколько развеселить помог. ЯВЛЕНИЕ 6 София, Лиза, слуга, за ним Чацкий. Слуга К вам Александр Андреич Чацкий. (Уходит.) ЯВЛЕНИЕ 7 София, Лиза, Чацкий. Чацкий Чуть свет уж на ногах! и я у ваших ног. (С жаром целует руку.) Ну поцелуйте же, не ждали? говорите! Что ж, ради? * Нет? В лицо мне посмотрите. Удивлены? и только? вот прием! Как будто не прошло недели; Как будто бы вчера вдвоем Мы мочи нет друг другу надоели; Ни на волос любви! куда как хороши! И между тем, не вспомнюсь, без души, Я сорок пять часов, глаз мигом не прищуря, Верст больше седьмисот пронесся, - ветер, буря; И растерялся весь, и падал сколько раз - И вот за подвиги награда! София Ах! Чацкий, я вам очень рада. Чацкий Вы ради? в добрый час. Однако искренно кто ж радуется эдак? Мне кажется, так напоследок Людей и лошадей знобя, Я только тешил сам себя. Лиза Вот, сударь, если бы вы были за дверями, Ей-Богу, нет пяти минут, Как поминали вас мы тут. Сударыня, скажите сами. София Всегда, не только что теперь. - Не можете мне сделать вы упрека. Кто промелькнет, отворит дверь, Проездом, случаем, из чужа, из далека - С вопросом я, хоть будь моряк: Не повстречал ли где в почтовой вас карете? Чацкий Положимте, что так. Блажен, кто верует, тепло ему на свете! - Ах! Боже мой! ужли я здесь опять, В Москве! у вас! да как же вас узнать! Где время то? где возраст тот невинный, Когда, бывало, в вечер длинный Мы с вами явимся, исчезнем тут и там, Играем и шумим по стульям и столам. А тут ваш батюшка с мадамой, за пикетом; * Мы в темном уголке, и кажется, что в этом! Вы помните? вздрогнем, что скрипнет столик, дверь... София Ребячество! Чацкий Да-с, а теперь, В седьмнадцать лет вы расцвели прелестно, Неподражаемо, и это вам известно, И потому скромны, не смотрите на свет. Не влюблены ли вы? прошу мне дать ответ, Без думы, полноте смущаться. София Да хоть кого смутят Вопросы быстрые и любопытный взгляд... Чацкий Помилуйте, не вам, чему же удивляться? Что нового покажет мне Москва? Вчера был бал, а завтра будет два. Тот сватался - успел, а тот дал промах. Все тот же толк, * и те ж стихи в альбомах. София Гоненье на Москву. Что значит видеть свет! Где ж лучше? Чацкий Где нас нет. Ну что ваш батюшка? все Английского клоба Старинный, верный член до гроба? Ваш дядюшка отпрыгал ли свой век? А этот, как его, он турок или грек? Тот черномазенький, на ножках журавлиных, Не знаю, как его зовут, Куда ни сунься: тут как тут, В столовых и в гостиных. А трое из бульварных лиц, * Которые с полвека молодятся? Родных мильон у них, и с помощью сестриц Со всей Европой породнятся. А наше солнышко? наш клад? На лбу написано: Театр и Маскерад; * Дом зеленью раскрашен в виде рощи, Сам толст, его артисты тощи. На бале, помните, открыли мы вдвоем За ширмами, в одной из комнат посекретней, Был спрятан человек и щелкал соловьем, Певец зимой погоды летней. А тот чахоточный, родня вам, книгам враг, В ученый комитет * который поселился И с криком требовал присяг, Чтоб грамоте никто не знал и не учился? Опять увидеть их мне суждено судьбой! Жить с ними надоест, и в ком не сыщешь пятен? Когда ж постранствуешь, воротишься домой, И дым Отечества нам сладок и приятен! София Вот вас бы с тетушкою свесть, Чтоб всех знакомых перечесть. Чацкий А тетушка? все девушкой, Минервой? * Все фрейлиной * Екатерины Первой? Воспитанниц и мосек полон дом? Ах! к воспитанью перейдем. Что нынче, так же, как издревле, Хлопочут набирать учителей полки, Числом поболее, ценою подешевле? Не то, чтобы в науке далеки; В России, под великим штрафом, Нам каждого признать велят Историком и географом! Наш ментор, * помните колпак его, халат, Перст * указательный, все признаки ученья Как наши робкие тревожили умы, Как с ранних пор привыкли верить мы, Что нам без немцев нет спасенья! А Гильоме, француз, подбитый ветерком? Он не женат еще? София На ком? Чацкий Хоть на какой-нибудь княгине Пульхерии Андревне, например? София Танцмейстер! можно ли! Чацкий Что ж, он и кавалер. От нас потребуют с именьем быть и в чине, А Гильоме!.. - Здесь нынче тон каков На съездах, на больших, по праздникам приходским? Господствует еще смешенье языков: Французского с нижегородским? София Смесь языков? Чацкий Да, двух, без этого нельзя ж. София Но мудрено из них один скроить, как ваш. Чацкий По крайней мере не надутый. Вот новости! - я пользуюсь минутой, Свиданьем с вами оживлен, И говорлив; а разве нет времен, Что я Молчалина глупее? Где он, кстати? Еще ли не сломил безмолвия печати? Бывало песенок где новеньких тетрадь Увидит, пристает: пожалуйте списать. А впрочем, он дойдет до степеней известных, Ведь нынче любят бессловесных. София Не человек, змея! (Громко и принужденно.) Хочу у вас спросить: Случалось ли, чтоб вы смеясь? или в печали? Ошибкою? добро о ком-нибудь сказали? Хоть не теперь, а в детстве, может быть. Чацкий Когда все мягко так? и нежно, и незрело? На что же так давно? вот доброе вам дело: Звонками только что гремя И день и ночь по снеговой пустыне, Спешу к вам, голову сломя. И как вас нахожу? в каком-то строгом чине! Вот полчаса холодности терплю! Лицо святейшей богомолки!.. - И все-таки я вас без памяти люблю. (Минутное молчание.) Послушайте, ужли слова мои все колки? И клонятся к чьему-нибудь вреду? Но если так: ум с сердцем не в ладу. Я в чудаках иному чуду Раз посмеюсь, потом забуду: Велите ж мне в огонь: пойду как на обед. София Да, хорошо - сгорите, если ж нет? ЯВЛЕНИЕ 8 София, Лиза, Чацкий, Фамусов. Фамусов Вот и другой! София Ах, батюшка, сон в руку. (Уходит.) Фамусов (ей вслед вполголоса) Проклятый сон. ЯВЛЕНИЕ 9 Фамусов, Чацкий (смотрит на дверь, в которую София вышла) Фамусов Ну выкинул ты штуку! Три года не писал двух слов! И грянул вдруг как с облаков. (Обнимаются.) Здорово, друг, здорово, брат, здорово. Рассказывай, чай у тебя готово Собранье важное вестей? Садись-ка, объяви скорей. (Садятся.) Чацкий (рассеянно) Как Софья Павловна у вас похорошела! Фамусов Вам, людям молодым, другого нету дела, Как замечать девичьи красоты: Сказала что-то вскользь, а ты, Я чай, надеждами занесся, заколдован. Чацкий Ах! нет; надеждами я мало избалован. Фамусов "Сон в руку" - мне она изволила шепнуть, Вот ты задумал... Чацкий Я? - Ничуть. Фамусов О ком ей снилось? что такое? Чацкий Я не отгадчик снов. Фамусов Не верь ей, все пустое. Чацкий Я верю собственным глазам; Век не встречал, подписку дам, Чтоб было ей хоть несколько подобно! Фамусов Он все свое. Да расскажи подробно, Где был? Скитался столько лет! Откудова теперь? Чацкий Теперь мне до того ли! Хотел объехать целый свет, И не объехал сотой доли. (Встает поспешно.) Простите; я спешил скорее видеть вас, Не заезжал домой. Прощайте! Через час Явлюсь, подробности малейшей не забуду; Вам первым, вы потом рассказывайте всюду. (В дверях.) Как хороша! (Уходит.) ЯВЛЕНИЕ 10 Фамусов (один) Который же из двух? "Ах! батюшка, сон в руку!" И говорит мне это вслух! Ну, виноват! Какого ж дал я крюку! Молчалин давиче в сомненье ввел меня. Теперь... да в полмя из огня: Тот нищий, этот франт-приятель; Отъявлен * мотом, сорванцом, Что за комиссия, * Создатель, Быть взрослой дочери отцом! (Уходит.)
P00031	poem	Александр Грибоедов: Горе от ума. Действие 2	ЯВЛЕНИЕ 1 Фамусов, слуга. Фамусов Петрушка, вечно ты с обновкой, С разодранным локтем. Достань-ка календарь; Читай не так, как пономарь, * А с чувством, с толком, с расстановкой. Постой же. - На листе черкни на записном, Противу будущей недели: К Прасковье Федоровне в дом Во вторник зван я на форели. Куда как чуден создан свет! Пофилософствуй - ум вскружится; То бережешься, то обед: Ешь три часа, а в три дни не сварится! Отметь-ка, в тот же день... Нет, нет. В четверг я зван на погребенье. Ох, род людской! пришло в забвенье, Что всякий сам туда же должен лезть, В тот ларчик, где ни стать, ни сесть. Но память по себе намерен кто оставить Житьем похвальным, вот пример: Покойник был почтенный камергер, С ключом, и сыну ключ умел доставить; Богат, и на богатой был женат; Переженил детей, внучат; Скончался; все о нем прискорбно поминают. Кузьма Петрович! Мир ему! - Что за тузы в Москве живут и умирают! - Пиши: в четверг, одно уж к одному, А может в пятницу, а может и в субботу, Я должен у вдовы, у докторши, крестить. Она не родила, но по расчету По моему: должна родить... ЯВЛЕНИЕ 2 Фамусов, слуга, Чацкий. Фамусов A! Александр Андреич, просим, Садитесь-ка. Чацкий Вы заняты? Фамусов (слуге) Поди. (Слуга уходит.) Да, разные дела на память в книгу вносим, Забудется, того гляди. Чацкий Вы что-то не веселы стали; Скажите, отчего? Приезд не в пору мой? Уж Софье Павловне какой Не приключилось ли печали?.. У вас в лице, в движеньях суета. Фамусов Ах! батюшка, нашел загадку: Не весел я!.. В мои лета Не можно же пускаться мне вприсядку! Чацкий Никто не приглашает вас; Я только что спросил два слова Об Софье Павловне: быть может, нездорова? Фамусов Тьфу, Господи прости! Пять тысяч раз Твердит одно и то же! То Софьи Павловны на свете нет пригоже, То Софья Павловна больна. Скажи, тебе понравилась она? Обрыскал свет; не хочешь ли жениться? Чацкий А вам на что? Фамусов Меня не худо бы спроситься, Ведь я ей несколько сродни; По крайней мере искони * Отцом недаром называли. Чацкий Пусть я посватаюсь, вы что бы мне сказали? Фамусов Сказал бы я, во-первых: не блажи, Именьем, брат, не управляй оплошно, А, главное, поди-тка послужи. Чацкий Служить бы рад, прислуживаться тошно. Фамусов Вот то-то, все вы гордецы! Спросили бы, как делали отцы? Учились бы на старших глядя: Мы, например, или покойник дядя, Максим Петрович: он не то на серебре, На золоте едал; сто человек к услугам; Весь в орденах; езжал-то вечно цугом; * Век при дворе, да при каком дворе! Тогда не то, что ныне, При государыне служил Екатерине. А в те поры все важны! в сорок пуд... Раскланяйся - тупеем * не кивнут. Вельможа в случае * - тем паче, Не как другой, и пил и ел иначе. А дядя! что твой князь? что граф? Сурьезный взгляд, надменный нрав. Когда же надо подслужиться, И он сгибался вперегиб: На куртаге * ему случилось обступиться; Упал, да так, что чуть затылка не пришиб; Старик заохал, голос хрипкой; Был высочайшею пожалован улыбкой; Изволили смеяться; как же он? Привстал, оправился, хотел отдать поклон, Упал вдругорядь - уж нарочно, А хохот пуще, он и в третий так же точно. А? как по вашему? по нашему - смышлен. Упал он больно, встал здорово. Зато, бывало, в вист * кто чаще приглашен? Кто слышит при дворе приветливое слово? Максим Петрович! Кто пред всеми знал почет? Максим Петрович! Шутка! В чины выводит кто и пенсии дает? Максим Петрович. Да! Вы, нынешние, - нутка! Чацкий И точно, начал свет глупеть, Сказать вы можете вздохнувши; Как посравнить да посмотреть Век нынешний и век минувший: Свежо предание, а верится с трудом, Как тот и славился, чья чаще гнулась шея; Как не в войне, а в мире брали лбом, Стучали об пол не жалея! Кому нужда: тем спесь, лежи они в пыли, А тем, кто выше, лесть, как кружево, плели. Прямой был век покорности и страха, Все под личиною усердия к царю. Я не об дядюшке об вашем говорю; Его не возмутим мы праха: Но между тем кого охота заберет, Хоть в раболепстве самом пылком, Теперь, чтобы смешить народ, Отважно жертвовать затылком? А сверстничек, а старичок Иной, глядя на тот скачок, И разрушаясь в ветхой коже, Чай приговаривал: "Ax! если бы мне тоже!" Хоть есть охотники поподличать везде, Да нынче смех страшит и держит стыд в узде; Недаром жалуют их скупо государи. Фамусов Ах! Боже мой! он карбонари! * Чацкий Нет, нынче свет уж не таков. Фамусов Опасный человек! Чацкий Вольнее всякий дышит И не торопится вписаться в полк шутов. Фамусов Что говорит! и говорит, как пишет! Чацкий У покровителей зевать на потолок, Явиться помолчать, пошаркать, пообедать, Подставить стул, поднять платок. Фамусов Он вольность хочет проповедать! Чацкий Кто путешествует, в деревне кто живет... Фамусов Да он властей не признает! Чацкий Кто служит делу, а не лицам... Фамусов Строжайше б запретил я этим господам На выстрел подъезжать к столицам. Чацкий Я наконец вам отдых дам... Фамусов Терпенья, мочи нет, досадно. Чацкий Ваш век бранил я беспощадно, Предоставляю вам во власть: Откиньте часть, Хоть нашим временам в придачу; Уж так и быть, я не поплачу. Фамусов И знать вас не хочу, разврата не терплю. Чацкий Я досказал. Фамусов Добро, заткнул я уши. Чацкий На что ж? я их не оскорблю. Фамусов (скороговоркой) Вот рыскают по свету, бьют баклуши, Воротятся, от них порядка жди. Чацкий Я перестал... Фамусов Пожалуй, пощади. Чацкий Длить споры не мое желанье. Фамусов Хоть душу отпусти на покаянье! ЯВЛЕНИЕ 3 Слуга (входит) Полковник Скалозуб. Фамусов (ничего не видит и не слышит) Тебя уж упекут Под суд, как пить дадут. Чацкий Пожаловал к вам кто-то на дом. Фамусов Не слушаю, под суд! Чацкий К вам человек с докладом. Фамусов Не слушаю, под суд! под суд! Чацкий Да обернитесь, вас зовут. Фамусов (оборачивается) А? бунт? ну так и жду содома. * Слуга Полковник Скалозуб. Прикажете принять? Фамусов (встает) Ослы! сто раз вам повторять? Принять его, позвать, просить, сказать, что дома, Что очень рад. Пошел же, торопись. (Слуга уходит.) Пожало-ста, сударь, при нем остерегись: Известный человек, солидный, И знаков тьму отличья нахватал; Не по летам и чин завидный, Не нынче завтра генерал. Пожало-ста при нем веди себя скромненько... Эх! Александр Андреич, дурно, брат! Ко мне он жалует частенько; Я всякому, ты знаешь, рад, В Москве прибавят вечно втрое: Вот будто женится на Сонюшке. Пустое! Он, может быть, и рад бы был душой, Да надобности сам не вижу я большой Дочь выдавать ни завтра, ни сегодня; Ведь Софья молода. А впрочем, власть Господня. Пожало-ста при нем не спорь ты вкривь и вкось И завиральные идеи эти брось. Однако нет его! какую бы причину... А! знать, ко мне пошел в другую половину. (Поспешно уходит.) ЯВЛЕНИЕ 4 Чацкий Как суетится! что за прыть? А Софья? - Нет ли впрямь тут жениха какого? С которых пор меня дичится, как чужого! Как здесь бы ей не быть!!. Кто этот Скалозуб? отец им сильно бредит, А может быть, не только что отец... Ах! тот скажи любви конец, Кто на три года вдаль уедет. ЯВЛЕНИЕ 5 Чацкий, Фамусов, Скалозуб. Фамусов Сергей Сергеич, к нам сюда-с. Прошу покорно, здесь теплее; Прозябли вы, согреем вас; Отдушничек отвернем поскорее. Скалозуб (густым басом) Зачем же лазить, например, Самим!.. Мне совестно, как честный офицер. Фамусов Неужто для друзей не делать мне ни шагу, Сергей Сергеич дорогой! Кладите шляпу, сденьте шпагу; Вот вам софа, раскиньтесь на покой. Скалозуб Куда прикажете, лишь только бы усесться. (Садятся все трое. Чацкий поодаль.) Фамусов Ах! батюшка, сказать, чтоб не забыть: Позвольте нам своими счесться, Хоть дальними, - наследства не делить; Не знали вы, а я подавно, - Спасибо научил двоюродный ваш брат, - Как вам доводится Настасья Николавна? Скалозуб He знаю-с, виноват; Мы с нею вместе не служили. Фамусов Сергей Сергеич, это вы ли! Нет! я перед родней, где встретится, ползком; Сыщу ее на дне морском. При мне служащие чужие очень редки; Все больше сестрины, свояченицы детки; Один Молчалин мне не свой, И то затем, что деловой. Как станешь представлять к крестишку ли, к местечку, Ну как не порадеть родному человечку!.. Однако братец ваш мне друг и говорил, Что вами выгод тьму по службе получил. Скалозуб В тринадцатом году мы отличались с братом В тридцатом егерском *, а после в сорок пятом. Фамусов Да, счастье, у кого есть эдакий сынок! Имеет, кажется, в петличке орденок? Скалозуб За третье августа; засели мы в траншею: Ему дан с бантом, мне на шею *. Фамусов Любезный человек, и посмотреть - так хват. Прекрасный человек двоюродный ваш брат. Скалозуб Но крепко набрался каких-то новых правил. Чин следовал ему; он службу вдруг оставил, В деревне книги стал читать. Фамусов Вот молодость!.. - читать!.. а после хвать!.. Вы повели себя исправно: Давно полковники, а служите недавно. Скалозуб Довольно счастлив я в товарищах моих, Вакансии * как раз открыты; То старших выключат иных, Другие, смотришь, перебиты. Фамусов Да, чем кого Господь поищет, вознесет! Скалозуб Бывает, моего счастливее везет. У нас в пятнадцатой дивизии, не дале, Об нашем хоть сказать бригадном генерале. Фамусов Помилуйте, а вам чего недостает? Скалозуб Не жалуюсь, не обходили, Однако за полком два года поводили. Фамусов В погонь ли за полком? * Зато, конечно, в чем другом За вами далеко тянуться. Скалозуб Нет-с, старее меня по корпусу найдутся, Я с восемьсот девятого служу; Да, чтоб чины добыть, есть многие каналы; Об них как истинный философ я сужу: Мне только бы досталось в генералы. Фамусов И славно судите, дай Бог здоровья вам И генеральский чин; а там Зачем откладывать бы дальше Речь завести об генеральше? Скалозуб Жениться? Я ничуть не прочь. Фамусов Что ж? у кого сестра, племянница есть, дочь; В Москве ведь нет невестам перевода; Чего? плодятся год от года; А, батюшка, признайтесь, что едва Где сыщется столица, как Москва. Скалозуб Дистанции * огромного размера. Фамусов Вкус, батюшка, отменная манера; На все свои законы есть: Вот, например, у нас уж исстари ведется, Что по отцу и сыну честь: Будь плохенький, да если наберется Душ тысячки две родовых, - Тот и жених. Другой хоть прытче будь, надутый всяким чванством, Пускай себе разумником слыви, А в семью не включат. На нас не подиви. Ведь только здесь еще и дорожат дворянством. Да это ли одно? возьмите вы хлеб-соль: Кто хочет к нам пожаловать, - изволь; Дверь отперта для званных и незванных, Особенно из иностранных; Хоть честный человек, хоть нет, Для нас равнехонько, про всех готов обед. Возьмите вы от головы до пяток, На всех московских есть особый отпечаток. Извольте посмотреть на нашу молодежь, На юношей - сынков и внучат. Журим мы их, а если разберешь, - В пятнадцать лет учителей научат! А наши старички?? - Как их возьмет задор, Засудят об делах, что слово - приговор, - Ведь столбовые * все, в ус никого не дуют; И об правительстве иной раз так толкуют, Что если б кто подслушал их... беда! Не то, чтоб новизны вводили, - никогда, Спаси нас Боже! Нет. А придерутся К тому, к сему, а чаще ни к чему, Поспорят, пошумят, и... разойдутся. Прямые канцлеры * в отставке - по уму! Я вам скажу, знать, время не приспело, Но что без них не обойдется дело. - А дамы? - сунься кто, попробуй, овладей; Судьи всему, везде, над ними нет судей; За картами когда восстанут общим бунтом, Дай Бог терпение, - ведь сам я был женат. Скомандовать велите перед фрунтом! Присутствовать пошлите их в Сенат! Ирина Власьевна! Лукерья Алексевна! Татьяна Юрьевна! Пульхерия Андревна! А дочек кто видал, всяк голову повесь... Его величество король был прусский здесь, Дивился не путем московским он девицам, Их благонравью, а не лицам; И точно, можно ли воспитаннее быть! Умеют же себя принарядить Тафтицей, бархатцем и дымкой, * Словечка в простоте не скажут, все с ужимкой; Французские романсы вам поют И верхние выводят нотки, К военным людям так и льнут. А потому, что патриотки. Решительно скажу: едва Другая сыщется столица, как Москва. Скалозуб По моему сужденью, Пожар способствовал ей много к украшенью *. Фамусов Не поминайте нам, уж мало ли крехтят! С тех пор дороги, тротуары, Дома и все на новый лад. Чацкий Дома новы, но предрассудки стары. Порадуйтесь, не истребят Ни годы их, ни моды, ни пожары. Фамусов (Чацкому) Эй, завяжи на память узелок; Просил я помолчать, не велика услуга. (Скалозубу) Позвольте, батюшка. Вот-с - Чацкого, мне друга, Андрея Ильича покойного сынок: Не служит, то есть в том он пользы не находит, Но захоти - так был бы деловой. Жаль, очень жаль, он малый с головой, И славно пишет, переводит. Нельзя не пожалеть, что с эдаким умом... Чацкий Нельзя ли пожалеть об ком-нибудь другом? И похвалы мне ваши досаждают. Фамусов Не я один, все также осуждают. Чацкий А судьи кто? - За древностию лет К свободной жизни их вражда непримирима, Сужденья черпают из забытых газет Времен Очаковских и покоренья Крыма; Всегда готовые к журьбе, Поют все песнь одну и ту же, Не замечая об себе: Что старее, то хуже. Где, укажите нам, отечества отцы, * Которых мы должны принять за образцы? Не эти ли, грабительством богаты? Защиту от суда в друзьях нашли, в родстве, Великолепные соорудя палаты, Где разливаются в пирах и мотовстве, И где не воскресят клиенты-иностранцы * Прошедшего житья подлейшие черты. Да и кому в Москве не зажимали рты Обеды, ужины и танцы? Не тот ли, вы к кому меня еще с пелен, Для замыслов каких-то непонятных, Дитей возили на поклон? Тот Нестор * негодяев знатных, Толпою окруженный слуг; Усердствуя, они в часы вина и драки И честь и жизнь его не раз спасали: вдруг На них он выменил борзые три собаки!!! Или вон тот еще, который для затей На крепостной балет согнал на многих фурах От матерей, отцов отторженных детей?! Сам погружен умом в Зефирах и в Амурах, Заставил всю Москву дивиться их красе! Но должников * не согласил к отсрочке: Амуры и Зефиры все Распроданы поодиночке!!! Вот те, которые дожили до седин! Вот уважать кого должны мы на безлюдьи! Вот наши строгие ценители и судьи! Теперь пускай из нас один, Из молодых людей, найдется - враг исканий, Не требуя ни мест, ни повышенья в чин, В науки он вперит ум, алчущий познаний; Или в душе его сам Бог возбудит жар К искусствам творческим, высоким и прекрасным, - Они тотчас: разбой! пожар! И прослывет у них мечтателем! опасным!! - Мундир! один мундир! он в прежнем их быту Когда-то укрывал, расшитый и красивый, Их слабодушие, рассудка нищету; И нам за ними в путь счастливый! И в женах, дочерях - к мундиру та же страсть! Я сам к нему давно ль от нежности отрекся?! Теперь уж в это мне ребячество не впасть; Но кто б тогда за всеми не повлекся? Когда из гвардии, иные от двора Сюда на время приезжали, - Кричали женщины: ура! И в воздух чепчики бросали! Фамусов (про себя) Уж втянет он меня в беду. (Громко) Сергей Сергеич, я пойду И буду ждать вас в кабинете. (Уходит.) ЯВЛЕНИЕ 6 Скалозуб, Чацкий. Скалозуб Мне нравится, при этой смете Искусно как коснулись вы Предубеждения Москвы К любимцам, к гвардии, к гвардейским, к гвардионцам; * Их золоту, шитью дивятся, будто солнцам! А в первой армии когда отстали? в чем? Все так прилажено, и тальи все так узки, И офицеров вам начтем, Что даже говорят, иные, по-французски. ЯВЛЕНИЕ 7 Скалозуб, Чацкий, София, Лиза. София (бежит к окну) Ах! Боже мой! упал, убился! (Теряет чувства.) Чацкий Кто? Кто это? Скалозуб С кем беда? Чацкий Она мертва со страху! Скалозуб Да кто? откудова? Чацкий Ушибся обо что? Скалозуб Уж не старик ли наш дал маху? Лиза (хлопочет около барышни) Кому назначено-с, не миновать судьбы: Молчалин на лошадь садился, ногу в стремя, А лошадь на дыбы, Он об землю и прямо в темя. Скалозуб Поводья затянул, ну, жалкий же ездок. Взглянуть, как треснулся он - грудью или в бок? (Уходит.) ЯВЛЕНИЕ 8 Те же, без Скалозуба. Чацкий Помочь ей чем? Скажи скорее. Лиза Там в комнате вода стоит. (Чацкий бежит и приносит. Все следующее - вполголоса, - до того, как София очнется.) Стакан налейте. Чацкий Уж налит. Шнуровку отпусти вольнее, Виски ей уксусом потри, Опрыскивай водой. - Смотри: Свободнее дыханье стало. Повеять чем? Лиза Вот опахало. Чацкий Гляди в окно: Молчалин на ногах давно! Безделица ее тревожит. Лиза Да-с, барышнин несчастен нрав: Со стороны смотреть не может, Как люди падают стремглав. Чацкий Опрыскивай еще водою. Вот так. Еще. Еще. София (с глубоким вздохом) Кто здесь со мною? Я точно как во сне. (Торопко и громко.) Где он? что с ним? Скажите мне. Чацкий Пускай себе сломил бы шею, Вас чуть было не уморил. София Убийственны холодностью своею! Смотреть на вас, вас слушать нету сил. Чацкий Прикажете мне за него терзаться? София Туда бежать, там быть, помочь ему стараться. Чацкий Чтоб оставались вы без помощи одне? София На что вы мне? Да, правда: не свои беды - для вас забавы, Отец родной убейся - все равно. (Лизе) Пойдем туда, бежим. Лиза (отводит ее а сторону) Опомнитесь! куда вы? Он жив, здоров, смотрите здесь в окно. (София в окошко высовывается.) Чацкий Смятенье! обморок! поспешность! гнев! испуга! Так можно только ощущать, Когда лишаешься единственного друга. София Сюда идут. Руки не может он поднять. Чацкий Желал бы с ним убиться... Лиза Для компаньи? София Нет, оставайтесь при желаньи. ЯВЛЕНИЕ 9 София, Лиза, Чацкий, Скалозуб, Молчалин (с подвязанною рукою). Скалозуб Воскрес и невредим, рука Ушиблена слегка, И впрочем, все фальшивая тревога. Молчалин Я вас перепугал, простите ради Бога. Скалозуб Ну, я не знал, что будет из того Вам ирритация. * Опрометью вбежали. - Мы вздрогнули! - Вы в обморок упали, И что ж? - весь страх из ничего. София (не глядя ни на кого) Ах! очень вижу: из пустого, А вся еще теперь дрожу. Чацкий (про себя) С Молчалиным ни слова! София Однако о себе скажу, Что не труслива. Так, бывает, Карета свалится, - подымут: я опять Готова сызнова скакать; Но все малейшее в других меня пугает, Хоть нет великого несчастья от того, Хоть незнакомый мне, - до этого нет дела. Чацкий (про себя) Прощенья просит у него, Что раз о ком-то пожалела! Скалозуб Позвольте, расскажу вам весть: Княгиня Ласова какая-то здесь есть, Наездница, вдова, но нет примеров, Чтоб ездило с ней много кавалеров. На днях расшиблась в пух, - Жоке * не поддержал, считал он, видно, мух. - И без того она, как слышно, неуклюжа, Теперь ребра недостает, Так для поддержки ищет мужа. София Ax, Александр Андреич, вот - Явитесь, вы вполне великодушны: К несчастью ближнего вы так неравнодушны. Чацкий Да-с, это я сейчас явил Моим усерднейшим стараньем, И прысканьем, и оттираньем; Не знаю для кого, но вас я воскресил! (Берет шляпу и уходит.) ЯВЛЕНИЕ 10 Те же, кроме Чацкого. София Вы вечером к нам будете? Скалозуб Как рано? София Пораньше; съедутся домашние друзья Потанцевать под фортопияно, - Мы в трауре, так балу дать нельзя. Скалозуб Явлюсь, но к батюшке зайти я обещался, Откланяюсь. София Прощайте. Скалозуб (жмет руку Молчалину) Ваш слуга. (Уходит.) ЯВЛЕНИЕ 11 София, Лиза, Молчалин. София Молчалин! как во мне рассудок цел остался! Ведь знаете, как жизнь мне ваша дорога! Зачем же ей играть, и так неосторожно? Скажите, что у вас с рукой? Не дать ли капель вам? не нужен ли покой? Пошлемте к доктору, пренебрегать не должно. Молчалин Платком перевязал, не больно мне с тех пор. Лиза Ударюсь об заклад, что вздор; И если б не к лицу, не нужно перевязки; А то не вздор, что вам не избежать огласки: На смех, того гляди, подымет Чацкий вас; И Скалозуб, как свой хохол закрутит, Расскажет обморок, прибавит сто прикрас; Шутить и он горазд, ведь нынче кто не шутит! София А кем из них я дорожу? Хочу - люблю, хочу - скажу. Молчалин! будто я себя не принуждала? Вошли вы, слова не сказала, При них не смела я дохнуть, У вас спросить, на вас взглянуть. Молчалин Нет, Софья Павловна, вы слишком откровенны. София Откуда скрытность почерпнуть! Готова я была в окошко, к вам прыгнуть. Да что мне до кого? до них? до всей вселенны? Смешно? - пусть шутят их; досадно? - пусть бранят. Молчалин Не повредила бы нам откровенность эта. София Неужто на дуэль вас вызвать захотят? Молчалин Ах! злые языки страшнее пистолета. Лиза Сидят они у батюшки теперь, Вот кабы вы порхнули в дверь С лицом веселым, беззаботно: Когда нам скажут, что хотим - Куда как верится охотно! И Александр Андреич, - с ним О прежних днях, о тех проказах Поразвернитесь-ка в рассказах: Улыбочка и пара слов, И кто влюблен - на все готов. Молчалин Я вам советовать не смею. (Целует ей руку.) София Хотите вы?.. Пойду любезничать сквозь слез; Боюсь, что выдержать притворства не сумею. Зачем сюда Бог Чацкого принес! (Уходит.) ЯВЛЕНИЕ 12 Молчалин, Лиза Молчалин Веселое созданье ты! живое! Лиза Прошу пустить, и без меня вас двое. Молчалин Какое личико твое! Как я тебя люблю! Лиза А барышню? Молчалин Ее По должности, тебя... (Хочет ее обнять.) Лиза От скуки. Прошу подальше руки! Молчалин Есть у меня вещицы три: Есть туалет, прехитрая работа - Снаружи зеркальцо, и зеркальцо внутри, Кругом все прорезь, позолота; Подушечка, из бисера узор; И перламутровый прибор - Игольничек и ножинки, как милы! Жемчужинки, растертые в белилы! Помада есть для губ, и для других причин, С духами скляночка: резеда и жасмин. Лиза Вы знаете, что я не льщусь на интересы; Скажите лучше, почему Вы с барышней скромны, а с горнишной повесы? Молчалин Сегодня болен я, обвязки не сниму; Приди в обед, побудь со мною; Я правду всю тебе открою. (Уходит в боковую дверь.) ЯВЛЕНИЕ 13 София, Лиза. София Была у батюшки, там нету никого. Сегодня я больна, и не пойду обедать, Скажи Молчалину, и позови его, Чтоб он пришел меня проведать. (Уходит к себе.) ЯВЛЕНИЕ 14 Лиза Ну! люди в здешней стороне! Она к нему, а он ко мне, А я... одна лишь я любви до смерти трушу, - А как не полюбить буфетчика Петрушу!
P00032	poem	Александр Грибоедов: Горе от ума. Действие 3	ЯВЛЕНИЕ 1 Чацкий, потом София. Чацкий Дождусь ее, и вынужу признанье: Кто наконец ей мил? Молчалин! Скалозуб! Молчалин прежде был так глуп!.. Жалчайшее созданье! Уж разве поумнел?.. А тот - Хрипун, * удавленник, фагот, * Созвездие маневров и мазурки! * Судьба любви - играть ей в жмурки. А мне... (Входит София.) Вы здесь? я очень рад, Я этого желал. София (про себя) И очень невпопад. Чацкий Конечно, не меня искали? София Я не искала вас. Чацкий Дознаться мне нельзя ли, Хоть и некстати, нужды нет: Кого вы любите? София Ах! Боже мой! весь свет. Чацкий Кто более вам мил? София Есть многие, родные. Чацкий Все более меня? София Иные. Чацкий И я чего хочу, когда все решено? Мне в петлю лезть, а ей смешно. София Хотите ли знать истины два слова? Малейшая в ком странность чуть видна, Веселость ваша не скромна, У вас тотчас уж острота готова, А сами вы... Чацкий Я сам? не правда ли, смешон? София Да! грозный взгляд, и резкий тон, И этих в вас особенностей бездна; А над собой гроза куда не бесполезна. Чацкий Я странен, а не странен кто ж? Тот, кто на всех глупцов похож; Молчалин, например... София Примеры мне не новы; Заметно, что вы желчь на всех излить готовы; А я, чтоб не мешать, отсюда уклонюсь. Чацкий (держит ее) Постойте же. (В сторону) Раз в жизни притворюсь. (Громко) Оставимте мы эти пренья. Перед Молчалиным не прав я, виноват; Быть может он не то, что три года назад: Есть на земле такие превращенья Правлений, климатов, и нравов, и умов, Есть люди важные, слыли за дураков: Иной по армии, иной плохим поэтом, Иной... Боюсь назвать, но признано всем светом, Особенно в последние года, Что стали умны хоть куда. Пускай в Молчалине ум бойкий, гений смелый, Но есть ли в нем та страсть? то чувство? пылкость та? Чтоб, кроме вас, ему мир целый Казался прах и суета? Чтоб сердца каждое биенье Любовью ускорялось к вам? Чтоб мыслям были всем, и всем его делам Душою - вы, вам угожденье?.. Сам это чувствую, сказать я не могу, Но что теперь во мне кипит, волнует, бесит, Не пожелал бы я и личному врагу, А он?.. смолчит и голову повесит. Конечно, смирен, все такие не резвы; Бог знает, в нем какая тайна скрыта; Бог знает, за него что выдумали вы, Чем голова его ввек не была набита. Быть может, качеств ваших тьму, Любуясь им, вы придали ему; Не грешен он ни в чем, вы во сто раз грешнее. Нет! нет! пускай умен, час от часу умнее, Но вас он стоит ли? вот вам один вопрос. Чтоб равнодушнее мне понести утрату, Как человеку вы, который с вами взрос, Как другу вашему, как брату, Мне дайте убедиться в том; Потом От сумасшествия могу я остеречься; Пушусь подалее простыть, охолодеть. Не думать о любви, но буду я уметь Теряться по свету, забыться и развлечься. София (про себя) Вот нехотя с ума свела! (Вслух) Что притворяться? Молчалин давиче мог без руки остаться, Я живо в нем участье приняла; А вы, случась на эту пору, Не позаботились расчесть, Что можно доброй быть ко всем и бeз разбору; Но может истина в догадках ваших есть, И горячо его беру я под защиту; Зачем же быть, скажу вам напрямик, Так невоздержну на язык? В презреньи к людям так нескрыту? Что и смирнейшему пощады нет!.. чего? Случись кому назвать его: Град колкостей и шуток ваших грянет. Шутить! и век шутить! как вас на это станет! Чацкий Ах! Боже мой! неужли я из тех, Которым цель всей жизни - смех? Мне весело, когда смешных встречаю, А чаще с ними я скучаю. София Напрасно: это все относится к другим, Молчалин вам наскучил бы едва ли, Когда б сошлись короче с ним. Чацкий (с жаром) Зачем же вы его так коротко узнали? София Я не старалась, Бог нас свел. Смотрите, дружбу всех он в доме приобрел; При батюшке три года служит, Тот часто без толку сердит, А он безмолвием его обезоружит, От доброты души простит. И, между прочим, Веселостей искать бы мог; Ничуть: от старичков не ступит за порог; Мы резвимся, хохочем, Он с ними целый день засядет, рад не рад, Играет... Чацкий Целый день играет! Молчит, когда его бранят! (В сторону) Она его не уважает. София Конечно нет в нем этого ума, Что гений для иных, а для иных чума, Который скор, блестящ и скоро опротивит, Который свет ругает наповал, Чтоб свет об нем хоть что-нибудь сказал; Да эдакий ли ум семейство осчастливит? Чацкий Сатира и мораль - смысл этого всего? (В сторону) Она не ставит в грош его. София Чудеснейшего свойства Он наконец: уступчив, скромен, тих. В лице ни тени беспокойства, И на душе проступков никаких, Чужих и вкривь и вкось не рубит, - Вот я за что его люблю. Чацкий (в сторону) Шалит, она его не любит. (Вслух) Докончить я вам пособлю Молчалина изображенье. Но Скалозуб? вот загляденье; За армию стоит горой, И прямизною стана, Лицом и голосом герой... София Не моего романа. Чацкий Не вашего? кто разгадает вас? ЯВЛЕНИЕ 2 Чацкий, София, Лиза. Лиза (шепотом) Сударыня, за мной сейчас К вам Алексей Степаныч будет. София Простите, надобно идти мне поскорей. Чацкий Куда? София К прихмахеру. Чацкий Бог с ним. София Щипцы простудит. Чацкий Пускай себе... София Нельзя, ждем на вечер гостей. Чацкий Бог с вами, остаюсь опять с моей загадкой. Однако дайте мне зайти, хотя украдкой, К вам в комнату на несколько минут; Там стены, воздух - все приятно! Согреют, оживят, мне отдохнуть дадут Воспоминания об том, что невозвратно! Не засижусь, войду, всего минуты две, Потом, подумайте, член Английского клуба, Я там дни целые пожертвую молве Про ум Молчалина, про душу Скалозуба. (София пожимает плечами, уходит к себе и запирается, за нею и Лиза.) ЯВЛЕНИЕ 3 Чацкий, потом Молчалин. Чацкий Ах! Софья! Неужли Молчалин избран ей! А чем не муж? Ума в нем только мало; Но чтоб иметь детей, Кому ума недоставало? Услужлив, скромненький, в лице румянец есть. (Входит Молчалин.) Вон он на цыпочках, и не богат словами; Какою ворожбой умел к ней в сердце влезть! (Обращается к нему.) Нам, Алексей Степаныч, с вами Не удалось сказать двух слов. Ну, образ жизни ваш каков? Без горя нынче? без печали? Молчалин По-прежнему-с. Чацкий А прежде как живали? Молчалин День за день, нынче, как вчера. Чацкий К перу от карт? и к картам от пера? И положенный час приливам и отливам? Молчалин По мере я трудов и сил, С тех пор, как числюсь по Архивам, * Три награжденья получил. Чацкий Взманили почести и знатность? Молчалин Нет-с, свой талант у всех... Чацкий У вас? Молчалин Два-с: Умеренность и аккуратность. Чацкий Чудеснейшие два! и стоят наших всех. Молчалин Вам не дались чины, по службе неуспех? Чацкий Чины людьми даются, А люди могут обмануться. Молчалин Как удивлялись мы! Чацкий Какое ж диво тут? Молчалин Жалели вас. Чацкий Напрасный труд. Молчалин Татьяна Юрьевна рассказывала что-то, Из Петербурга воротясь, С министрами про вашу связь, Потом разрыв... Чацкий Ей почему забота? Молчалин Татьяне Юрьевне! Чацкий Я с нею не знаком. Молчалин С Татьяной Юрьевной!! Чацкий С ней век мы не встречались; Слыхал, что вздорная. Молчалин Да это, полно, та ли-с? Татьяна Юрьевна!!! Известная, - притом Чиновные и должностные - Все ей друзья и все родные; К Татьяне Юрьевне хоть раз бы съездить вам. Чацкий На что же? Молчалин Так: частенько там Мы покровительство находим, где не метим. Чацкий Я езжу к женщинам, да только не за этим. Молчалин Как обходительна! добра! мила! проста! Балы дает нельзя богаче. От Рождества и до поста, И летом праздники на даче. Ну, право, что бы вам в Москве у нас служить? И награжденья брать и весело пожить? Чацкий Когда в делах - я от веселий прячусь, Когда дурачиться - дурачусь, А смешивать два эти ремесла Есть тьма искусников, я не из их числа. Молчалин Простите, впрочем тут не вижу преступленья; Вот сам Фома Фомич, знаком он вам? Чацкий Ну что ж? Молчалин При трех министрах был начальник отделенья. Переведен сюда... Чацкий Хорош! Пустейший человек, из самых бестолковых. Молчалин Как можно! слог его здесь ставят в образец! Читали вы? Чацкий Я глупостей не чтец, А пуще образцовых. Молчалин Нет, мне так довелось с приятностью прочесть, Не сочинитель я... Чацкий И по всему заметно. Молчалин Не смею моего сужденья произнесть. Чацкий Зачем же так секретно? Молчалин В мои лета не должно сметь Свое суждение иметь. Чацкий Помилуйте, мы с вами не ребяты, Зачем же мнения чужие только святы? Молчалин Ведь надобно ж зависеть от других. Чацкий Зачем же надобно? Молчалин В чинах мы небольших. Чацкий (почти громко) С такими чувствами, с такой душою Любим!.. Обманщица смеялась надо мною! ЯВЛЕНИЕ 4 Вечер. Все двери настежь, кроме в спальню к Софии. В перспективе раскрывается ряд освещенных комнат. Слуги суетятся; один из них, главный, говорит: Эй! Филька, Фомка, ну, ловчей! Столы для карт, мел, щеток и свечей! (Стучится к Софии в дверь.) Скажитe барышне скорее, Лизавета: Наталья Дмитревна, и с мужем, и к крыльцу Еще подъехала карета. (Расходятся, остается один Чацкий.) ЯВЛЕНИЕ 5 Чацкий, Наталья Дмитриевна, молодая дама. Наталья Дмитриевна Не ошибаюсь ли!.. он точно, по лицу... Ах! Александр Андреич, вы ли? Чацкий С сомненьем смотрите от ног до головы, Неужли так меня три года изменили? Наталья Дмитриевна Я полагала вас далеко от Москвы. Давно ли? Чацкий Нынче лишь... Наталья Дмитриевна Надолго? Чацкий Как случится. Однако, кто, смотря на вас, не подивится? Полнее прежнего, похорошели страх; Моложе вы, свежее стали; Огонь, румянец, смех, игра во всех чертах. Наталья Дмитриевна Я замужем. Чацкий Давно бы вы сказали! Наталья Дмитриевна Мой муж - прелестный муж, вот он сейчас войдет, Я познакомлю вас, хотите? Чацкий Прошу. Наталья Дмитриевна И знаю наперед, Что вам понравится. Взгляните и судите! Чацкий Я верю, он вам муж. Наталья Дмитриевна О нет-с, не потому; Сам по себе, по нраву, по уму. Платон Михайлыч мой единственный, бесценный! Теперь в отставке, был военный; И утверждают все, кто только прежде знал, Что с храбростью его, с талантом, Когда бы службу продолжал, Конечно, был бы он московским комендантом. ЯВЛЕНИЕ 6 Чацкий, Наталья Дмитриевна, Платон Михайлович Наталья Дмитриевна Вот мой Платон Михайлыч. Чацкий Ба! Друг старый, мы давно знакомы, вот судьба! Платон Михайлович Здорово, Чацкий, брат! Чацкий Платон любезный, славно, Похвальный лист тебе: ведешь себя исправно. Платон Михайлович Как видишь, брат: Московский житель и женат. Чацкий Забыт шум лагерный, товарищи и братья? Спокоен и ленив? Платон Михаилович Нет, есть таки занятья: На флейте я твержу дуэт А-мольный... * Чацкий Что твердил назад тому пять лет? Ну, постоянный вкус! в мужьях всего дороже! Платон Михаилович Брат, женишься, тогда меня вспомянь! От скуки будешь ты свистеть одно и тоже. Чацкий От скуки! как? уж ты ей платишь дань? Наталья Дмитриевна Платон Михайлыч мой к занятьям склонен разным, Которых нет теперь, - к ученьям и смотрам, К манежу... иногда скучает по утрам. Чацкий А кто, любезный друг, велит тебе быть праздным? В полк, эскадрон дадут. Ты обер или штаб? * Наталья Дмитриевна Платон Михайлыч мой здоровьем очень слаб. Чацкий Здоровьем слаб! Давно ли? Наталья Дмитриевна Все рюматизм * и головные боли. Чацкий Движенья более. В деревню, в теплый край. Будь чаще на коне. Деревня летом - рай. Наталья Дмитриевна Платон Михайлыч город любит, Москву; за что в глуши он дни свои погубит! Чацкий Москву и город ... Ты чудак! А помнишь прежнее? Платон Михаилович Да, брат, теперь не так... Наталья Дмитриевна Ах, мой дружочек! Здесь так свежо, что мочи нет, Ты распахнулся весь и расстегнул жилет. Платон Михаилович Теперь, брат, я не тот... Наталья Дмитриевна Послушайся разочек, Мой милый, застегнись скорей. Платон Михайлович (хладнокровно) Сейчас. Наталья Дмитриевна Да отойди подальше от дверей, Сквозной там ветер дует сзади! Платон Михаилович Теперь, брат, я не тот... Наталья Дмитриевна Мой ангел, Бога ради От двери дальше отойди. Платон Михайлович (глаза к небу) Ах! матушка! Чацкий Ну, Бог тебя суди; Уж точно, стал не тот в короткое ты время; Не в прошлом ли году, в конце, В полку тебя я знал? лишь утро: ногу в стремя И носишься на борзом жеребце; Осенний ветер дуй, хоть спереди, хоть с тыла. Платон Михайлович (со вздохом) Эх! братец! славное тогда житье-то было. ЯВЛЕНИЕ 7 Те же, Князь Тугоуховский и Княгиня с шестью дочерьми. Наталья Дмитриевна (тоненьким голоском) Князь Петр Ильич, княгиня! Боже мой! Княжна Зизи! Мими! (Громкие лобызания, потом усаживаются и осматривают одна другую с головы до ног.) 1-я княжна Какой фасон прекрасный! 2-я княжна Какие складочки! 1-я княжна Обшито бахромой. Наталья Дмитриевна Нет, если б видели мой тюрлюрлю * атласный! 3-я княжна Какой эшарп * cousin * мне подарил! 4-я княжна Ах! да, барежевый! * 5-я княжна Ах! прелесть! 6-я княжна Ах! как мил! Княгиня Сс! - Кто это в углу, взошли мы, поклонился? Наталья Дмитриевна Приезжий, Чацкий. Княгиня От-став-ной? Наталья Дмитриевна Да, путешествовал, недавно воротился. Княгиня И хо-ло-стой? Наталья Дмитриевна Да, не женат. Княгиня Князь, князь, сюда. - Живее. Князь (к ней оборачивает слуховую трубку) О-хм! Княгиня К нам на вечер, в четверг, проси скорее Натальи Дмитревны знакомого: вон он! Князь И-хм! (Отправляется, вьется около Чацкого и покашливает.) Княгиня Вот то-то детки: Им бал, а батюшка таскайся на поклон; Танцовщики ужасно стали редки!.. Он камер-юнкер? * Наталья Дмитриевна Нет. Княгиня Бо-гат? Наталья Дмитриевна О, нет! Княгиня (громко, что есть мочи) Князь, князь! Назад! ЯВЛЕНИЕ 8 Те же и Графини Хрюмины: бабушка и внучка. Графиня внучка Ax! Grand' maman! * Ну, кто так рано приезжает? Мы первые! (Пропадает в боковую комнату.) Княгиня Вот нас честит! Вот первая, и нас за никого считает! Зла, в девках целый век, уж Бог ее простит. Графиня внучка (вернувшись, направляет на Чацкого двойной лорнет) Мсье Чацкий! вы в Москве! как были, все такие? Чацкий На что меняться мне? Графиня внучка Вернулись холостые? Чацкий На ком жениться мне? Графиня внучка В чужих краях на ком? О! наших тьма, без дальних справок, Там женятся и нас дарят родством С искусницами модных лавок. Чацкий Несчастные! должны ль упреки несть От подражательниц модисткам? За то, что смели предпочесть Оригиналы спискам? * ЯВЛЕНИЕ 9 Те же и множество других гостей. Между прочими Загорецкий. Мужчины являются, шаркают, отходят в сторону, кочуют из комнаты в комнату и проч. София от себя выходит; все к ней навстречу. Графиня внучка Eh! bon soir! vous voila! Jamais trop diligente, Vous nous donnez toujours le plaisir de l'attente *. Загорецкий (Софье) На завтрашний спектакль имеете билет? София Нет. Загорецкий Позвольте вам вручить, напрасно бы кто взялся Другой вам услужить, зато Куда я ни кидался! В контору - все взято, К директору, - он мне приятель, - С зарей в шестом часу, и кстати ль! Уж с вечера никто достать не мог; К тому, к сему, всех сбил я с ног; И этот наконец похитил уже силой У одного, старик он хилый, Мне друг, известный домосед; Пусть дома просидит в покое. София Благодарю вас за билет, А за старанье вдвое. (Являются еще кое-какие, тем временем Загорецкий отходит к мужчинам.) Загорецкий Платон Михайлыч... Платон Михаилович Прочь! Поди ты к женщинам, лги им и их морочь; Я правду об тебе порасскажу такую, Что хуже всякой лжи. Вот, брат, (Чацкому) рекомендую! Как эдаких людей учтивее зовут? Нежнее? - человек он светский, Отъявленный мошенник, плут: Антон Антоныч Загорецкий. При нем остерегись: переносить * горазд, И в карты не садись: продаст. Загорецкий Оригинал! брюзглив, а без малейшей злобы. Чацкий И оскорбляться вам смешно бы; Окроме честности, есть множество отрад: Ругают здесь, а там благодарят. Платон Михаилович Ох, нет, братец! у нас ругают Везде, а всюду принимают. (Загорецкий мешается в толпу.) ЯВЛЕНИЕ 10 Те же и Хлестова. Хлестова Легко ли в шестьдесят пять лет Тащиться мне к тебе, племянница?.. - Мученье! Час битый ехала с Покровки, * силы нет; Ночь - светапреставленье! * От скуки я взяла с собой Арапку-девку да собачку; Вели их накормить ужо, дружочек мой, От ужина сошли подачку. Княгиня, здравствуйте! (Села.) Ну, Софьюшка, мой друг, Какая у меня арапка для услуг: Курчавая! горбом лопатки! Сердитая! все кошачьи ухватки! Да как черна! да как страшна! Ведь создал же Господь такое племя! Черт сущий; в девичьей * она; Позвать ли? София Нет-с, в другое время. Хлестова Представь: их, как зверей, выводят напоказ... Я слушала, там... город есть турецкий... А знаешь ли, кто мне припас? - Антон Антоныч Загорецкий. (Загорецкий выставляется вперед.) Лгунишка он, картежник, вор. (Загорецкий исчезает.) Я от него было и двери на запор; Да мастер услужить: мне и сестре Прасковье Двоих арапченков на ярмарке достал; Купил, он говорит, чай в карты сплутовал; А мне подарочек, дай Бог ему здоровье! Чацкий (с хохотом Платону Михайловичу) Не поздоровится от эдаких похвал, И Загорецкий сам не выдержал, пропал. Хлестова Кто этот весельчак? Из звания какого? София Вон этот? Чацкий. Хлестова Ну? а что нашел смешного? Чему он рад? Какой тут смех? Над старостью смеяться грех. Я помню, ты дитей с ним часто танцевала, Я за уши его дирала, только мало. ЯВЛЕНИЕ 11 Те же и Фамусов. Фамусов (громогласно) Ждем князя Петра Ильича, А князь уж здесь! А я забился там, в портретной! Где Скалозуб Сергей Сергеич? а? Нет; кажется, что нет. - Он человек заметный - Сергей Сергеич Скалозуб. Хлестова Творец мой! оглушил, звончее всяких труб! ЯВЛЕНИЕ 12 Те же и Скалозуб, потом Молчалин. Фамусов Сергей Сергеич, запоздали; А мы вас ждали, ждали, ждали. (Подводит к Хлестовой.) Моя невестушка, которой уж давно Об вас говорено. Хлестова (сидя) Вы прежде были здесь... в полку... в том... в гренадерском? * Скалозуб (басом) В его высочества, хотите вы сказать, Ново-землянском мушкетерском. * Хлестова Не мастерица я полки-та различать. Скалозуб А форменные есть отлички: В мундирах выпушки, погончики, петлички. Фамусов Пойдемте, батюшка, там вас я насмешу; Курьезный вист у нас. За нами, князь! прошу. (Его и князя уводит с собою.) Хлестова (Софии) Ух! я точнехонько избавилась от петли; Ведь полоумный твой отец: Дался ему трех сажень удалец, - Знакомит, не спросясь, приятно ли нам, нет ли? Молчалин (подает ей карту) Я вашу партию составил: мосье Кок, Фома Фомич и я. Хлестова Спасибо, мой дружок. (Встает.) Молчалин Ваш шпиц - прелестный шпиц, не более наперстка! Я гладил все его; как шелковая шерстка! Хлестова Спасибо, мой родной. (Уходит, зa нею Молчалин и многие другие.) ЯВЛЕНИЕ 13 Чацкий, София и несколько посторонних, которые в продолжении расходятся. Чацкий Ну! тучу разогнал... София Нельзя ль не продолжать? Чацкий Чем вас я напугал? За то, что он смягчил разгневанную гостью, Хотел я похвалить. София А кончили бы злостью. Чацкий Сказать вам, что я думал? Вот: Старушки все - народ сердитый; Не худо, чтоб при них услужник знаменитый Тут был, как громовой отвод. Молчалин! - Кто другой так мирно все уладит! Там моську вовремя погладит! Тут в пору карточку вотрет! В нем Загорецкий не умрет! Вы давиче его мне исчисляли свойства, Но многие забыли? - да? (Уходит.) ЯВЛЕНИЕ 14 София, потом Г.N. София (про себя) Ах! этот человек всегда Причиной мне ужасного расстройства! Унизить рад, кольнуть, завистлив, горд и зол! Г.N. (подходит) Вы в размышленьи. София Об Чацком. Г.N. Как его нашли по возвращеньи? София Он не в своем уме. Г.N. Ужли с ума сошел? София (помолчавши) Не то, чтобы совсем... Г.N. Однако есть приметы? София (смотрит на него пристально) Мне кажется. Г.N. Как можно, в эти леты! София Как быть! (В сторону) Готов он верить! А, Чацкий! Любите вы всех в шуты рядить, Угодно ль на себя примерить? (Уходит.) ЯВЛЕНИЕ 15 Г.N., потом Г.D. Г.N. С ума сошел!.. Ей кажется!.. вот на! Недаром? Стало быть... с чего б взяла она? Ты слышал? Г.D. Что? Г.N. Об Чацком? Г.D. Что такое? Г.N. С ума сошел! Г.D. Пустое. Г.N. Не я сказал, другие говорят. Г.D. А ты расславить это рад? Г.N. Пойду, осведомлюсь; чай, кто-нибудь да знает. (Уходит.) ЯВЛЕНИЕ 16 Г.D., потом Загорецкий. Г.D. Верь болтуну! Услышит вздор, и тотчас повторяет! Ты знаешь ли об Чацком? Загорецкий Ну? Г.D. С ума сошел! Загорецкий А! знаю, помню, слышал. Как мне не знать? примерный случай вышел; Его в безумные упрятал дядя-плут... Схватили, в желтый дом, * и на цепь посадили. Г.D. Помилуй, он сейчас здесь в комнате был, тут. Загорецкий Так с цепи, стало быть, спустили. Г.D. Ну, милый друг, с тобой не надобно газет. Пойду-ка я, расправлю крылья, У всех повыспрошу; однако чур! секрет. ЯВЛЕНИЕ 17 Загорецкий, потом Графиня внучка. Загорецкий Который Чацкий тут? - Известная фамилья. С каким-то Чацким я когда-то был знаком. - Вы слышали об нем? Графиня внучка Об ком? Загорецкий Об Чацком, он сейчас здесь в комнате был. Графиня внучка Знаю. Я говорила с ним. Загорецкий Так я вас поздравляю! Он сумасшедший... Графиня внучка Что? Загорецкий Да, он сошел с ума. Графиня внучка Представьте, я заметила сама; И хоть пари держать, со мной в одно вы слово. ЯВЛЕНИЕ 18 Те же и Графиня бабушка. Графиня внучка Ah! grand' maman, вот чудеса! вот ново! Вы не слыхали здешних бед? Послушайте. Вот прелести! вот мило!.. Графиня бабушка Мой труг, мне уши залошило; Скаши покромче... Графиня внучка Время нет! (Указывает на Загорецкого.) Il vous dira toute l'histoire... * Пойду, спрошу... (Уходит.) ЯВЛЕНИЕ 19 Загорецкий, Графиня бабушка. Графиня бабушка Что? что? уж нет ли здесь пошара? Загорецкий Нет, Чацкий произвел всю эту кутерьму. Графиня бабушка Как, Чацкого? Кто свел в тюрьму? Загорецкий В горах изранен в лоб, сошел с ума от раны. Графиня бабушка Что? к фармазонам * в клоб? Пошел он в пусурманы? Загорецкий Ее не вразумишь. (Уходит.) Графиня бабушка Антон Антоныч! Ах! И он пешит, все в страхе, впопыхах. ЯВЛЕНИЕ 20 Графиня бабушка и Князь Тугоуховский. Графиня бабушка Князь, князь! Ох, этот князь, по палам, сам чуть тышит! Князь, слышали? Князь Э - хм? Графиня бабушка Он ничего не слышит! Хоть, мошет, видели, здесь полицмейстер * пыл? Князь Э - хм? Графиня бабушка В тюрьму-та, князь, кто Чацкого схватил? Князь И - хм? Графиня бабушка Тесак ему да ранец, В солтаты! Шутка ли! переменил закон! Князь У-хм? Графиня бабушка Да!.. в пусурманах он! Ах! окаянный волтерьянец! * Что? а? глух, мой отец; достаньте свой рожок. Ох! глухота большой порок. ЯВЛЕНИЕ 21 Те же и Хлестова, София, Молчалин, Платон Михайлович, Наталья Дмитриевна, Графиня внучка, Княгиня с дочерьми, Загорецкий, Скалозуб, потом Фамусов и многие другие. Хлестова С ума сошел! прошу покорно! Да невзначай! да как проворно! Ты, Софья, слышала? Платон Михайлович Кто первый разгласил? Наталья Дмитриевна Ах, друг мой, все! Платон Михайлович Ну все, так верить поневоле, А мне сомнительно. Фамусов (входя) О чем? о Чацком, что ли? Чего сомнительно? Я первый, я открыл! Давно дивлюсь я, как никто его не свяжет! Попробуй о властях - и нивесть что наскажет! Чуть низко поклонись, согнись-ка кто кольцом, Хоть пред монаршиим лицом, Так назовет он подлецом!.. Хлестова Туда же из смешливых; Сказала что-то я - он начал хохотать. Молчалин Мне отсоветовал в Москве служить в Архивах. Графиня внучка Меня модисткою изволил величать! Наталья Дмитриевна А мужу моему совет дал жить в деревне. Загорецкий Безумный по всему. Графиня внучка Я видела из глаз. Фамусов По матери пошел, по Анне Алексевне; Покойница с ума сходила восемь раз. Хлестова На свете дивные бывают приключенья! В его лета с ума спрыгнул! Чай, пил не по летам. Княгиня О! верно... Графиня внучка Без сомненья. Хлестова Шампанское стаканами тянул. Наталья Дмитриевна Бутылками-с, и пребольшими Загорецкий (с жаром) Нет-с, бочками сороковыми. Фамусов Ну вот! великая беда, Что выпьет лишнее мужчина! Ученье - вот чума, ученость - вот причина, Что нынче пуще, чем когда, Безумных развелось людей, и дел, и мнений. Хлестова И впрямь с ума сойдешь от этих, от одних От пансионов, школ, лицеев, как бишь их, Да от ланкартачных взаимных обучений. * Княгиня Нет, в Петербурге институт Пе-да-го-гический, * так, кажется, зовут: Там упражняются в расколах и в безверьи Профессоры!! - у них учился наш родня, И вышел! хоть сейчас в аптеку, в подмастерьи. От женщин бегает, и даже от меня! Чинов не хочет знать! Он химик, он ботаник, Князь Федор, мой племянник. Скалозуб Я вас обрадую: всеобщая молва, Что есть проект насчет лицеев, школ, гимназий; Там будут лишь учить по нашему: раз, два; А книги сохранят так: для больших оказий. Фамусов Сергей Сергеич, нет! Уж коли зло пресечь: Забрать все книги бы да сжечь. Загорецкий (с кротостию) Нет-с, книги книгам рознь. А если б, между нами, Был ценсором * назначен я, На басни бы налег; ох! басни - смерть моя! Насмешки вечные над львами! над орлами! Кто что ни говори: Хотя животные, а все-таки цари. Хлестова Отцы мои, уж кто в уме расстроен, Так все равно, от книг ли, от питья ль; А Чацкого мне жаль. По-христиански так; он жалости достоин; Был острый человек, имел душ сотни три. Фамусов Четыре. Хлестова Три, сударь. Фамусов Четыреста. Хлестова Нет! триста. Фамусов В моем календаре... Хлестова Все врут календари. Фамусов Как раз четыреста, ох! спорить голосиста! Хлестова Нет! Триста! - уж чужих имений мне не знать! Фамусов Четыреста, прошу понять. Хлестова Нет! триста, триста, триста. ЯВЛЕНИЕ 22 Те же все и Чацкий. Наталья Дмитриевна Вот он. Графиня внучка Шш! Все Шш! (Пятятся от него в противную сторону.) Хлестова Hу, как с безумных глаз Затеет драться он, потребует к разделке! Фамусов О Господи! помилуй грешных нас! (Опасливо) Любезнейший! Ты не в своей тарелке. С дороги нужен сон. Дай пульс... Ты нездоров. Чацкий Да, мочи нет: мильон терзаний Груди от дружеских тисков, Ногам от шарканья, ушам от восклицаний, А пуще голове от всяких пустяков. (Подходит к Софье.) Душа здесь у меня каким-то горем сжата, И в многолюдстве я потерян, сам не свой. Нет! недоволен я Москвой. Хлестова Москва, вишь, виновата. Фамусов Подальше от него. (Делает знаки Софии.) Гм, Софья! - Не глядит! София (Чацкому) Скажите, что вас так гневит? Чацкий В той комнате незначащая встреча: Французик из Бордо, * надсаживая грудь, Собрал вокруг себя род веча * И сказывал, как снаряжался в путь В Россию, к варварам, со страхом и слезами; Приехал - и нашел, что ласкам нет конца; Ни звука русского, ни русского лица Не встретил: будто бы в отечестве, с друзьями; Своя провинция. - Посмотришь, вечерком Он чувствует себя здесь маленьким царьком; Такой же толк у дам, такие же наряды... Он рад, но мы не рады. Умолк. И тут со всех сторон Тоска, и оханье, и стон. Ах! Франция! Нет в мире лучше края! - Решили две княжны, сестрицы, повторяя Урок, который им из детства натвержен. Куда деваться от княжен! - Я одаль воссылал желанья Смиренные, однако вслух, Чтоб истребил Господь нечистый этот дух Пустого, рабского, слепого подражанья; Чтоб искру заронил он в ком-нибудь с душой, Кто мог бы словом и примером Нас удержать, как крепкою вожжой, От жалкой тошноты по стороне чужой. Пускай меня отъявят * старовером, Но хуже для меня наш Север во сто крат С тех пор, как отдал все в обмен на новый лад - И нравы, и язык, и старину святую, И величавую одежду на другую По шутовскому образцу: Хвост сзади, спереди какой-то чудный выем, * Рассудку вопреки, наперекор стихиям; Движенья связаны, и не краса лицу; Смешные, бритые, седые подбородки! Как платья, волосы, так и умы коротки!.. Ах! если рождены мы все перенимать, Хоть у китайцев бы нам несколько занять Премудрого у них незнанья иноземцев. Воскреснем ли когда от чужевластья мод? Чтоб умный, бодрый наш народ Хотя по языку нас не считал за немцев. "Как европейское поставить в параллель С национальным - странно что-то! Ну как перевести мадам и мадмуазель? Ужли сударыня!!" - забормотал мне кто-то. Вообразите, тут у всех На мой же счет поднялся смех. "Сударыня! Ха! ха! ха! ха! прекрасно! Сударыня! Ха! Ха! ха! ха! ужасно!" - Я, рассердясь и жизнь кляня, Готовил им ответ громовый; Но все оставили меня. - Вот случай вам со мною, он не новый; Москва и Петербург - во всей России то, Что человек из города Бордо, Лишь рот открыл, имеет счастье Во всех княжен вселять участье; И в Петербурге и в Москве, Кто недруг выписных лиц, вычур, слов кудрявых, В чьей по несчастью голове Пять, шесть найдется мыслей здравых И он осмелится их гласно объявлять, - Глядь... (Оглядывается, все в вальсе кружатся с величайшим усердием. Старики разбрелись к карточным столам.)
P00033	poem	Александр Грибоедов: Горе от ума. Действие 4	У Фамусова в доме парадные сени; большая лестница из второго жилья *, к которой примыкают многие побочные из антресолей; внизу справа (от действующих лиц) выход на крыльцо и швейцарская ложа; слева, на одном же плане, комната Молчалина. Ночь. Слабое освещение. Лакеи иные суетятся, иные спят в ожидании господ своих. ЯВЛЕНИЕ 1 Графиня бабушка, Графиня внучка, впереди их лакей. Лакей Графини Хрюминой карета! Графиня внучка (покуда ее укутывают) Ну бал! Ну Фамусов! умел гостей назвать! Какие-то уроды с того света, И не с кем говорить, и не с кем танцевать. Графиня бабушка Поетем, матушка, мне, прафо, не под силу, Когда-нибуть я с пала та в могилу. (Обе уезжают.) ЯВЛЕНИЕ 2 Платон Михайлович и Нaталья Дмитриевна. Один лакей около их хлопочет, другой у подъезда кричит: Карета Горича! Наталья Дмитриевна Мой ангел, жизнь моя, Бесценный, душечка, Попошь, что так уныло? (Целует мужа в лоб.) Признайся, весело у Фамусовых было. Платон Михайлович Наташа-матушка, дремлю на балах я, До них смертельный неохотник, А не противлюсь, твой работник, Дежурю за полночь, подчас Тебе в угодность, как ни грустно, Пускаюсь по команде в пляс. Наталья Дмитриевна Ты притворяешься, и очень неискусно; Охота смертная прослыть за старика. (Уходит с лакеем.) Платон Михайлович (хладнокровно) Бал вещь хорошая, неволя-то горька; И кто жениться нас неволит! Ведь сказано ж, иному на роду... Лакей (с крыльца) В карете барыня-с, и гневаться изволит. Платон Михайлович (со вздохом) Иду, иду. (Уезжает.) ЯВЛЕНИЕ 3 Чацкий и лакей его впереди. Чацкий Кричи, чтобы скорее подавали. (Лакей уходит.) Ну вот и день прошел, и с ним Все призраки, весь чад и дым Надежд, которые мне душу наполняли. Чего я ждал? что думал здесь найти? Где прелесть эта встреч? участье в ком живое? Крик! радость! обнялись! - Пустое. В повозке так-то на пути Необозримою равниной, сидя праздно, Все что-то видно впереди Светло, сине, разнообразно; И едешь час, и два, день целый; вот резво Домчались к отдыху; ночлег: куда ни взглянешь, Все та же гладь, и степь, и пусто и мертво... Досадно, мочи нет, чем больше думать станешь. (Лакей возвращается.) Готово? Лакей Кучера-с нигде, вишь, не найдут. Чацкий Пошел, ищи, не ночевать же тут. (Лакей опять уходит.) ЯВЛЕНИЕ 4 Чацкий, Репетилов (вбегает с крыльца, при самом входе падает со всех ног и поспешно оправляется). Репетилов Тьфу! оплошал. - Ах, мой Создатель! Дай протереть глаза; откудова? приятель!.. Сердечный друг! Любезный друг! Mon cher! * Вот фарсы * мне как часто были петы, Что пустомеля я, что глуп, что суевер, Что у меня на все предчувствия, приметы; Сейчас... растолковать прошу, Как будто знал, сюда спешу, Хвать, об порог задел ногою И растянулся во весь рост. Пожалуй, смейся надо мною, Что Репетилов врет, что Репетилов прост, А у меня к тебе влеченье, род недуга, Любовь какая-то и страсть, Готов я душу прозакласть, Что в мире не найдешь себе такого друга, Такого верного, ей-ей; Пускай лишусь жены, детей, Оставлен буду целым светом, Пускай умру на месте этом, Да разразит меня Господь... Чацкий Да полно вздор молоть. Репетилов Не любишь ты меня, естественное дело: С другими я и так и сяк, С тобою говорю несмело, Я жалок, я смешон, я неуч, я дурак. Чацкий Вот странное уничиженье! Репетилов Ругай меня, я сам кляну свое рожденье, Когда подумаю, как время убивал! Скажи, который час? Чацкий Час ехать спать ложиться; Коли явился ты на бал, Так можешь воротиться. Репетилов Что бал? братец, где мы всю ночь до бела дня, В приличьях скованы, не вырвемся из ига, Читал ли ты? есть книга... Чацкий А ты читал? задача для меня, Ты Репетилов ли? Репетилов Зови меня вандалом: * Я это имя заслужил. Людьми пустыми дорожил! Сам бредил целый век обедом или балом! Об детях забывал! обманывал жену! Играл! проигрывал! в опеку взят указом! * Танцовщицу держал! и не одну: Трех разом! Пил мертвую! не спал ночей по девяти! Все отвергал: законы! совесть! веру! Чацкий Послушай! ври, да знай же меру; Есть от чего в отчаянье придти. Репетилов Поздравь меня, теперь с людьми я знаюсь С умнейшими!! - всю ночь не рыщу напролет. Чацкий Вот нынче, например? Репетилов Что ночь одна, - не в счет, Зато спроси, где был? Чацкий И сам я догадаюсь. Чай, в клубе? Репетилов В Английском. Чтоб исповедь начать: Из шумного я заседанья. Пожало-ста молчи, я слово дал молчать; У нас есть общество, и тайные собранья По четвергам. Секретнейший союз... Чацкий Ах! я, братец, боюсь. Как? в клубе? Репетилов Именно. Чацкий Вот меры чрезвычайны, Чтоб взашеи прогнать и вас, и ваши тайны. Репетилов Напрасно страх тебя берет, Вслух, громко говорим, никто не разберет. Я сам, как схватятся о камерах, присяжных, * О Бейроне *, ну о матерьях * важных, Частенько слушаю, не разжимая губ; Мне не под силу, брат, и чувствую, что глуп. Ax! Alexandre! у нас тебя недоставало; Послушай, миленький, потешь меня хоть мало; Поедем-ка сейчас; мы, благо, на ходу; С какими я тебя сведу Людьми!!... Уж на меня нисколько не похожи! Что за люди, mon cher! Сок умной молодежи! Чацкий Бог с ними и с тобой. Куда я поскачу? Зачем? в глухую ночь? Домой, я спать хочу. Репетилов Э! брось! кто нынче спит? Ну полно, без прелюдий * Решись, а мы!.. у нас... решительные люди, Горячих дюжина голов! Кричим - подумаешь, что сотни голосов!.. Чацкий Да из чего беснуетесь вы столько? Репетилов Шумим, братец, шумим! Чацкий Шумите вы? и только? Репетилов Не место объяснять теперь и недосуг, Но государственное дело: Оно, вот видишь, не созрело, Нельзя же вдруг. Что за люди! mon cher! Без дальних я историй Скажу тебе: во-первых, князь Григорий!! Чудак единственный! нас со смеху морит! Век с англичанами, вся английская складка, И так же он сквозь зубы говорит, И так же коротко обстрижен для порядка. Ты не знаком? о! познакомься с ним. Другой - Воркулов Евдоким; Ты не слыхал, как он поет? о! диво! Послушай, милый, особливо Есть у него любимое одно: "А! нон лашьяр ми, но, но, но". * Еще у нас два брата: Левон и Боринька, чудесные ребята! Об них не знаешь что сказать; Но если гения прикажете назвать: Удушьев Ипполит Маркелыч!!! Ты сочинения его Читал ли что-нибудь? хоть мелочь? Прочти, братец, да он не пишет ничего; Вот эдаких людей бы сечь-то, И приговаривать: писать, писать, писать; В журналах можешь ты, однако, отыскать Его отрывок, взгляд и нечто. Об чем бишь нечто? - обо всем; Все знает, мы его на черный день пасем. Но голова у нас, какой в России нету, Не надо называть, узнаешь по портрету: Ночной разбойник, дуэлист, В Камчатку сослан был, вернулся алеутом, И крепко на руку нечист; Да умный человек не может быть не плутом. Когда ж об честности высокой говорит, Каким-то демоном внушаем: Глаза в крови, лицо горит, Сам плачет, и мы все рыдаем. Вот люди, есть ли им подобные? Навряд... Ну, между ими я, конечно, зауряд *, Немножко поотстал, ленив, подумать ужас! Однако ж я, когда, умишком понатужась, Засяду, часу не сижу, И как-то невзначай, вдруг каламбур * рожу. Другие у меня мысль эту же подцепят И вшестером, глядь, водевильчик * слепят, Другие шестеро на музыку кладут, Другие хлопают, когда его дают. Брат, смейся, а что любо, любо: Способностями Бог меня не наградил, Дал сердце доброе, вот чем я людям мил, Совру - простят... Лакей (у подъезда) Карета Скалозуба! Репетилов Чья? ЯВЛЕНИЕ 5 Те же и Скалозуб, спускается с лестницы. Репетилов (к нему навстречу) Ах! Скалозуб, душа моя, Постой, куда же? сделай дружбу. (Душит его в объятиях.) Чацкий Куда деваться мне от них! (Входит в швейцарскую.) Репетилов (Скалозубу) Слух об тебе давно затих, Сказали, что ты в полк отправился на службу. Знакомы вы? (Ищет Чацкого глазами) Упрямец! ускакал! Нет нужды, я тебя нечаянно сыскал, И просим-ка со мной, сейчас без отговорок: У князь-Григория теперь народу тьма, Увидишь, человек нас сорок, Фу! сколько, братец, там ума! Всю ночь толкуют, не наскучат, Во-первых, напоят шампанским на убой, А во-вторых, таким вещам научат, Каких, конечно, нам не выдумать с тобой. Скалозуб Избавь. Ученостью меня не обморочишь, Скликай других, а если хочешь, Я князь-Григорию и вам Фельдфебеля в Волтеры дам, Он в три шеренги вас построит, А пикните, так мигом успокоит. Репетилов Все служба на уме! Mon cher, гляди сюда: И я в чины бы лез, да неудачи встретил, Как, может быть, никто и никогда; По статской я служил, тогда Барон фон Клоц в министры метил, А я - К нему в зятья. Шел напрямик без дальней думы, С его женой и с ним пускался в реверси, * Ему и ей какие суммы Спустил, что Боже упаси! Он на Фонтанке * жил, я возле дом построил, С колоннами! огромный! сколько стоил! Женился наконец на дочери его, Приданого взял - шиш, по службе - ничего. Тесть немец, а что проку? Боялся, видишь, он упреку За слабость будто бы к родне! Боялся, прах его возьми, да легче ль мне? Секретари его все хамы, все продажны, Людишки, пишущая тварь, Все вышли в знать, все нынче важны, Гляди-ка в адрес-календарь. * Тьфу! служба и чины, кресты - души мытарства; Лахмотьев Алексей чудесно говорит, Что радикальные потребны тут лекарства, Желудок дольше не варит. (Останавливается, увидя, что Загорецкий заступил место Скалозуба, который покудова уехал.) ЯВЛЕНИЕ 6 Репетилов, Загорецкий. Загорецкий Извольте продолжать, вам искренно признаюсь, Такой же я, как вы, ужасный либерал! И от того, что прям и смело объясняюсь, Куда как много потерял!.. Репетилов (с досадой) Все врознь, не говоря ни слова; Чуть из виду один, гляди уж нет другого. Был Чацкий, вдруг исчез, потом и Скалозуб. Загорецкий Как думаете вы об Чацком? Репетилов Он не глуп, Сейчас столкнулись мы, тут всякие турусы, * И дельный разговор зашел про водевиль. Да! водевиль есть вещь, а прочее все гиль. * Мы с ним... у нас... одни и те же вкусы. Загорецкий А вы заметили, что он В уме сурьезно поврежден? Репетилов Какая чепуха! Загорецкий Об нем все этой веры. Репетилов Вранье. Загорецкий Спросите всех! Репетилов Химеры. * Загорецкий А кстати, вот князь Петр Ильич, Княгиня и с княжнами. Репетилов Дичь. ЯВЛЕНИЕ 7 Репетилов, Загорецкий, Князь и Княгиня с шестью дочерями; немного погодя Хлестова спускается с парадной лестницы. Молчалин ведет ее под руку. Лакеи в суетах. Загорецкий Княжны, пожалуйте, скажите ваше мненье, Безумный Чацкий или нет? 1-я княжна Какое ж в этом есть сомненье? 2-я княжна Про это знает целый свет. 3-я княжна Дрянские, Хворовы, Варлянские, Скачковы. 4-я княжна Ах! вести старые, кому они новы? 5-я княжна Кто сомневается? Загорецкий Да вот не верит... 6-я княжна Вы! Все вместе Мсье Репетилов! Вы! Мсье Репетилов! что вы! Да как вы! Можно ль против всех! Да почему вы? стыд и смех. Репетилов (затыкает себе уши) Простите, я не знал, что это слишком гласно. Княгиня Еще не гласно бы, с ним говорить опасно, Давно бы запереть пора. Послушать, так его мизинец Умнее всех, и даже князь-Петра! Я думаю, он просто якобинец, * Ваш Чацкий!!! Едемте. Князь, ты везти бы мог Катишь или Зизи, мы сядем в шестиместной. Хлестова (с лестницы) Княгиня, карточный должок. Княгиня За мною, матушка. Все (друг к другу) Прощайте. (Княжеская фамилия * уезжает, и Загорецкий тоже.) ЯВЛЕНИЕ 8 Репетилов, Хлестова, Молчалин. Репетилов Царь небесный! Амфиса Ниловна! Ах! Чацкий! бедный! вот! Что наш высокий ум! и тысяча забот! Скажите, из чего на свете мы хлопочем! Хлестова Так Бог ему судил; а впрочем, Полечат, вылечат авось; А ты, мой батюшка, неисцелим, хоть брось. Изволил вовремя явиться! - Молчалин, вон чуланчик твой, Не нужны проводы; поди, Господь с тобой. (Молчалин уходит к себе в комнату.) Прощайте, батюшка; пора перебеситься. (Уезжает.) ЯВЛЕНИЕ 9 Репетилов со своим лакеем. Репетилов Куда теперь направить путь? А дело уж идет к рассвету. Поди, сажай меня в карету, Вези куда-нибудь. (Уезжает.) ЯВЛЕНИЕ 10 Последняя лампа гаснет. Чацкий (выходит из швейцарской) Что это? слышал ли моими я ушами! Не смех, а явно злость. Какими чудесами? Через какое колдовство Нелепость обо мне все в голос повторяют! И для иных как словно торжество, Другие будто сострадают... О! если б кто в людей проник: Что хуже в них? душа или язык? Чье это сочиненье! Поверили глупцы, другим передают, Старухи вмиг тревогу бьют - И вот общественное мненье! И вот та родина... Нет, в нынешний приезд, Я вижу, что она мне скоро надоест. А Софья знает ли? - Конечно, рассказали, Она не то, чтобы мне именно во вред Потешилась, и правда или нет - Ей все равно, другой ли, я ли, Никем по совести она не дорожит. Но этот обморок, беспамятство откуда?? - Нерв избалованность, причуда, - Возбудит малость их, и малость утишит, - Я признаком почел живых страстей. - Ни крошки: Она конечно бы лишилась так же сил, Когда бы кто-нибудь ступил На хвост собачки или кошки. София (над лестницей во втором этаже, со свечкою) Молчалин, вы? (Поспешно опять дверь припирает.) Чацкий Она! она сама! Ах! голова горит, вся кровь моя в волненьи. Явилась! нет ее! неужели в виденьи? Не впрямь ли я сошел с ума? К необычайности я точно приготовлен; Но не виденье тут, свиданья час условлен. К чему обманывать себя мне самого? Звала Молчалина, вот комната его. Лакей его (с крыльца) Каре... Чацкий Сс! (Выталкивает его вон.) Буду здесь, и не смыкаю глазу, Хоть до утра. Уж коли горе пить, Так лучше сразу, Чем медлить, - а беды медленьем не избыть. Дверь отворяется. (Прячется за колонну.) ЯВЛЕНИЕ 11 Чацкий спрятан, Лиза со свечкой. Лиза Ах! мочи нет! робею. В пустые сени! в ночь! боишься домовых, Боишься и людей живых. Мучительница-барышня, Бог с нею, И Чацкий, как бельмо в глазу; Вишь, показался ей он где-то здесь внизу. (Осматривается.) Да! как же! по сеням бродить ему охота! Он, чай, давно уж за ворота, Любовь на завтра поберег, Домой, и спать залег. Однако велено к сердечному толкнуться. (Стучится к Молчалину.) Послушайте-с. Извольте-ка проснуться. Вас кличет барышня, вас барышня зовет. Да поскорей, чтоб не застали. ЯВЛЕНИЕ 12 Чацкий за колонною, Лиза, Молчалин (потягивается и зевает), София (крадется сверху). Лиза Вы, сударь, камень, сударь, лед. Молчалин Ах! Лизанька, ты от себя ли? Лиза От барышни-с. Молчалин Кто б отгадал, Что в этих щечках, в этих жилках Любви еще румянец не играл! Охота быть тебе лишь только на посылках? Лиза А вам, искателям невест, Не нежиться и не зевать бы; Пригож и мил, кто не доест И не доспит до свадьбы. Молчалин Какая свадьба? с кем? Лиза А с барышней? Молчалин Поди, Надежды много впереди, Без свадьбы время проволочим. Лиза Что вы, сударь! да мы кого ж Себе в мужья другого прочим? Молчалин Не знаю. А меня так разбирает дрожь, И при одной я мысли трушу, Что Павел Афанасьич раз Когда-нибудь поймает нас, Разгонит, проклянет!.. Да что? открыть ли душу? Я в Софье Павловне не вижу ничего Завидного. Дай Бог ей век прожить богато, Любила Чацкого когда-то, Меня разлюбит, как его. Мой ангельчик, желал бы вполовину К ней то же чувствовать, что чувствую к тебе; Да нет, как ни твержу себе, Готовлюсь нежным быть, а свижусь - и простыну. София (в сторону) Какие низости! Чацкий (за колонною) Подлец! Лиза И вам не совестно? Молчалин Мне завещал отец: Во-первых, угождать всем людям без изъятья - Хозяину, где доведется жить, Начальнику, с кем буду я служить, Слуге его, который чистит платья, Швейцару, дворнику, для избежанья зла, Собаке дворника, чтоб ласкова была. Лиза Сказать, сударь, у вас огромная опека! Молчалин И вот любовника я принимаю вид В угодность дочери такого человека... Лиза Который кормит и поит, А иногда и чином подарит? Пойдемте же, довольно толковали. Молчалин Пойдем любовь делить плачевной нашей крали. Дай обниму тебя от сердца полноты. (Лиза не дается.) Зачем она не ты! (Хочет идти, София не пускает.) София (почти шепотом; вся сцена вполголоса) Нейдите далее, наслушалась я много, Ужасный человек! себя я, стен стыжусь. Молчалин Как! Софья Павловна... София Ни слова, ради Бога, Молчите, я на все решусь. Молчалин (бросается на колена, София отталкивает его) Ах! вспомните! не гневайтеся, взгляньте!.. София Не помню ничего, не докучайте мне. Воспоминания! как острый нож оне. Молчалин (ползает у ног ее) Помилуйте... София Не подличайте, встаньте. Ответа не хочу, я знаю ваш ответ, Солжете... Молчалин Сделайте мне милость... София Нет. Нет. Нет. Молчалин Шутил, и не сказал я ничего окроме... София Отстаньте, говорю, сейчас, Я криком разбужу всех в доме И погублю себя и вас. (Молчалин встает.) Я с этих пор вас будто не знавала. Упреков, жалоб, слез моих Не смейте ожидать, не стоите вы их; Но чтобы в доме здесь заря вас не застала. Чтоб никогда об вас я больше не слыхала. Молчалин Как вы прикажете. София Иначе расскажу Всю правду батюшке, с досады. Вы знаете, что я собой не дорожу. Подите. - Стойте, будьте рады, Что при свиданиях со мной в ночной тиши Держались более вы робости во нраве, Чем даже днем, и при людях, и въяве; В вас меньше дерзости, чем кривизны души. Сама довольна тем, что ночью все узнала: Нет укоряющих свидетелей в глазах, Как давиче, когда я в обморок упала, Здесь Чацкий был... Чацкий (бросается между ними) Он здесь, притворщица! Лиза и София Ax! Ax! (Лиза свечку роняет с испугу; Молчалин скрывается к себе в комнату.) ЯВЛЕНИЕ 13 Те жe, кроме Молчалина. Чацкий Скорее в обморок, теперь оно в порядке, Важнее давишной причина есть тому, Вот наконец решение загадке! Вот я пожертвован кому! Не знаю, как в себе я бешенство умерил! Глядел, и видел, и не верил! А милый, для кого забыт И прежний друг, и женский страх и стыд, - За двери прячется, боится быть в ответе. Ах! как игру судьбы постичь? Людей с душой гонительница, бич! - Молчалины блаженствуют на свете! София (вся в слезах) Не продолжайте, я виню себя кругом. Но кто бы думать мог, чтоб был он так коварен! Лиза Стук! шум! ах! Боже мой! сюда бежит весь дом. Ваш батюшка вот будет благодарен. ЯВЛЕНИЕ 14 Чацкий, София, Лиза, Фамусов, толпа слуг со свечами. Фамусов Сюда! за мной! скорей! скорей! Свечей побольше, фонарей! Где домовые? Ба! знакомые все лица! Дочь, Софья Павловна! страмница! Бесстыдница! где! с кем! Ни дать, ни взять она, Как мать ее, покойница жена. Бывало, я с дражайшей половиной Чуть врознь - уж где-нибудь с мужчиной! Побойся Бога, как? чем он тебя прельстил? Сама его безумным называла! Нет! глупость на меня и слепота напала! Все это заговор, и в заговоре был Он сам, и гости все. За что я так наказан!.. Чацкий (Софии) Так этим вымыслом я вам еще обязан? Фамусов Брат, не финти, не дамся я в обман, Хоть подеретесь, не поверю. Ты, Филька, ты прямой чурбан, В швейцары произвел ленивую тетерю, Не знает ни про что, не чует ничего. Где был? куда ты вышел? Сеней не запер для чего? И как не досмотрел? и как ты не дослышал? В работу вас, на поселенье вас: * За грош продать меня готовы. Ты, быстроглазая, все от твоих проказ; Вот он, Кузнецкий мост, наряды и обновы; Там выучилась ты любовников сводить, Постой же, я тебя исправлю: Изволь-ка в избу, марш, за птицами ходить; Да и тебя, мой друг, я, дочка, не оставлю, Еще дни два терпение возьми: Не быть тебе в Москве, не жить тебе с людьми; Подалее от этих хватов, В деревню, к тетке, в глушь, в Саратов, Там будешь горе горевать, За пяльцами сидеть, за святцами * зевать. А вас, сударь, прошу я толком Туда не жаловать ни прямо, ни проселком; И ваша такова последняя черта, Что, чай, ко всякому дверь будет заперта: Я постараюсь, я, в набат я приударю, По городу всему наделаю хлопот И оглашу во весь народ: В Сенат подам, министрам, государю. Чацкий (после некоторого молчания) Не образумлюсь... виноват, И слушаю, не понимаю, Как будто все еще мне объяснить хотят. Растерян мыслями... чего-то ожидаю. (С жаром.) Слепец! я в ком искал награду всех трудов! Спешил!.. летел! дрожал! вот счастье, думал, близко. Пред кем я давиче так страстно и так низко Был расточитель нежных слов! А вы! о Боже мой! кого себе избрали? Когда подумаю, кого вы предпочли! Зачем меня надеждой завлекли? Зачем мне прямо не сказали, Что все прошедшее вы обратили в смех?! Что память даже вам постыла Тех чувств, в обоих нас движений сердца тех, Которые во мне ни даль не охладила, Ни развлечения, ни перемена мест. Дышал, и ими жил, был занят беспрерывно! Сказали бы, что вам внезапный мой приезд, Мой вид, мои слова, поступки - все противно, - Я с вами тотчас бы сношения пресек И перед тем, как навсегда расстаться, Не стал бы очень добираться, Кто этот вам любезный человек?.. (Насмешливо.) Вы помиритесь с ним, по размышленьи зрелом. Себя крушить, и для чего! Подумайте, всегда вы можете его Беречь, и пеленать, и спосылать за делом. Муж-мальчик, муж-слуга, из жениных пажей - * Высокий идеал московских всех мужей. - Довольно!.. с вами я горжусь моим разрывом. А вы, сударь отец, вы, страстные к чинам: Желаю вам дремать в неведеньи счастливом, Я сватаньем моим не угрожаю вам. Другой найдется, благонравный, Низкопоклонник и делец, Достоинствами, наконец, Он будущему тестю равный. Так! отрезвился я сполна, Мечтанья с глаз долой - и спала пелена; Теперь не худо б было сряду На дочь и на отца И на любовника-глупца, И на весь мир излить всю желчь и всю досаду. С кем был! Куда меня закинула судьба! Все гонят! все клянут! Мучителей толпа, В любви предателей, в вражде неутомимых, Рассказчиков неукротимых, Нескладных умников, лукавых простяков, Старух зловещих, стариков, Дряхлеющих над выдумками, вздором, - Безумным вы меня прославили всем хором. Вы правы: из огня тот выйдет невредим, Кто с вами день пробыть успеет, Подышит воздухом одним, И в нем рассудок уцелеет. Вон из Москвы! сюда я больше не ездок. Бегу, не оглянусь, пойду искать по свету, Где оскорбленному есть чувству уголок!.. Карету мне, карету! (Уезжает.) ЯВЛЕНИЕ 15 Кроме Чацкого Фамусов Ну что? не видишь ты, что он с ума сошел? Скажи сурьезно: Безумный! что он тут за чепуху молол! Низкопоклонник! тесть! и про Москву так грозно! А ты меня решилась уморить? Моя судьба еще ли не плачевна? Ах! Боже мой! что станет говорить Княгиня Марья Алексевна!
P00034	poem	Александр Грибоедов: Горе от ума. Примечания	Амур - в римской мифологии бог любви; в широком значении - любовь. Зелье - здесь в переносном смысле: коварная, проказливая. Оказия (фр. ocasion)- случай, происшествие. Кузнецкий мост - улица в центре Москвы. Во времена Грибоедова на Кузнецком мосту было множество различных магазинов, принадлежавшим преимущественно французским купцам: книжных, кондитерских ("бисквитных лавок"), модных нарядов и т.д. Испуга - в разговорном языке во времена Грибоедова наряду со словом "испуг" употреблялось "испуга". "Берем же побродяг" - имеются в виду учителя и гувернеты. "И в дом, и по билетам" - учителя, не живущие "в доме", а "приходящие", в конце каждого урока получали "билеты" (особые квитанции) от родителей своих учеников. По этим билетам начислялась плата за ученье. Скоморохи - бродячие актеры. Асессор (коллежский асессор) - гражданский чин. Получение этого чина давало право на личное дворянство. Фрунт - старинное произношение слова "фронт", военный строй. Статский (в позднейшем произношении - штатский) - человек, состоящий на гражданской службе. Кислые воды - лечебные минеральные воды. Ради - старинная форма слова "рады". Пикет - карточная игра. Толк - разговоры. Бульварные лица - завсегдатаи московских бульваров. Во времена Грибоедова бульвары (Тверской, Пречистенский) были излюбленным местом прогулок дворянского общества. "На лбу написано: Театр и Маскерад" - Чайкий упоминает о каком-то общем знакомом, любившем устраивать у себя дома театральные представления и маскарады. "Дом зеленью раскрашен в виде рощи" - в барских домах в старину иногда расписывали стены комнат цветами, деревьями. Ученый комитет - занимался вопросами школьного образования и предварительным просмотром учебных книг, из которых тщательно изгонялись все передовые идеи. Минерва - в греческой мифологии богиня мудрости. Фрейлина - женской придворное звание. Ментор - в поэме Гомера "Одиссея" восмитатель Телемака, сына Одиссея. В нарицательном смысле ментор - наставник, учитель. Перст - палец. Отъявлен - объявлен. Комиссия (фр. commission) - поручение; здесь в смысле: хлопоты, беспокойство. Пономарь - церковный служитель, на обязанности которого лежало чтение вслух церковных книг. Выражение "читать, как пономарь" означает невнятное, невыразительное чтение. Искони - издавна, с самого начала. Цуг - богатый выезд, в котором лошади запряжены гуськом (нем.). Тупей (франц.) - старинная мужская прическа: собранный на затылке пучок волос. Вельможа в случае - сановник, находящийся в милости при дворе, фаворит. Куртаг (нем.) - приемный день во дворце. Вдругорядь - в другой раз, вторично. Вист - карточная игра. Карбонари (итал. Carbonaro - угольщик) карбонарий; так назывались члены тайного революционного общества, возникшего в Италиии в начале XIX века. Для реакционных дворян слово "карбонарий" значило: бунтовщик, неблагонадежный человек. Содом - по библейской легенде, город, разрушенный богом (одновременно с городом Гоморрой) за грехи его жителей. В обиходном языке "содом" значит: беспорядок, суматоха. Егерскими полками в царской армии назывались особые, легко вооруженные и подвижные стрелковые полки. "Ему дан с бантом, мне на шею." - Речь идет об орденах; орден Владимира с бантом носили на груди, орден Анны надевали на ленте на шею. Вакансия - свободная, никем не занятая должность. В погонь ли за полком - в ожидании получения должности командира полка. Дистанции - расстяния. Хлеб-соль - хлебосольство, гостеприимство. Столбовые - дворяне старинных родов, записанные в особые "столбовые книги". Канцлер - высший гражданский чин в царской России. Сенат - высшее правительственное учреждение в царской России, где "присутствовали" (заседали) крупные сановники. Тафтица - воротничок, сшитый из тафты. Бархатец - букетик искусственных цветов, сделанных из бархата. Дымка - вуаль, которую прикалывали к шляпе. "Пожар способствовал ей много к украшенью" - После Отечественной войны 1812 года Москва, сожженная французами, быстро застроилась новыми зданиями. Отечества отцы - деятели, которые своей работой принесли много пользы родине. Клиенты-иностранцы. - В древнем Риме клиентами называли тех, кто, находясь в зависимости от римских граждан, пользовался их поддержкой и выполнял их поручения. Здесь Чацкий намекает на французов, живших в богатых дворянских домах. Среди этих французов было много реакционных политических эмигрантов, бежавших из Франции во время французской буржуазной революции. Нестор - имя греческого полководца (из поэмы Гомера "Илиада"). В нарицательном смысле имя Нестор стало обозначать предводителя, главаря. Должник - В грибоедовское время это слово обозначало не только того, кто должен деньги, но и того, кто одолжил их (кредитора). Гвардионцы - офицеры лейб-гренадерских полков, учрежденных в русской армии в 1813 году; они имели преимущество одного чина перед армейскими офицерами; тогда как в "коренных" гвардейских полках было установлено старшинство в два чина. Ирритация (франц. Irritation) - возбуждение,замешательство. Жоке - произнесенное на французский лад английское слово jockey (наездник). В старину жокеями называли слуг, сопровождавших барина во время прогулок верхом. Хрипун - в грибоедовское время армейских офицеров с щегольскими замашками и необоснованными претензиями на "светскость" иронически называли "хрипунами". Фагот - деревянный духовой инструмент, отличающийся звуком гнусавого тембра. Мазурка - бальный танец. "По Архивам" - речь идет о московском архиве Государственной коллегии иностранных дел, куда дворянская молодежь поступала для того, чтобы числиться на государственной службе и получать чины. А-мольный - музыкальный термин. Обер или штаб? - Разговорное сокращение слов "обер-офицер" и "штаб-офицер". Обер-офицерами назывались офицеры, имевшие чин от прапорщика до капитана; штаб-офицер - общее название более высоких чинов (от майора до полковника). Рюматизм - старинное произношение слова "ревматизм". Тюрлюрлю - дамский наряд (накидка). Эшарп (франц. Esharpe) - шарф. Cousin (франц.) - кузен, двоюродный брат. Барежевый (франц. Barege) - старинное название особого сорта материи. Камер-юнкер - младшее придворное звание. Grand' maman (франц.) - гранмаман, бабушка. "Предпочесть оригиналы спискам" - Чацкий язвительно называет московских модниц списками (копиями) с заграничных оригиналов (подлинников). "Eh! bon soir! vous voila! Jamais trop diligente, Vous nous donnez toujours le plaisir de l'attente." - А, добрый вечер! Наконец-то! Вы никогда не спешите и всегда доставляете нам удовольствие ожидания (франц.). Переносить - то есть передавать чужие слова; намек на то, что Загорецкий - доносчик. Покровка - улица в Москве. Светапреставленье; светопреставление - в христианском вероучении конец, гибель мира. Девичья - помещение для горничных в богатых барских домах. Гренадерскими в царской армии назывались отборные полки, в которые зачислялись особенно здоровые и рослые солдаты. Мушкетерскими назывались в старое время пехотные полки, в которых солдаты были вооружены мушкетами - тяжелыми ружьями крупного калибра. Желтый дом - распространенное в старину название домов для душевнобольных; стены этих домов обычно красили в желтый цвет. "Il vous dira toute l'histoire" - Он расскажет вам всю историю (франц.). Фармазоны (от франц. Franc-mason - "свободный каменщик") - франкмасоны, члены тайного общества, распространившегося по всей Европе в XVIII веке. В России во времена Грибоедова масонские ложи находились под надзором правительства и вскоре были запрещены. Полицмейстер - начальник полиции. Волтерьянец - поклонник передового французского писателя и философа XVIII века Вольтера. Во время Грибоедова слово "вольтерьянец" обозначало человека вольнодумного. Ланкартачный - искаженное слово "ланкастерский"; произошло от фамилии педагога Ланкастера, который применял систему взаимного обучения, заключавшуюся в том, что наиболее успевающие ученики помогали учителю обучать отстающих. В 1819 году в Петербурге было основано общество для проведения этого метода обучения. Пропагандистами ланкастерской системы были многие декабристы. "Институт пе-да-го-гический, так, кажется, зовут: Там упражняются в расколах и в безверьи Профессоры!" - В 1821 году нескольким профессорам Петербургского педагогического института было предъявлено обвинение, будто они в своих лекциях отвергают "истины христианства" и "призывают к покушению на законную власть". Хотя обвинение не было доказано, этим профессорам запретили преподавание в институте. В свое время это дело произвело большой шум и часто приводилось реакционерами как доказательство опасности высшего образования. Ценсор - старинная форма слова "цензор". Бордо - город во Франции. Вече - в Древнем Новгороде народное собрание, на котором обсуждались важные государственные вопросы. Здесь Чацкий употребляет это слово в ироническом смысле. Отъявят - объявят, огласят. "Хвост сзади..." - Чацкий насмешливо описывает покрой фрака (с двумя длинными полами сзади и с вырезом на груди). Жилье - этаж. Mon cher (франц.) - мой милый. Фарс - театральная пьеса, основанная на комических положениях. Здесь слово "фарс" применено в значении: шутка, насмешка. Вандалы - древнегерманское племя, разрушившее Рим в V веке. В нарицательном значении вандал - грубый, невежественный человек, разрушитель культурных ценностей. "В опеку взят указом" - То есть над имением Репетилова, по царскому указу, учреждена опека (надзор). "О камерах, присяжных" - В двадцатые годы XIX века русская молодежь много говорила о палатах (камерах) депутатов в конституционных государствах, а также о введении в России судопроизводства с участием присяжных заседателей - представителей от разных слоев населения. Бейрон - знаменитый английский поэт Байрон (1788-1824). Материя - здесь в смысле: тема, предмет разговора. Прелюдия - вступительная часть к музыкальному произведению; здесь в смысле: предварительные размышления. "А! Нон лашьяр ми, но, но, но" - фраза из итальянского романса: "Ах! Не оставь меня, нет, нет, нет". Зауряд - заурядный, средний человек. Каламбур - игра слов, основанная на сопоставлении сходно звучащих, но разных по смыслу слов. Водевиль - небольшая комическая пьеса со вставленными куплетами, поющимися под музыку. Реверси (франц.) - старинная карточная игра. Фонтанка - набережная реки Фонтанки в Петербурге. Адрес-календарь - справочная книга, содержавшая сведения о лицах, состоявших на государственной службе. Турусы - болтовня, пустые разговоры. Гиль - вздор, пустяк, ерунда. Химеры - здесь в смысле: нелепые выдумки. Якобинец - Во время французской буржуазной революции якобинцами назывались члены политического клуба, заседавшего в Париже в здании бывшего монастыря св. Якова. К якобинцам принадлежали крайние представители революционной мелкой буржуазии. Монархически настроенные русские дворяне называли якобинцами всех, кого можно было заподозрить в политическом свободомыслии. Фамилия - здесь: семья. "В работу вас, на поселенье вас". - В 1822 году было возобновлено предоставленное помещикам право без суда отправлять своих крепостных, в порядке наказания, в Сибирь - в каторжные работы или на поселение. Святцы - список имен "святых" и праздников православной церкви, расположенных по месяцам и дням. Паж - юноша дворянского происхождения, прислуживавший при дворе.
P00035	poem	Александр Пушкин: Несчастие Клита	Внук Тредьяковского [2] Клит гекзаметром песенки пишет, Противу ямба, хорея злобой ужасною дышет; Мера простая сия все портит, по мнению Клита, Смысл затмевает стихов и жар охлаждает пиита. Спорить о том я не смею, пусть он безвинных поносит, Ямб охладил рифмача, гекзаметры ж он заморозит. [1] Эпиграмма на В.К.Кюхельбекера. [2] См. Тредиаковский.
P00036	poem	Александр Пушкин: Желание	Медлительно влекутся дни мои, И каждый миг в унылом сердце множит Все горести несчастливой любви И все мечты безумия тревожит. Но я молчу; не слышен ропот мой; Я слезы лью; мне слезы утешенье; Моя душа, плененная тоской, В них горькое находит наслажденье. О жизни час! лети, не жаль тебя, Исчезни в тьме, пустое привиденье; Мне дорого любви моей мученье - Пускай умру, но пусть умру любя!
P00037	poem	Александр Пушкин: Наслажденье	В неволе скучной увядает Едва развитый жизни цвет, Украдкой младость отлетает, И след ее — печали след. С минут бесчувственных рожденья До нежных юношества лет Я все не знаю наслажденья, И счастья в томном сердце нет. С порога жизни в отдаленье Нетерпеливо я смотрел: «Там, там,— мечтал я,— наслажденье!» Но я за призраком летел. Златые крылья развивая, Волшебной нежной красотой Любовь явилась молодая И полетела предо мной. Я вслед... но цели отдаленной, Но цели милой не достиг!.. Когда ж весельем окриленный Настанет счастья быстрый миг? Когда в сиянье возгорится Светильник тусклый юных дней И мрачный путь мой озарится Улыбкой спутницы моей?
P00038	poem	Александр Пушкин: Окно	Недавно темною порою, Когда пустынная луна Текла туманною стезею, Я видел — дева у окна Одна задумчиво сидела, Дышала в тайном страхе грудь, Она с волнением глядела На темный под холмами путь. «Я здесь!» — шепнули торопливо. И дева трепетной рукой Окно открыла боязливо... Луна покрылась темнотой. «Счастливец!— молвил я с тоскою,— Тебя веселье ждет одно. Когда ж вечернею порою И мне откроется окно?»
P00039	poem	Александр Пушкин: Певец	Слыхали ль вы за рощей глас ночной Певца любви, певца своей печали? Когда поля в час утренний молчали, Свирели звук унылый и простой Слыхали ль вы? Встречали ль вы в пустынной тьме лесной Певца любви, певца своей печали? Следы ли слез, улыбку ль замечали, Иль тихий взор, исполненный тоской, Встречали вы? Вздохнули ль вы, внимая тихий глас Певца любви, певца своей печали? Когда в лесах вы юношу видали, Встречая взор его потухших глаз, Вздохнули ль вы?
P00040	poem	Александр Пушкин: Слово милой	Я Лилу слушал у клавира; Ее прелестный, томный глас Волшебной грустью нежит нас, Как ночью веянье зефира. Упали слезы из очей, И я сказал певице милой: «Волшебен голос твой унылый, Но слово милыя моей Волшебней нежных песен Лилы».
P00041	poem	Александр Пушкин: Вольность	Ода Беги, сокройся от очей, Цитеры слабая царица! Где ты, где ты, гроза царей, Свободы гордая певица? Приди, сорви с меня венок, Разбей изнеженную лиру... Хочу воспеть Свободу миру, На тронах поразить порок. Открой мне благородный след Того возвышенного Галла, Кому сама средь славных бед Ты гимны смелые внушала. Питомцы ветреной Судьбы, Тираны мира! трепещите! А вы, мужайтесь и внемлите, Восстаньте, падшие рабы! Увы! куда ни брошу взор — Везде бичи, везде железы, Законов гибельный позор, Неволи немощные слезы; Везде неправедная Власть В сгущенной мгле предрассуждений Воссела — Рабства грозный Гений И Славы роковая страсть. Лишь там над царскою главой Народов не легло страданье, Где крепко с Вольностью святой Законов мощных сочетанье; Где всем простерт их твердый щит, Где сжатый верными руками Граждан над равными главами Их меч без выбора скользит И преступленье свысока Сражает праведным размахом; Где не подкупна их рука Ни алчной скупостью, ни страхом. Владыки! вам венец и трон Дает Закон — а не природа; Стоите выше вы народа, Но вечный выше вас Закон. И горе, горе племенам, Где дремлет он неосторожно, Где иль народу, иль царям Законом властвовать возможно! Тебя в свидетели зову, О мученик ошибок славных, За предков в шуме бурь недавных Сложивший царскую главу. Восходит к смерти Людовик В виду безмолвного потомства, Главой развенчанной приник К кровавой плахе Вероломства. Молчит Закон — народ молчит, Падет преступная секира... И се — злодейская порфира На галлах скованных лежит. Самовластительный злодей! Тебя, твой трон я ненавижу, Твою погибель, смерть детей С жестокой радостию вижу. Читают на твоем челе Печать проклятия народы, Ты ужас мира, стыд природы, Упрек ты Богу на земле. Когда на мрачную Неву Звезда полуночи сверкает И беззаботную главу Спокойный сон отягощает, Глядит задумчивый певец На грозно спящий средь тумана Пустынный памятник тирана, Забвенью брошенный дворец — И слышит Клии страшный глас За сими страшными стенами, Калигулы последний час Он видит живо пред очами, Он видит — в лентах и звездах, Вином и злобой упоенны, Идут убийцы потаенны, На лицах дерзость, в сердце страх. Молчит неверный часовой, Опущен молча мост подъемный, Врата отверсты в тьме ночной Рукой предательства наемной... О стыд! о ужас наших дней! Как звери, вторглись янычары!.. Падут бесславные удары... Погиб увенчанный злодей. И днесь учитесь, о цари: Ни наказанья, ни награды, Ни кров темниц, ни алтари Не верные для вас ограды. Склонитесь первые главой Под сень надежную Закона, И станут вечной стражей трона Народов вольность и покой.
P00042	poem	Александр Пушкин: К ней (В печальной праздности...)	В печальной праздности я лиру забывал, Воображение в мечтах не разгоралось, С дарами юности мой гений отлетал, И сердце медленно хладело, закрывалось. Вас вновь я призывал, о дни моей весны, Вы, пролетевшие под сенью тишины, Дни дружества, любви, надежд и грусти нежной, Когда, поэзии поклонник безмятежный, На лире счастливой я тихо воспевал Волнение любви, уныние разлуки — И гул дубрав горам передавал Мои задумчивые звуки... Напрасно! Я влачил постыдной лени груз, В дремоту хладную невольно погружался, Бежал от радостей, бежал от милых муз И — слезы на глазах — со славою прощался! Но вдруг, как молнии стрела, Зажглась в увядшем сердце младость, Душа проснулась, ожила, Узнала вновь любви надежду, скорбь и радость. Все снова расцвело! Я жизнью трепетал; Природы вновь восторженный свидетель, Живее чувствовал, свободнее дышал, Сильней пленяла добродетель... Хвала любви, хвала богам! Вновь лиры сладостной раздался голос юный, И с звонким трепетом воскреснувшие струны Несу к твоим ногам!..
P00043	poem	Александр Пушкин: Кн.Голицыной, посылая ей оду «Вольность»	Простой воспитанник природы, Так я, бывало, воспевал Мечту прекрасную свободы И ею сладостно дышал. Но вас я вижу, вам внимаю, И что же?.. слабый человек!.. Свободу потеряв навек, Неволю сердцем обожаю.
P00044	poem	Александр Пушкин: Кривцову (Не пугай нас...)	Не пугай нас, милый друг, Гроба близким новосельем: Право, нам таким бездельем Заниматься недосуг. Пусть остылой жизни чашу Тянет медленно другой; Мы ж утратим юность нашу Вместе с жизнью дорогой; Каждый у своей гробницы Мы присядем на порог; У пафосския царицы Свежий выпросим венок, Лишний миг у верной лени, Круговой нальем сосуд - И толпою наши тени К тихой Лете убегут. Смертный миг наш будет светел; И подруги шалунов Соберут их легкий пепел В урны праздные пиров.
P00045	poem	Александр Пушкин: Товарищам	Промчались годы заточенья; Недолго, мирные друзья, Нам видеть кров уединенья И царскосельские поля. Разлука ждет нас у порогу, Зовет нас дальний света шум, И каждый смотрит на дорогу С волненьем гордых, юных дум. Иной, под кивер спрятав ум, Уже в воинственном наряде Гусарской саблею махнул - В крещенской утренней прохладе Красиво мерзнет на параде, А греться едет в караул; Другой, рожденный быть вельможей, Не честь, а почести любя, У плута знатного в прихожей Покорным плутом зрит себя; Лишь я, судьбе во всем послушный, Счастливой лени верный сын, Душой беспечный, равнодушный, Я тихо задремал один... Равны мне писари, уланы, Равны законы, кивера, Не рвусь я грудью в капитаны И не ползу в асессора; Друзья! немного снисхожденья - Оставьте красный мне колпак, Пока его за прегрешенья Не променял я на шишак, Пока ленивому возможно, Не опасаясь грозных бед, Еще рукой неосторожной В июле распахнуть жилет.
P00046	poem	Александр Пушкин: 	O Zauberei der erstern Liebe! Дубравы, где в тиши свободы Встречал я счастьем каждый день, Ступаю вновь под ваши своды, Под вашу дружескую тень. И для меня воскресла радость, И душу взволновали вновь Моя потерянная младость, Тоски мучительная сладость И сердца первая любовь. Любовник муз уединенный, В сени пленительных дубрав, Я был свидетель умиленный Ее младенческих забав. Она цвела передо мною, И я чудесной красоты Уже отгадывал мечтою Еще неясные черты, И мысль об ней одушевила Моей цевницы первый звук И тайне сердце научила.
P00047	poem	Александр Пушкин: И я слыхал, что Божий свет...	И я слыхал, что Божий свет Единой дружбою прекрасен, Что без нее отрады нет, Что жизни б путь нам был ужасен, Когда б не тихой дружбы свет. Но слушай — чувство есть другое: Оно и нежит и томит, В трудах, заботах и в покое Всегда не дремлет и горит; Оно мучительно, жестоко, Оно всю душу в нас мертвит, Коль язвы тяжкой и глубокой Елей надежды не живит... Вот страсть, которой я сгораю! Я вяну, гибну в цвете лет, Но исцелиться не желаю...
P00048	poem	Александр Пушкин: К Н. Я. Плюсковой (На лире скромной...)	На лире скромной, благородной Земных богов я не хвалил И силе в гордости свободной Кадилом лести не кадил. Свободу лишь учася славить, Стихами жертвуя лишь ей, Я не рожден царей забавить Стыдливой музою моей. Но, признаюсь, под Геликоном, Где Касталийский ток шумел, Я, вдохновенный Аполлоном, Елисавету втайне пел. Небесного земной свидетель, Воспламененною душой Я пел на троне добродетель С ее приветною красой. Любовь и тайная свобода Внушали сердцу гимн простой, И неподкупный голос мой Был эхо русского народа.
P00049	poem	Александр Пушкин: К портрету Жуковского	Его стихов пленительная сладость Пройдет веков завистливую даль, И, внемля им, вздохнет о славе младость, Утешится безмолвная печаль И резвая задумается радость. * См. Жуковский.
P00050	poem	Александр Пушкин: Как сладостно!.. но, боги, как опасно...	Как сладостно!.. но, боги, как опасно Тебе внимать, твой видеть милый взор!.. Забуду ли улыбку, взор прекрасный И огненный, волшебный разговор! Волшебница, зачем тебя я видел — Узнав тебя, блаженство я познал — И счастие мое возненавидел.
P00051	poem	Александр Пушкин: Могущий бог садов — паду перед тобой...	Могущий бог садов — паду перед тобой, Приап, ты, коему все жертвует в природе, Твой лик уродливый поставил я с мольбой В моем смиренном огороде, Не с тем, чтоб удалял ты своенравных коз И птичек от плодов и нежных и незрелых, Тебя украсил я венком из диких роз При пляске поселян веселых . . . . . . . . . . . . . . . .
P00052	poem	Александр Пушкин: На Каченовского	Бессмертною рукой раздавленный зоил, Позорного клейма ты вновь не заслужил! Бесчестью твоему нужна ли перемена? Наш Тацит на тебя захочет ли взглянуть? Уймись — и прежним ты стихом доволен будь, Плюгавый выползок из гузна Дефонтена!
P00053	poem	Александр Пушкин: Сказки: Noel	Ура! в Россию скачет Кочующий деспот. Спаситель горько плачет, За ним и весь народ. Мария в хлопотах Спасителя стращает: «Не плачь, дитя, не плачь, сударь: Вот бука, бука — русский царь!» Царь входит и вещает: «Узнай, народ российский, Что знает целый мир: И прусский и австрийский Я сшил себе мундир. О радуйся, народ: я сыт, здоров и тучен; Меня газетчик прославлял; Я пил, и ел, и обещал — И делом не замучен. Послушайте в прибавку, Что сделаю потом: Лаврову дам отставку, А Соца — в желтый дом; Закон постановлю на место вам Горголи, И людям я права людей, По царской милости моей, Отдам из доброй воли». От радости в постеле Расплакался дитя: «Неужто в самом деле? Неужто не шутя?» А мать ему: «Бай-бай! закрой свои ты глазки; Уснуть уж время наконец; Ну, слушай же, как царь-отец Рассказывает сказки!»
P00054	poem	Александр Пушкин: Возрождение	Художник-варвар кистью сонной Картину гения чернит. И свой рисунок беззаконный Над ней бессмысленно чертит. Но краски чуждые, с летами, Спадают ветхой чешуей; Созданье гения пред нами Выходит с прежней красотой. Так исчезают заблужденья С измученной души моей, И возникают в ней виденья Первоначальных, чистых дней.
P00055	poem	Александр Пушкин: Именины	Умножайте шум и радость; Пойте песни в добрый час: Дружба, Грация и Младость Именинницы у нас. Между тем дитя крылато, Вас приветствуя, друзья, Втайне думает: когда-то Именинник буду я!
P00056	poem	Александр Пушкин: К портрету Вяземского	Судьба свои дары явить желала в нем, В счастливом баловне соединив ошибкой Богатство, знатный род с возвышенным умом И простодушие с язвительной улыбкой. * См. Вяземский.
P00057	poem	Александр Пушкин: Нереида	Среди зеленых волн, лобзающих Тавриду, На утренней заре я видел нереиду. Сокрытый меж дерев, едва я смел дохнуть: Над ясной влагою полубогиня грудь Младую, белую как лебедь, воздымала И пену из власов струею выжимала.
P00058	poem	Александр Пушкин: Редеет облаков летучая гряда...	Редеет облаков летучая гряда. Звезда печальная, вечерняя звезда! Твой луч осеребрил увядшие равнины, И дремлющий залив, и черных скал вершины. Люблю твой слабый свет в небесной вышине; Он думы разбудил, уснувшие во мне: Я помню твой восход, знакомое светило, Над мирною страной, где все для сердца мило, Где стройны тополы в долинах вознеслись, Где дремлет нежный мирт и темный кипарис, И сладостно шумят полуденные волны. Там некогда в горах, сердечной думы полный, Над морем я влачил задумчивую лень, Когда на хижины сходила ночи тень - И дева юная во мгле тебя искала И именем своим подругам называла.
P00059	poem	Александр Пушкин: Движение	Движенья нет, сказал мудрец брадатый . Другой смолчал и стал пред ним ходить. Сильнее бы не мог он возразить; Хвалили все ответ замысловатый. Но, господа, забавный случай сей Другой пример на память мне приводит: Ведь каждый день пред нами солнце ходит, Однако ж прав упрямый Галилей.
P00060	poem	Александр Пушкин: Земля и море	Идиллия Мосха Когда по синеве морей Зефир скользит и тихо веет В ветрила гордых кораблей И челны на волнах лелеет; Забот и дум слагая груз, Тогда ленюсь я веселее — И забываю песни муз: Мне моря сладкий шум милее. Когда же волны по брегам Ревут, кипят и пеной плещут, И гром гремит по небесам, И молнии во мраке блещут,— Я удаляюсь от морей В гостеприимные дубровы; Земля мне кажется верней, И жалок мне рыбак суровый: Живет на утлом он челне, Игралище слепой пучины, А я в надежной тишине Внимаю шум ручья долины.
P00061	poem	Александр Пушкин: Красавица перед зеркалом	Взгляни на милую, когда свое чело Она пред зеркалом цветами окружает, Играет локоном — и верное стекло Улыбку, хитрый взор и гордость отражает.
P00062	poem	Александр Пушкин: Н.Н. при посылке ей «Невского альманаха»	Примите «Невский альманах». Он мил и в прозе, и в стихах: Вы тут найдете *** ова, Вел ***, X *** ова; К ***, дальний ваш родня, Украсил также книжку эту; Но не найдете вы меня: Мои стихи скользнули в Лету. Что слава мира?.. дым и прах. Ах, сердце ваше мне дороже!.. Но, кажется, мне трудно тоже Попасть и в этот альманах.
P00063	poem	Александр Пушкин: Сафо	Счастливый юноша, ты всем меня пленил: Душою гордою и пылкой и незлобной, И первой младости красой женоподобной.
P00064	poem	Александр Пушкин: Совет	Поверь: когда слепней и комаров Вокруг тебя летает рой журнальный, Не рассуждай, не трать учтивых слов, Не возражай на писк и шум нахальный: Ни логикой, ни вкусом, милый друг, Никак нельзя смирить их род упрямый. Сердиться грех — но замахнись и вдруг Прихлопни их проворной эпиграммой.
P00065	poem	Александр Пушкин: Цветы последние милей...	Цветы последние милей Роскошных первенцев полей. Они унылые мечтанья Живее пробуждают в нас. Так иногда разлуки час Живее сладкого свиданья.
P00066	poem	Александр Пушкин: Иной имел мою Аглаю...	Иной имел мою Аглаю За свой мундир и черный ус, Другой за деньги — понимаю, Другой за то, что был француз, Клеон — умом ее стращая, Дамис — за то, что нежно пел. Скажи теперь, мой друг Аглая, За что твой муж тебя имел?
P00067	poem	Александр Пушкин: Недавно я в часы свободы...	Недавно я в часы свободы Устав наездника читал И даже ясно понимал Его искусные доводы;* Узнал я резкие черты Неподражаемого слога; Но перевертывал листы И - признаюсь - роптал на Бога. Я думал: ветреный певец, Не сотвори себе кумира, Перебесилась наконец Твоя проказливая лира, И, сердцем охладев навек, Ты, видно, стал в угоду мира Благоразумный человек! О горе, молвил я сквозь слезы, Кто дал Давыдову совет Оставить лавр, оставить розы? Как мог унизиться до прозы Венчанный музою поэт, Презрев и славу прежних лет, И Бурцовой** души угрозы! И вдруг растрепанную тень Я вижу прямо пред собою, Пьяна, как в самый смерти день, Столбом усы, виски горою, Жестокий ментик за спиною . * Имеется в виду книга "Опыт теории партизанского действия", только что вышедшая в свет. ** А.П.Бурцев - сослуживец Д.Давыдова, воспетый им "величайший гуляка".
P00068	poem	Александр Пушкин: Узник	Сижу за решеткой в темнице сырой. Вскормленный в неволе орел молодой, Мой грустный товарищ, махая крылом, Кровавую пищу клюет под окном, Клюет, и бросает, и смотрит в окно, Как будто со мною задумал одно; Зовет меня взглядом и криком своим И вымолвить хочет: "Давай улетим! Мы вольные птицы; пора, брат, пора! Туда, где за тучей белеет гора, Туда, где синеют морские края, Туда, где гуляем лишь ветер... да я!.."
P00069	poem	Александр Пушкин: Чугун кагульский, ты священ...	Чугун кагульский, ты священ Для русского, для друга славы — Ты средь торжественных знамен Упал горящий и кровавый, Героев севера губя . . . . . . . . . . . . . . . . .
P00070	poem	Александр Пушкин: Жалоба	Ваш дед портной, ваш дядя повар, А вы, вы модный господин — Таков об вас народный говор, И дива нет — не вы один. Потомку предков благородных, Увы, никто в моей родне Не шьет мне даром фраков модных И не варит обеда мне.
P00071	poem	Александр Пушкин: Кто, волны, вас остановил...	Кто, волны, вас остановил, Кто оковал ваш бег могучий, Кто в пруд безмолвный и дремучий Поток мятежный обратил? Чей жезл волшебный поразил Во мне надежду, скорбь и радость И душу бурную и младость Дремотой лени усыпил? Взыграйте, ветры, взройте воды, Разрушьте гибельный оплот. Где ты, гроза — символ свободы? Промчись поверх невольных вод.
P00072	poem	Александр Пушкин: Мое беспечное незнанье...	Мое беспечное незнанье Лукавый демон возмутил, И он мое существованье С своим на век соединил. Я стал взирать его глазами, Мне жизни дался бедный клад, С его неясными словами Моя душа звучала в лад. Взглянул на мир я взором ясным И изумился в тишине; Ужели он казался мне Столь величавым и прекрасным? Чего, мечтатель молодой, Ты в нем искал, к чему стремился, Кого восторженной душой Боготворить не устыдился? И взор я бросил на людей, Увидел их надменных, низких, Жестоких ветреных судей, Глупцов, всегда злодейству близких. Пред боязливой их толпой, Жестокой, суетной, холодной, Смешон глас правды благородный, Напрасен опыт вековой. Вы правы, мудрые народы, К чему свободы вольный клич! Стадам не нужен дар свободы, Их должно резать или стричь, Наследство их из рода в роды - Ярмо с гремушками да бич.
P00073	poem	Александр Пушкин: Птичка	В чужбине свято наблюдаю Родной обычай старины: На волю птичку выпускаю При светлом празднике весны. Я стал доступен утешенью; За что на бога мне роптать, Когда хоть одному творенью Я мог свободу даровать!
P00074	poem	Александр Пушкин: Свободы сеятель пустынный...	Изыде сеятель сеяти семена своя Свободы сеятель пустынный, Я вышел рано, до звезды; Рукою чистой и безвинной В порабощенные бразды Бросал живительное семя - Но потерял я только время, Благие мысли и труды... Паситесь, мирные народы! Вас не разбудит чести клич. К чему стадам дары свободы? Их должно резать или стричь. Наследство их из рода в роды Ярмо с гремушками да бич.
P00075	poem	Александр Пушкин: Телега жизни	Хоть тяжело подчас в ней бремя, Телега на ходу легка; Ямщик лихой, седое время, Везет, не слезет с облучка. С утра садимся мы в телегу; Мы рады голову сломать И, презирая лень и негу, Кричим: пошел! . . . . . . . Но в полдень нет уж той отваги; Порастрясло нас: нам страшней И косогоры и овраги: Кричим: полегче, дуралей! Катит по-прежнему телега; Под вечер мы привыкли к ней И дремля едем до ночлега, А время гонит лошадей.
P00076	poem	Александр Пушкин: 	Ночной зефир Струит эфир. Шумит, Бежит Гвадалквивир. Вот взошла луна златая, Тише... чу... гитары звон... Вот испанка молодая Оперлася на балкон. Ночной зефир Струит эфир. Шумит, Бежит Гвадалквивир. Скинь мантилью, ангел милый, И явись как яркий день! Сквозь чугунные перилы Ножку дивную продень! Ночной зефир Струит эфир. Шумит, Бежит Гвадалквивир.
P00077	poem	Александр Пушкин: Виноград	Не стану я жалеть о розах, Увядших с легкою весной; Мне мил и виноград на лозах, В кистях созревший под горой, Краса моей долины злачной, Отрада осени златой, Продолговатый и прозрачный, Как персты девы молодой.
P00078	poem	Александр Пушкин: Ночной зефир струит эфир...	Ночной зефир Струит эфир. Шумит, Бежит Гвадалквивир. Вот взошла луна златая, Тише... чу... гитары звон... Вот испанка молодая Оперлася на балкон. Ночной зефир Струит эфир. Шумит, Бежит Гвадалквивир. Скинь мантилью, ангел милый, И явись как яркий день! Сквозь чугунные перилы Ножку дивную продень! Ночной зефир Струит эфир. Шумит, Бежит Гвадалквивир.
P00079	poem	Александр Пушкин: Прозерпина	Плещут волны Флегетона, Своды тартара дрожат: Кони бледного Плутона Быстро к нимфам Пелиона Из аида бога мчат. Вдоль пустынного залива Прозерпина вслед за ним, Равнодушна и ревнива, Потекла путем одним. Пред богинею колена Робко юноша склонил. И богиням льстит измена: Прозерпине смертный мил. Ада гордая царица Взором юношу зовет, Обняла - и колесница Уж к аиду их несет: Мчатся, облаком одеты; Видят вечные луга, Элизей и томной Леты Усыпленные брега. Там бессмертье, там забвенье, Там утехам нет конца. Прозерпина в упоенье, Без порфиры и венца, Повинуется желаньям, Предает его лобзаньям Сокровенные красы, В сладострастной неге тонет И молчит и томно стонет... Но бегут любви часы; Плещут волны Флегетона, Своды тартара дрожат: Кони бледного Плутона Быстро мчат его назад. И Кереры дочь уходит, И счастливца за собой Из Элизия выводит Потаенною тропой; И счастливец отпирает Осторожною рукой Дверь, откуда вылетает Сновидений ложный рой.
P00080	poem	Александр Пушкин: Фонтану Бахчисарайского дворца	Фонтан любви, фонтан живой! Принес я в дар тебе две розы. Люблю немолчный говор твой И поэтические слезы. Твоя серебряная пыль Меня кропит росою хладной: Ах, лейся, лейся, ключ отрадный! Журчи, журчи свою мне быль... Фонтан любви, фонтан печальный! И я твой мрамор вопрошал: Хвалу стране прочел я дальной; Но о Марии ты молчал... Светило бледное гарема! И здесь ужель забвенно ты? Или Мария и Зарема Одни счастливые мечты? Иль только сон воображенья В пустынной мгле нарисовал Свои минутные виденья, Души неясный идеал?
P00081	poem	Александр Пушкин: Всё в жертву памяти твоей...	Всё в жертву памяти твоей: И голос лиры вдохновенной, И слезы девы воспаленной, И трепет ревности моей, И славы блеск, и мрак изгнанья, И светлых мыслей красота, И мщенье, бурная мечта Ожесточенного страданья.
P00082	poem	Александр Пушкин: Если жизнь тебя обманет...	Если жизнь тебя обманет, Не печалься, не сердись! В день уныния смирись: День веселья, верь, настанет. Сердце в будущем живет; Настоящее уныло: Всё мгновенно, всё пройдет; Что пройдет, то будет мило.
P00083	poem	Александр Пушкин: Зимний вечер	Буря мглою небо кроет, Вихри снежные крутя; То, как зверь, она завоет, То заплачет, как дитя, То по кровле обветшалой Вдруг соломой зашумит, То, как путник запоздалый, К нам в окошко застучит. Наша ветхая лачужка И печальна и темна. Что же ты, моя старушка, Приумолкла у окна? Или бури завываньем Ты, мой друг, утомлена, Или дремлешь под жужжаньем Своего веретена? Выпьем, добрая подружка Бедной юности моей, Выпьем с горя; где же кружка? Сердцу будет веселей. Спой мне песню, как синица Тихо за морем жила; Спой мне песню, как девица За водой поутру шла. Буря мглою небо кроет, Вихри снежные крутя; То, как зверь, она завоет, То заплачет, как дитя. Выпьем, добрая подружка Бедной юности моей, Выпьем с горя: где же кружка? Сердцу будет веселей.
P00084	poem	Александр Пушкин: Сожженное письмо	Прощай, письмо любви! прощай: она велела... Как долго медлил я! как долго не хотела Рука предать огню все радости мои!.. Но полно, час настал. Гори, письмо любви. Готов я; ничему душа моя не внемлет. Уж пламя жадное листы твои приемлет... Минуту!.. вспыхнули! пылают - легкий дым, Виясь, теряется с молением моим. Уж перстня верного утратя впечатленье, Растопленный сургуч кипит... О провиденье! Свершилось! Темные свернулися листы; На легком пепле их заветные черты Белеют... Грудь моя стеснилась. Пепел милый, Отрада бедная в судьбе моей унылой, Останься век со мной на горестной груди...
P00085	poem	Александр Пушкин: Храни меня, мой талисман...	Храни меня, мой талисман, Храни меня во дни гоненья, Во дни раскаянья, волненья: Ты в день печали был мне дан. Когда подымет океан Вокруг меня валы ревучи, Когда грозою грянут тучи - Храни меня, мой талисман. В уединенье чуждых стран, На лоне скучного покоя, В тревоге пламенного боя Храни меня, мой талисман. Священный сладостный обман, Души волшебное светило... Оно сокрылось, изменило... Храни меня, мой талисман. Пускай же ввек сердечных ран Не растравит воспоминанье. Прощай, надежда; спи, желанье; Храни меня, мой талисман.
P00086	poem	Александр Пушкин: В еврейской хижине лампада...	В еврейской хижине лампада В одном углу бледна горит, Перед лампадою старик Читает библию. Седые На книгу падают власы. Над колыбелию пустой Еврейка плачет молодая. Сидит в другом углу, главой Поникнув, молодой еврей, Глубоко в думу погруженный. В печальной хижине старушка Готовит позднюю трапезу. Старик, закрыв святую книгу, Застежки медные сомкнул. Старуха ставит бедный ужин На стол и всю семью зовет. Никто нейдет, забыв о пище. Текут в безмолвии часы. Уснуло всё под сенью ночи. Еврейской хижины одной Не посетил отрадный сон. На колокольне городской Бьет полночь.- Вдруг рукой тяжелой Стучатся к ним. Семья вздрогнула, Младой еврей встает и дверь С недоуменьем отворяет - И входит незнакомый странник. В его руке дорожный посох.
P00087	poem	Александр Пушкин: Зимняя дорога	Сквозь волнистые туманы Пробирается луна, На печальные поляны Льет печально свет она. По дороге зимней, скучной Тройка борзая бежит, Колокольчик однозвучный Утомительно гремит. Что-то слышится родное В долгих песнях ямщика: То разгулье удалое, То сердечная тоска... Ни огня, ни черной хаты... Глушь и снег... Навстречу мне Только версты полосаты Попадаются одне. Скучно, грустно... Завтра, Нина, Завтра, к милой возвратясь, Я забудусь у камина, Загляжусь не наглядясь. Звучно стрелка часовая Мерный круг свой совершит, И, докучных удаляя, Полночь нас не разлучит. Грустно, Нина: путь мой скучен, Дремля смолкнул мой ямщик, Колокольчик однозвучен, Отуманен лунный лик.
P00088	poem	Александр Пушкин: И.И.Пущину	Мой первый друг, мой друг бесценный! И я судьбу благословил, Когда мой двор уединенный, Печальным снегом занесенный, Твой колокольчик огласил. Молю святое провиденье: Да голос мой душе твоей Дарует то же утешенье, Да озарит он заточенье Лучом лицейских ясных дней!
P00089	poem	Александр Пушкин: ИЗ АРИОСТОВА &quot;ORLANDO FURIOSO&quot;	CANTO XXIII Ott. 100 Пред рыцарем блестит водами Ручей прозрачнее стекла, Природа милыми цветами Тенистый берег убрала И обсадила древесами. Луга палит полдневный зной, Пастух убогий спит у стада, Устал под латами герой - Его манит ручья прохлада. Здесь мыслит он найти покой. И здесь-то, здесь нашел несчастный Приют жестокий и ужасный. Гуляя, он на деревах Повсюду надписи встречает. Он с изумленьем в сих чертах Знакомый почерк замечает; Невольный страх его влечет, Он руку милой узнает... И в самом деле в жар полдневный Медор с китайскою царевной Из хаты пастыря сюда Сам друг являлся иногда. Орланд их имена читает Соединенны вензелом; Их буква каждая гвоздем Герою сердце пробивает. Стараясь разум усыпить, Он сам с собою лицемерит, Не верить хочет он, хоть верит, Он силится вообразить, Что вензеля в сей роще дикой Начертаны все - может быть - Другой, не этой Анджеликой. Но вскоре, витязь, молвил ты: "Однако ж эти мне черты Знакомы очень... разумею, Медор сей выдуман лишь ею, Под этим прозвищем меня Царевна славила, быть может". Так басней правду заменя, Он мыслит, что судьбе поможет. Но чем он более хитрит, Чтоб утушить свое мученье, Тем пуще злое подозренье Возобновляется, горит; Так в сетке птичка, друг свободы, Чем больше бьется, тек сильней, Тем крепче путается в ней. Орланд идет туда, где своды Гора склонила на ручей. Кривой, бродящей павиликой Завешен был тенистый вход. Медор с прелестной Анджеликой Любили здесь у свежих вод В день жаркой, в тихой час досуга Дышать в объятиях друг друга, И здесь их имена кругом Древа и камни сохраняли; Их мелом, углем иль ножом Везде счастливцы написали. Туда пешком печальный граф Идет и над пещерой темной Зрит надпись - в похвалу забав Медор ее рукою томной В те дни стихами начертал; Стихи, чувств нежных вдохновенье, Он по-арабски написал, И вот их точное значенье: "Цветы, луга, ручей живой, Счастливый грот, прохладны тени, Приют любви, забав и лени, Где с Анджеликой молодой, С прелестной дщерью Галафрона, Любимой многими - порой Я знал утехи Купидона. Чем, бедный, вас я награжу? Столь часто вами охраненный, Одним лишь только услужу - Хвалой и просьбою смиренной. Господ любовников молю, Дам, рыцарей и всевозможных Пришельцев, здешних иль дорожных, Которых в сторону сию Фортуна заведет случайно,- На воды, луг, на тень и лес Зовите благодать небес, Чтоб нимфы их любили тайно, Чтоб пастухи к ним никогда Не гнали жадные стада". Граф точно так, как по-латыне, Знал по-арабски. Он не раз Спасался тем от злых проказ, Но от беды не спасся ныне. Два, три раза, и пять, и шесть Он хочет надпись перечесть; Несчастный силится напрасно Сказать, что нет того, что есть, Он правду видит, видит ясно, И нестерпимая тоска, Как бы холодная рука, Сжимает сердце в нем ужасно, И наконец на свой позор Вперил он равнодушный взор. Готов он в горести безгласной Лишиться чувств, оставить свет. Ах, верьте мне, что муки нет, Подобной муке сей ужасной. На грудь опершись бородой, Склонив чело, убитый, бледный, Найти не может рыцарь бедный Ни вопля, ни слезы одной. * "Неистовый Роланд". (итал.)
P00090	poem	Александр Пушкин: ИЗ ПИСЬМА К ВЕЛИКОПОЛЬСКОМУ	С тобой мне вновь считаться довелось, Певец любви то резвый, то унылый; Играешь ты на лире очень мило, Играешь ты довольно плохо в штос. Пятьсот рублей, проигранных тобою, Наличные свидетели тому. Судьба моя сходна с твоей судьбою; Сейчас, мой друг, увидишь почему.
P00091	poem	Александр Пушкин: Из письма к Алексееву	Прощай, отшельник бессарабской Лукавый друг души моей - Порадуй же меня не сказочкой арабской, Но русской правдою твоей.
P00092	poem	Александр Пушкин: Из письма к Великопольскому (С тобой мне	С тобой мне вновь считаться довелось, Певец любви то резвый, то унылый; Играешь ты на лире очень мило, Играешь ты довольно плохо в штос. Пятьсот рублей, проигранных тобою, Наличные свидетели тому. Судьба моя сходна с твоей судьбою; Сейчас, мой друг, увидишь почему.
P00093	poem	Александр Пушкин: Из письма к Соболевскому	У Гальяни иль Кольони Закажи себе в Твери С пармазаном макарони, Да яишницу свари. На досуге отобедай У Пожарского в Торжке, Жареных котлет отведай (именно котлет) И отправься налегке. Как до Яжельбиц дотащит Колымагу мужичок, То-то друг мой растаращит Сладострастный свой глазок! Поднесут тебе форели! Тотчас их варить вели, Как увидишь: посинели,- Влей в уху стакан шабли. Чтоб уха была по сердцу, Можно будет в кипяток Положить немного перцу, Луку маленькой кусок. Яжельбицы - первая станция после Валдая.- В Валдае спроси, есть ли свежие сельди? если же нет, У податливых крестьянок (Чем и славится Валдай) К чаю накупи баранок И скорее поезжай.
P00094	poem	Александр Пушкин: К ** (Ты богоматерь, нет сомненья...)	Ты богоматерь, нет сомненья, Не та, которая красой Пленила только дух святой, Мила ты всем без исключенья; Не та, которая Христа Родила не спросясь супруга. Есть бог другой земного круга - Ему послушна красота, Он бог Парни, Тибулла, Мура, Им мучусь, им утешен я. Он весь в тебя - ты мать Амура, Ты богородица моя!
P00095	poem	Александр Пушкин: К А. Тимашевой	Я видел вас, я их читал, Сии прелестные созданья, Где ваши томные мечтанья Боготворят свой идеал. Я пил отраву в вашем взоре, В душой исполненных чертах, И в вашем милом разговоре, И в ваших пламенных стихах; Соперницы запретной розы Блажен бессмертный идеал... Стократ блажен, кто вам внушал Не много рифм и много прозы.
P00096	poem	Александр Пушкин: К Баратынскому	Стих каждый в повести твоей Звучит и блещет, как червонец. Твоя чухоночка, ей-ей, Гречанок Байрона милей, А твой зоил прямой чухонец.
P00097	poem	Александр Пушкин: К Вяземскому	Так море, древний душегубец, Воспламеняет гений твой? Ты славишь лирой золотой Нептуна грозного трезубец. Не славь его. В наш гнусный век Седой Нептун Земли союзник. На всех стихиях человек - Тиран, предатель или узник.
P00098	poem	Александр Пушкин: К Е.Н.Вульф	Вот, Зина, вам совет: играйте, Из роз веселых заплетайте Себе торжественный венец - И впредь у нас не разрывайте Ни мадригалов, ни сердец.
P00099	poem	Александр Пушкин: К ЯЗЫКОВУ	Языков, кто тебе внушил Твое посланье удалое? Как ты шалишь, и как ты мил, Какой избыток чувств и сил, Какое буйство молодое! Нет, не кастальскою водой Ты воспоил свою Камену; Пегас иную Иппокрену Копытом вышиб пред тобой. Она не хладной льется влагой, Но пенится хмельною брагой; Она разымчива, пьяна, Как сей напиток благородный, Слиянье рому и вина, Без примеси воды негодной, В Тригорском жаждою свободной Открытый в наши времена.
P00100	poem	Александр Пушкин: К Языкову (Языков, кто тебе внушил...)	Языков, кто тебе внушил Твое посланье удалое? Как ты шалишь, и как ты мил, Какой избыток чувств и сил, Какое буйство молодое! Нет, не кастальскою водой Ты воспоил свою Камену; Пегас иную Иппокрену Копытом вышиб пред тобой. Она не хладной льется влагой, Но пенится хмельною брагой; Она разымчива, пьяна, Как сей напиток благородный, Слиянье рому и вина, Без примеси воды негодной, В Тригорском жаждою свободной Открытый в наши времена.
P00101	poem	Александр Пушкин: Кристалл, поэтом обновленный...	Кристалл, поэтом обновленный Укрась мой мирный уголок, Залог поэзии священной И дружбы сладостный залог. В тебе таится жар целебный Едва уста красноречивы Тебя коснулися, и вмиг Его ума огонь игривый В тебя таинственно проник.
P00102	poem	Александр Пушкин: Няне	Подруга дней моих суровых, Голубка дряхлая моя! Одна в глуши лесов сосновых Давно, давно ты ждешь меня. Ты под окном своей светлицы Горюешь, будто на часах, И медлят поминутно спицы В твоих наморщенных руках. Глядишь в забытые вороты На черный отдаленный путь; Тоска, предчувствия, заботы Теснят твою всечасно грудь. То чудится тебе. . . . . . .
P00103	poem	Александр Пушкин: ОТВЕТ Ф. Т***	Нет, не черкешенка она; Но в долы Грузии от века Такая дева не сошла С высот угрюмого Казбека. Нет, не агат в глазах у ней, Но все сокровища Востока Не стоят сладостных лучей Ее полуденного ока.
P00104	poem	Александр Пушкин: Ответ Ф.Т. (Нет, не черкешенка она...)	Нет, не черкешенка она; Но в долы Грузии от века Такая дева не сошла С высот угрюмого Казбека. Нет, не агат в глазах у ней, Но все сокровища Востока Не стоят сладостных лучей Ее полуденного ока.
P00105	poem	Александр Пушкин: Песни о Стеньке Разине	Как по Волге реке, по широкой Выплывала востроносая лодка, Как на лодке гребцы удалые, Казаки, ребята молодые. На корме сидит сам хозяин, Сам хозяин, грозен Стенька Разин, Перед ним красная девица, Полоненная персидская царевна. Не глядит Стенька Разин на царевну, А глядит на матушку на Волгу. Как промолвил грозен Стенька Разин; "Ой ты гой еси, Волга, мать родная! С глупых лет меня ты воспоила, В долгу ночь баюкала, качала, В волновую погоду выносила. За меня ли молодца не дремала, Казаков моих добром наделила. Что ничем еще тебя мы не дарили". Как вскочил тут грозен Стенька Разин, Подхватил персидскую царевну, В волны бросил красную девицу, Волге-матушке ею поклонился. Ходил Стенька Разин В Астрахань город Торговать товаром. Стал воевода Требовать подарков. Поднес Стенька Разин Камки хрущатые, Камки хрущатые - Парчи золотые. Стал воевода Требовать шубы. Шуба дорогая: Полы-то новы, Одна боброва, Другая соболья. Ему Стенька Разин Не отдает шубы. "Отдай, Стенька Разин, Отдай с плеча шубу! Отдашь, так спасибо; Не отдашь - повешу Что во чистом поле, На зеленом дубе Да в собачьей шубе". Стал Стенька Разин Думати думу: "Добро, воевода. Возьми себе шубу. Возьми себе шубу, Да не было б шуму". Что не конский топ, не людская молвь, Не труба трубача с поля слышится, А погодушка свищет, гудит, Свищет, гудит, заливается. Зазывает меня, Стеньку Разина, Погулять по морю, по синему: "Молодец удалой, ты разбойник лихой, Ты разбойник лихой, ты разгульный буян, Ты садись на ладьи свои скорые, Распусти паруса полотняные, Побеги по морю по синему. Пригоню тебе три кораблика: На первом корабле красно золото, На втором корабле чисто серебро, На третьем корабле душа-девица".
P00106	poem	Александр Пушкин: Пророк	Духовной жаждою томим, В пустыне мрачной я влачился, И шестикрылый серафим На перепутье мне явился. Перстами легкими как сон Моих зениц коснулся он: Отверзлись вещие зеницы, Как у испуганной орлицы. Моих ушей коснулся он, И их наполнил шум и звон: И внял я неба содроганье, И горний ангелов полет, И гад морских подводный ход, И дольней лозы прозябанье. И он к устам моим приник, И вырвал грешный мой язык, И празднословный и лукавый, И жало мудрыя змеи В уста замершие мои Вложил десницею кровавой. И он мне грудь рассек мечом, И сердце трепетное вынул, И угль, пылающий огнем, Во грудь отверстую водвинул. Как труп в пустыне я лежал, И бога глас ко мне воззвал: "Востань, пророк, и виждь, и внемли, Исполнись волею моей И, обходя моря и земли, Глаголом жги сердца людей."
P00107	poem	Александр Пушкин: СТАНСЫ	В надежде славы и добра Гляжу вперед я без боязни: Начало славных дней Петра Мрачили мятежи и казни. Но правдой он привлек сердца, Но нравы укротил наукой, И был от буйного стрельца Пред ним отличен Долгорукой. Самодержавною рукой Он смело сеял просвещенье, Не презирал страны родной: Он знал ее предназначенье. То академик, то герой, То мореплаватель, то плотник, Он всеобъемлющей душой На троне вечный был работник. Семейным сходством будь же горд; Во всем будь пращуру подобен: Как он неутомим и тверд, И памятью, как он, незлобен.
P00108	poem	Александр Пушкин: Стансы (В надежде славы...)	В надежде славы и добра Гляжу вперед я без боязни: Начало славных дней Петра Мрачили мятежи и казни. Но правдой он привлек сердца, Но нравы укротил наукой, И был от буйного стрельца Пред ним отличен Долгорукой. Самодержавною рукой Он смело сеял просвещенье, Не презирал страны родной: Он знал ее предназначенье. То академик, то герой, То мореплаватель, то плотник, Он всеобъемлющей душой На троне вечный был работник. Семейным сходством будь же горд; Во всем будь пращуру подобен: Как он неутомим и тверд, И памятью, как он, незлобен.
P00109	poem	Александр Пушкин: Твои догадки - сущий вздор...	Твои догадки - сущий вздор: Моих стихов ты не проникнул. Я знаю, ты картежный вор, Но от вина ужель отвыкнул?
P00110	poem	Александр Пушкин: 	В роще карийской, любезной ловцам, таится пещера, Стройные сосны кругом склонились ветвями, и тенью Вход ее заслонен на воле бродящим в извивах Плющем, любовником скал и расселин. С камня на камень Звонкой струится дугой, пещерное дно затопляет Резвый ручей. Он, пробив глубокое русло, виется Вдаль по роще густой, веселя ее сладким журчаньем.
P00111	poem	Александр Пушкин: Акафист Екатерине Николаевне Карамзиной	Земли достигнув наконец, От бурь спасенный провиденьем, Святой владычице пловец Свой дар несет с благоговеньем. Так посвящаю с умиленьем Простой, увядший мой венец Тебе, высокое светило В эфирной тишине небес, Тебе, сияющей так мило Для наших набожных очес.
P00112	poem	Александр Пушкин: Ангел	В дверях эдема ангел нежный Главой поникшею сиял, А демон мрачный и мятежный Над адской бездною летал. Дух отрицанья, дух сомненья На духа чистого взирал И жар невольный умиленья Впервые смутно познавал. "Прости,- он рек,- тебя я видел, И ты недаром мне сиял: Не все я в небе ненавидел, Не все я в мире презирал".
P00113	poem	Александр Пушкин: Арион	Нас было много на челне; Иные парус напрягали, Другие дружно упирали В глубь мощны веслы. В тишине На руль склонись, наш кормщик умный В молчанье правил грузный челн; А я - беспечной веры полн,- Пловцам я пел... Вдруг лоно волн Измял с налету вихорь шумный... Погиб и кормщик и пловец! - Лишь я, таинственный певец, На берег выброшен грозою, Я гимны прежние пою И ризу влажную мою Сушу на солнце под скалою.
P00114	poem	Александр Пушкин: Блажен в златом кругу вельмож...	Блажен в златом кругу вельмож Пиит, внимаемый царями. Владея смехом и слезами, Приправя горькой правдой ложь, Он вкус притупленный щекотит И к славе спесь бояр охотит, Он украшает их пиры, И внемлет умные хвалы. Меж тем, за тяжкими дверями, Теснясь у черного крыльца, Народ, гоняемый слугами, Поодаль слушает певца.
P00115	poem	Александр Пушкин: В альбом Павлу Вяземскому	Душа моя Павел, Держись моих правил: Люби то-то, то-то, Не делай того-то. Кажись, это ясно. Прощай, мой прекрасный.
P00116	poem	Александр Пушкин: В степи мирской, печальной и безбрежной.	В степи мирской, печальной и безбрежной, Таинственно пробились три ключа: Ключ юности, ключ быстрый и мятежный, Кипит, бежит, сверкая и журча. Кастальский ключ волною вдохновенья В степи мирской изгнанников поит. Последний ключ - холодный ключ забвенья, Он слаще всех жар сердца утолит.
P00117	poem	Александр Пушкин: Ек. H. Ушаковой (Когда, бывало, в старин	Когда, бывало, в старину Являлся дух иль привиденье, То прогоняло сатану Простое это изреченье: "Аминь, аминь, рассыпься!" В наши дни Гораздо менее бесов и привидений; Бог ведает, куда девалися они. Но ты, мой злой иль добрый гений, Когда я вижу пред собой Твой профиль и глаза, и кудри золотые, Когда я слышу голос твой И речи резвые, живые - Я очарован, я горю И содрогаюсь пред тобою, И сердцу, полному мечтою, "Аминь, аминь, рассыпься!" - говорю.
P00118	poem	Александр Пушкин: Ек. Н. Ушаковой (В отдалении от вас...)	В отдалении от вас С вами буду неразлучен, Томных уст и томных глаз Буду памятью размучен; Изнывая в тишине, Не хочу я быть утешен,- Вы ж вздохнете ль обо мне, Если буду я повешен?
P00119	poem	Александр Пушкин: Есть роза дивная: она...	Есть роза дивная: она Пред изумленною Киферой Цветет румяна и пышна, Благословенная Венерой. Вотще Киферу и Пафос Мертвит дыхание мороза - Блестит между минутных роз Неувядаемая роза...
P00120	poem	Александр Пушкин: Золото и булат	"Все мое",- сказало злато; "Все мое",- сказал булат. "Все куплю",- сказало злато; "Все возьму",- сказал булат.
P00121	poem	Александр Пушкин: Какая ночь! Мороз трескучий...	Какая ночь! Мороз трескучий, На небе ни единой тучи; Как шитый полог, синий свод Пестреет частыми звездами. В домах все темно. У ворот Затворы с тяжкими замками. Везде покоится народ; Утих и шум, и крик торговый; Лишь только лает страж дворовый Да цепью звонкою гремит. И вся Москва покойно спит, Забыв волнение боязни. А площадь в сумраке ночном Стоит, полна вчерашней казни. Мучений свежий след кругом: Где труп, разрубленный с размаха, Где столп, где вилы; там котлы, Остывшей полные смолы; Здесь опрокинутая плаха; Торчат железные зубцы, С костями груды пепла тлеют, На кольях, скорчась, мертвецы Оцепенелые чернеют... Недавно кровь со всех сторон Струею тощей снег багрила, И подымался томный стон, Но смерть коснулась к ним, как сон, Свою добычу захватила. Кто там? Чей конь во весь опор По грозной площади несется? Чей свист, чей громкий разговор Во мраке ночи раздается? Кто сей?- Кромешник удалой. Спешит, летит он на свиданье, В его груди кипит желанье. Он говорит: "Мой конь лихой, Мой верный конь! лети стрелой! Скорей, скорей!.." Но конь ретивый Вдруг размахнул плетеной гривой И стал. Во мгле между столпов На перекладине дубовой Качался труп. Ездок суровый Под ним промчаться был готов, Но борзый конь под плетью бьется, Храпит, и фыркает, и рвется Назад. "Куда? мой конь лихой! Чего боишься? Что с тобой? Не мы ли здесь вчера скакали, Не мы ли яростно топтали, Усердной местию горя, Лихих изменников царя? Не их ли кровию омыты Твои булатные копыты! Теперь ужель их не узнал? Мой борзый конь, мой конь удалый, Несись, лети!.." И конь усталый В столбы под трупом проскакал.
P00122	poem	Александр Пушкин: Кипренскому	Любимец моды легкокрылой, Хоть не британец, не француз, Ты вновь создал, волшебник милый, Меня, питомца чистых муз,- И я смеюся над могилой, Ушед навек от смертных уз. Себя как в зеркале я вижу, Но это зеркало мне льстит. Оно гласит, что не унижу Пристрастья важных аонид. Так Риму, Дрездену, Парижу Известен впредь мой будет вид.
P00123	poem	Александр Пушкин: Княжне С. А. Урусовой	Не веровал я троице доныне: Мне бог тройной казался всё мудрен; Но вижу вас и, верой одарен, Молюсь трем грациям в одной богине.
P00124	poem	Александр Пушкин: Не знаю где, но не у нас...	Не знаю где, но не у нас, Достопочтенный лорд Мидас, С душой посредственной и низкой,- Чтоб не упасть дорогой склизкой, Ползком прополз в известный чин И стал известный господин. Еще два слова об Мидасе: Он не хранил в своем запасе Глубоких замыслов и дум; Имел он не блестящий ум, Душой не слишком был отважен; Зато был сух, учтив и важен. Льстецы героя моего, Не зная, как хвалить его, Провозгласить решились тонким...
P00125	poem	Александр Пушкин: Поэт	Пока не требует поэта К священной жертве Аполлон, В заботах суетного света Он малодушно погружен; Молчит его святая лира; Душа вкушает хладный сон, И меж детей ничтожных мира, Быть может, всех ничтожней он. Но лишь божественный глагол До слуха чуткого коснется, Душа поэта встрепенется, Как пробудившийся орел. Тоскует он в забавах мира, Людской чуждается молвы, К ногам народного кумира Не клонит гордой головы; Бежит он, дикий и суровый, И звуков и смятенья полн, На берега пустынных волн, В широкошумные дубровы...
P00126	poem	Александр Пушкин: Рефутация г-на Беранжера	Ты помнишь ли, ах, ваше благородье, Мусье француз, г----- капитан, Как помнятся у нас в простонародье Над нехристем победы россиян? Хоть это нам не составляет много, Не из иных мы прочих, так сказать; Но встарь мы вас наказывали строго, Ты помнишь ли, скажи, -----? Ты помнишь ли, как за горы Суворов Перешагнув, напал на вас врасплох? Как наш старик трепал вас, живодеров, И вас давил на ноготке, как блох? Хоть это нам не составляет много, Не из иных мы прочих, так сказать; Но встарь мы вас наказывали строго, Ты помнишь ли, скажи, -----? Ты помнишь ли, как всю пригнал Европу На нас одних ваш Бонапарт-буян? Французов видели тогда мы многих -----, Да и твою, ----- капитан! Хоть это нам не составляет много, Не из иных мы прочих, так сказать; Но встарь мы вас наказывали строго, Ты помнишь ли, скажи, -----? Ты помнишь ли, как царь ваш от угара Вдруг одурел, как бубен гол и лыс, Как на огне московского пожара Вы жарили московских наших крыс? Хоть это нам не составляет много, Не из иных мы прочих, так сказать; Но встарь мы вас наказывали строго, Ты помнишь ли, скажи, -----? Ты помнишь ли, фальшивый песнопевец, Ты, наш мороз среди родных снегов И батарей задорный подогревец, Солдатской штык и петлю казаков? Хоть это нам не составляет много, Не из иных мы прочих, так сказать; Но встарь мы вас наказывали строго, Ты помнишь ли, скажи, -----? Ты помнишь ли, как были мы в Париже, Где наш казак иль полковой наш поп Морочил вас, к винцу подсев поближе, И ваших -----? Хоть это нам не составляет много, Не из иных мы прочих, так сказать; Но встарь мы вас наказывали строго, Ты помнишь ли, скажи, -----?
P00127	poem	Александр Пушкин: Русскому геснеру	Куда ты холоден и cyx! Как слог твой чопорен и бледен! Как в изобретеньях ты беден! Как утомляешь ты мой слух! Твоя пастушка, твой пастух Должны ходить в овчинной шубе: Ты их морозишь налегке! Где ты нашел их: в шустер-клубе Или на Красном кабачке?
P00128	poem	Александр Пушкин: Сводня грустно за столом...	Сводня грустно за столом Карты разлагает. Смотрят барышни кругом, Сводня им гадает: "Три девятки, туз червей И король бубновый - Спор, досада от речей И притом обновы... А по картам - ждать гостей Надобно сегодня". Вдруг стучатся у дверей; Барышни и сводня Встали, отодвинув стол, Все толкнули - - - -, Шепчут: "Катя, кто пришел? Посмотри хоть в щелку". Что? Хороший человек... Сводня с ним знакома, Он с - - - - целый век, Он у них, как дома. - - - в кухню руки мыть Кинулись прыжками, Обуваться, пукли взбить, Прыскаться духами. Гостя сводня между тем Ласково встречает, Просит лечь его совсем. Он же вопрошает: "Что, как торг идет у вас? Барышей довольно?" Сводня за щеку взялась И вздохнула больно: "Хоть бывало худо мне, Но такого горя Не видала и во сне, Хоть бежать за море. Верите ль, с Петрова дня Ровно до субботы Все девицы у меня Были без работы. Четверых гостей, гляжу, Бог мне посылает. Я - - - - им вывожу, Каждый выбирает. Занимаются всю ночь, Кончили, и что же? Не платя, пошли все прочь, Господи, мой боже!" Гость ей: "Право мне вас жаль. Здравствуй, друг Анета, Что за шляпа! что за шаль, Подойди, Жанета. А, Луиза,- поцелуй, Выбрать, так обидишь; Так на всех и - - - - Только вас увидишь". "Что же,- сводня говорит,- Хочете ль Жанету? В деле так у ней горит. Иль возьмете эту?" Бедной сводни гость в ответ: "Нет, не беспокойтесь, Мне охоты что-то нет, Девушки, не бойтесь". Он ушел - всё стихло вдруг, Сводня приуныла, Дремлют девушки вокруг, Свечка . . . . . . Сводня карты вновь берет, Молча вновь гадает, Но никто, никто нейдет - Сводня засыпает.
P00129	poem	Александр Пушкин: Соловей и роза	В безмолвии садов, весной, во мгле ночей, Поет над розою восточный соловей. Но роза милая не чувствует, не внемлет, И под влюбленный гимн колеблется и дремлет. Не так ли ты поешь для хладной красоты? Опомнись, о поэт, к чему стремишься ты? Она не слушает, не чувствует поэта; Глядишь, она цветет; взываешь - нет ответа.
P00130	poem	Александр Пушкин: Эпиграмма (Лук звенит, стрела трепещет..	(Из антологии) Лук звенит, стрела трепещет, И, клубясь, издох Пифон; И твой лик победой блещет, Бельведерский Аполлон! Кто ж вступился за Пифона, Кто разбил твой истукан? Ты, соперник Аполлона, Бельведерский Митрофан.
P00131	poem	Александр Пушкин: Эпиграмма на Шаликова	Князь Шаликов, газетчик наш печальный, Элегию семье своей читал, А казачок огарок свечки сальной Перед певцом со трепетом держал. Вдруг мальчик наш заплакал, запищал. "Вот, вот с кого пример берите, дуры!" - Он дочерям в восторге закричал.- "Откройся мне, о милый сын натуры, Ах! что слезой твой осребрило взор?" А тот ему: "Мне хочется на двор".
P00132	poem	Александр Пушкин: Я знаю край: там на брега...	Я знаю край: там на брега Уединенно море плещет; Безоблачно там солнце блещет На опаленные луга; Дубрав не видно - степь нагая Над морем стелется одна.
P00133	poem	Александр Пушкин: To Dawe, Esqr	Зачем твой дивный карандаш Рисует мой арапский профиль? Хоть ты векам его предашь, Его освищет Мефистофель. Рисуй Олениной черты. В жару сердечных вдохновений, Лишь юности и красоты Поклонником быть должен гений. * Господину Дау. (англ.)
P00134	poem	Александр Пушкин: В. С. ФИЛИМОНОВУ	Вам музы, милые старушки, Колпак связали в добрый час, И, прицепив к нему гремушки, Сам Феб надел его на вас. Хотелось в том же мне уборе Пред вами нынче щегольнуть И в откровенном разговоре, Как вы, на многое взглянуть; Но старый мой колпак изношен, Хоть и любил его поэт; Он поневоле мной заброшен: Не в моде нынче красный цвет. Итак, в знак мирного привета, Снимая шляпу, бью челом, Узнав философа-поэта Под осторожным колпаком.
P00135	poem	Александр Пушкин: ВОСПОМИНАНИЕ	Когда для смертного умолкнет шумный день И на немые стогны града Полупрозрачная наляжет ночи тень, И сон, дневных трудов награда, В то время для меня влачатся в тишине Часы томительного бденья: В бездействии ночном живей горят во мне Змеи сердечной угрызенья; Мечты кипят; в уме, подавленном тоской, Теснится тяжких дум избыток; Воспоминание безмолвно предо мной Свой длинный развивает свиток: И, с отвращением читая жизнь мою, Я трепещу, и проклинаю, И горько жалуюсь, и горько слезы лью,- Но строк печальных не смываю.
P00136	poem	Александр Пушкин: Воспоминание (Когда для смертного...)	Когда для смертного умолкнет шумный день И на немые стогны града Полупрозрачная наляжет ночи тень, И сон, дневных трудов награда, В то время для меня влачатся в тишине Часы томительного бденья: В бездействии ночном живей горят во мне Змеи сердечной угрызенья; Мечты кипят; в уме, подавленном тоской, Теснится тяжких дум избыток; Воспоминание безмолвно предо мной Свой длинный развивает свиток: И, с отвращением читая жизнь мою, Я трепещу, и проклинаю, И горько жалуюсь, и горько слезы лью,- Но строк печальных не смываю.
P00137	poem	Александр Пушкин: Город пышный, город бедный...	Город пышный, город бедный, Дух неволи, стройный вид, Свод небес зелено-бледный, Скука, холод и гранит - Всё же мне вас жаль немножко, Потому что здесь порой Ходит маленькая ножка, Вьется локон золотой.
P00138	poem	Александр Пушкин: ДРУЗЬЯМ	Нет, я не льстец, когда царю Хвалу свободную слагаю: Я смело чувства выражаю, Языком сердца говорю. Его я просто полюбил: Он бодро, честно правит нами; Россию вдруг он оживил Войной, надеждами, трудами. О нет, хоть юность в нем кипит, Но не жесток в нем дух державный: Тому, кого карает явно, Он втайне милости творит. Текла в изгнаньи жизнь моя, Влачил я с милыми разлуку, Но он мне царственную руку Простер - и с вами снова я. Во мне почтил он вдохновенье, Освободил он мысль мою, И я ль, в сердечном умиленьи, Ему хвалы не воспою? Я льстец! Нет, братья, льстец лукав: Он горе на царя накличет, Он из его державных прав Одну лишь милость ограничит. Он скажет; презирай народ, Глуши природы голос нежный, Он скажет: просвещенья плод - Разврат и некий дух мятежный! Беда стране, где раб и льстец Одни приближены к престолу, А небом избранный певец Молчит, потупя очи долу.
P00139	poem	Александр Пушкин: Дар напрасный, дар случайный...	Дар напрасный, дар случайный, Жизнь, зачем ты мне дана? Иль зачем судьбою тайной Ты на казнь осуждена? Кто меня враждебной властью Из ничтожества воззвал, Душу мне наполнил страстью Ум сомненьем взволновал? Цели нет передо мною: Сердце пусто, празден ум, И томит меня тоскою Однозвучный жизни шум. 26 мая 1828
P00140	poem	Александр Пушкин: Ее глаза	Она мила - скажу меж нами - Придворных витязей гроза, И можно с южными звёздами Сравнить, особенно стихами, Ее черкесские глаза. Она владеет ими смело, Они горят огня живей; Но, сам признайся, то ли дело Глаза Олениной моей! Какой задумчивый в них гений, И сколько детской простоты, И сколько томных выражений, И сколько неги и мечты!.. Потупит их с улыбкой Леля - В них скромных граций торжество; Поднимет - ангел Рафаэля Так созерцает божество.
P00141	poem	Александр Пушкин: Еще дуют холодные ветры...	Еще дуют холодные ветры И наносят утренни морозы. Только что на проталинах весенних Показались ранние цветочки, Как из чудного царства воскового, Из душистой келейки медовой Вылетела первая пчелка, Полетела по ранним цветочкам О красной весне поразведать, Скоро ль будет гостья дорогая, Скоро ли луга позеленеют, Скоро ль у кудрявой у березы Распустятся клейкие листочки, Зацветет черемуха душиста.
P00142	poem	Александр Пушкин: К Языкову (К тебе сбирался...)	К тебе сбирался я давно В немецкий град, тобой воспетый, С тобой попить, как пьют поэты, Тобой воспетое вино. Уж зазывал меня с собою Тобой воспетый Киселев, И я с веселою душою Оставить был совсем готов Неволю невских берегов. И что ж? Гербовые заботы Схватили за полы меня, И на Неве, хоть нет охоты, Прикованным остался я. О юность, юность удалая! Могу ль тебя не пожалеть? В долгах, бывало, утопая, Заимодавцев убегая, Готов был всюду я лететь; Теперь докучно посещаю Своих ленивых должников, Остепенившись проклинаю Я тяжесть денег и годов. Прости, певец! играй, пируй, С Кипридой, Фебом торжествуй, Не знай сиятельного чванства, Не знай любезных должников И не плати своих долгов По праву русского дворянства.
P00143	poem	Александр Пушкин: Кобылица молодая...	Кобылица молодая, Честь кавказского тавра, Что ты мчишься, удалая? И тебе пришла пора; Не косись пугливым оком, Ног на воздух не мечи, В поле гладком и широком Своенравно не скачи. Погоди; тебя заставлю Я смириться подо мной: В мерный круг твой бег направлю Укороченной уздой.
P00144	poem	Александр Пушкин: Кто знает край, где небо блещет...	Kennst du das Land Wilh. Meist.* По клюкву, по клюкву, По ягоду, по клюкву... Кто знает край, где небо блещет Неизъяснимой синевой, Где море теплою волной Вокруг развалин тихо плещет; Где вечный лавр и кипарис На воле гордо разраслись; Где пел Торквато величавый; Где и теперь во мгле ночной Адриатической волной Повторены его октавы; Где Рафаэль живописал; Где в наши дни резец Кановы Послушный мрамор оживлял, И Байрон, мученик суровый, Страдал, любил и проклинал? Волшебный край, волшебный край, Страна высоких вдохновений, Людмила зрит твой древний рай, Твои пророческие сени. На берегу роскошных вод Порою карнавальных оргий Кругом ее кипит народ; Ее приветствуют восторги. Людмила северной красой, Всё вместе - томной и живой, Сынов Авзонии пленяет И поневоле увлекает Их пестры волны за собой. На рай полуденной природы, На блеск небес, на ясны воды, На чудеса немых искусств В стесненьи вдохновенных чувств Людмила светлый взор возводит, Дивясь и радуясь душой, И ничего перед собой Себя прекрасней не находит. Стоит ли с важностью очей Пред флорентинскою Кипридой, Их две... и мрамор перед ней Страдает, кажется, обидой. Мечты возвышенной полна, В молчаньи смотрит ли она На образ нежный Форнарины, Или Мадонны молодой, Она задумчивой красой Очаровательней картины... Скажите мне: какой певец, Горя восторгом умиленным, Чья кисть, чей пламенный резец Предаст потомкам изумленным Ее небесные черты? Где ты, ваятель безымянный Богини вечной красоты? И ты, Харитою венчанный, Ты, вдохновенный Рафаэль? Забудь еврейку молодую, Младенца-бога колыбель, Постигни прелесть неземную, Постигни радость в небесах, Лиши Марию нам другую, С другим младенцем на руках. * Ты знаешь ли тот край... "Вильгельм Мейстер". (нем.)
P00145	poem	Александр Пушкин: Не пой, красавица, при мне...	Не пой, красавица, при мне Ты песен Грузии печальной: Напоминают мне оне Другую жизнь и берег дальный. Увы! напоминают мне Твои жестокие напевы И степь, и ночь - и при луне Черты далекой, бедной девы!.. Я призрак милый, роковой, Тебя увидев, забываю; Но ты поешь - и предо мной Его я вновь воображаю. Не пой, красавица, при мне Ты песен Грузии печальной: Напоминают мне оне Другую жизнь и берег дальный.
P00146	poem	Александр Пушкин: Портрет	С своей пылающей душой, С своими бурными страстями, О жены Севера, меж вами Она является порой И мимо всех условий света Стремится до утраты сил, Как беззаконная комета В кругу расчисленном светил.
P00147	poem	Александр Пушкин: Послание к Великопольскому	Так элегическую лиру Ты променял, наш моралист, На благочинную сатиру? Хвалю поэта - дельно миру! Ему полезен розги свист.- Мне жалок очень твой Арист: С каким усердьем он молился И как несчастливо играл! Вот молодежь: погорячился, Продулся весь и так пропал! Дамон твой человек ужасный. Забудь его опасный дом, Где впрочем, сознаюся в том, Мой друг, ты вел себя прекрасно: Ты никому там не мешал, Ариста нежно утешал, Давал полезные советы И ни рубля не проиграл. Люблю: вот каковы поэты! А то, уча безумный свет, Порой грешит и проповедник. Послушав, Персиев наследник, Рассказ мой: Некто мой сосед, В томленьях благородной жажды, Хлебнув Кастальских вод бокал, На игроков, как ты, однажды Сатиру злую написал И другу с жаром прочитал. Ему в ответ его приятель Взял карты, молча стасовал, Дал снять, и нравственный писатель Всю ночь, увы! понтировал. Тебе знаком ли сей проказник? Но встреча с ним была б мне праздник: Я с ним готов всю ночь не спать И до полдневного сиянья Читать моральные посланья И проигрыш его писать.
P00148	poem	Александр Пушкин: Сто лет минуло, как тевтон...	Сто лет минуло, как тевтон В крови неверных окупался; Страной полночной правил он. Уже прусак в оковы вдался, Или сокрылся, и в Литву Понес изгнанную главу. Между враждебными брегами Струился Немен;- на одном Еще над древними стенами Сияли башни, и кругом Шумели рощи вековые, Духов пристанища святые. Символ германца - на другом Крест веры, в небо возносящий Свои объятия грозящи, Казалось, свыше захватить Хотел всю область Палемона И племя чуждого закона К своей подошве привлачить. С медвежей кожей на плечах, В косматой рысьей шапке, с пуком Каленых стрел и с верным луком, Литовцы юные, в толпах, Со стороны одной бродили И зорко недруга следили. С другой, покрытый шишаком, В броне заковавный, верхом, На страхе немец, за врагами Недвижно следуя глазами, Пищаль, с молитвой, заряжал.. Всяк переправу охранял. Ток Немена гостеприимный, Свидетель их вражды взаимной, Стал прагом вечности для них; Сношений дружных глас утих, И всяк, переступивший воды, Лишен был жизни иль свободы. Лишь хмель литовских берегов, Немецкой тополью плененный, Через реку, меж тростников, Переправлялся дерзновенный, Брегов противных достигал И друга нежно обнимал. Лишь соловьи дубрав и гор По старине вражды не знали И в остров, общий с давних пор, Друг к другу в гости прилетали.
P00149	poem	Александр Пушкин: Цветок	Цветок засохший, безуханный, Забытый в книге вижу я; И вот уже мечтою странной Душа наполнилась моя: Где цвёл? когда? какой весною? И долго ль цвёл? И сорван кем, Чужой, знакомой ли рукою? И положен сюда зачем? На память нежного ль свиданья, Или разлуки роковой, Иль одинокого гулянья В тиши полей, в тени лесной? И жив ли тот, и та жива ли? И нынче где их уголок? Или уже они увяли, Как сей неведомый цветок?
P00150	poem	Александр Пушкин: ЭПИТАФИЯ МЛАДЕНЦУ	В сиянии и в радостном покое, У трона вечного творца, С улыбкой он глядит в изгнание земное, Благословляет мать и молит за отца.
P00151	poem	Александр Пушкин: Эпитафия младенцу кн. Н.С.Волконскому	В сиянии и в радостном покое, У трона вечного творца, С улыбкой он глядит в изгнание земное, Благословляет мать и молит за отца.
P00152	poem	Александр Пушкин: E. H. УШАКОВОЙ	Вы избалованы природой; Она пристрастна к вам была, И наша вечная хвала Вам кажется докучной одой. Вы сами знаете давно, Что вас любить немудрено, Что нежным взором вы Армида, Что легким ставом вы Сильфида, Что ваши алые уста, Как гармоническая роза... И наши рифмы, наша проза Пред вами шум и суета. Но красоты воспоминанье Нам сердце трогает тайком - И строк небрежных начертанье Вношу смиренно в ваш альбом. Авось на память поневоле Придет вам тот, кто вас певал В те дни, как Пресненское поле Еще забор не заграждал.
P00153	poem	Александр Пушкин: Брожу ли я вдоль улиц шумных...	Брожу ли я вдоль улиц шумных, Вхожу ль во многолюдный храм, Сижу ль меж юношей безумных, Я предаюсь моим мечтам. Я говорю: промчатся годы, И сколько здесь ни видно нас, Мы все сойдем под вечны своды - И чей-нибудь уж близок час. Гляжу ль на дуб уединенный, Я мыслю: патриарх лесов Переживет мой век забвенный, Как пережил он век отцов. Младенца ль милого ласкаю, Уже я думаю: прости! Тебе я место уступаю; Мне время тлеть, тебе цвести. День каждый, каждую годину Привык я думой провождать, Грядущей смерти годовщину Меж их стараясь угадать. И где мне смерть пошлет судьбина? В бою ли, в странствии, в волнах? Или соседняя долина Мой примет охладелый прах? И хоть бесчувственному телу Равно повсюду истлевать, Но ближе к милому пределу Мне всё б хотелось почивать. И пусть у гробового входа Младая будет жизнь играть, И равнодушная природа Красою вечною сиять.
P00154	poem	Александр Пушкин: ВОСПОМИНАНИЯ В ЦАРСКОМ СЕЛЕ	Воспоминаньями смущенный, Исполнен сладкою тоской, Сады прекрасные, под сумрак ваш священный Вхожу с поникшею главой. Так отрок библии, безумный расточитель, До капли истощив раскаянья фиал, Увидев наконец родимую обитель, Главой поник и зарыдал. В пылу восторгов скоротечных, В бесплодном вихре суеты, О, много расточил сокровищ я сердечных За недоступные мечты, И долго я блуждал, и часто, утомленный, Раскаяньем горя, предчувствуя беды, Я думал о тебе, предел благословенный, Воображал сии сады. Воображаю день счастливый, Когда средь вас возник лицей, И слышу наших игр я снова шум игривый И вижу вновь семью друзей. Вновь нежным отроком, то пылким, то ленивым, Мечтанья смутные в груди моей тая, Скитаясь по лугам, по рощам молчаливым, Поэтом забываюсь я. И въявь я вижу пред собою Дней прошлых гордые следы. Еще исполнены великою женою, Ее любимые сады Стоят населены чертогами, вратами, Столпами, башнями, кумирами богов И славой мраморной, и медными хвалами Екатерининских орлов. Садятся призраки героев У посвященных им столпов, Глядите; вот герой, стеснитель ратных строев, Перун кагульских берегов. Вот, вот могучий вождь полунощного флага, Пред кем морей пожар и плавал и летал. Вот верный брат его, герой Архипелага, Вот наваринский Ганнибал. Среди святых воспоминаний Я с детских лет здесь возрастал, А глухо между тем поток народной брани Уж бесновался и роптал. Отчизну обняла кровавая забота, Россия двинулась и мимо нас летят И тучи конные, брадатая пехота, И пушек медных светлый ряд. На юных ратников взирали, Ловили брани дальний звук И детские лета и . . . . . проклинали И узы строгие наук. И многих не пришло. При звуке песней новых Почили славные в полях Бородина, На кульмских высотах, в лесах Литвы суровых, Вблизи Монмартра . . . . . .
P00155	poem	Александр Пушкин: Восстань, о Греция, восстань...	Восстань, о Греция, восстань. Недаром напрягала силы, Недаром потрясала брань Олимп и Пинд, и Фермопилы. Под сенью ветхой их вершин Свобода юная возникла, На гробах . . . . Перикла, На . . . . . . мраморных Афин. Страна героев и богов Расторгла рабские вериги При пеньи пламенных стихов Тиртея, Байрона и Риги.
P00156	poem	Александр Пушкин: Делибаш	Перестрелка за холмами; Смотрит лагерь их и наш; На холме пред казаками Вьется красный делибаш. Делибаш! не суйся к лаве, Пожалей свое житье; Вмиг аминь лихой забаве: Попадешься на копье. Эй, казак! не рвися к бою: Делибаш на всем скаку Срежет саблею кривою С плеч удалую башку. Мчатся, сшиблись в общем крике. Посмотрите! каковы?.. Делибаш уже на пике, А казак без головы.
P00157	poem	Александр Пушкин: Дон	Блеща средь полей широких, Вон он льется!.. Здравствуй, Дон! От сынов твоих далеких Я привез тебе поклон. Как прославленного брата, Реки знают тихий Дон; От Аракса и Евфрата Я привез тебе поклон. Отдохнув от злой погони, Чуя родину свою, Пьют уже донские кони Арпачайскую струю . Приготовь же, Дон заветный, Для наездников лихих Сок кипучий, искрометный Виноградников твоих.
P00158	poem	Александр Пушкин: Дорожные жалобы	Долго ль мне гулять на свете То в коляске, то верхом, То в кибитке, то в карете, То в телеге, то пешком? Не в наследственной берлоге, Не средь отческих могил, На большой мне, знать, дороге Умереть господь судил, На каменьях под копытом, На горе под колесом, Иль во рву, водой размытом, Под разобранным мостом. Иль чума меня подцепит, Иль мороз окостенит, Иль мне в лоб шлагбаум влепит Непроворный инвалид. Иль в лесу под нож злодею Попадуся в стороне, Иль со скуки околею Где-нибудь в карантине. Долго ль мне в тоске голодной Пост невольный соблюдать И телятиной холодной Трюфли Яра поминать? То ли дело быть на месте, По Мясницкой разъезжать, О деревне, о невесте На досуге помышлять! То ли дело рюмка рома, Ночью сон, поутру чай; То ли дело, братцы, дома!.. Ну, пошел же, погоняй!..
P00159	poem	Александр Пушкин: Е.П.Полторацкой	Когда помилует нас бог, Когда не буду я повешен, То буду я у ваших ног, В тени украинских черешен.
P00160	poem	Александр Пушкин: Зачем, Елена, так пугливо...	Зачем, Елена, так пугливо, С такой ревнивой быстротой, Ты всюду следуешь за мной И надзираешь торопливо Мой каждый шаг? . . . . я твой.
P00161	poem	Александр Пушкин: Зимнее утро	Мороз и солнце; день чудесный! Еще ты дремлешь, друг прелестный - Пора, красавица, проснись: Открой сомкнуты негой взоры Навстречу северной Авроры, Звездою севера явись! Вечор, ты помнишь, вьюга злилась, На мутном небе мгла носилась; Луна, как бледное пятно, Сквозь тучи мрачные желтела, И ты печальная сидела - А нынче... погляди в окно: Под голубыми небесами Великолепными коврами, Блестя на солнце, снег лежит; Прозрачный лес один чернеет, И ель сквозь иней зеленеет, И речка подо льдом блестит. Вся комната янтарным блеском Озарена. Веселым треском Трещит затопленная печь. Приятно думать у лежанки. Но знаешь: не велеть ли в санки Кобылку бурую запречь? Скользя по утреннему снегу, Друг милый, предадимся бегу Нетерпеливого коня И навестим поля пустые, Леса, недавно столь густые, И берег, милый для меня.
P00162	poem	Александр Пушкин: Зорю бьют... из рук моих...	Зорю бьют... из рук моих Ветхий Данте выпадает, На устах начатый стих Недочитанный затих - Дух далече улетает. Звук привычный, звук живой, Сколь ты часто раздавался Там, где тихо развивался Я давнишнею порой.
P00163	poem	Александр Пушкин: И вот ущелье мрачных скал...	И вот ущелье мрачных скал Пред нами шире становится, Но тише Терек злой стремится, Луч солнца ярче засиял.
P00164	poem	Александр Пушкин: Из Гафиза	(Лагерь при Евфрате) Не пленяйся бранной славой, О красавец молодой! Не бросайся в бой кровавый С карабахскою толпой! Знаю, смерть тебя не встретит: Азраил, среди мечей, Красоту твою заметит - И пощада будет ей! Но боюсь: среди сражений Ты утратишь навсегда Скромность робкую движений, Прелесть неги и стыда!
P00165	poem	Александр Пушкин: К бюсту завоевателя	Напрасно видишь тут ошибку: Рука искусства навела На мрамор этих уст улыбку, А гнев на хладный лоск чела. Недаром лик сей двуязычен. Таков и был сей властелин: К противочувствиям привычен, В лице и в жизни арлекин.
P00166	poem	Александр Пушкин: Кавказ	Кавказ подо мною. Один в вышине Стою над снегами у края стремнины; Орел, с отдаленной поднявшись вершины, Парит неподвижно со мной наравне. Отселе я вижу потоков рожденье И первое грозных обвалов движенье. Здесь тучи смиренно идут подо мной; Сквозь них, низвергаясь, шумят водопады; Под ними утесов нагие громады; Там ниже мох тощий, кустарник сухой; А там уже рощи, зеленые сени, Где птицы щебечут, где скачут олени. А там уж и люди гнездятся в горах, И ползают овцы по злачным стремнинам, И пастырь нисходит к веселым долинам, Где мчится Арагва в тенистых брегах, И нищий наездник таится в ущелье, Где Терек играет в свирепом веселье; Играет и воет, как зверь молодой, Завидевший пищу из клетки железной; И бьется о берег в вражде бесполезной И лижет утесы голодной водной... Вотще! нет ни пищи ему, ни отрады: Теснят его грозно немые громады.
P00167	poem	Александр Пушкин: Как сатирой безымянной...	Как сатирой безымянной Лик зоила я пятнал, Признаюсь: на вызов бранный Возражений я не ждал. Справедливы ль эти слухи? Отвечал он? Точно ль так? В полученьи оплеухи Расписался мой дурак?
P00168	poem	Александр Пушкин: Калмычке	Прощай, любезная калмычка! Чуть-чуть, на зло моих затей, Меня похвальная привычка Не увлекла среди степей Вслед за кибиткою твоей. Твои глаза конечно узки, И плосок нос, и лоб широк, Ты не лепечешь по-французски, Ты шелком не сжимаешь ног; По-английски пред самоваром Узором хлеба не крошишь, Не восхищаешься Сен-Маром, Слегка Шекспира не ценишь, Не погружаешься в мечтанье, Когда нет мысли в голове, Не распеваешь: Ма dov'e*, Галоп не прыгаешь в собранье... Что нужды?- Ровно полчаса, Пока коней мне запрягали, Мне ум и сердце занимали Твой взор и дикая краса. Друзья! не всё ль одно и то же: Забыться праздною душой В блестящей зале, в модной ложе, Или в кибитке кочевой? * Но где. (итал.)
P00169	poem	Александр Пушкин: Когда Потемкину в потемках...	Когда Потемкину в потемках Я на Пречистенке найду, То пусть с Булгариным в потомках Меня поставят наряду.
P00170	poem	Александр Пушкин: Критон, роскошный гражданин...	Критон, роскошный гражданин Очаровательных Афин, Во цвете жизни предавался Все упоеньям бытия. Однажды,- слушайте, друзья,- Он по Керамику скитался, И вдруг из рощи вековой Красою девственной блистая, В одежде легкой и простой Явилась нимфа молодая. Пред банею, между колонн, Она на миг остановилась И в дом вошла. Недвижим он Глядит на дверь, куда как сон, Его красавица сокрылась.
P00171	poem	Александр Пушкин: Литературное известие	В Элизии Василий Тредьяковский (Преострый муж, достойный много хвал) С усердием принялся за журнал. В сотрудники сам вызвался Поповский, Свои статьи Елагин обещал; Курганов сам над критикой хлопочет, Блеснуть умом "Письмовник" снова хочет; И, говорят, на днях они начнут, Благословясь, сей преполезный труд, И только ждет Василий Тредьяковский, Чтоб подоспел Михайло Каченовский.
P00172	poem	Александр Пушкин: Медок	Попутный веет ветр. - Идет корабль,- Во всю длину развиты флаги, вздулись Ветрила все,- идет, и пред кормой Морская пена раздается.- Многим Наполнилася грудь у всех пловцов. Теперь, когда свершен опасный путь, Родимый край они узрели снова; Один стоит, вдаль устремляя взоры, И в темных очерках ему рисует Мечта давно знакомые предметы, Залив и мыс,- пока недвижны очи Не заболят. Товарищу другой Жмет руку и приветствует с отчизной, И господа благодарит, рыдая. Другой, безмолвную творя молитву Угоднику и деве пресвятой, И милостынь и дальних поклонений Старинные обеты обновляет, Когда найдет он всё благополучно. Задумчив, нем и ото всех далек, Сам Медок погружен в воспоминаньях О славном подвиге, то в снах надежды, То в горестных предчувствиях и страхе. Прекрасен вечер, и попутный ветр Звучит меж вервей, и корабль надежный Бежит, шумя, меж волн. Садится солнце.
P00173	poem	Александр Пушкин: Меж горных стен несется Терек...	Меж горных стен несется Терек, Волнами точит дикий берег, Клокочет вкруг огромных скал, То здесь, то там дорогу роет, Как зверь живой, ревет и воет - И вдруг утих и смирен стал. Всё ниже, ниже опускаясь, Уж он бежит едва живой. Так, после бури истощаясь, Поток струится дождевой. И вот . . . . . . обнажилось Его кремнистое русло.
P00174	poem	Александр Пушкин: Монастырь на Казбеке	Высоко над семьею гор, Казбек, твой царственный шатер Сияет вечными лучами. Твой монастырь за облаками, Как в небе реющий ковчег, Парит, чуть видный, над горами. Далекий, вожделенный брег! Туда б, сказав прости ущелью, Подняться к вольной вышине! Туда б, в заоблачную келью, В соседство бога скрыться мне!..
P00175	poem	Александр Пушкин: НА НАДЕЖДИНА	В журнал совсем не европейский, Над коим чахнет старый журналист, С своею прозою лакейской Взошел болван семинарист.
P00176	poem	Александр Пушкин: На Великопольского	Поэт-игрок, о Беверлей-Гораций, Проигрывал ты кучки ассигнаций, И серебро, наследие отцов, И лошадей, и даже кучеров - И с радостью на карту б, на злодейку, Поставил бы тетрадь своих стихов, Когда б твой стих ходил хотя в копейку.
P00177	poem	Александр Пушкин: На Надеждина (В журнал...)	В журнал совсем не европейский, Над коим чахнет старый журналист , С своею прозою лакейской Взошел болван семинарист .
P00178	poem	Александр Пушкин: На Надеждина (Надеясь на мое презренье..	Надеясь на мое презренье, Седой зоил меня ругал, И, потеряв уже терпенье, Я эпиграммой отвечал. Укушенный желаньем славы, Теперь, надеясь на ответ, Журнальный шут, холоп лукавый , Ругать бы также стал. - О, нет! Пусть он, как бес перед обедней, Себе покоя не дает: Лакей, сиди себе в передней, А будет с барином расчет.
P00179	poem	Александр Пушкин: О сколько нам открытий чудных...	О сколько нам открытий чудных Готовят просвещенья дух И опыт, сын ошибок трудных, И гений, парадоксов друг, И случай, бог изобретатель.
P00180	poem	Александр Пушкин: Обвал	Дробясь о мрачные скалы, Шумят и пенятся валы, И надо мной кричат орлы, И ропщет бор, И блещут средь волнистой мглы Вершины гор. Оттоль сорвался раз обвал, И с тяжким грохотом упал, И всю теснину между скал Загородил, И Терека могущий вал Остановил. Вдруг, истощась и присмирев, О Терек, ты прервал свой рев; Но задних волн упорный гнев Прошиб снега... Ты затопил, освирепев, Свои брега. И долго прорванный обвал Неталой грудою лежал, И Терек злой под ним бежал, И пылью вод И шумной пеной орошал Ледяный свод. И путь по нем широкий шел: И конь скакал, и влекся вол, И своего верблюда вёл Степной купец, Где ныне мчится лишь Эол, Небес жилец.
P00181	poem	Александр Пушкин: Олегов щит	Когда ко граду Константина С тобой, воинственный варяг, Пришла славянская дружина И развила победы стяг, Тогда во славу Руси ратной, Строптиву греку в стыд и страх, Ты пригвоздил свой щит булатный На цареградских воротах. Настали дни вражды кровавой; Твой путь мы снова обрели. Но днесь, когда мы вновь со славой К Стамбулу грозно притекли, Твой холм потрясся с бранным гулом, Твой стон ревнивый нас смутил, И нашу рать перед Стамбулом Твой старый щит остановил.
P00182	poem	Александр Пушкин: Опять увенчаны мы славой...	Опять увенчаны мы славой, Опять кичливый враг сражен, Решен в Арзруме спор кровавый, В Эдырне мир провозглашен. И дале двинулась Россия. И юг державно облегла, И пол-Эвксина вовлекла В свои объятия тугие. Восстань , о Греция, восстань. Недаром напрягала силы, Недаром потрясала брань Олимп и Пинд и Фермопилы. При пенье пламенных стихов Тиртея, Байрона и Риги Страна героев и богов Расторгла рабские вериги. Под сенью ветхой их вершин Свобода юная возникла, На гробах.....Перикла, На .... мраморных Афин.
P00183	poem	Александр Пушкин: Подъезжая под Ижоры...	Подъезжая под Ижоры, Я взглянул на небеса И воспомнил ваши взоры, Ваши синие глаза. Хоть я грустно очарован Вашей девственной красой, Хоть вампиром именован Я в губернии Тверской, Но колен моих пред вами Преклонить я не посмел И влюбленными мольбами Вас тревожить не хотел. Упиваясь неприятно Хмелем светской суеты, Позабуду, вероятно, Ваши милые черты, Легкий стан, движений стройность, Осторожный разговор, Эту скромную спокойность, Хитрый смех и хитрый взор. Если ж нет... по прежню следу В ваши мирные края Через год опять заеду И влюблюсь до ноября.
P00184	poem	Александр Пушкин: При посылке бронзового Сфинкса	Кто на снегах возрастил Феокритовы нежные розы? В веке железном, скажи, кто золотой угадал? Кто славянин молодой, грек духом, а родом германец? Вот загадка моя: хитрый Эдип, разреши!
P00185	poem	Александр Пушкин: Приметы	Я ехал к вам: живые сны За мной вились толпой игривой, И месяц с правой стороны Сопровождал мой бег ретивый. Я ехал прочь: иные сны... Душе влюбленной грустно было; И месяц с левой стороны Сопровождал меня уныло. Мечтанью вечному в тиши Так предаемся мы, поэты; Так суеверные приметы Согласны с чувствами души.
P00186	poem	Александр Пушкин: Сапожник	(притча) Картину раз высматривал сапожник И в обуви ошибку указал; Взяв тотчас кисть, исправился художник. Вот, подбочась, сапожник продолжал: "Мне кажется, лицо немного криво... А эта грудь не слишком ли нага?".... Тут Апеллес прервал нетерпеливо; "Суди, дружок, не свыше сапога!" Есть у меня приятель на примете: Не ведаю, в каком бы он предмете Был знатоком, хоть строг он на словах, Но чорт его несет судить о свете: Попробуй он судить о сапогах!
P00187	poem	Александр Пушкин: Собрание насекомых	Какие крохотны коровки! Есть, право, менее булавочной головки. Крылов. Мое собранье насекомых Открыто для моих знакомых: Ну, что за пестрая семья! За ними где ни рылся я! Зато какая сортировка! Вот Глинка - божия коровка, Вот Каченовский - злой паук, Вот и Свиньин - российский жук, Вот Oлин - черная мурашка, Вот Раич - мелкая букашка. Куда их много набралось! Опрятно за стеклом и в рамах Они, пронзенные насквозь, Рядком торчат на эпиграммах.
P00188	poem	Александр Пушкин: Страшно и скучно...	Страшно и скучно Здесь новоселье, Путь и ночлег. Тесно и душно. В диком ущелье - Тучи да снег. Небо чуть видно, Как из тюрьмы. Ветер шумит. Солнцу обидно.
P00189	poem	Александр Пушкин: Стрекотунья белобока...	Стрекотунья белобока, Под калиткою моей Скачет пестрая сорока И пророчит мне гостей. Колокольчик небывалый У меня звенит в ушах, На заре . . . . алой, Серебрится снежный прах.
P00190	poem	Александр Пушкин: Фазиль-хану	Благословен твой подвиг новый, Твой путь на север наш суровый, Где кратко царствует весна, Но где Гафиза и Саади Знакомы . . . . . . . имена. Ты посетишь наш край полночный, Оставь же след . . . . . Цветы фантазии восточной Рассыпь на северных снегах.
P00191	poem	Александр Пушкин: ЭПИГРАММА	Там, где древний Кочерговский Над Ролленем опочил, Дней новейших Тредьяковский Колдовал и ворожил: Дурень, к солнцу став спиною, Под холодный Вестник свой Прыскал мертвою водою, Прыскал ижицу живой.
P00192	poem	Александр Пушкин: Эпиграмма (Журналами обиженный жестоко..	Журналами обиженный жестоко, Зоил Пахом печалился глубоко; На цензора вот подал он донос; Но цензор прав, нам смех, зоилу нос. Иная брань конечно неприличность, Нельзя писать: Такой-то де старик, Козел в очках, плюгавый клеветник, И зол, и подл: всё это будет личность. Но можете печатать, например, Что господин парнасский старовер, (В своих статьях), бессмыслицы оратор, Отменно вял, отменно скучноват, Тяжеловат и даже глуповат; Тут не лицо, а только литератор.
P00193	poem	Александр Пушкин: Эпиграмма (Мальчишка Фебу...)	Мальчишка Фебу гимн поднес. «Охота есть, да мало мозгу. А сколько лет ему, вопрос?»— «Пятнадцать».— «Только-то? Эй, розгу!» За сим принес семинарист Тетрадь лакейских диссертаций, И Фебу вслух прочел Гораций, Кусая губы, первый лист. Отяжелев, как от дурмана, Сердито Феб его прервал И тотчас взрослого болвана Поставить в палки приказал.
P00194	poem	Александр Пушкин: Эпиграмма (Седой Свистов!..)	Седой Свистов ! ты царствовал со славой; Пора, пора! сложи с себя венец: Питомец твой младой, цветущий, здравый, Тебя сменит, великий наш певец! Се: внемлет мне маститый собеседник, Свершается судьбины произвол, Является младой его наследник: Свистов II вступает на престол!
P00195	poem	Александр Пушкин: Эпиграмма (Там, где древний...)	Там, где древний Кочерговский Над Ролленем опочил, Дней новейших Тредьяковский Колдовал и ворожил: Дурень, к солнцу став спиною, Под холодный Вестник свой Прыскал мертвою водою, Прыскал ижицу живой.
P00196	poem	Александр Пушкин: 	Румяный критик мой, насмешник толстопузый, Готовый век трунить над нашей томной музой, Поди-ка ты сюда, присядь-ка ты со мной, Попробуй, сладим ли с проклятою хандрой. Смотри, какой здесь вид: избушек ряд убогой, За ними чернозем, равнины скат отлогой, Над ними серых туч густая полоса. Где нивы светлые? где темные леса? Где речка? На дворе у низкого забора Два бедных деревца стоят в отраду взора, Два только деревца. И то из них одно Дождливой осенью совсем обнажено, И листья на другом, размокнув и желтея, Чтоб лужу засорить, лишь только ждут Борея. И только. На дворе живой собаки нет. Вот, правда, мужичок, за ним две бабы вслед. Без шапки он; несет подмышкой гроб ребенка И кличет издали ленивого попенка, Чтоб тот отца позвал да церковь отворил. Скорей! ждать некогда! давно бы схоронил. Что ж ты нахмурился?- Нельзя ли блажь оставить! И песенкою нас веселой позабавить?- Куда же ты?- В Москву - чтоб графских именин Мне здесь не прогулять. - Постой - а карантин! Ведь в нашей стороне индийская зараза. Сиди, как у ворот угрюмого Кавказа Бывало сиживал покорный твой слуга; Что, брат? уж не трунишь, тоска берет - ага!
P00197	poem	Александр Пушкин: 	Глухой глухого звал к суду судьи глухого, Глухой кричал: "Моя им сведена корова!"- "Помилуй,- возопил глухой тому в ответ:- Сей пустошью владел еще покойный дед". Судья решил: "Чтоб не было разврата, Жените молодца, хоть девка виновата".
P00198	poem	Александр Пушкин: Бесы	Мчатся тучи, вьются тучи; Невидимкою луна Освещает снег летучий; Мутно небо, ночь мутна. Еду, еду в чистом поле; Колокольчик дин-дин-дин . Страшно, страшно поневоле Средь неведомых равнин! "Эй, пошел, ямщик!" - "Нет мочи: Коням, барин, тяжело, Вьюга мне слипает очи, Все дороги занесло; Хоть убей, следа не видно; Сбились мы. Что делать нам! В поле бес нас водит, видно, Да кружит по сторонам. Посмотри: вон, вон играет, Дует, плюет на меня, Вон - теперь в овраг толкает Одичалого коня; Там верстою небывалой Он торчал передо мной, Там сверкнул он искрой малой И пропал во тьме пустой". Мчатся тучи, вьются тучи, Невидимкою луна Освещает снег летучий; Мутно небо, ночь мутна Сил нам нет кружиться доле; Колокольчик вдруг умолк; Кони стали... "Что там в поле?" - "Кто их знает? пень иль волк?" Вьюга злится, вьюга плачет, Кони чуткие храпят, Вот уж он далече скачет; Лишь глаза во мгле горят; Кони снова понеслися; Колокольчик дин-дин-дин... Вижу: духи собралися Средь белеющих равнин. Бесконечны, безобразны, В мутной месяца игре Закружились бесы разны, Будто листья в ноябре... Сколько их? куда их гонят? Что так жалобно поют? Домового ли хоронят, Ведьму ль замуж выдают? Мчатся тучи, вьются тучи; Невидимкою луна Освещает снег летучий; Мутно небо, ночь мутна. Мчатся бесы рой за роем В беспредельной вышине, Визгом жалобным и воем Надрывая сердце мне...
P00199	poem	Александр Пушкин: Герой	Что есть истина? Д р у г Да, слава в прихотях вольна. Как огненный язык, она По избранным главам летает, С одной сегодня исчезает И на другой уже видна. За новизной бежать смиренно Народ бессмысленный привык; Но нам уж то чело священно, Над коим вспыхнул сей язык. На троне, на кровавом поле, Меж граждан на чреде иной Из сих избранных кто всех боле Твоею властвует душой? П о э т Всё он, всё он - пришлец сей бранный, Пред кем смирилися цари, Сей ратник, вольностью венчанный, Исчезнувший, как тень зари. Д р у г Когда ж твой ум он поражает Своею чудною звездой? Тогда ль, как с Альпов он взирает На дно Италии святой; Тогда ли, как хватает знамя Иль жезл диктаторский; тогда ль, Как водит и кругом и вдаль Войны стремительное пламя, И пролетает ряд побед Над ним одна другой вослед; Тогда ль, как рать героя плещет Перед громадой пирамид, Иль, как Москва пустынно блещет, Его приемля,- и молчит? П о э т Нет, не у счастия на лоне Его я вижу, не в бою, Не зятем кесаря на троне; Не там, где на скалу свою Сев, мучим казнию покоя, Осмеян прозвищем героя, Он угасает недвижим, Плащом закрывшись боевым. Не та картина предо мною! Одров я вижу длинный строй, Лежит на каждом труп живой, Клейменный мощною чумою, Царицею болезней... он, Не бранной смертью окружен, Нахмурясь, ходит меж одрами И хладно руку жмет чуме, И в погибающем уме Рождает бодрость... Небесами Клянусь: кто жизнию своей Играл пред сумрачным недугом, Чтоб ободрить угасший взор, Клянусь, тот будет небу другом, Каков бы ни был приговор Земли слепой... Д р у г Мечты поэта - Историк строгий гонит вас! Увы! его раздался глас,- * И где ж очарованье света! П о э т Да будет проклят правды свет, Когда посредственности хладной, Завистливой, к соблазну жадной, Он угождает праздно! - Нет! Тьмы низких истин мне дороже Нас возвышающий обман... Оставь герою сердце! Что же Он будет без него? Тиран... Д р у г Утешься. . . . . . . . . . . . 29 сентября 1830, Москва. * Mеmoires de Bourrienne [Воспоминания Бурьена] (франц). Прим. Пушкина.
P00200	poem	Александр Пушкин: Глухой глухого звал к суду...	Глухой глухого звал к суду судьи глухого, Глухой кричал: "Моя им сведена корова!"- "Помилуй,- возопил глухой тому в ответ:- Сей пустошью владел еще покойный дед". Судья решил: "Чтоб не было разврата, Жените молодца, хоть девка виновата".
P00201	poem	Александр Пушкин: Два чувства дивно близки нам...	Два чувства дивно близки нам - В них обретает сердце пищу - Любовь к родному пепелищу, Любовь к отеческим гробам. Животворящая святыня! Земля была б без них мертва, Как . . . . пустыня И как алтарь без божества.
P00202	poem	Александр Пушкин: Для берегов отчизны дальной...	Для берегов отчизны дальной Ты покидала край чужой; В час незабвенный, в час печальный Я долго плакал пред тобой. Мои хладеющие руки Тебя старались удержать; Томленье страшное разлуки Мой стон молил не прерывать. Но ты от горького лобзанья Свои уста оторвала; Из края мрачного изгнанья Ты в край иной меня звала. Ты говорила: "В день свиданья Под небом вечно голубым, В тени олив, любви лобзанья Мы вновь, мой друг, соединим". Но там, увы, где неба своды Сияют в блеске голубом, Где тень олив легла на воды, Заснула ты последним сном. Твоя краса, твои страданья Исчезли в урне гробовой - А с ними поцелуй свиданья... Но жду его; он за тобой...
P00203	poem	Александр Пушкин: Из Barry Cornwall	Here's a health to thee, Mary.* Пью за здравие Мери, Милой Мери моей. Тихо запер я двери И один без гостей Пью за здравие Мери. Можно краше быть Мери, Краше Мери моей, Этой маленькой пери; Но нельзя быть милей Резвой, ласковой Мери. Будь же счастлива, Мери, Солнце жизни моей! Ни тоски, ни потери, Ни ненастливых дней Пусть не ведает Мери. * Барри Корнуэл. Твое здоровье, Мери. (англ.)
P00204	poem	Александр Пушкин: К переводу Илиады	Крив был Гнедич поэт, преложитель слепого Гомера, Боком одним с образцом схож и его перевод.
P00205	poem	Александр Пушкин: Когда порой воспоминанье...	Когда порой воспоминанье Грызет мне сердце в тишине, И отдаленное страданье Как тень опять бежит ко мне; Когда, людей повсюду видя В пустыню скрыться я хочу, Их слабый ум возненавидя,- Тогда забывшись я лечу Не в светлый край, где небо блещет Неизъяснимой синевой, Где море теплою волной На пожелтелый мрамор плещет, И лавр и темный кипарис На воле пышно разрослись, Где пел Торквато величавый, Где и теперь во мгле ночной Далече звонкою скалой Повторены пловца октавы. Стремлюсь привычною мечтою К студеным северным волнам. Меж белоглавой их толпою Открытый остров вижу там. Печальный остров - берег дикой Усеян зимнею брусникой, Увядшей тундрою покрыт И хладной пеною подмыт. Сюда порою приплывает Отважный северный рыбак, Здесь невод мокрый расстилает И свой разводит он очаг. Сюда погода волновая Заносит утлый мой челнок . . . . . . . . . . . . . . .
P00206	poem	Александр Пушкин: Когда так нежно, так сердечно...	Когда так нежно, так сердечно, Так радостно я встретил вас, Вы удивилися, конечно, Досадой хладно воружась. Вечор в счастливом усыпленьи . . . . . . . . . . . . . . . Мое живое сновиденье Ваш милый образ озарил. С тех пор я . . . . слезами Мечту прелестную зову. Во сне был осчастливлен вами И благодарен наяву.
P00207	poem	Александр Пушкин: Мадонна	Не множеством картин старинных мастеров Украсить я всегда желал свою обитель, Чтоб суеверно им дивился посетитель, Внимая важному сужденью знатоков. В простом углу моем, средь медленных трудов, Одной картины я желал быть вечно зритель, Одной: чтоб на меня с холста, как с облаков, Пречистая и наш божественный спаситель - Она с величием, он с разумом в очах - Взирали, кроткие, во славе и в лучах, Одни, без ангелов, под пальмою Сиона. Исполнились мои желания. Творец Тебя мне ниспослал, тебя, моя Мадонна, Чистейшей прелести чистейший образец.
P00208	poem	Александр Пушкин: На Булгарина	Говоришь: за бочку рома Не завидное добро. Ты дороже, сидя дома, Продаешь свое перо.
P00209	poem	Александр Пушкин: На перевод Илиады	Слышу умолкнувший звук божественной эллинской речи; Старца великого тень чую смущенной душой.
P00210	poem	Александр Пушкин: Надо мной в лазури ясной...	Надо мной в лазури ясной Светит звездочка одна, Справа - запад темно-красный, Слева - бледная луна.
P00211	poem	Александр Пушкин: Нет, я не дорожу мятежным наслажденьем..	Нет, я не дорожу мятежным наслажденьем, Восторгом чувственным, безумством, исступленьем, Стенаньем, криками вакханки молодой, Когда, виясь в моих объятиях змией, Порывом пылких ласк и язвою лобзаний Она торопит миг последних содраганий! О, как милее ты, смиренница моя! О, как мучительно тобою счастлив я, Когда, склоняяся на долгие моленья, Ты предаешься мне нежна без упоенья, Стыдливо-холодна, восторгу моему Едва ответствуешь, не внемлишь ничему И оживляешься потом всё боле, боле - И делишь наконец мой пламень поневоле!
P00212	poem	Александр Пушкин: Новоселье	Благословляю новоселье, Куда домашний свой кумир Ты перенес - а с ним веселье, Свободный труд и сладкий мир. Ты счастлив; ты свой домик малый, Обычай мудрости храня, От злых забот и лени вялой Застраховал, как от огня.
P00213	poem	Александр Пушкин: Ответ	Я вас узнал, о мой оракул! Не по узорной пестроте Сих неподписанных каракул, Но по веселой остроте, Но по приветствиям лукавым, Но по насмешливости злой И по упрекам... столь неправым, И этой прелести живой. С тоской невольной, с восхищеньем Я перечитываю вас И восклицаю с нетерпеньем: Пора! в Москву, в Москву сейчас! Здесь город чопорный, унылый, Здесь речи - лед, сердца - гранит; Здесь нет ни ветрености милой, Ни муз, ни Пресни, ни харит.
P00214	poem	Александр Пушкин: Отрок	Невод рыбак расстилал по брегу студеного моря; Мальчик отцу помогал. Отрок, оставь рыбака! Мрежи иные тебя ожидают, иные заботы: Будешь умы уловлять, будешь помощник царям.
P00215	poem	Александр Пушкин: Отрывок	Не розу Пафосскую, Росой оживленную, Я ныне пою; Не розу Феосскую, Вином окропленную, Стихами хвалю; Но розу счастливую, На персях увядшую Элизы моей....
P00216	poem	Александр Пушкин: ПАЖ	C'est l'age de Cherubin...* Пятнадцать лет мне скоро минет; Дождусь ли радостного дня? Как он вперед меня подвинет! Но и теперь никто не кинет С презреньем взгляда на меня. Уж я не мальчик - уж над губой Могу свой ус я защипнуть; Я важен, как старик беззубый; Вы слышите мой голос грубый, Попробуй кто меня толкнуть. Я нравлюсь дамам, ибо скромен, И между ими есть одна... И гордый взор ее так томен, И цвет ланит ее так тёмен, Что жизни мне милей она. Она строга, властолюбива, Я сам дивлюсь ее уму - И ужас как она ревнива; Зато со всеми горделива И мне доступна одному. Вечор она мне величаво Клялась, что если буду вновь Глядеть налево и направо, То даст она мне яду;- право - Вот какова ее любовь! Она готова хоть в пустыню Бежать со мной, презрев молву. Хотите знать мою богиню, Мою севильскую графиню?.. Нет! ни за что не назову! * Это возраст Керубино. (франц.)
P00217	poem	Александр Пушкин: Полюбуйтесь же вы, дети...	Полюбуйтесь же вы, дети, Как в сердечной простоте Длинный Фирс играет в эти, Те, те, те и те, те, те. Черноокая Россети В самовластной красоте Все сердца пленила эти, Те, те, те и те, те, те. О, какие же здесь сети Рок нам стелет в темноте: Рифмы, деньги, дамы эти, Те, те, те и те, те, те.
P00218	poem	Александр Пушкин: Рифма	Эхо, бессонная нимфа, скиталась по брегу Пенея. Феб, увидев ее, страстию к ней воспылал. Нимфа плод понесла восторгов влюбленного бога; Меж говорливых наяд, мучась, она родила Милую дочь. Ее прияла сама Мнемозина. Резвая дева росла в хоре богинь-аонид, Матери чуткой подобна, послушна памяти строгой, Музам мила; на земле Рифмой зовется она.
P00219	poem	Александр Пушкин: Румяный критик мой...	Румяный критик мой, насмешник толстопузый, Готовый век трунить над нашей томной музой, Поди-ка ты сюда, присядь-ка ты со мной, Попробуй, сладим ли с проклятою хандрой. Смотри, какой здесь вид: избушек ряд убогой, За ними чернозем, равнины скат отлогой, Над ними серых туч густая полоса. Где нивы светлые? где темные леса? Где речка? На дворе у низкого забора Два бедных деревца стоят в отраду взора, Два только деревца. И то из них одно Дождливой осенью совсем обнажено, И листья на другом, размокнув и желтея, Чтоб лужу засорить, лишь только ждут Борея. И только. На дворе живой собаки нет. Вот, правда, мужичок, за ним две бабы вслед. Без шапки он; несет подмышкой гроб ребенка И кличет издали ленивого попенка, Чтоб тот отца позвал да церковь отворил. Скорей! ждать некогда! давно бы схоронил. Что ж ты нахмурился?- Нельзя ли блажь оставить! И песенкою нас веселой позабавить?- Куда же ты?- В Москву - чтоб графских именин Мне здесь не прогулять. - Постой - а карантин! Ведь в нашей стороне индийская зараза. Сиди, как у ворот угрюмого Кавказа Бывало сиживал покорный твой слуга; Что, брат? уж не трунишь, тоска берет - ага!
P00220	poem	Александр Пушкин: СОНЕТ	Scorn not the sonnet, critic. Wordsworth.* Суровый Дант не презирал сонета; В нем жар любви Петрарка изливал; Игру его любил творец Макбета; Им скорбну мысль Камоэнс облекал. И в наши дни пленяет он поэта: Вордсворт его орудием избрал, Когда вдали от суетного света Природы он рисует идеал. Под сенью гор Тавриды отдаленной Певец Литвы в размер его стесненный Свои мечты мгновенно заключал. У нас еще его не знали девы, Как для него уж Дельвиг забывал Гекзаметра священные напевы. * Не презирай сонета, критик. Вордсворт. (англ.)
P00221	poem	Александр Пушкин: Стамбул гяуры нынче славят...	Стамбул гяуры нынче славят, А завтра кованой пятой, Как змия спящего, раздавят И прочь пойдут и так оставят. Стамбул заснул перед бедой. Стамбул отрекся от пророка; В нем правду древнего Востока Лукавый Запад омрачил - Стамбул для сладостей порока Мольбе и сабле изменил. Стамбул отвык от поту битвы И пьет вино в часы молитвы. Там веры чистый луч потух: Там жены по базару ходят, На перекрестки шлют старух, А те мужчин в харемы вводят, И спит подкупленный евнух. Но не таков Арзрум нагорный, Многодорожный наш Арзрум: Не спим мы в роскоше позорной, Не черплем чашей непокорной В вине разврат, огонь и шум. Постимся мы: струею трезвой Одни фонтаны нас поят; Толпой неистовой и резвой Джигиты наши в бой летят. Мы к женам, как орлы, ревнивы, Харемы наши молчаливы, Непроницаемы стоят. Алла велик! К нам из Стамбула Пришел гонимый янычар - Тогда нас буря долу гнула, И пал неслыханный удар. От Рущука до старой Смирны, От Трапезунда до Тульчи, Скликая псов на праздник жирный, Толпой ходили палачи; Треща в объятиях пожаров, Валились домы янычаров; Окровавленные зубцы Везде торчали; угли тлели; На кольях скорчась мертвецы Оцепенелые чернели. Алла велик.- Тогда султан Был духом гнева обуян.
P00222	poem	Александр Пушкин: Стихи, сочиненные ночью во время бессонн	Мне не спится, нет огня; Всюду мрак и сон докучный. Ход часов лишь однозвучный Раздается близ меня, Парки бабье лепетанье, Спящей ночи трепетанье, Жизни мышья беготня... Что тревожишь ты меня? Что ты значишь, скучный шепот? Укоризна или ропот Мной утраченного дня? От меня чего ты хочешь? Ты зовешь или пророчишь? Я понять тебя хочу, Смысла я в тебе ищу...
P00223	poem	Александр Пушкин: Труд	Миг вожделенный настал: окончен мой труд многолетний. Что ж непонятная грусть тайно тревожит меня? Или, свой подвиг свершив, я стою, как поденщик ненужный, Плату приявший свою, чуждый работе другой? Или жаль мне труда, молчаливого спутника ночи, Друга Авроры златой, друга пенатов святых?
P00224	poem	Александр Пушкин: Царскосельская статуя	Урну с водой уронив, об утес ее дева разбила. Дева печально сидит, праздный держа черепок, Чудо! не сякнет вода, изливаясь из урны разбитой; Дева, над вечной струей, вечно печальна сидит.
P00225	poem	Александр Пушкин: Циклоп	Язык и ум теряя разом, Гляжу на вас единым глазом: Единый глаз в главе моей. Когда б судьбы того хотели, Когда б имел я сто очей, То все бы сто на вас глядели.
P00226	poem	Александр Пушкин: Цыганы	Над лесистыми брегами, В час вечерней тишины, Шум и песни под шатрами, И огни разложены. Здравствуй, счастливое племя! Узнаю твои костры; Я бы сам в иное время Провождал сии шатры. Завтра с первыми лучами Ваш исчезнет вольный след, Вы уйдете - но за вами Не пойдет уж ваш поэт. Он бродящие ночлеги И проказы старины Позабыл для сельской неги И домашней тишины.
P00227	poem	Александр Пушкин: Что в имени тебе моем?..	Что в имени тебе моем? Оно умрет, как шум печальный Волны, плеснувшей в берег дальний, Как звук ночной в лесу глухом. Оно на памятном листке Оставит мертвый след, подобный Узору надписи надгробной На непонятном языке. Что в нем? Забытое давно В волненьях новых и мятежных, Твоей душе не даст оно Воспоминаний чистых, нежных. Но в день печали, в тишине, Произнеси его тоскуя; Скажи: есть память обо мне, Есть в мире сердце, где живу я...
P00228	poem	Александр Пушкин: Шумит кустарник... На утес...	Шумит кустарник... На утес Олень веселый выбегает, Пугливо он подножный лес С вершины острой озирает, Глядит на светлые луга, Глядит на синий свод небесный И на днепровские брега, Венчанны чащею древесной. Недвижим, строен он стоит И чутким ухом шевелит... Но дрогнул он - незапный звук Его коснулся - боязливо Он шею вытянул и вдруг С вершины прянул.
P00229	poem	Александр Пушкин: ЭЛЕГИЯ	Безумных лет угасшее веселье Мне тяжело, как смутное похмелье. Но, как вино - печаль минувших дней В моей душе чем старе, тем сильней. Мой путь уныл. Сулит мне труд и горе Грядущего волнуемое море. Но не хочу, о други, умирать; Я жить хочу, чтоб мыслить и страдать; И ведаю, мне будут наслажденья Меж горестей, забот и треволненья: Порой опять гармонией упьюсь, Над вымыслом слезами обольюсь, И может быть - на мой закат печальный Блеснёт любовь улыбкою прощальной.
P00230	poem	Александр Пушкин: Я здесь, Инезилья...	Я здесь, Инезилья, Я здесь под окном. Объята Севилья И мраком и сном. Исполнен отвагой, Окутан плащом, С гитарой и шпагой Я здесь под окном. Ты спишь ли? Гитарой Тебя разбужу. Проснется ли старый, Мечом уложу. Шелковые петли К окошку привесь... Что медлишь?.. Уж нет ли Соперника здесь?.. Я здесь, Инезилья, Я здесь под окном. Объята Севилья И мраком и сном.
P00231	poem	Александр Пушкин: Из записки к А.О.Россет	От вас узнал я плен Варшавы. . . . . . . . . . . . . . . Вы были вестницею славы И вдохновеньем для меня.
P00232	poem	Александр Пушкин: Из письма к Вяземскому	Любезный Вяземский, поэт и камергер... (Василья Львовича узнал ли ты манер? Так некогда письмо он начал к камергеру, Украшенну ключом за верность и за веру) Так солнце и на нас взглянуло из-за туч! На заднице твоей сияет тот же ключ. Ура! хвала и честь поэту-камергеру. Пожалуй, от меня поздравь княгиню Веру.
P00233	poem	Александр Пушкин: Клеветникам России	О чем шумите вы, народные витии? Зачем анафемой грозите вы России? Что возмутило вас? волнения Литвы? Оставьте: это спор славян между собою, Домашний, старый спор, уж взвешенный судьбою, Вопрос, которого не разрешите вы. Уже давно между собою Враждуют эти племена; Не раз клонилась под грозою То их, то наша сторона. Кто устоит в неравном споре: Кичливый лях, иль верный росс? Славянские ль ручьи сольются в русском море? Оно ль иссякнет? вот вопрос. Оставьте нас: вы не читали Сии кровавые скрижали; Вам непонятна, вам чужда Сия семейная вражда; Для вас безмолвны Кремль и Прага; Бессмысленно прельщает вас Борьбы отчаянной отвага - И ненавидите вы нас... За что ж? ответствуйте: за то ли, Что на развалинах пылающей Москвы Мы не признали наглой воли Того, под кем дрожали вы? За то ль, что в бездну повалили Мы тяготеющий над царствами кумир И нашей кровью искупили Европы вольность, честь и мир?.. Вы грозны на словах - попробуйте на деле! Иль старый богатырь, покойный на постеле, Не в силах завинтить свой измаильский штык? Иль русского царя уже бессильно слово? Иль нам с Европой спорить ново? Иль русский от побед отвык? Иль мало нас? Или от Перми до Тавриды, От финских хладных скал до пламенной Колхиды, От потрясенного Кремля До стен недвижного Китая, Стальной щетиною сверкая, Не встанет русская земля?.. Так высылайте ж нам, витии, Своих озлобленных сынов: Есть место им в полях России, Среди нечуждых им гробов.
P00234	poem	Александр Пушкин: Перед гробницею святой...	Перед гробницею святой Стою с поникшею главой... Всё спит кругом; одни лампады Во мраке храма золотят Столбов гранитные громады И их знамен нависший ряд. Под ними спит сей властелин, Сей идол северных дружин, Маститый страж страны державной, Смиритель всех ее врагов, Сей остальной из стаи славной Екатерининских орлов. В твоем гробу восторг живет! Он русской глас нам издает; Он нам твердит о той године, Когда народной веры глас Воззвал к святой твоей седине: "Иди, спасай!" Ты встал - и спас... Внемли ж и днесь наш верный глас, Встань и спасай царя и нас, О, старец грозный! На мгновенье Явись у двери гробовой, Явись, вдохни восторг и рвенье Полкам, оставленным тобой! Явись и дланию своей Нам укажи в толпе вождей, Кто твой наследник, твой избранный! Но храм - в молчанье погружен, И тих твоей могилы бранной Невозмутимый, вечный сон...
P00235	poem	Александр Пушкин: Так старый хрыч, цыган Илья...	Так старый хрыч, цыган Илья, Глядит на удаль плясовую Да чешет голову седую, Под лад плечами шевеля.
P00236	poem	Александр Пушкин: Чем чаще празднует лицей...	Чем чаще празднует лицей Свою святую годовщину, Тем робче старый круг друзей В семью стесняется едину, Тем реже он; тем праздник наш В своем веселии мрачнее; Тем глуше звон заздравных чаш, И наши песни тем грустнее. Так дуновенья бурь земных И нас нечаянно касались, И мы средь пиршеств молодых Душою часто омрачались; Мы возмужали; рок судил И нам житейски испытанья, И смерти дух средь нас ходил И назначал свои закланья. Шесть мест упраздненных стоят, Шести друзей не узрим боле, Они разбросанные спят - Кто здесь, кто там на ратном поле, Кто дома, кто в земле чужой, Кого недуг, кого печали Свели во мрак земли сырой, И надо всеми мы рыдали. И мнится, очередь за мной, Зовет меня мой Дельвиг милый, Товарищ; юности живой, Товарищ юности унылой, Товарищ песен молодых, Пиров и чистых помышлений, Туда, в толпу теней родных Навек от нас утекший гений. Тесней, о милые друзья, Тесней наш верный круг составим, Почившим песнь окончил я, Живых надеждою поздравим, Надеждой некогда опять В пиру лицейском очутиться, Всех остальных еще обнять И новых жертв уж не страшиться.
P00237	poem	Александр Пушкин: Эхо	Ревет ли зверь в лесу глухом, Трубит ли рог, гремит ли гром, Поет ли дева за холмом - На всякой звук Свой отклик в воздухе пустом Родишь ты вдруг. Ты внемлешь грохоту громов И гласу бури и валов, И крику сельских пастухов - И шлешь ответ; Тебе ж нет отзыва... Таков И ты, поэт!
P00238	poem	Александр Пушкин: В АЛЬБОМ	Долго сих листов заветных Не касался я пером; Виноват, в столе моем Уж давно без строк приветных Залежался твой альбом. В именины, очень кстати, Пожелать тебе я рад Много всякой благодати, Много сладостных отрад,- На Парнасе много грома, В жизни много тихих дней И на совести твоей Ни единого альбома От красавиц, от друзей.
P00239	poem	Александр Пушкин: В АЛЬБОМ КНЯЖНЫ А. Д. АБАМЕЛЕК	Когда-то (помню с умиленьем) Я смел вас няньчить с восхищеньем, Вы были дивное дитя. Вы расцвели - с благоговеньем Вам ныне поклоняюсь я. За вами сердцем и глазами С невольным трепетом ношусь И вашей славою и вами, Как нянька старая, горжусь.
P00240	poem	Александр Пушкин: В альбом (Гонимый рока самовластьем...)	Гонимый рока самовластьем От пышной далеко Москвы, Я буду вспоминать с участьем То место, где цветете вы. Столичный шум меня тревожит; Всегда в нем грустно я живу - И ваша память только может Одна напомнить мне Москву.
P00241	poem	Александр Пушкин: В альбом (Долго сих листов заветных...)	Долго сих листов заветных Не касался я пером; Виноват, в столе моем Уж давно без строк приветных Залежался твой альбом. В именины, очень кстати, Пожелать тебе я рад Много всякой благодати, Много сладостных отрад,- На Парнасе много грома, В жизни много тихих дней И на совести твоей Ни единого альбома От красавиц, от друзей.
P00242	poem	Александр Пушкин: В альбом А.О.Смирновой	В тревоге пестрой и бесплодной Большого света и двора Я сохранила взгляд холодный, Простое сердце, ум свободный И правды пламень благородный И как дитя была добра; Смеялась над толпою вздорной, Судила здраво и светло, И шутки злости самой черной Писала прямо набело.
P00243	poem	Александр Пушкин: В альбом княжны А.Д.Абамалек	Когда-то (помню с умиленьем) Я смел вас няньчить с восхищеньем, Вы были дивное дитя. Вы расцвели - с благоговеньем Вам ныне поклоняюсь я. За вами сердцем и глазами С невольным трепетом ношусь И вашей славою и вами, Как нянька старая, горжусь.
P00244	poem	Александр Пушкин: И дале мы пошли...	I И дале мы пошли - и страх обнял меня. Бесенок, под себя поджав свое копыто, Крутил ростовщика у адского огня. Горячий капал жир в копченое корыто, И лопал на огне печеный ростовщик. А я: "Поведай мне: в сей казни что сокрыто?" Виргилий мне: "Мой сын, сей казни смысл велик: Одно стяжание имев всегда в предмете, Жир должников своих сосал сей злой старик И их безжалостно крутил на вашем свете." Тут грешник жареный протяжно возопил: "О, если б я теперь тонул в холодной Лете! О, если б зимний дождь мне кожу остудил! Сто на сто я терплю: процент неимоверный!"- Тут звучно лопнул он - я взоры потупил. Тогда услышал я (о диво!) запах скверный, Как будто тухлое разбилось яицо, Иль карантинный страж курил жаровней серной. Я, нос себе зажав, отворотил лицо. Но мудрый вождь тащил меня всё дале, дале - И, камень приподняв за медное кольцо, Сошли мы вниз - и я узрел себя в подвале. II Тогда я демонов увидел черный рой, Подобный издали ватаге муравьиной - И бесы тешились проклятою игрой: До свода адского касалася вершиной Гора стеклянная, как Арарат остра - И разлегалася над темною равниной. И бесы, раскалив как жар чугун ядра, Пустили вниз его смердящими когтями; Ядро запрыгало - и гладкая гора, Звеня, растрескалась колючими звездами. Тогда других чертей нетерпеливый рой За жертвой кинулся с ужасными словами. Схватили под руки жену с ее сестрой, И заголили их, и вниз пихнули с криком - И обе сидючи пустились вниз стрелой... Порыв отчаянья я внял в их вопле диком; Стекло их резало, впивалось в тело им - А бесы прыгали в веселии великом. Я издали глядел - смущением томим.
P00245	poem	Александр Пушкин: Из Афенея	Славная флейта, Феон, здесь лежит. Предводителя хоров Старец, ослепший от лет, некогда Скирпал родил И, вдохновенный, нарек младенца Феоном. За чашей Сладостно Вакха и муз славил приятный Феон. Славил и Ватала он, молодого красавца: прохожий! Мимо гробницы спеша, вымолви: здравствуй Феон!
P00246	poem	Александр Пушкин: Из Ксенофана Колофонского	Чистый лоснится пол; стеклянные чаши блистают; Все уж увенчаны гости; иной обоняет, зажмурясь, Ладана сладостный дым; другой открывает амфору, Запах веселый вина разливая далече; сосуды Светлой студеной воды, золотистые хлебы, янтарный Мед и сыр молодой - всё готово; весь убран цветами Жертвенник. Хоры поют. Но в начале трапезы, о други, Должно творить возлиянья, вещать благовещие речи, Должно бессмертных молить, да сподобят нас чистой душою Правду блюсти; ведь оно ж и легче. Теперь мы приступим: Каждый в меру свою напивайся. Беда не велика В ночь, возвращаясь домой, на раба опираться; но слава Гостю, который за чашей беседует мудро и тихо!
P00247	poem	Александр Пушкин: К ***	Нет, нет, не должен я, не смею, не могу Волнениям любви безумно предаваться; Спокойствие мое я строго берегу И сердцу не даю пылать и забываться; Нет, полно мне любить; но почему ж порой Не погружуся я в минутное мечтанье, Когда нечаянно пройдет передо мной Младое, чистое, небесное созданье, Пройдет и скроется?.. Ужель не можно мне, Любуясь девою в печальном сладострастье, Глазами следовать за ней и в тишине Благословлять ее на радость и на счастье, И сердцем ей желать все блага жизни сей, Веселый мир души, беспечные досуги, Всё - даже счастие того, кто избран ей, Кто милой деве даст название супруги.
P00248	poem	Александр Пушкин: МАЛЬЧИКУ	Minister vetuli, puer.* Пьяной горечью Фалерна Чашу мне наполни, мальчик! Так Постумия велела, Председательница оргий. Вы же, воды, прочь теките И струей, вину враждебной, Строгих постников поите: Чистый нам любезен Бахус. * Мальчик, фалернского. (лат.)
P00249	poem	Александр Пушкин: Мальчику (Из Катулла)	Minister vetuli, puer.* Пьяной горечью Фалерна Чашу мне наполни, мальчик! Так Постумия велела, Председательница оргий. Вы же, воды, прочь теките И струей, вину враждебной, Строгих постников поите: Чистый нам любезен Бахус. * Мальчик, фалернского. (лат.)
P00250	poem	Александр Пушкин: 	Чу, пушки грянули! крылатых кораблей Покрылась облаком станица боевая, Корабль вбежал в Неву - и вот среди зыбей Качаясь плавает, как лебедь молодая. Ликует русский флот. Широкая Нева Без ветра, в ясный день глубоко взволновалась, Широкая волна плеснула в острова . . . . . . . . . . . . . . . . . . . . . . .
P00251	poem	Александр Пушкин: 	Воды глубокие Плавно текут. Люди премудрые Тихо живут.
P00252	poem	Александр Пушкин: 	Юноша! скромно пируй, и шумную Вакхову влагу С трезвой струею воды, с мудрой беседой мешай.
P00253	poem	Александр Пушкин: Будрыс и его сыновья	Три у Будрыса сына, как и он, три литвина. Он пришел толковать с молодцами. "Дети! седла чините, лошадей проводите, Да точите мечи с бердышами. Справедлива весть эта: на три стороны света Три замышлены в Вильне похода. Паз идет на поляков, а Ольгерд на прусаков, А на русских Кестут воевода. Люди вы молодые, силачи удалые (Да хранят вас литовские боги!), Нынче сам я не еду, вас я шлю на победу; Трое вас, вот и три вам дороги. Будет всем по награде: пусть один в Новеграде Поживится от русских добычей. Жены их, как в окладах, в драгоценных нарядах; Домы полны; богат их обычай. А другой от прусаков, от проклятых крыжаков, Может много достать дорогого, Денег с целого света, сукон яркого цвета; Янтаря - что песку там морского. Третий с Пазом на ляха пусть ударит без страха: В Польше мало богатства и блеску, Сабель взять там не худо; но уж верно оттуда Привезет он мне на дом невестку. Нет на свете царицы краше польской девицы. Весела - что котенок у печки - И как роза румяна, а бела, что сметана; Очи светятся будто две свечки! Был я, дети, моложе, в Польшу съездил я тоже И оттуда привез себе женку; Вот и век доживаю, а всегда вспоминаю Про нее, как гляжу в ту сторонку." Сыновья с ним простились и в дорогу пустились. Ждет, пождет их старик домовитый, Дни за днями проводит, ни один не приходит. Будрыс думал: уж видно убиты! Снег на землю валится, сын дорогою мчится, И под буркою ноша большая. "Чем тебя наделили? что там? Ге! не рубли ли?" "Нет, отец мой; полячка младая". Снег пушистый валится; всадник с ношею мчится, Черной буркой ее покрывая. "Что под буркой такое? Не сукно ли цветное?" "Нет, отец мой; полячка младая." Снег на землю валится, третий с ношею мчится, Черной буркой ее прикрывает. Старый Будрыс хлопочет и спросить уж не хочет, А гостей на три свадьбы сзывает.
P00254	poem	Александр Пушкин: В голубом небесном поле...	В голубом небесном поле Светит Веспер золотой - Старый дож плывет в гондоле С догарессой молодой. Воздух полн дыханья лавра, . . . . . . . . морская мгла, Дремлют флаги бучентавра, Ночь безмолвна и тепла.
P00255	poem	Александр Пушкин: ВИНО	Злое дитя, старик молодой, властелин добронравный, Гордость внушающий нам, шумный заступник любви!
P00256	poem	Александр Пушкин: Вино (Ион Хиосский)	Злое дитя, старик молодой, властелин добронравный, Гордость внушающий нам, шумный заступник любви!
P00257	poem	Александр Пушкин: Гусар	Скребницей чистил он коня, А сам ворчал, сердясь не в меру: "Занес же вражий дух меня На распроклятую квартеру! Здесь человека берегут, Как на турецкой перестрелке, Насилу щей пустых дадут, А уж не думай о горелке. Здесь на тебя как лютый зверь Глядит хозяин, а с хозяйкой - Небось, не выманишь за дверь Ее ни честью, ни нагайкой. То ль дело Киев! Что за край! Валятся сами в рот галушки, Вином - хоть пару поддавай, А молодицы-молодушки! Ей-ей, не жаль отдать души За взгляд красотки чернобривой, Одним, одним не хороши..." - А чем же? расскажи, служивый. Он стал крутить свой длинный ус И начал: "Молвить без обиды, Ты, хлопец, может быть, не трус, Да глуп, а мы видали виды. Ну, слушай: около Днепра Стоял наш полк; моя хозяйка Была пригожа и добра, А муж-то помер, замечай-ка! Вот с ней и подружился я; Живем согласно, так что любо: Прибью - Марусинька моя Словечка не промолвит грубо; Напьюсь - уложит, и сама Опохмелиться приготовит; Мигну бывало: Эй, кума! - Кума ни в чем не прекословит. Кажись: о чем бы горевать? Живи в довольстве, безобидно; Да нет: я вздумал ревновать. Что делать? враг попутал видно. Зачем бы ей, стал думать я, Вставать до петухов? кто просит? Шалит Марусинька моя; Куда ее лукавый носит? Я стал присматривать за ней. Раз я лежу, глаза прищуря, (А ночь была тюрьмы черней, И на дворе шумела буря) И слышу: кумушка моя С печи тихохонько прыгнула, Слегка обшарила меня, Присела к печке, уголь вздула И свечку тонкую зажгла, Да в уголок пошла со свечкой, Там с полки скляночку взяла И, сев на веник перед печкой, Разделась донага; потом Из склянки три раза хлебнула, И вдруг на венике верхом Взвилась в трубу - и улизнула. Эге! смекнул в минуту я: Кума-то, видно, басурманка! Постой, голубушка моя!... И с печки слез - и вижу: склянка. Понюхал: кисло! что за дрянь! Плеснул я на пол: что за чудо? Прыгнул ухват, за ним лохань, И оба в печь. Я вижу: худо! Гляжу: под лавкой дремлет кот; И на него я брызнул склянкой - Как фыркнет он! я: брысь!... И вот И он туда же за лоханкой. Я ну кропить во все углы С плеча, во что уж ни попало; И всё: горшки, скамьи, столы, Марш! марш! всё в печку поскакало. Кой чорт! подумал я: теперь И мы попробуем! и духом Всю склянку выпил; верь не верь - Но к верху вдруг взвился я пухом. Стремглав лечу, лечу, лечу, Куда, не помню и не знаю; Лишь встречным звездочкам кричу: Правей!... и наземь упадаю. Гляжу: гора. На той горе Кипят котлы; поют, играют, Свистят и в мерзостной игре Жида с лягушкою венчают. Я плюнул и сказать хотел... И вдруг бежит моя Маруся: Домой! кто звал тебя, пострел? Тебя съедят! Но я, не струся: Домой? да! чорта с два! почем Мне знать дорогу?- Ах, он странный! Вот кочерга, садись верьхом И убирайся, окаянный. - Чтоб я, я сел на кочергу, Гусар присяжный! Ах ты, дура! Или предался я врагу? Иль у тебя двойная шкура? Коня! - На, дурень, вот и конь.- И точно: конь передо мною, Скребет копытом, весь огонь, Дугою шея, хвост трубою. - Садись.- Вот сел я на коня, Ищу уздечки,- нет уздечки. Как взвился, как понес меня - И очутились мы у печки. Гляжу: всё так же; сам же я Сижу верьхом, и подо мною Не конь - а старая скамья: Вот что случается порою". И стал крутить он длинный ус, Прибавя: "Молвить без обиды, Ты, хлопец, может быть, не трус, Да глуп, а мы видали виды".
P00258	poem	Александр Пушкин: Зачем я ею очарован?..	Зачем я ею очарован? Зачем расстаться должен с ней? Когда б я не был избалован Цыганской жизнию моей. Она глядит на вас так нежно, Она лепечет так небрежно, Она так тонко весела, Ее глаза так полны чувством, Вечор она с таким искусством Из-под накрытого стола Мне свою ножку подала.
P00259	poem	Александр Пушкин: Когда б не смутное влеченье...	Когда б не смутное влеченье Чего-то жаждущей души, Я здесь остался б - наслажденье Вкушать в неведомой тиши: Забыл бы всех желаний трепет, Мечтою б целый мир назвал - И всё бы слушал этот лепет, Всё б эти ножки целовал....
P00260	poem	Александр Пушкин: Колокольчики звенят...	Колокольчики звенят, Барабанчики гремят, А люди-то, люди - Ой люшеньки-люли! А люди-то, люди На цыганочку глядят. А цыганочка то пляшет, В барабанчики то бьет, И ширинкой алой машет, Заливается-поет: "Я плясунья, я певица, Ворожить я мастерица".
P00261	poem	Александр Пушкин: Не дай мне бог сойти с ума...	Не дай мне бог сойти с ума. Нет, легче посох в сума; Нет, легче труд и глад. Не то, чтоб разумом моим Я дорожил; не то, чтоб с ним Расстаться был не рад: Когда б оставили меня На воле, как бы резво я Пустился в темный лес! Я пел бы в пламенном бреду, Я забывался бы в чаду Нестройных, чудных грез. И я б заслушивался волн, И я глядел бы, счастья полн, В пустые небеса; И силен, волен был бы я, Как вихорь, роющий поля, Ломающий леса. Да вот беда: сойди с ума, И страшен будешь как чума, Как раз тебя запрут, Посадят на цепь дурака И сквозь решетку как зверка Дразнить тебя придут. А ночью слышать буду я Не голос яркий соловья, Не шум глухой дубров - А крик товарищей моих Да брань смотрителей ночных, Да визг, да звон оков.
P00262	poem	Александр Пушкин: ОСЕНЬ	Не дай мне бог сойти с ума. Нет, легче посох в сума; Нет, легче труд и глад. Не то, чтоб разумом моим Я дорожил; не то, чтоб с ним Расстаться был не рад: Когда б оставили меня На воле, как бы резво я Пустился в темный лес! Я пел бы в пламенном бреду, Я забывался бы в чаду Нестройных, чудных грез. И я б заслушивался волн, И я глядел бы, счастья полн, В пустые небеса; И силен, волен был бы я, Как вихорь, роющий поля, Ломающий леса. Да вот беда: сойди с ума, И страшен будешь как чума, Как раз тебя запрут, Посадят на цепь дурака И сквозь решетку как зверка Дразнить тебя придут. А ночью слышать буду я Не голос яркий соловья, Не шум глухой дубров - А крик товарищей моих Да брань смотрителей ночных, Да визг, да звон оков.
P00263	poem	Александр Пушкин: ПЛЕТНЕВУ	Ты хочешь, мой наперсник строгой, Боев парнасских судия, Чтоб . . . . . . тревогой . . . . . . . . . . . . . . На прежний лад. . . . . . . . настроя, Давно забытого героя, Когда-то бывшего в чести, Опять на сцену привести. Ты говоришь: . . . . . . . . Онегин жив, и будет он Еще нескоро схоронен. О нем вестей ты много знаешь, И с Петербурга и Москвы Возьмут оброк его главы.
P00264	poem	Александр Пушкин: Плетневу (Ты хочешь...)	Ты хочешь, мой наперсник строгой, Боев парнасских судия, Чтоб . . . . . . тревогой . . . . . . . . . . . . . . На прежний лад. . . . . . . . настроя, Давно забытого героя, Когда-то бывшего в чести, Опять на сцену привести. Ты говоришь: . . . . . . . . Онегин жив, и будет он Еще нескоро схоронен. О нем вестей ты много знаешь, И с Петербурга и Москвы Возьмут оброк его главы.
P00265	poem	Александр Пушкин: Сват Иван, как пить мы станем...	Сват Иван, как пить мы станем, Непременно уж помянем Трех Матрен, Луку с Петром, Да Пахомовну потом. Мы живали с ними дружно, Уж как хочешь - будь что будь - Этих надо помянуть, Помянуть нам этих нужно. Поминать, так поминать, Начинать, так начинать, Лить, так лить, разлив разливом. Начинай-ка, сват, пора. Трех Матрен, Луку, Петра В первый раз помянем пивом, А Пахомовну потом Пирогами да вином, Да еще ее помянем: Сказки сказывать мы станем - Мастерица ведь была И откуда что брала. А куды разумны шутки, Приговорки, прибаутки, Небылицы, былины Православной старины!.. Слушать, так душе отрадно. И не пил бы и не ел, Всё бы слушал да сидел. Кто придумал их так ладно? Стариков когда-нибудь (Жаль, теперь нам не досужно) Надо будет помянуть - Помянуть и этих нужно... Слушай, сват, начну первой, Сказка будет за тобой.
P00266	poem	Александр Пушкин: Французских рифмачей суровый судия...	Французских рифмачей суровый судия, О классик Депрео, к тебе взываю я: Хотя постигнутый неумолимым роком В своем отечестве престал ты быть пророком, Хоть дерзких умников простерлася рука На лавры твоего густого парика; Хотя, растрепанный новейшей вольной школой, К ней в гневе обратил ты свой затылок голый, Но я молю тебя, поклонник верный твой - Будь мне вожатаем. Дерзаю за тобой Занять кафедру ту, с которой в прежни лета Ты слишком превознес достоинства сонета, Но где торжествовал твой здравый приговор Глупцам минувших лет, вранью тогдашних пор. Новейшие врали вралей старинных стоят - И слишком уж меня их бредни беспокоят. Ужели всё молчать, да слушать? О беда!.. Нет, всё им выскажу однажды завсегда. О вы, которые, восчувствовав отвагу, Хватаете перо, мараете бумагу, Тисненью предавать труды свои спеша, Постойте - наперед узнайте, чем душа У вас исполнена - прямым ли вдохновеньем Иль необдуманным одним поползновеньем, И чешется у вас рука по пустякам, Иль вам не верят в долг, а деньги нужны вам. Не лучше ль стало б вам с надеждою смиренной Заняться службою гражданской иль военной, С хваленым Жуковым табачный торг завесть И снискивать в труде себе барыш и честь, Чем объявления совать во все журналы, Вельможе пошлые кропая мадригалы, Над меньшей собратьей в поту лица острясь, Иль выше мнения отважно вознесясь, С оплошной публики (как некие писаки) Подписку собирать - на будущие враки...
P00267	poem	Александр Пушкин: Царей потомок Меценат...	Царей потомок Меценат, Мой покровитель стародавний, Иные колесницу мчат В ристалище под пылью славной И, заповеданной ограды Касаясь жгучим колесом, Победной ждут себе награды И мнят быть равны с божеством. Другие на свою главу Сбирают титла знамениты, Непостоянные квириты Им предают . . . . . молву.
P00268	poem	Александр Пушкин: Царь увидел пред собою...	Царь увидел пред собою Столик с шахматной доской. Вот на шахматную доску Рать солдатиков из воску Он расставил в стройный ряд. Грозно куколки стоят, Подбоченясь на лошадках, В коленкоровых перчатках, В оперенных шишачках, С палашами на плечах. Тут лохань перед собою Приказал налить водою; Плавать он пустил по ней Тьму прекрасных кораблей, Барок, каторог и шлюпок Из ореховых скорлупок - . . . . . . . . . . . . . . . . . . . . . . . . А прозрачные ветрильцы Будто бабочкины крильцы.
P00269	poem	Александр Пушкин: Чу, пушки грянули!..	Чу, пушки грянули! крылатых кораблей Покрылась облаком станица боевая, Корабль вбежал в Неву - и вот среди зыбей Качаясь плавает, как лебедь молодая. Ликует русский флот. Широкая Нева Без ветра, в ясный день глубоко взволновалась, Широкая волна плеснула в острова . . . . . . . . . . . . . . . . . . . . . . .
P00270	poem	Александр Пушкин: Юноша! скромно пируй...	Юноша! скромно пируй, и шумную Вакхову влагу С трезвой струею воды, с мудрой беседой мешай.
P00271	poem	Александр Пушкин: 	Везувий зев открыл - дым хлынул клубом - пламя Широко развилось, как боевое знамя. Земля волнуется - с шатнувшихся колонн Кумиры падают! Народ, гонимый страхом, Под каменным дождем, под воспаленным прахом, Толпами, стар и млад, бежит из града вон.
P00272	poem	Александр Пушкин: 	Пора, мой друг, пора! покоя сердца просит - Летят за днями дни, и каждый час уносит Частичку бытия, а мы с тобой вдвоём Предполагаем жить, и глядь - как раз - умрем. На свете счастья нет, но есть покой и воля. Давно завидная мечтается мне доля - Давно, усталый раб, замыслил я побег В обитель дальную трудов и чистых нег.
P00273	poem	Александр Пушкин: Везувий зев открыл...	Везувий зев открыл - дым хлынул клубом - пламя Широко развилось, как боевое знамя. Земля волнуется - с шатнувшихся колонн Кумиры падают! Народ, гонимый страхом, Под каменным дождем, под воспаленным прахом, Толпами, стар и млад, бежит из града вон.
P00274	poem	Александр Пушкин: Стою печален на кладбище...	Стою печален на кладбище. Гляжу кругом - обнажено Святое смерти пепелище И степью лишь окружено. И мимо вечного ночлега Дорога сельская лежит, По ней рабочая телега . . . . . . . . изредка стучит. Одна равнина справа, слева. Ни речки, ни холма, ни древа. Кой-где чуть видятся кусты. Немые камни и могилы И деревянные кресты Однообразны и унылы.
P00275	poem	Александр Пушкин: Я возмужал среди печальных бурь...	Я возмужал среди печальных бурь, И дней моих поток, так долго мутный, Теперь утих дремотою минутной И отразил небесную лазурь. Надолго ли?.. а кажется прошли Дни мрачных бурь, дни горьких искушений.
P00276	poem	Александр Пушкин: 	Юношу, горько рыдая, ревнивая дева бранила; К ней на плечо преклонен, юноша вдруг задремал. Дева тотчас умолкла, сон его легкий лелея, И улыбалась ему, тихие слезы лия.
P00277	poem	Александр Пушкин: 	I На Испанию родную Призвал мавра Юлиан. Граф за личную обиду Мстить решился королю. Дочь его Родрик похитил, Обесчестил древний род; Вот за что отчизну предал Раздраженный Юлиан. Мавры хлынули потоком На испанские брега. Царство готфов миновалось, И с престола пал Родрик. Готфы пали не бесславно: Храбро билися они, Долго мавры сомневались, Одолеет кто кого. Восемь дней сраженье длилось; Спор решен был наконец: Был на поле битвы пойман Конь любимый короля; Шлем и меч его тяжелый Были найдены в пыли. Короля почли убитым, И никто не пожалел. Но Родрик в живых остался, Бился он все восемь дней - Он сперва хотел победы, Там уж смерти лишь алкал. И кругом свистали стрелы, Не касаяся его, Мимо дротики летали, Шлема меч не рассекал. Напоследок, утомившись, Соскочил с коня Родрик, Меч с запекшеюся кровью От ладони отклеил, Бросил об земь шлем пернатый И блестящую броню. И спасенный мраком ночи С поля битвы он ушел. II От полей кровавой битвы Удаляется Родрик; Короля опередила Весть о гибели его. Стариков и бедных женщин На распутьях видит он; Все толпой бегут от мавров К укрепленным городам. Все, рыдая, молят бога О спасеньи христиан, Все Родрика проклинают; И проклятья слышит он. И с поникшею главою Мимо их пройти спешит, И не смеет даже молвить: Помолитесь за него. Наконец на берег моря В третий день приходит он, Видит темную пещеру На пустынном берегу. В той пещере он находит Крест и заступ - а в углу Труп отшельника и яму, Им изрытую давно. Тленье трупа не коснулось, Он лежит окостенев, Ожидая погребенья И молитвы христиан. Труп отшельника с молитвой Схоронил его король, И в пещере поселился Над могилою его. Он питаться стал плодами И водою ключевой; И себе могилу вырыл, Как предшественник его. Короля в уединеньи Стал лукавый искушать, И виденьями ночными Краткий сон его мутить. Он проснется с содроганьем, Полон страха и стыда; Упоение соблазна Сокрушает дух его. Хочет он молиться богу И не может. Бес ему Шепчет в уши звуки битвы Или страстные слова. Он в унынии проводит Дни и ночи недвижим, Устремив глаза на море, Поминая старину. III Но отшельник, чьи останки Он усердно схоронил, За него перед всевышним Заступился в небесах. В сновиденьи благодатном Он явился королю, Белой ризою одеян И сияньем окружен. И король, объятый страхом, Ниц повергся перед ним, И вещал ему угодник: "Встань - и миру вновь явись. Ты венец утратил царской, Но господь руке твоей Даст победу над врагами, А душе твоей покой". Пробудясь, господню волю Сердцем он уразумел, И, с пустынею расставшись, В путь отправился король.
P00278	poem	Александр Пушкин: В мои осенние досуги...	В мои осенние досуги, В те дни, как любо мне писать, Вы мне советуете, други, Рассказ забытый продолжать. Вы говорите справедливо, Что странно, даже неучтиво Роман не конча перервать, Отдав уже его в печать, Что должно своего героя Как бы то ни было женить, По крайней мере уморить, И лица прочие пристроя, Отдав им дружеский поклон, Из лабиринта вывесть вон. Вы говорите: "Слава богу, Покамест твой Онегин жив, Роман не кончен - понемногу Иди вперед; не будь ленив. Со славы, вняв ее призванью, Сбирай оброк хвалой и бранью - Рисуй и франтов городских И милых барышень своих, Войну и бал, дворец и хату, И келью. . . . и харем И с нашей публики меж тем Бери умеренную плату, За книжку по пяти рублей - Налог не тягостный, ей-ей."
P00279	poem	Александр Пушкин: Вновь я посетил...	...Вновь я посетил Тот уголок земли, где я провел Изгнанником два года незаметных. Уж десять лет ушло с тех пор - и много Переменилось в жизни для меня, И сам, покорный общему закону, Переменился я - но здесь опять Минувшее меня объемлет живо, И, кажется, вечор еще бродил Я в этих рощах. Вот опальный домик, Где жил я с бедной нянею моей. Уже старушки нет - уж за стеною Не слышу я шагов ее тяжелых, Ни кропотливого ее дозора. Вот холм лесистый, над которым часто Я сиживал недвижим - и глядел На озеро, воспоминая с грустью Иные берега, иные волны... Меж нив златых и пажитей зеленых Оно синея стелется широко; Через его неведомые воды Плывет рыбак и тянет за собой Убогой невод. По брегам отлогим Рассеяны деревни - там за ними Скривилась мельница, насилу крылья Ворочая при ветре... На границе Владений дедовских, на месте том, Где в гору подымается дорога, Изрытая дождями, три сосны Стоят - одна поодаль, две другие Друг к дружке близко,- здесь, когда их мимо Я проезжал верхом при свете лунном, Знакомым шумом шорох их вершин Меня приветствовал. По той дороге Теперь поехал я, и пред собою Увидел их опять. Они всё те же, Всё тот же их, знакомый уху шорох - Но около корней их устарелых (Где некогда всё было пусто, голо) Теперь младая роща разрослась, Зеленая семья; кусты теснятся Под сенью их как дети. А вдали Стоит один угрюмый их товарищ Как старый холостяк, и вкруг него По-прежнему всё пусто. Здравствуй, племя Младое, незнакомое! не я Увижу твой могучий поздний возраст, Когда перерастешь моих знакомцев И старую главу их заслонишь От глаз прохожего. Но пусть мой внук Услышит ваш приветный шум, когда, С приятельской беседы возвращаясь, Веселых и приятных мыслей полон, Пройдет он мимо вас во мраке ночи И обо мне вспомянет.
P00280	poem	Александр Пушкин: Если ехать вам случится...	Если ехать вам случится От **** на *, Там, где Л. струится Меж отлогих берегов.- От большой дороги справа, Между полем и холмом, Вам представится дубрава, Слева сад и барский дом. Летом, в час, как за холмами Утопает солнца шар, Дом облит его лучами, Окна блещут как пожар, И, ездой скучая мимо . . . . . развлечен, Путник смотрит невидимо На семейство, на балкон.
P00281	poem	Александр Пушкин: К кастрату раз пришел скрыпач...	К кастрату раз пришел скрыпач, Он был бедняк, а тот богач. "Смотри, сказал певец без - - - - -,- Мои алмазы, изумруды - Я их от скуки разбирал. А! кстати, брат,- он продолжал,- Когда тебе бывает скучно, Ты что творишь, сказать прошу." В ответ бедняга равнодушно: - Я? я - - - себе чешу.
P00282	poem	Александр Пушкин: Когда владыка ассирийский...	Когда владыка ассирийский Народы казнию казнил, И Олоферн весь край азийский Его деснице покорил,- Высок смиреньем терпеливым И крепок верой в бога сил, Перед сатрапом горделивым Израил выи не склонил; Во все пределы Иудеи Проникнул трепет. Иереи Одели вретищем алтарь. Народ завыл, объятый страхом, Главу покрыв золой и прахом, И внял ему всевышний царь. Притек сатрап к ущельям горным И зрит: их узкие врата Замком замкнуты непокорным; Стеной, как поясом узорным, Препоясалась высота. И над тесниной торжествуя, Как муж на страже, в тишине Стоит, белеясь, Ветилуя В недостижимой вышине. Сатрап смутился изумленный - И гнев в нем душу помрачил... И свой совет разноплеменный Он - любопытный - вопросил: "Кто сей народ? и что их сила, И кто им вождь, и отчего Сердца их дерзость воспалила, И их надежда на кого?..." И встал тогда сынов Аммона Военачальник Ахиор И рек - и Олоферн со трона Склонил к нему и слух и взор.
P00283	poem	Александр Пушкин: Менко Вуич грамоту пишет...	Менко Вуич грамоту пишет Георгию, своему побратиму: "Берегися, Черный Георгий, Над тобой подымается туча, Ярый враг извести тебя хочет, Недруг хитрый, Милош Обренович. Он в Хотин подослал потаенно Янка младшего с Павлом Осердился Георгий Петрович, Засверкали черные очи, Нахмурились черные брови -
P00284	poem	Александр Пушкин: На Дондукова-Корсакова	В Академии наук Заседает князь Дундук. Говорят, не подобает Дундуку такая честь; Почему ж он заседает? Потому что - - - есть.
P00285	poem	Александр Пушкин: На Испанию родную...	I На Испанию родную Призвал мавра Юлиан. Граф за личную обиду Мстить решился королю. Дочь его Родрик похитил, Обесчестил древний род; Вот за что отчизну предал Раздраженный Юлиан. Мавры хлынули потоком На испанские брега. Царство готфов миновалось, И с престола пал Родрик. Готфы пали не бесславно: Храбро билися они, Долго мавры сомневались, Одолеет кто кого. Восемь дней сраженье длилось; Спор решен был наконец: Был на поле битвы пойман Конь любимый короля; Шлем и меч его тяжелый Были найдены в пыли. Короля почли убитым, И никто не пожалел. Но Родрик в живых остался, Бился он все восемь дней - Он сперва хотел победы, Там уж смерти лишь алкал. И кругом свистали стрелы, Не касаяся его, Мимо дротики летали, Шлема меч не рассекал. Напоследок, утомившись, Соскочил с коня Родрик, Меч с запекшеюся кровью От ладони отклеил, Бросил об земь шлем пернатый И блестящую броню. И спасенный мраком ночи С поля битвы он ушел. II От полей кровавой битвы Удаляется Родрик; Короля опередила Весть о гибели его. Стариков и бедных женщин На распутьях видит он; Все толпой бегут от мавров К укрепленным городам. Все, рыдая, молят бога О спасеньи христиан, Все Родрика проклинают; И проклятья слышит он. И с поникшею главою Мимо их пройти спешит, И не смеет даже молвить: Помолитесь за него. Наконец на берег моря В третий день приходит он, Видит темную пещеру На пустынном берегу. В той пещере он находит Крест и заступ - а в углу Труп отшельника и яму, Им изрытую давно. Тленье трупа не коснулось, Он лежит окостенев, Ожидая погребенья И молитвы христиан. Труп отшельника с молитвой Схоронил его король, И в пещере поселился Над могилою его. Он питаться стал плодами И водою ключевой; И себе могилу вырыл, Как предшественник его. Короля в уединеньи Стал лукавый искушать, И виденьями ночными Краткий сон его мутить. Он проснется с содроганьем, Полон страха и стыда; Упоение соблазна Сокрушает дух его. Хочет он молиться богу И не может. Бес ему Шепчет в уши звуки битвы Или страстные слова. Он в унынии проводит Дни и ночи недвижим, Устремив глаза на море, Поминая старину. III Но отшельник, чьи останки Он усердно схоронил, За него перед всевышним Заступился в небесах. В сновиденьи благодатном Он явился королю, Белой ризою одеян И сияньем окружен. И король, объятый страхом, Ниц повергся перед ним, И вещал ему угодник: "Встань - и миру вновь явись. Ты венец утратил царской, Но господь руке твоей Даст победу над врагами, А душе твоей покой". Пробудясь, господню волю Сердцем он уразумел, И, с пустынею расставшись, В путь отправился король.
P00286	poem	Александр Пушкин: На выздоровление Лукулла	Ты угасал, богач младой! Ты слышал плач друзей печальных. Уж смерть являлась за тобой В дверях сеней твоих хрустальных. Она, как втершийся с утра Заимодавец терпеливый, Торча в передней молчаливой, Не трогалась с ковра. В померкшей комнате твоей Врачи угрюмые шептались. Твоих нахлебников, цирцей Смущеньем лица омрачались; Вздыхали верные рабы И за тебя богов молили, Не зная в страхе, что сулили Им тайные судьбы. А между тем наследник твой, Как ворон к мертвечине падкой, Бледнел и трясся над тобой, Знобим стяжанья лихорадкой. Уже скупой его сургуч Пятнал замки твоей конторы; И мнил загресть он злата горы В пыли бумажных куч. Он мнил: "Теперь уж у вельмож Не стану няньчить ребятишек; Я сам вельможа буду тож; В подвалах, благо, есть излишек. Теперь мне честность - трын-трава! Жену обсчитывать не буду, И воровать уже забуду Казенные дрова!" Но ты воскрес. Твои друзья, В ладони хлопая ликуют; Рабы как добрая семья Друг друга в радости целуют; Бодрится врач, подняв очки; Гробовый мастер взоры клонит; А вместе с ним приказчик гонит Наследника в толчки. Так жизнь тебе возвращена Со всею прелестью своею; Смотри: бесценный дар она; Умей же пользоваться ею; Укрась ее; года летят, Пора! Введи в свои чертоги Жену красавицу - и боги Ваш брак благословят.
P00287	poem	Александр Пушкин: На это скажут мне с улыбкою неверной...	На это скажут мне с улыбкою неверной: Смотрите, вы поэт уклонный, лицемерный, Вы нас морочите - вам слава не нужна, Смешной и суетной вам кажется она; Зачем же пишете?- Я? для себя.- За что же Печатаете вы?- Для денег.- Ах, мой боже! Как стыдно! - Почему ж?
P00288	poem	Александр Пушкин: Не видала ль, девица...	- Не видала ль, девица, Коня моего? - Я видала, видела Коня твоего. - Куда, красна девица, Мой конь пробежал? - Твой конь пробежал На Дунай реку - Бежал твой конь, Тебя проклинал - Тебя проклинал . . . . . . .
P00289	poem	Александр Пушкин: О бедность! затвердил я наконец...	О бедность! затвердил я наконец Урок твой горький! Чем я заслужил Твое гоненье, властелин враждебный, Довольства враг, суровый сна мутитель?... Что делал я, когда я был богат, О том упоминать я не намерен: В молчании добро должно твориться, Но нечего об этом толковать. Здесь пищу я найду для дум моих, Я чувствую, что не совсем погибнул Я с участью моей.-
P00290	poem	Александр Пушкин: ОДА LVI	Поредели, побелели Кудри, честь главы моей, Зубы в деснах ослабели, И потух огонь очей. Сладкой жизни мне немного Провожать осталось дней: Парка счет ведет им строго, Тартар тени ждет моей. Не воскреснем из-под спуда, Всяк навеки там забыт: Вход туда для всех открыт - Нет исхода уж оттуда.
P00291	poem	Александр Пушкин: Ода LVI (Из Анакреона)	Поредели, побелели Кудри, честь главы моей, Зубы в деснах ослабели, И потух огонь очей. Сладкой жизни мне немного Провожать осталось дней: Парка счет ведет им строго, Тартар тени ждет моей. Не воскреснем из-под спуда, Всяк навеки там забыт: Вход туда для всех открыт - Нет исхода уж оттуда.
P00292	poem	Александр Пушкин: Пир Петра Первого	Над Невою резво вьются Флаги пестрые судов; Звучно с лодок раздаются Песни дружные гребцов; В царском доме пир веселый; Речь гостей хмельна, шумна; И Нева пальбой тяжелой Далеко потрясена. Что пирует царь великий В Питербурге-городке? Отчего пальба и клики И эскадра на реке? Озарен ли честью новой Русской штык иль русской флаг? Побежден ли швед суровый? Мира ль просит грозный враг? Иль в отъятый край у шведа Прибыл Брантов утлый бот, И пошел навстречу деда Всей семьей наш юный флот, И воинственные внуки Стали в строй пред стариком, И раздался в честь Науки Песен хор и пушек гром? Годовщину ли Полтавы Торжествует государь, День, как жизнь своей державы Спас от Карла русский царь? Родила ль Екатерина? Именинница ль она, Чудотворца-исполина Чернобровая жена? Нет! Он с подданным мирится; Виноватому вину Отпуская, веселится; Кружку пенит с ним одну; И в чело его цалует, Светел сердцем и лицом; И прощенье торжествует, Как победу над врагом. Оттого-то шум и клики В Питербурге-городке, И пальба и гром музыки И эскадра на реке; Оттого-то в час веселый Чаша царская полна, И Нева пальбой тяжелой Далеко потрясена.
P00293	poem	Александр Пушкин: Плетневу (Ты мне советуешь...)	Ты мне советуешь, Плетнев любезный, Оставленный роман наш продолжать И строгий век, расчета век железный, Рассказами пустыми угощать. Ты думаешь, что с целию полезной Тревогу славы можно сочетать, И что . . . . . . . . нашему собрату Брать с публики умеренную плату. Ты говоришь: пока Онегин жив, Дотоль роман не кончен - нет причины Его прервать... к тому же план счастлив -
P00294	poem	Александр Пушкин: Подражание арабскому	Отрок милый, отрок нежный, Не стыдись, навек ты мой; Тот же в нас огонь мятежный, Жизнью мы живем одной. Не боюся я насмешек: Мы сдвоились меж собой, Мы точь в точь двойной орешек Под единой скорлупой.
P00295	poem	Александр Пушкин: Полководец	У русского царя в чертогах есть палата: Она не золотом, не бархатом богата; Не в ней алмаз венца хранится за стеклом; Но сверху донизу, во всю длину, кругом, Своею кистию свободной и широкой Ее разрисовал художник быстроокой. Тут нет ни сельских нимф, ни девственных мадон, Ни фавнов с чашами, ни полногрудых жен, Ни плясок, ни охот,- а всё плащи, да шпаги, Да лица, полные воинственной отваги. Толпою тесною художник поместил Сюда начальников народных наших сил, Покрытых славою чудесного похода И вечной памятью двенадцатого года. Нередко медленно меж ими я брожу И на знакомые их образы гляжу, И, мнится, слышу их воинственные клики. Из них уж многих нет; другие, коих лики Еще так молоды на ярком полотне, Уже состарелись и никнут в тишине Главою лавровой... Но в сей толпе суровой Один меня влечет всех больше. С думой новой Всегда остановлюсь пред ним - и не свожу С него моих очей. Чем долее гляжу, Тем более томим я грустию тяжелой. Он писан во весь рост. Чело, как череп голый, Высоко лоснится, и, мнится, залегла Там грусть великая. Кругом - густая мгла; За ним - военный стан. Спокойный и угрюмый, Он, кажется, глядит с презрительною думой. Свою ли точно мысль художник обнажил, Когда он таковым его изобразил, Или невольное то было вдохновенье,- Но Доу дал ему такое выраженье. О вождь несчастливый!... Суров был жребий твой: Всё в жертву ты принес земле тебе чужой. Непроницаемый для взгляда черни дикой, В молчаньи шел один ты с мыслию великой, И в имени твоем звук чуждый не взлюбя, Своими криками преследуя тебя, Народ, таинственно спасаемый тобою, Ругался над твоей священной сединою. И тот, чей острый ум тебя и постигал, В угоду им тебя лукаво порицал... И долго, укреплен могущим убежденьем, Ты был неколебим пред общим заблужденьем; И на полупути был должен наконец Безмолвно уступить и лавровый венец, И власть, и замысел, обдуманный глубоко,- И в полковых рядах сокрыться одиноко. Там, устарелый вождь! как ратник молодой, Свинца веселый свист заслышавший впервой, Бросался ты в огонь, ища желанной смерти,- Вотще! - . . . . . . . . . . . . . . . . . . . . . . . . . . . . . . . . . . . . . . . . . . О люди! Жалкий род, достойный слез и смеха! Жрецы минутного, поклонники успеха! Как часто мимо вас проходит человек, Над кем ругается слепой и буйный век, Но чей высокий лик в грядущем поколенье Поэта приведет в восторг и в умиленье!
P00296	poem	Александр Пушкин: Странник	I Однажды странствуя среди долины дикой, Незапно был объят я скорбию великой И тяжким бременем подавлен и согбен, Как тот, кто на суде в убийстве уличен. Потупя голову, в тоске ломая руки, Я в воплях изливал души пронзенной муки И горько повторял, метаясь как больной: "Что делать буду я? Что станется со мной?" II И так я сетуя в свой дом пришел обратно. Уныние мое всем было непонятно. При детях и жене сначала я был тих И мысли мрачные хотел таить от них; Но скорбь час от часу меня стесняла боле; И сердце наконец раскрыл я по неволе. "О горе, горе нам! Вы, дети, ты жена!- Сказал я,- ведайте: моя душа полна Тоской и ужасом, мучительное бремя Тягчит меня. Идет! уж близко, близко время: Наш город пламени и ветрам обречен; Он в угли и золу вдруг будет обращен, И мы погибнем все, коль не успеем вскоре Обресть убежище; а где? о горе, горе!" III Мои домашние в смущение пришли И здравый ум во мне расстроенным почли. Но думали, что ночь и сна покой целебный Охолодят во мне болезни жар враждебный. Я лег, но во всю ночь всё плакал и вздыхал И ни на миг очей тяжелых не смыкал. Поутру я один сидел, оставя ложе. Они пришли ко мне; на их вопрос, я то же, Что прежде, говорил. Тут ближние мои, Не доверяя мне, за должное почли Прибегнуть к строгости. Они с ожесточеньем Меня на правый путь и бранью и презреньем Старались обратить. Но я, не внемля им, Всё плакал и вздыхал, унынием тесним. И наконец, они от крика утомились И от меня, махнув рукою, отступились Как от безумного, чья речь и дикий плач Докучны, и кому суровый нужен врач. IV Пошел я вновь бродить - уныньем изнывая И взоры вкруг себя со страхом обращая, Как узник, из тюрьмы замысливший побег, Иль путник, до дождя спешащий на ночлег, Духовный труженик - влача свою веригу, Я встретил юношу, читающего книгу. Он тихо поднял взор - и вопросил меня, О чем, бродя один, так горько плачу я? И я в ответ ему: "Познай мой жребий злобный: Я осужден на смерть и позван в суд загробный - И вот о чем крушусь: к суду я не готов, И смерть меня страшит." - "Коль жребий твой таков,- Он возразил,- и ты так жалок в самом деле, Чего ж ты ждешь? зачем не убежишь отселе?" И я: "Куда ж бежать? какой мне выбрать путь?" Тогда: "Не видишь ли, скажи, чего-нибудь"- Сказал мне юноша, даль указуя перстом. Я оком стал глядеть болезненно-отверстым, Как от бельма врачом избавленный слепец. "Я вижу некий свет",- сказал я наконец. "Иди ж,- он продолжал:- держись сего ты света; Пусть будет он тебе единственная мета, Пока ты тесных врат спасенья не достиг, Ступай!"- И я бежать пустился в тот же миг. V Побег мой произвел в семье моей тревогу, И дети и жена кричали мне с порогу, Чтоб воротился я скорее. Крики их На площадь привлекли приятелей моих; Один бранил меня, другой моей супруге Советы подавал, иной жалел о друге, Кто поносил меня, кто на смех подымал, Кто силой воротить соседям предлагал; Иные уж за мной гнались; но я тем боле Спешил перебежать городовое поле, Дабы скорей узреть - оставя те места, Спасенья верный путь и тесные врата.
P00297	poem	Александр Пушкин: Туча	Последняя туча рассеянной бури! Одна ты несешься по ясной лазури, Одна ты наводишь унылую тень, Одна ты печалишь ликующий день. Ты небо недавно кругом облегала, И молния грозно тебя обвивала; И ты издавала таинственный гром И алчную землю поила дождем. Довольно, сокройся! Пора миновалась, Земля освежилась, и буря промчалась, И ветер, лаская листочки древес, Тебя с успокоенных гонит небес.
P00298	poem	Александр Пушкин: Что белеется на горе зеленой?..	Что белеется на горе зеленой? Снег ли то, али лебеди белы? Был бы снег - он уже бы растаял, Были б лебеди - они б улетели. То не снег и не лебеди белы, А шатер Аги Асан-аги. Он лежит в нем, весь люто изранен. Посетили его сестра и матерь, Его люба не могла, застыдилась. Как ему от боли стало легче, Приказал он своей верной любе: "Ты не ищи меня в моем белом доме, В белом доме, ни во всем моем роде". Как услышала мужнины речи, Запечалилась бедная Кадуна. Она слышит, на двор едут кони; Побежала Асан-агиница, Хочет броситься, бедная, в окошко, За ней вопят две милые дочки: "Воротися, милая мать наша, Приехал не муж Асан-ага, А приехал брат твой Пинторович." Воротилась Асан-агиница, И повисла она брату на шею - "Братец милый, что за посрамленье! Меня гонят от пятерых деток."
P00299	poem	Александр Пушкин: Юношу, горько рыдая...	Юношу, горько рыдая, ревнивая дева бранила; К ней на плечо преклонен, юноша вдруг задремал. Дева тотчас умолкла, сон его легкий лелея, И улыбалась ему, тихие слезы лия.
P00300	poem	Александр Пушкин: Я думал, сердце позабыло...	Я думал, сердце позабыло Способность лёгкую страдать, Я говорил: тому, что было, Уж не бывать! уж не бывать! Прошли восторги, и печали, И легковерные мечты... Но вот опять затрепетали Пред мощной властью красоты.
P00301	poem	Александр Пушкин: 	От западных морей до самых врат восточных Не многие умы от благ прямых и прочных Зло могут отличить... рассудок редко нам Внушает . . . . . . . . . . . . . . . . "Пошли мне долгу жизнь и многие года!" Зевеса вот о чем и всюду и всегда Привыкли вы молить - но сколькими бедами Исполнен долгой век! Во-первых, как рубцами, Лицо морщинами покроется - оно . . . . . . . . . . превращено.
P00302	poem	Александр Пушкин: 	* "Я воздвиг памятник" (лат.). Эпиграф взят из произведений Горация, знаменитого римского поэта (65-8 гг. до н. э.). ** Александрийский столп - колонна, поставленная в честь царя Александра I на Дворцовой площади в Петербурге.
P00303	poem	Александр Пушкин: Альфонс садится на коня...	Альфонс садится на коня; Ему хозяин держит стремя. "Сеньор, послушайтесь меня: Пускаться в путь теперь не время, В горах опасно, ночь близка, Другая вента далека. Останьтесь здесь: готов вам ужин; В камине разложен огонь; Постеля есть - покой вам нужен, А к стойлу тянется ваш конь". - "Мне путешествие привычно И днем и ночью - был бы путь,- Тот отвечает,- неприлично Бояться мне чего-нибудь. Я дворянин,- ни чорт, ни воры Не могут удержать меня, Когда спешу на службу я". И дон Альфонс коню дал шпоры, И едет рысью. Перед ним Одна идет дорога в горы Ущельем тесным и глухим. Вот выезжает он в долину; Какую ж видит он картину? Кругом пустыня, дичь и голь, А в стороне торчит глаголь, И на глаголе том два тела Висят. Закаркав, отлетела Ватага черная ворон, Лишь только к ним подъехал он. То были трупы двух гитанов, Двух славных братьев-атаманов, Давно повешенных и там Оставленных в пример ворам. Дождями небо их мочило, А солнце знойное сушило, Пустынный ветер их качал, Клевать их ворон прилетал. И шла молва в простом народе, Что, обрываясь по ночам, Они до утра на свободе Гуляли, мстя своим врагам. Альфонсов конь всхрапел и боком Прошел их мимо, и потом Понесся резво, легким скоком, С своим бесстрашным седоком.
P00304	poem	Александр Пушкин: Была пора: наш праздник молодой...	Была пора: наш праздник молодой Сиял, шумел и розами венчался, И с песнями бокалов звон мешался, И тесною сидели мы толпой. Тогда, душой беспечные невежды, Мы жили все и легче и смелей, Мы пили все за здравие надежды И юности и всех ее затей. Теперь не то: разгульный праздник наш С приходом лет, как мы, перебесился, Он присмирел, утих, остепенился, Стал глуше звон его заздравных чаш; Меж нами речь не так игриво льется. Просторнее, грустнее мы сидим, И реже смех средь песен раздается, И чаще мы вздыхаем и молчим. Всему пора: уж двадцать пятый раз Мы празднуем лицея день заветный. Прошли года чредою незаметной, И как они переменили нас! Недаром - нет! - промчалась четверть века! Не сетуйте: таков судьбы закон; Вращается весь мир вкруг человека,- Ужель один недвижим будет он? Припомните, о други, с той поры, Когда наш круг судьбы соединили, Чему, чему свидетели мы были! Игралища таинственной игры, Металися смущенные народы; И высились и падали цари; И кровь людей то Славы, то Свободы, То Гордости багрила алтари. Вы помните: когда возник лицей, Как царь для нас открыл чертог царицын. И мы пришли. И встретил нас Куницын Приветствием меж царственных гостей,- Тогда гроза двенадцатого года Еще спала. Еще Наполеон Не испытал великого народа - Еще грозил и колебался он. Вы помните: текла за ратью рать, Со старшими мы братьями прощались И в сень наук с досадой возвращались, Завидуя тому, кто умирать Шел мимо нас... и племена сразились, Русь обняла кичливого врага, И заревом московским озарились Его полкам готовые снега. Вы помните, как наш Агамемнон Из пленного Парижа к нам примчался. Какой восторг тогда пред ним раздался! Как был велик, как был прекрасен он, Народов друг, спаситель их свободы! Вы помните - как оживились вдруг Сии сады, сии живые воды, Где проводил он славный свой досуг. И нет его - и Русь оставил он, Взнесенну им над миром изумленным, И на скале изгнанником забвенным, Всему чужой, угас Наполеон. И новый царь, суровый и могучий, На рубеже Европы бодро стал, И над землей сошлися новы тучи, И ураган их . . . . . . . . . .
P00305	poem	Александр Пушкин: Д. В. ДАВЫДОВУ	Тебе певцу, тебе герою! Не удалось мне за тобою При громе пушечном, в огне Скакать на бешеном коне. Наездник смирного Пегаса, Носил я старого Парнаса Из моды вышедший мундир: Но и по этой службе трудной, И тут, о мой наездник чудный, Ты мой отец и командир. Вот мой Пугач - при первом взгляде Он виден - плут, казак прямой! В передовом твоем отряде Урядник был бы он лихой.
P00306	poem	Александр Пушкин: Д.В.Давыдову (Тебе певцу...)	Тебе певцу, тебе герою! Не удалось мне за тобою При громе пушечном, в огне Скакать на бешеном коне. Наездник смирного Пегаса, Носил я старого Парнаса Из моды вышедший мундир: Но и по этой службе трудной, И тут, о мой наездник чудный, Ты мой отец и командир. Вот мой Пугач — при первом взгляде Он виден — плут, казак прямой! В передовом твоем отряде Урядник был бы он лихой.
P00307	poem	Александр Пушкин: Забыв и рощу и свободу...	Забыв и рощу и свободу, Невольный чижик надо мной Зерно клюет и брызжет воду, И песнью тешится живой.
P00308	poem	Александр Пушкин: Из Пиндемонти	Не дорого ценю я громкие права, От коих не одна кружится голова. Я не ропщу о том, что отказали боги Мне в сладкой участи оспоривать налоги Или мешать царям друг с другом воевать; И мало горя мне, свободно ли печать Морочит олухов, иль чуткая цензура В журнальных замыслах стесняет балагура. Все это, видите ль, снова, слова, слова*. Иные, лучшие, мне дороги права; Иная, лучшая, потребна мне свобода: Зависеть от царя, зависеть от народа - Не все ли нам равно? Бог с ними. Никому Отчета не давать, себе лишь самому Служить и угождать, для власти, для ливреи Не гнуть ни совести, ни помыслов, ни шеи; По прихоти своей скитаться здесь и там, Дивясь божественным природы красотам, И пред созданьями искусств и вдохновенья Трепеща радостно в восторгах умиленья. - Вот счастье! вот права... * Hamlet. (Примеч. А.С.Пушкина.)
P00309	poem	Александр Пушкин: Из письма к Яковлеву	Смирдин меня в беду поверг; У торгаша сего семь пятниц на неделе, Его четверг на самом деле Есть после дождичка четверг.
P00310	poem	Александр Пушкин: Когда за городом, задумчив, я брожу...	Когда за городом, задумчив, я брожу И на публичное кладбище захожу, Решетки, столбики, нарядные гробницы, Под коими гниют все мертвецы столицы, В болоте кое-как стесненные рядком, Как гости жадные за нищенским столом, Купцов, чиновников усопших мавзолеи, Дешевого резца нелепые затеи, Над ними надписи и в прозе и в стихах О добродетелях, о службе и чинах; По старом рогаче вдовицы плач амурный, Ворами со столбов отвинченные урны, Могилы склизкие, которы также тут Зеваючи жильцов к себе на утро ждут,- Такие смутные мне мысли всё наводит, Что злое на меня уныние находит. Хоть плюнуть да бежать... Но как же любо мне Осеннею порой, в вечерней тишине, В деревне посещать кладбище родовое, Где дремлют мертвые в торжественном покое. Там неукрашенным могилам есть простор; К ним ночью темною не лезет бледный вор; Близ камней вековых, покрытых желтым мохом, Проходит селянин с молитвой и со вздохом; На место праздных урн и мелких пирамид, Безносых гениев, растрепанных харит Стоит широко дуб над важными гробами, Колеблясь и шумя...
P00311	poem	Александр Пушкин: Мирская власть	Когда великое свершалось торжество, И в муках на кресте кончалось божество, Тогда по сторонам животворяща древа Мария-грешница и пресвятая дева, Стояли две жены, В неизмеримую печаль погружены. Но у подножия теперь креста честнаго, Как будто у крыльца правителя градскаго, Мы зрим - поставлено на место жен святых В ружье и кивере два грозных часовых. К чему, скажите мне, хранительная стража?- Или распятие казенная поклажа, И вы боитеся воров или мышей?- Иль мните важности придать царю царей? Иль покровительством спасаете могучим Владыку, тернием венчанного колючим, Христа, предавшего послушно плоть свою Бичам мучителей, гвоздям и копию? Иль опасаетесь, чтоб чернь не оскорбила Того, чья казнь весь род Адамов искупила, И, чтоб не потеснить гуляющих господ, Пускать не велено сюда простой народ?
P00312	poem	Александр Пушкин: На статую играющего в бабки	Юноша трижды шагнул, наклонился, рукой о колено Бодро оперся, другой поднял меткую кость. Вот уж прицелился... прочь! раздайся, народ любопытный, Врозь расступись; не мешай русской удалой игре.
P00313	poem	Александр Пушкин: На статую играющего в свайку	Юноша, полный красы, напряженья, усилия чуждый, Строен, легок и могуч,- тешится быстрой игрой! Вот и товарищ тебе, дискобол! Он достоин, клянуся, Дружно обнявшись с тобой, после игры отдыхать.
P00314	poem	Александр Пушкин: Напрасно я бегу к сионским высотам...	Напрасно я бегу к сионским высотам, Грех алчный гонится за мною по пятам... Так, ноздри пыльные уткнув в песок сыпучий, Голодный лев следит оленя бег пахучий.
P00315	poem	Александр Пушкин: От западных морей...	От западных морей до самых врат восточных Не многие умы от благ прямых и прочных Зло могут отличить... рассудок редко нам Внушает . . . . . . . . . . . . . . . . "Пошли мне долгу жизнь и многие года!" Зевеса вот о чем и всюду и всегда Привыкли вы молить - но сколькими бедами Исполнен долгой век! Во-первых, как рубцами, Лицо морщинами покроется - оно . . . . . . . . . . превращено.
P00316	poem	Александр Пушкин: От меня вечор Леила...	От меня вечор Леила Равнодушно уходила. Я сказал: "Постой, куда?" А она мне возразила: "Голова твоя седа". Я насмешнице нескромной Отвечал: "Всему пopa! То, что было мускус темный, Стало нынче камфора". Но Леила неудачным Посмеялася речам И сказала: "Знаешь сам: Сладок мускус новобрачным, Камфора годна гробам".
P00317	poem	Александр Пушкин: Отцы пустынники и жены непорочны...	Отцы пустынники и жены непорочны, Чтоб сердцем возлетать во области заочны, Чтоб укреплять его средь дольних бурь и битв, Сложили множество божественных молитв; Но ни одна из них меня не умиляет, Как та, которую священник повторяет Во дни печальные Великого поста; Все чаще мне она приходит на уста И падшего крепит неведомою силой: Владыко дней моих! дух праздности унылой, Любоначалия, змеи сокрытой сей, И празднословия не дай душе моей. Но дай мне зреть мои, о Боже, прегрешенья, Да брат мой от меня не примет осужденья, И дух смирения, терпения, любви И целомудрия мне в сердце оживи.
P00318	poem	Александр Пушкин: Подражание итальянскому	Как с древа сорвался предатель ученик, Диявол прилетел, к лицу его приник, Дхнул жизнь в него, взвился с своей добычей смрадной И бросил труп живой в гортань геенны гладной... Там бесы, радуясь и плеща, на рога Прияли с хохотом всемирного врага И шумно понесли к проклятому владыке, И сатана, привстав, с веселием на лике Лобзанием своим насквозь прожег уста, В предательскую ночь лобзавшие Христа.
P00319	poem	Александр Пушкин: Художнику	Грустен и весел вхожу, ваятель, в твою мастерскую: Гипсу ты мысли даешь, мрамор послушен тебе: Сколько богов, и богинь, и героев!... Вот Зевс Громовержец, Вот изподлобья глядит, дуя в цевницу, сатир. Здесь зачинатель Барклай, а здесь совершитель Кутузов. Тут Аполлон - идеал, там Ниобея - печаль.... Весело мне. Но меж тем в толпе молчаливых кумиров - Грустен гуляю: со мной доброго Дельвига нет; В темной могиле почил художников друг и советник. Как бы он обнял тебя! как бы гордился тобой!
P00320	poem	Александр Пушкин: Я памятник себе воздвиг нерукотворный...	Exegi monumentum.* Я памятник себе воздвиг нерукотворный, К нему не зарастёт народная тропа, Вознёсся выше он главою непокорной Александрийского столпа.** Нет, весь я не умру - душа в заветной лире Мой прах переживёт и тлeнья убежит - И славен буду я, доколь в подлунном мире Жив будет хоть один пиит. Слух обо мне пройдёт по всей Руси великой, И назовёт меня всяк сущий в ней язык, И гордый внук славян, и финн, и ныне дикий Тунгус, и друг степей калмык. И долго буду тем любезен я народу, Что чувства добрые я лирой пробуждал, Что в мой жестокий век восславил я свободу И милость к падшим призывал. Веленью бoжию, о муза, будь послушна, Обиды не страшась, не требуя венца; Хвалу и клевету приeмли равнодушно И не оспаривай глупца. * "Я воздвиг памятник" (лат.). Эпиграф взят из произведений Горация, знаменитого римского поэта (65-8 гг. до н. э.). ** Александрийский столп - колонна, поставленная в честь царя Александра I на Дворцовой площади в Петербурге.
P00321	poem	Александр Радищев: 	Ты хочешь знать: кто я? что я? куда я еду? Я тот же, что и был и буду весь мой век. Не скот, не дерево, не раб, но человек! Дорогу проложить, где не бывало следу, Для борзых смельчаков и в прозе и в стихах, Чувствительным сердцам и истине я в страх В острог Илимский еду.
P00322	poem	Александр Радищев: Ты хочешь знать: кто я?..	Ты хочешь знать: кто я? что я? куда я еду? Я тот же, что и был и буду весь мой век. Не скот, не дерево, не раб, но человек! Дорогу проложить, где не бывало следу, Для борзых смельчаков и в прозе и в стихах, Чувствительным сердцам и истине я в страх В острог Илимский еду.
P00323	poem	Александр Радищев: Журавли	Басня Осень листы ощипала с дерев, Иней седой на траву упадал, Стадо тогда журавлей собралося, Чтоб прелететь в теплу, дальну страну, За море жить. Один бедный журавль, Нем и уныл, пригорюнясь сидел: Ногу стрелой перешиб ему ловчий. Радостный крик журавлей он не множит; Бодрые братья смеялись над ним. "Я не виновен, что я охромел, Нашему царству, как вы, помогал. Вам надо мной хохотать бы не должно, Ни презирать, видя бедство мое. Как мне лететь? Отымает возможность, Мужество, силу претяжка болезнь. Волны, несчастному, будут мне гробом. Ах, для чего не пресек моей жизни Ярый ловец!"- Между тем веет ветр, Стадо взвилося и скорым полетом За море вмиг прелететь поспешает. Бедный больной назади остается; Часто на листьях, пловущих в водах, Он отдыхает, горюет и стонет; Грусть и болезнь в нем всё сердце снедают, Мешкав он много, летя помаленьку, Землю узрел, вожделенну душою, Ясное небо и тихую пристань. Тут всемогущий болезнь излечил, Дал жить в блаженстве в награду трудов,- Многи ж насмешники в воду упали. О вы, стенящие под тяжкою рукою Злосчастия и бед! Исполнены тоскою, Клянете жизнь и свет; Любители добра, ужель надежды нет? Мужайтесь, бодрствуйте и смело протекайте Сей краткой жизни путь. На он-пол поспешайте: Там лучшая страна, там мир вовек живет, Там юность вечная, блаженство там вас ждет.
P00324	poem	Александр Радищев: Час преблаженный...	Час преблаженный, День вожделенный! Мы оставляем, Мы покидаем Илимски горы, Берлоги, норы!
P00325	poem	Александр Радищев: Осьмнадцатое столетие	Урна времян часы изливает каплям подобно: Капли в ручьи собрались; в реки ручьи возросли И на дальнейшем брегу изливают пенистые волны Вечности в море; а там нет ни предел, ни брегов; Не возвышался там остров, ни дна там лот не находит; Веки в него протекли, в нем исчезает их след. Но знаменито вовеки своею кровавой струею С звуками грома течет наше столетье туда; И сокрушил наконец корабль, надежды несущий, Пристани близок уже, в водоворот поглощен, Счастие и добродетель, и вольность пожрал омут ярый, Зри, восплывают еще страшны обломки в струе. Нет, ты не будешь забвенно, столетье безумно и мудро, Будешь проклято вовек, ввек удивлением всех, Крови - в твоей колыбели, припевание - громы сраженьев, Ах, омоченно в крови ты ниспадаешь во гроб; Но зри, две вознеслися скалы во среде струй кровавых: Екатерина и Петр, вечности чада! и росс. Мрачные тени созади, впреди их солнце; Блеск лучезарный его твердой скалой отражен. Там многотысячнолетны растаяли льды заблужденья, Но зри, стоит еще там льдяный хребет, теремясь; Так и они - се воля господня - исчезнут, растая, Да человечество в хлябь льдяну, трясясь, не падет. О незабвенно столетие! радостным смертным даруешь Истину, вольность и свет, ясно созвездье вовек; Мудрости смертных столпы разрушив, ты их паки создало; Царства погибли тобой, как раздробленный корабль; Царства ты зиждешь; они расцветут и низринутся паки; Смертный что зиждет, всё то рушится, будет всё прах. Но ты творец было мысли: они ж суть творения бога, И не погибнут они, хотя бы гибла земля; Смело счастливой рукою завесу творенья возвеяв, Скрыту природу сглядев в дальном таилище дел, Из океана возникли новы народы и земли, Нощи глубокой из недр новы металлы тобой. Ты исчисляешь светила, как пастырь играющих агнцев; Нитью вождения вспять ты призываешь комет; Луч рассечен тобой света; ты новые солнца воззвало; Новы луны изо тьмы дальной воззвало пред нас; Ты побудило упряму природу к рожденью чад новых; Даже летучи пары ты заключило в ярем; Молнью небесну сманило во узы железны на землю И на воздушных крылах смертных на небо взнесло. Мужественно сокрушило железны ты двери призраков, Идолов свергло к земле, что мир на земле почитал. Узы прервало, что дух наш тягчили, да к истинам новым Молньей крылатой парит, глубже и глубже стремясь. Мощно, велико ты было, столетье! дух веков прежних Пал пред твоим олтарем ниц и безмолвен, дивясь. Но твоих сил недостало к изгнанию всех духов ада, Брызжущих пламенный яд чрез многотысящный век, Их недостало на бешенство, ярость, железной ногою Что подавляют цветы счастья и мудрости в нас. Кровью на жертвеннике еще хищности смертны багрятся, И человек претворен в люта тигра еще. Пламенник браней, зри, мычется там на горах и на нивах, В мирных долинах, в лугах, мычется в бурной волне. Зри их сопутников черных!- ужасны!.. идут - ах! идут, зри: (Яко ночные мечты) лютости, буйства, глад, мор!- Иль невозвратен навек мир, дающий блаженство народам? Или погрязнет еще, ах, человечество глубже? Из недр гроба столетия глас утешенья изыде: Срини отчаяние! смертный, надейся, бог жив. Кто духу бурь повелел истязати бунтующи волны, Времени держит еще цепь тот всесильной рукой: Смертных дух бурь не развеет, зане суть лишь твари дневные, Солнца на всходе цветут, блекнут с закатом они; Вечна едина премудрость. Победа ее увенчает, После тревог воззовет, смертных достойный... Утро столетия нова кроваво еще нам явилось, Но уже гонит свет дня нощи угрюмую тьму; Выше и выше лети ко солнцу, орел ты российский, Свет ты на землю снеси, молньи смертельны оставь. Мир, суд правды, истина, вольность лиются от трона, Екатериной, Петром вздвигнут, чтоб счастлив был росс. Петр и ты, Екатерина! дух ваш живет еще с нами. Зрите на новый вы век, зрите Россию свою. Гений хранитель всегда, Александр, будь у нас...
P00326	poem	Антон Дельвиг: Бедный Дельвиг	Вот бедный Дельвиг здесь живет, Не знаем суетою, Бренчит на лире и поет С подругою-мечтою. Пускай невежество гремит Над мудрою главою, Пускай и эгоизм кричит С фортуною слепою,— Один он с леностью живет, Блажен своей судьбою, Век свой о радости поет И незнаком с тоскою. O счастии не говорит, Но счастие с тобою Живет — и будет вечно жить И с леностью святою!
P00327	poem	Антон Дельвиг: К А. М. Т....й (Могу ль забыть...)	Могу ль забыть то сладкое мгновенье, Когда я вами жил и видел только вас, И вальса в бешеном круженье Завидовал свободе дерзких глаз? Я весь тогда желал оборотиться в зренье, Я умолял: «Постой, веселое мгновенье! Пускай я не спущу с прекрасной вечно глаз, Пусть так забвение крылом покроет нас!»
P00328	poem	Антон Дельвиг: К Амуру	(Из Геснера) Еще в начале мая Тебе, Амур жестокий! Я жертвенник поставил В домашнем огороде И розами и миртом Обвил его, украсил. Не каждое ли утро С тех пор венок душистый Носил тебе, как жертву? А было все напрасно! Уж сыплются метели По обнаженным ветвям,- Она ж ко мне сурова, Как и в начале мая.
P00329	poem	Антон Дельвиг: К Диону (Сядем, любезный Дион...)	Сядем, любезный Дион, под сенью развесистой рощи, Где прохлажденный в тени, сверкая, стремится источник, Там позабудем на время заботы мирские и Вакху Вечера час посвятим. Мальчик, наполни фиал фалернским вином искрометным! В честь вечно юному Вакху осушим мы дно золотое; В чаше, обвитой венком, принеси дары щедрой Помоны,- Вкусны, румяны плоды. Тщетно юность спешит удержать престарелого Хрона, Просит, молит его - не внимая, он далее мчится; Маленький только Эрот смеется, поет и, седого За руку взявши, бежит. Что нам в жизни сей краткой за тщетною славой гоняться, Вечно в трудах только жить, не видеть веселий до гроба? Боги для счастия нам и веселия дни даровали, Для наслаждений любви. Пой, в хороводе девиц белогрудых, песни веселью, Прыгай под звонкую флейту; сплетяся руками, кружися, И твоя жизнь протечет, как быстро в зеленой долине Скачет и вьется ручей. Друг, за лавровый венок не кланяйся гордым пританам. Пусть за слепою богиней Лициний гоняется вечно, Пусть и обнимет ее. Фортуна косы всеразящей Не отвратит от главы. Что нам богатства искать? им счастья себе не прикупим: Всех на одной ладие, и бедного Ира и Креза, В мрачное царство Плутона, чрез волны ужасного Стикса Старый Харон отвезет. Сядем, любезный Дион, под сенью развесистой рощи, Где прохлажденный в тени, сверкая, стремится источник, Там позабудем на время заботы мирские и Вакху Вечера час посвятим.
P00330	poem	Антон Дельвиг: На смерть кучера Агафона	Ни рыжая брада, ни радость старых лет, Ни дряхлая твоя супруга, Ни кони не спасли от тяжкого недуга... И Агафона нет! Потух, как от копыт огонь во мраке ночи, Как ржанье звучное усталого коня!.. О небо! со слезой к тебе подъемлю очи И, бренный, не могу не вопросить тебя: Ужель не вечно нам вожжами править можно И счастие в вине напрасно находить? Иль лучшим кучерам жить в мире лучшем должно, А нам с худыми быть!.. Увы! не будешь ты потряхивать вожжею; Не будешь лошадей бить плетию своею; И, усом шевеля, по-русски их бранить; Уже не станешь ты и по воду ходить! Глас молодецкий не прольется, И путник от тебя уж не зажмет ушей, И при сияньи фонарей Уж глас форейтора тебе не отзовется, И ах! Кузьминишна сквозь слез не улыбнется! Умолкло все с тобой! Кухарки слезы льют, Супруга, конюхи венки из сена вьют, Глася отшедшему к покою: "Когда ты умер - черт с тобою!"
P00331	poem	Антон Дельвиг: Первая встреча	Мне минуло шестнадцать лет, Но сердце было в воле; Я думала: весь белый свет - Наш бор, поток и поле. К нам юноша пришел в село: Кто он? отколь? не знаю - Но все меня к нему влекло, Все мне твердило: знаю! Его кудрявые власы Вкруг шеи обвивались, Как мак сияет от росы, Сияли, рассыпались. И взоры пламенны его Мне что-то изъясняли; Мы не сказали ничего, Но уж друг друга знали. Куда пойду - и он за мной. На долгую ль разлуку? Не знаю! только он с тоской Безмолвно жал мне руку. "Что хочешь ты?- спросила я,- Скажи, пастух унылый". И с жаром обнял он меня И тихо назвал милой. И мне б тогда его обнять! Но рук не поднимала, На перси потупила взгляд, Краснела, трепетала. Ни слова не сказала я; За что ж ему сердиться? Зачем покинул он меня? И скоро ль возвратится?
P00332	poem	Антон Дельвиг: Тихая жизнь	Блажен, кто за рубеж наследственных полей Ногою не шагнет, мечтой не унесется; Кто с доброй совестью и с милою своей Как весело заснет, так весело проснется; Кто молоко от стад, хлеб с нивы золотой И мягкую волну с своих овец сбирает, И для кого свой дуб в огне горит зимой, И сон прохладою в день летний навевает. Спокойно целый век проводит он в трудах, Полета быстрого часов не примечая, И смерть к нему придет с улыбкой на устах, Как лучших, новых дней пророчица благая. Так жизнь и Дельвигу тихонько провести. Умру - и скоро все забудут о поэте! Что нужды? Я блажен, я мог себе найти В безвестности покой и счастие в Лилете!
P00333	poem	Антон Дельвиг: Фани	(Горацианская ода) Мне ль под оковами Гимена Все видеть то же и одно? Мое блаженство - перемена, Я дев меняю, как вино. Темира, Дафна и Лилета Давно, как сон, забыты мной, И их для памяти поэта Хранит лишь стих удачный мой. Чем с девой робкой и стыдливой Случайно быть наедине, Дрожать и миг любви счастливой Ловить в ее притворном сне - Не слаще ли прелестной Фани Послушным быть учеником, Платить любви беспечно дани И оживлять восторги сном?
P00334	poem	Антон Дельвиг: Элизиум поэтов	За мрачными, Стигийскими брегами, Где в тишине Элизиум цветет, Минувшие певцы гремят струнами, Их шумный глас минувшее поет. Толпой века в молчании над ними, Облокотясь друг на друга рукой, Внимают песнь и челами седыми Кивают, бег воспоминая свой. И изредка веками сонм почтенный На мрачный брег за Эрмием грядет — И с торжеством в Элизиум священный Тень Гения отцветшего ведет. Их песнь гремит: «Проклят, проклят богами, Кто посрамил стихами муз собор!» О, горе! он чугунными цепями, Как Прометей, прикован к темю гор; Вран зависти льет хлад в него крылами И сердце рвет, и фурий грозный взор Разит его: «Проклят, проклят богами!» С шипеньем змей их раздается хор. — О юноша с невинною душою, Палладою и Фебом озарен, Почто ступил ты дерзкою ногою За Кипрою, мечтами ослеплен? Почто, певец, когда к тебе стучалась Прелестница вечернею порой И тихо грудь под дымкой колебалась, И взор светлел притворною слезой, Ты позабыл твой жребий возвышенный И пренебрег душевной чистотой, И, потушив в груди огонь священный, Ты Бахуса манил к себе рукой. И Бассарей с кистями винограда К тебе пришел, шатаясь на ногах. С улыбкой рек: «Вот бедствиям отрада, Люби и пей на дружеских пирах». Ты в руки ковш — он выжал сок шипящий, И Грация закрылася рукой, И от тебя мечтаний рой блестящий Умчался вслед невинности златой. И твой удел у Пинда пресмыкаться, Не будешь к нам ты Фебом приобщен! Блажен, кто мог с невинностью пробраться Чрез этот мир, возвышенным пленен.
P00335	poem	Антон Дельвиг: Эпиграмма (Поэт надутый Клит...)	Поэт надутый Клит Навеки заклялся со мною говорить. О Клит возлюбленный! смягчися, умоляю: Я без твоих стихов бессонницей страдаю!
P00336	poem	Антон Дельвиг: К Темире	Как птичка резвая, младая, Ты под крылом любви растешь, Мирских забот еще не зная, Вертишься и поешь. Но детство быстро унесется, С ним улетит и твой покой, И сердце у тебя забьется Неведомой тоской. Тщеславие тебя цветами Прилежно будет убирать, И много лет пред зеркалами Придется потерять. Здесь мода всеми помыкает, Чернит, румянит и белит, Веселых плакать заставляет, Печальным петь велит. И ты помчишься за толпою В чертог блестящей суеты И истинной почтешь красою Поддельные цветы. Но знай, что счастие на свете Не в жемчугах, не кружевах, И не в богатом туалете, А в искренних сердцах. Цвети, Темира дорогая, Богиня красотою будь, В столице роскоши блистая, Меня не позабудь!
P00337	poem	Антон Дельвиг: ПУШКИНУ	Кто, как лебедь цветущей Авзонии, Осененный и миртом и лаврами, Майской ночью при хоре порхающих, В сладких грезах отвился от матери,- Тот в советах не мудрствует; н стены Побежденных знамена не вешает; Столб кормами судов неприятельских Он не красит пред храмом Ареевым; Флот, с несчетным богатством Америки, С тяжким золотом, купленным кровию, Не взмущает двукраты экватора Для него кораблями бегущими. Но с младенчества он обучается Воспевать красот поднебесные, И ланиты его от приветствия Удивленной толпы горят пламенем. И Паллада туманное облако Рассевает от взоров,- и в юности Он уж видит священную истину И порок, исподлобья взирающий! Пушкин! Он и в лесах не укроется; Лира выдаст его громким пением, И от смертных восхитит бессмертного Аполлон на Олимп торжествующий.
P00338	poem	Антон Дельвиг: Пушкину (Кто, как лебедь...)	Кто, как лебедь цветущей Авзонии, Осененный и миртом и лаврами, Майской ночью при хоре порхающих, В сладких грезах отвился от матери,- Тот в советах не мудрствует; на стены Побежденных знамена не вешает; Столб кормами судов неприятельских Он не красит пред храмом Ареевым; Флот, с несчетным богатством Америки, С тяжким золотом, купленным кровию, Не взмущает двукраты экватора Для него кораблями бегущими. Но с младенчества он обучается Воспевать красоты поднебесные, И ланиты его от приветствия Удивленной толпы горят пламенем. И Паллада туманное облако Рассевает от взоров,- и в юности Он уж видит священную истину И порок, исподлобья взирающий! Пушкин! Он и в лесах не укроется; Лира выдаст его громким пением, И от смертных восхитит бессмертного Аполлон на Олимп торжествующий.
P00339	poem	Антон Дельвиг: К ЯХОНТОВУ	Не мило мне на новоселье, Здесь всё увяло, там цвело, Одно и есть мое веселье - Увидеть Царское Село! Цветку милей своя поляна (Там знал он радости одне!), Чем яркие края стакана, Где, бедный, вянет на окне. И пусть при светлой тишине Небес проснувшихся - Светлана Не налюбуется цветком В высоком тереме своем; Пусть окропит его слезою И будет нежно прижимать К груди, не скрытой под фатою, Моля его - не увядать,- Увянет! - Я ж скажу прекрасной: "Что слезы? сожалеть напрасно! Не нужно было бы срывать!"
P00340	poem	Антон Дельвиг: В сей книге, в кипе сей стихов...	В сей книге, в кипе сей стихов Найдут следы моих мечтаний, Которые, как жизнь блестящих мотыльков, Как сны волшебные младенческих годов, Исчезли — а меня с толпой забот, страданий Оставили бороться одного. Я благодарен вам, о боги! ничего Не нужно для моих умеренных желаний. Я много получил, чтобы в родной стране, Трудяся, счастливой предаться тишине: Спокойствие души, запас воспоминаний И бедный к песням дар, но вами ж данный мне.
P00341	poem	Антон Дельвиг: К Илличевскому	(В Сибирь) Я благотворности труда Еще, мой друг, не постигаю! Лениться, говорят, беда,— А я в беде сей утопаю И, пробудившись, забываю, О чем заботился вчера. Мне иногда твердят: «Пора Сдавить стихи твои станками, Они раскупятся друзьями, Друзья им прокричат: ура! Веселые за полной чашей. Тогда, сударь, от славы вашей, Или от вашего вина Заговорит вся сторона От Бельта до Сибири скучной, Куда с запиской своеручной Пошлете другу толстый том». Всё хорошо, но я не в том Свое блаженство полагаю: За стих не ссорюся с умом, А рифму к рифме приплетаю, Лениво глядя за пером. Напишет мне — я прочитаю! Я прочитаю их друзьям: Люблю внимать я похвалам, Когда их похвалы достоин. И я слыхал, худой тот воин, Кто быть не думает вождем! Так мыслю я, меж тем пером Мешая истину с мечтами, Почти забыл, что мы с тобой Привыкли говорить сердцами,— Забыл, что друг далекий мой, Прочтя мою систему лени, Но неизвестный о друзьях, По почте мне отправит пени Наместо неясных уверений, Что он и в дальних тех странах Своих друзей не забывает, Где мир, дряхлеющий во льдах, Красою дикой поражает; Что, как мелькнувшая весна Там оживляет всё творенье, Так о друзьях мечта одна Его приводит в восхищенье, Его уносит в светлый край Златых надежд, воспоминаний, Где нет забот, где нет страданий И слова грозного: прощай! Будь счастлив, друг! не забывай Веселых дней очарованья И резвых спутников твоих! Вот непритворные желанья Далекому от круга их, От круга радости веселой, Где дружба нас и сын Семелы Привыкли часто собирать, Где можно все заботы света С мундиром, с фраком скидавать, Без лести похвалить поэта И обо всем потолковать.
P00342	poem	Антон Дельвиг: Моя хижина	Когда я в хижине моей Согрет под стеганым халатом Не только графов и князей - Султана не признаю братом! Гляжу с улыбкою в окно: Вот мой ручей, мои посевы, Из гроздий брызжет тут вино, Там птиц домашних полны хлевы, В воде глядится тучный вол, Подруг протяжно призывая,- Все это в праздничный мой стол Жена украсит молодая. А вы, моих беспечных лет, Товарищи в весельи, в горе, Когда я просто был поэт И света не пускался в море - Хоть на груди теперь иной Считает ордена от скуки, Усядьтесь без чинов со мной, К бокалам протяните руки, Старинны песни запоем, Украдем крылья у веселья, Поговорим о том, о сем, Красноречивые с похмелья! Признайтесь, что блажен поэт В своем родительском владенье! Хоть на ландкарте не найдет Под градусами в протяженье Там свой овин, здесь огород, В ряду с Афинами иль Спартой, Зато никто их не возьмет Счастливо выдернутой картой.
P00343	poem	Антон Дельвиг: Осенняя картина	Когда земля отдаст плоды Трудов зимы, весны и лета, И, желтой мантией одета, Везде печальные следы Являет роскоши минувшей, Подобно радости мелькнувшей Быстрее молнии небес; Когда вершиной черный лес, Шумя, качает над туманом И, запоздалый, с океаном Усталый борется пловец, Тебе, Нептун, дает обеты, Чтоб не испить с струею Леты Отрады горестных сердец.— Я на коне скачу ретивом И по горам и по полям, И вихрем веселюсь игривым, Который мчится по степям, Из-под копыт с листом и прахом; И селянин его, со страхом Под вечер торопясь домой, Бродящей тенью почитает, Которую Харон седой В Аидов дом не пропускает; Ее протяжный слышен вой, Он погребенья умоляет.
P00344	poem	Антон Дельвиг: 	Там, где Семеновский полк, в пятой роте, в домике низком, Жил поэт Баратынский с Дельвигом, тоже поэтом. Тихо жили они, за квартиру платили не много, В лавочку были должны, дома обедали редко. Часто, когда покрывалось небо осеннею тучей, Шли они в дождик пешком, в панталонах трикотовых тонких, Руки спрятав в карман (перчаток они не имели!), Шли и твердили, шутя: "Какое в россиянах чувство!"
P00345	poem	Антон Дельвиг: В день моего рожденья	С годом двадцать мне прошло! Я пирую, други, с вами, И шампанское в стекло Льется пенными струями. Дай нам, благостный Зевес, Встретить новый век с бокалом! О, тогда с земли без слез, Смерти мирным покрывалом Завернувшись, мы уйдем И за мрачными брегами Встретясь с милыми тенями, Тень Аи себе нальем.
P00346	poem	Антон Дельвиг: Купидону	Сидя на льве, Купидон будил радость могущею лирой, И африканский лев тихо под ним выступал. Их ваятель узрел, ударил о камень — и камень Гения сильной рукой в образе их задышал.
P00347	poem	Антон Дельвиг: Надпись на статую флорентийского Меркури	Перст указует на даль, на главе развилися крылья, Дышит свободою грудь; с легкостью дивною он, В землю ударя крылатой ногой, кидается в воздух... Миг - и умчится! Таков полный восторга певец.
P00348	poem	Антон Дельвиг: Там, где Семеновский полк...	Там, где Семеновский полк, в пятой роте, в домике низком, Жил поэт Баратынский с Дельвигом, тоже поэтом. Тихо жили они, за квартиру платили не много, В лавочку были должны, дома обедали редко. Часто, когда покрывалось небо осеннею тучей, Шли они в дождик пешком, в панталонах трикотовых тонких, Руки спрятав в карман (перчаток они не имели!), Шли и твердили, шутя: "Какое в россиянах чувство!"
P00349	poem	Антон Дельвиг: Эпитафия (Прохожий! здесь лежит...)	(Экспромт) Прохожий! здесь лежит философ-человек, Он проспал целый век, Чтоб доказать, как прав был Соломон, Сказав: «Всё суета! всё сон!»
P00350	poem	Антон Дельвиг: Гений-хранитель	(Сновидение) Грустный душою и сердцем больной, я на одр мой недавно Кинулся, плакать хотел — не мог и роптал на бессмертных. Все испытанья, все муки, меня повстречавшие в жизни, Снова, казалось, и вместе на душу, тяжелые, пали. Я утомился, и сон в меня усыпление пролил: Вижу — лежу я на камне, покрытый весь ранами, цепи Руки мои бременят, надо мною стоит и рыдает Юноша светлый, крылатый, созданье творящего Зевса. «Бедный товарищ, терпенье!» — он молвил мне. (Сладость внезапно В грудь мою полилась — и я жадно стал дивного слушать.) «Я твой гений-хранитель! Вижу улыбку укора, Вижу болезненный взгляд твой, страдалец невинный, и плачу. Боги позволили мне в сновиденьи предутреннем ныне Горе с тобой разделить и их оправдать пред тобою. Любят смертных они, и уж радость по воле их ждет вас С мрачной ладьи принять и вести в обитель награды. Но, доколе вы здесь, вы игралище мощного Рока; Властный, законы ужасные пишет он паркам суровым. Эрмий со мною (тебя еще не было) послан был Зевсом Миг возвестить, когда им выпрясть нить твоей жизни. Вняли веленью они и к делу руки простерли. Я подошел к ним, каждую собственным именем назвал, Низко главу наклонил и молил, всех вместе и розно, Ровно нить сию прясть иль в начале ее перерезать. Нет! и просьбы, и слезы были напрасны! Дико Песню запели они, и в перстах вретено закружилось».
P00351	poem	Антон Дельвиг: Лекарства от несчастий	Если мне объявят боги: «Здесь ты горе будешь пить!» Я скажу: «Вы очень строги! Но я всё ж останусь жить». Горько ль мне — я разделяю С милой слезы в тишине! Что ж на небе, я не знаю, Да и знать не нужно мне! Мне великую науку Дед мой доктор завещал: «Дружбою,— он пишет,— скуку И печаль я исцелял; От любви лечил несчастной Состаревшимся вином; Вообще же безопасно Все лечить несчастья — сном».
P00352	poem	Антон Дельвиг: Переводчику Вергилия	Ты переводчик, я читатель, Ты усыпитель - я зеватель.
P00353	poem	Антон Дельвиг: Поэт (Что до богов?..)	Что до богов? Пускай они Судьбами управляют мира! Но я, когда со мною лира, За светлы области эфира Я не отдам златые дни И с сладострастными ночами. Пред небом тщетными мольбами Я не унижуся, нет, нет! В самом себе блажен поэт. Всегда, везде его душа Найдет прямое сладострастье! Ему ль расслабнуть в неге, в счастье? Нет! взгляньте: в бурное ненастье, Стихий свободою дыша, Сквозь дождь он город пробегает, И сельский Аквилон играет На древних дикостью скалах В его измокших волосах! Познайте! Хоть под звук цепей Он усыплялся б в колыбели, А вкруг преступники гремели Развратной радостию в хмели,— И тут бы он мечте своей Дал возвышенное стремленье, И тут бы грозное презренье Пророку грянуло в ответ, И выше б Рока был Поэт.
P00354	poem	Антон Дельвиг: Романс (Сегодня я с вами пирую...)	"Сегодня я с вами пирую, друзья, Веселье нам песни заводит, А завтра, быть может, там буду и я, Откуда никто не приходит!" - Я так беззаботным друзьям говорил Давно,- но от самого детства Печаль в беспокойном я сердце таил Предвестьем грядущего бедства. Друзья мне смеялись и, свежий венец На кудри мои надевая, "Стыдись,- восклицали,- мечтатель-певец! Изменит ли жизнь молодая!" Война запылала, к родным знаменам Друзья как на пир полетели; Я с ними - но жребьи, враждебные нам, Мне с ними расстаться велели. В бездействии тяжком я думой следил Их битвы, предтечи победы; Их славою часто я первый живил Родителей грустных беседы. Года пролетали, я часто в слезах Был черной повязкой украшен... Брань стихла, где ж други? лежат на полях, Близ ими разрушенных башен. С тех пор я печально сижу на пирах, Где все мне твердит про былое; Дрожи моя чаша в ослабших руках: Мне тяжко веселье чужое.
P00355	poem	Антон Дельвиг: Русская песня (Ах ты, ночь ли...)	Ах ты, ночь ли, Ноченька! Ах ты, ночь ли, Бурная! Отчего ты С вечера До глубокой Полночи Не блистаешь Звездами, Не сияешь Месяцем? Всё темнеешь Тучами? И с тобой, знать, Ноченька, Как со мною, Молодцем, Грусть-злодейка Сведалась! Как заляжет, Лютая, Там глубоко На сердце - Позабудешь Девицам Усмехаться, Кланяться; Позабудешь С вечера До глубокой Полночи, Припевая, Тешиться Хороводной Пляскою! Нет, взрыдаешь, Всплачешься, И, безродный Молодец, На постелю Жесткую, Как в могилу, Кинешься!
P00356	poem	Антон Дельвиг: Русская песня (Я вечор в саду...)	Я вечор в саду, младешенька, гуляла, И я белую капусту поливала, Со правой руки колечко потеряла; Залилася я горючими слезами, И за это меня матушка бранила: "Стыдно плакать об колечке!- говорила,- Я куплю тебе колечко золотое, Я куплю тебе колечко с изумрудом". - Нет, нет, матушка, не надо никакого! То колечко было друга дорогого; Милый друг дал мне его на память. Любовь милого дороже изумруда, Любовь милого дороже всего света.
P00357	poem	Антон Дельвиг: Эпиграмма рецензенту поэмы `Руслан и Люд	Хоть над поэмою и долго ты корпишь, Красот ей не придашь и не умалишь!— Браня — всем кажется, ее ты хвалишь; Хваля — ее бранишь.
P00358	poem	Антон Дельвиг: Домик	За далью туманной, За дикой горой Стоит над рекой Мой домик простой; Для знати жеманной Он замкнут ключом, Но горенку в нем Отвел я веселью, Мечтам и безделью. Они берегут Мой скромный приют, Дана им свобода — В кустах огорода, На злаке лугов И древних дубов В тени молчаливой, Где, струйкой игривой Сверкая, бежит, Бежит и журчит Ручей пограничный,— С заботой привычной Порхать и летать И песнею сладкой В мой домик украдкой Друзей прикликать.
P00359	poem	Антон Дельвиг: Луна	Я вечером с трубкой сидел у окна; Печально глядела в окошко луна; Я слышал: потоки шумели вдали; Я видел: на холмы туманы легли. В душе замутилось, я дико вздрогнул: Я прошлое живо душой вспомянул! В серебряном блеске вечерних лучей Явилась мне Лила, веселье очей. Как прежде, шепнула коварная мне: «Быть вечно твоею клянуся луне». Как прежде, за тучи луна уплыла, И нас разлучила неверная мгла. Из трубки я выдул сгоревший табак. Вздохнул и на брови надвинул колпак.
P00360	poem	Антон Дельвиг: Музам	С благоговейною душой Поэт, упавши на колены, И фимиамом и мольбой Вас призывает, о камены, В свой домик низкий и простой! Придите, девы, воскресить В нем прежний пламень вдохновений И лиру к звукам пробудить: Друг ваш и друг его Евгений Да будет глас ее хвалить. Когда ж весна до вечных льдов Прогонит вьюги и морозы — На ваш алтарь, красу цветов, Положит первые он розы При пенье радостных стихов.
P00361	poem	Антон Дельвиг: Н. М. Я3ЫКОВУ	Младой певец, дорогою прекрасной Тебе идти к парнасским высотам, Тебе венок (поверь моим словам) Плетет Амур с каменей сладкогласной. От ранних лет я пламень не напрасный Храню в душе, благодаря богам, Я им влеком к возвышенным певцам С какою-то любовию пристрастной. Я Пушкина младенцем полюбил, С ним разделял и грусть и наслажденье, И первый я его услышал пенье И за себя богов благословил, Певца я с музой подружил - И славой их горжусь в вознагражденье.
P00362	poem	Антон Дельвиг: ПОДРАЖАНИЕ БЕРАНЖЕ	Однажды бог, восстав от сна, Курил сигару у окна И, чтоб заняться чем от скуки, Трубу взял в творческие руки; Глядит и видит вдалеке: Земля вертится в уголке. "Чтоб для нее я двинул ногу, Черт побери меня, ей-богу!" "О человеки всех цветов!- Сказал, зевая, Саваоф.- Мне самому смотреть забавно, Как вами управляю славно. Но бесит лишь меня одно: Я дал вам девок и вино, А вы, безмозглые пигмеи, Колотите друг друга в шеи И славите потом меня Под гром картечного огня. Я не люблю войны тревогу, Черт побери меня, ей-богу! Меж вами карлики-цари Себе воздвигли алтари, И думают они, буффоны, Что я надел на них короны И право дал душить людей. Я в том не виноват, ей-ей! Но я уйму их понемногу, Черт побери меня, ей-богу! Попы мне честь воздать хотят, Мне ладан под носом курят, Страшат вас светопреставленьем И ада грозного мученьем. Не слушайте вы их вранья, Отец всем добрым детям я; По смерти муки не страшитесь, Любите, пейте, веселитесь... Но с вами я заговорюсь... Прощайте! Гладкого боюсь! Коль в рай ему я дам дорогу, Черт побери меня, ей-богу!"
P00363	poem	Антон Дельвиг: Романс (Одинок месяц плыл...)	Одинок месяц плыл, зыбляся в тумане, Одинок воздыхал витязь на кургане. Свежих трав не щипал конь его унылый, "Конь мой, конь, верный конь, понесемся к милой! Не к добру грудь моя тяжко воздыхает, Не к добру сердце мне что-то предвещает; Не к добру без еды ты стоишь унылый! Конь мой, конь, верный конь, понесемся к милой!" Конь вздрогнул, и сильней витязь возмутился, В милый край, в страшный край как стрела пустился. Ночь прошла, все светло: виден храм с дубровой, Конь заржал, конь взвился над могилой новой.
P00364	poem	Антон Дельвиг: 19 октября 1822 (Что Илличевский...)	Что Илличевский не в Сибири, С шампанским кажет нам бокал, Ура, друзья! В его квартире Для нас воскрес лицейский зал. Как песни петь не позабыли Лицейского мы Мудреца, Дай бог, чтоб так же сохранили Мы скотобратские сердца.
P00365	poem	Антон Дельвиг: Жалоба	Воспламенить вас — труд напрасный, Узнал по опыту я сам; Вас боги создали прекрасной — Хвала и честь за то богам. Но вместе с прелестью опасной Они холодность дали вам. Я таю в грусти сладострастной, А вы, назло моим мечтам, Улыбкой платите неясной Любви моей простым мольбам.
P00366	poem	Антон Дельвиг: Анахорет по принужденью...	Анахорет по принужденью И злой болезни, и врачей, Привык бы я к уединенью, Привык бы к супу из костей, Не дав испортить сожаленью Физиономии своей; Когда бы непонятной силой Очаровательниц иль фей На миг из комнаты моей, И молчаливой, и унылой, Я уносим был каждый день В ваш кабинет, каменам милый. Пусть, как испуганная тень Певца предутреннего пеньем, Послушав вас, взглянув на вас, С немым, с безропотным терпеньем И к небесам с благодареньем Я б улетал к себе тотчас! Я услаждал бы сим мгновеньем Часы медлительного дня, Отнятого у бытия Недугом злым и для меня Приправленного скукой тяжкой.
P00367	poem	Антон Дельвиг: Н. И. Гнедичу	Муза вчера мне, певец, принесла закоцитную новость: В темный недавно Айдес тень славянина пришла; Там, окруженная сонмом теней любопытных, пропела (Слушал и древний Омер) песнь Илиады твоей. Старец наш, к персям вожатого-юноши сладко приникнув, Вскрикнул: «Вот слава моя, вот чего веки я ждал!»
P00368	poem	Антон Дельвиг: РОМАНС	Только узнал я тебя - И трепетом сладким впервые Сердце забилось во мне. Сжала ты руку мою - И жизнь и все радости жизни В жертву тебе я принес. Ты мне сказала "люблю" - И чистая радость слетела В мрачную душу мою. Молча гляжу на тебя,- Нет слова все муки, всё счастье Выразить страсти моей. Каждую светлую мысль, Высокое каждое чувство Ты зарождаешь в душе.
P00369	poem	Антон Дельвиг: Романс (Только узнал я тебя...)	Только узнал я тебя - И трепетом сладким впервые Сердце забилось во мне. Сжала ты руку мою - И жизнь и все радости жизни В жертву тебе я принес. Ты мне сказала "люблю" - И чистая радость слетела В мрачную душу мою. Молча гляжу на тебя,- Нет слова все муки, всё счастье Выразить страсти моей. Каждую светлую мысль, Высокое каждое чувство Ты зарождаешь в душе.
P00370	poem	Антон Дельвиг: Русская песня (Голова ль моя, головушка.	Голова ль моя, головушка, Голова ли молодецкая, Что болишь ты, что ты клонишься Ко груди, к плечу могучему? Ты не то была, удалая, В прежни годы, в дни разгульные, В русых кудрях, в красоте твоей, В той ли шапке, шапке бархатной, Соболями отороченной. Днем ли в те поры я выеду, В очи солнце - ты не хмуришься; В темном лесе в ночь ненастную Ты найдешь тропу заглохшую; Красна ль девица приглянется - И без слов ей все повыскажешь; Повстречаются ль недобрые - Только взглянут и вспокаются. Что ж теперь ты думу думаешь, Думу крепкую, тяжелую? Иль ты с сердцем перемолвилась, Иль одно вы с ним задумали? Иль прилука молодецкая Ни из сердца, ни с ума нейдет? Уж не вырваться из клеточки Певчей птичке конопляночке, Знать, и вам не видеть более Прежней воли с прежней радостью.
P00371	poem	Антон Дельвиг: Русская песня (Что, красотка молодая...)	Что, красотка молодая, Что ты, светик, плачешь? Что головушку, вздыхая, К белой ручке клонишь? Или словом, или взором Я тебя обидел? Иль нескромным разговором Ввел при людях в краску? Нет, лежит тоска иная У тебя на сердце! Нет, кручинушку другую Ты вложила в мысли! Ты не хочешь, не желаешь Молодцу открыться, Ты боишься милу другу Заповедать тайну! Не слыхали ль злые люди Наших разговоров? Не спросили ль злые люди У отца родного; Не спросили ль сопостаты У твоей родимой: "Чей у ней на ручке перстень? Чья в повязке лента? Лента, ленточка цветная, С золотой каймою; Перстень с чернью расписною, С чистым изумрудом?" Не томи, открой причину Слез твоих горючих! Перелей в мое ты сердце Всю тоску-кручину, Перелей тоску-кручину Сладким поцелуем: Мы вдвоем тоску-кручину Легче растоскуем.
P00372	poem	Антон Дельвиг: С. Д. П[0НОМАРЕВ]ОЙ	В Испании Амур не чужестранец, Он там не гость, но родственник и свой, Под кастаньет с веселой красотой Поет романс и пляшет, как испанец. Его огнем в щеках блестит румянец, Пылает грудь, сверкает взор живой, Горят уста испанки молодой; И веет мирт, и дышит померанец. Но он и к нам, всесильный, не суров, И к северу мы зрим его вниманье: Не он ли дал очам твоим блистанье, Устам - коралл, жемчужный ряд зубов, И в кудри свил сей мягкий шелк власов, И всю тебя одел в очарованье!
P00373	poem	Антон Дельвиг: С.Д. Пономаревой	(При посылке книги "Воспоминание об Испании", соч. Булгарина) В Испании Амур не чужестранец, Он там не гость, но родственник и свой, Под кастаньет с веселой красотой Поет романс и пляшет, как испанец. Его огнем в щеках блестит румянец, Пылает грудь, сверкает взор живой, Горят уста испанки молодой; И веет мирт, и дышит померанец. Но он и к нам, всесильный, не суров, И к северу мы зрим его вниманье: Не он ли дал очам твоим блистанье, Устам - коралл, жемчужный ряд зубов, И в кудри свил сей мягкий шелк власов, И всю тебя одел в очарованье!
P00374	poem	Антон Дельвиг: 19 октября 1824 (Семь лет пролетело...)	Семь лет пролетело, но, дружба, Ты та же у старых друзей: Всё любишь лицейские песни, Всё сердцу твердишь про Лицей. (2) Останься ж век нашей хозяйкой И долго в сей день собирай Друзей, не стареющих сердцем, И им старину вспоминай. Наш милый начальник! ты с нами, Ты любишь и нас, и Лицей, Мы пьем за твое все здоровье, А ты пей за нас, за друзей.
P00375	poem	Антон Дельвиг: Две звездочки	Со мною мать прощалася (С полком я шел в далекий край); Весь день лила родимая Потоки слез горючие, А вечером свела меня К сестре своей кудеснице. В дверь стукнула, нет отклика, А за дверью шелохнулось; Еще стучит, огонь секут; В окно глядим, там светится. Вот в третий раз стучит, кричит: «Ты скажешься ль, откликнешься ль, Отопрешься ль?» — Нет отзыва! Мы час стоим, другой стоим: А за дверью огонь горит, Дрова трещат, котлы кипят, Ворчат, поют нерусское. Но полночь бьет, все смолкнуло, Все смолкнуло, погаснуло! Мы ждать-пождать, дверь скрыпнула, Идет, поет кудесница: «Туман, туман! В тумане свет! То, дитятко, звезда твоя! Туман тебе: немилый край; Туманный свет: туманно жить. Молись, молись! туман пройдет, Туман пройдет, звезда блеснет, Звезда блеснет приветнее, Приветнее, прилучнее!» Ах, с той поры в краю чужом Давным-давно я ведаю Тоску-печаль, злодейку-грусть; Злодейка-грусть в душе живет. Так, старая кудесница, Туман, туман — немилый край! В нем тошно жить мне, молодцу! Но та звезда, та ль звездочка, Свети иль нет, мне дела нет! В краю чужом у молодца Другие есть две звездочки Приветные, прилучные — Глаза ль моей красавицы!
P00376	poem	Антон Дельвиг: Мы	Бедные мы! что наш ум?- сквозь туман озаряющий факел Бурей гонимый наш челн по морю бедствий и слез; Счастие наше в неведеньи жалком, в мечтах и безумстве: Свечку хватает дитя, юноша ищет любви.
P00377	poem	Антон Дельвиг: Песня (Наяву и в сладком сне...)	Наяву и в сладком сне Всё мечтаетесь вы мне: Кудри, кудри шелковые, Юных персей красота, Прелесть - очи и уста, И лобзания живые. И я в раннюю зарю Темным кудрям говорю: Кудри, кудри, что вы вьетесь? Мне уж вами не играть, Мне уж вас не целовать, Вы другому достаетесь. И я утром золотым Молвлю персям молодым: Пух лебяжий, негой страстной Не дыши по старине - Уж не быть счастливым мне На груди моей прекрасной. Я твержу по вечерам Светлым взорам и устам: Замолчите, замолчите! С лютой долей я знаком, О веселом, о былом Вы с душой не говорите! Ночью сплю ли я, не сплю - Все устами вас ловлю, Сердцу сладкие лобзанья! Сердце бьется, сердце ждет,- Но уж милая нейдет В час условленный свиданья.
P00378	poem	Антон Дельвиг: РУССКАЯ ПЕСНЯ	Пела, пела пташечка И затихла; Знало сердце радости И забыло. Что, певунья пташечка, Замолчала? Как ты, сердце, сведалось С черным горем? Ах! убили пташечку Злые вьюги; Погубили молодца Злые толки! Полететь бы пташечке К синю морю; Убежать бы молодцу В лес дремучий! На море валы шумят, А не вьюги, В лесе звери лютые, Да не люди!
P00379	poem	Антон Дельвиг: Русская песня (Пела, пела пташечка...)	Пела, пела пташечка И затихла; Знало сердце радости И забыло. Что, певунья пташечка, Замолчала? Как ты, сердце, сведалось С черным горем? Ах! убили пташечку Злые вьюги; Погубили молодца Злые толки! Полететь бы пташечке К синю морю; Убежать бы молодцу В лес дремучий! На море валы шумят, А не вьюги, В лесе звери лютые, Да не люди!
P00380	poem	Антон Дельвиг: Твой друг ушел...	Твой друг ушел, презрев земные дни, Но ты его, он молит, вспомяни. С одним тобой он сердцем говорил, И ты один его не отравил. Он не познал науки чудной жить: Всех обнимать, всех тешить и хвалить, Чтоб каждого удобней подстеречь И в грудь ловчей воткнуть холодный меч. Но он не мог людей и пренебречь: Меж ними ты, старик отец и мать.
P00381	poem	Антон Дельвиг: Эпитафия (Жизнью земною играла...)	Жизнью земною играла она, как младенец игрушкой. Скоро разбила ее: верно, утешилась там.
P00382	poem	Антон Дельвиг: 19 октября 1825 (В третий раз...)	В третий раз, мои друзья, Вам пою куплеты я На пиру лицейском. О, моя, поверьте, тень Огласит сей братский день В царстве Елисейском. Хоть немного было нас, Но застал нас первый час Дружных и веселых. От вина мы не пьяны, Лишь бы не были хмельны От стихов тяжелых. И в четвертый раз, друзья, Воспою охотно я Вам лицейский праздник. Лейся, жженка, через край, Ты ж под голос наш играй, Яковлев-проказник.
P00383	poem	Антон Дельвиг: Смерть	Мы не смерти боимся, но с телом расстаться нам жалко: Так не с охотою мы старый сменяем халат.
P00384	poem	Антон Дельвиг: Утешение	Смертный, гонимый людьми и судьбой! расставаяся с миром, Злобу людей и судьбы сердцем прости и забудь. К солнцу впоследнее взор обрати, как Руссо, и утешься: В тернах заснувшие здесь, в миртах пробудятся там.
P00385	poem	Антон Дельвиг: Идиллия (Некогда Титир и Зоя...)	Некогда Титир и Зоя, под тенью двух юных платанов, Первые чувства познали любви и, полные счастья, Острым кремнем на коре сих дерев имена начертали: Титир - Зои, а Титира - Зоя, богу Эроту Шумных свидетелей страсти своей посвятивши. Под старость К двум заветным платанам они прибрели и видят Чудо: пни их, друг к другу склонясь, именами срослися. Нимфы дерев сих, тайною силой имен сочетавшись, Ныне в древе двойном вожделеньем на путника веют; Ныне в тени их могила, в могиле той Титир и Зоя.
P00386	poem	Антон Дельвиг: Русская песня (И я выйду ль...)	И я выйду ль на крылечко, На крылечко погулять, И я стану у колечка О любезном горевать; Как у этого ль колечка Он впоследнее стоял И печальное словечко Мне, прощаючись, сказал: "За турецкой за границей, В басурманской стороне По тебе лишь по девице Слезы лить досталось мне..." . . . . . . . . . . . . . . . . . . . . . . . . . . . . . .
P00387	poem	Антон Дельвиг: Русская песня (Как за реченькой...)	Как за реченькой слободушка стоит, По слободке той дороженька бежит, Путь-дорожка широка, да не длинна, Разбегается в две стороны она: Как налево - на кладбище к мертвецам, А направо - к закавказским молодцам Грустно было провожать мне, молодой, Двух родимых и по той, и по другой: Обручальника по левой проводя, С плачем матерью землей покрыла я; А налетный друг уехал по другой, На прощанье мне кивнувши головой.
P00388	poem	Антон Дельвиг: Русская песня (По небу тучи...)	По небу Тучи громовые ходят; По полю Пули турецкие свищут. Молодцу ль Грома и пули бояться? Что же он Голову клонит да плачет? Бедному Жаль не себя, горемыки, Жаль ему Душечки красной девицы! Девушку Грозный отец принуждает, Красную Жалобно матушка молит: "Дитятко! Выдь за богатого замуж! Милое, Верь, и не вспомнишь солдата!"
P00389	poem	Антон Дельвиг: Эпилог	Так певал без принужденья, Как на ветке соловей, Я живые впечатленья Полной юности моей. Счастлив другом, милой девы Всё искал душою я. И любви моей напевы Долго кликали тебя.
P00390	poem	Антон Дельвиг: Малороссийская песня	Я ль от старого бежала, В полночь травы собирала, Травы с росами мешала, Все о воле чаровала. Птичке волю, сердцу волю! Скоро ль буду я вдовою?.. Дайте, дайте погуляю, Как та рыбка по Дунаю, Как та рыбка с окунями, Я, молодка, с молодцами, Как та рыбка со плотвою, Я с прилукой-красотою!
P00391	poem	Антон Дельвиг: Русская песня (Как у нас ли на кровельке	Как у нас ли на кровельке, Как у нас ли на крашеной, Собиралися пташечки, Мелки пташечки, ласточки, Щебетали, чиликали, Несобравшихся кликали: "Вы слетайтесь, не медлите, В путь-дороженьку пустимся! Красны дни миновалися, Вдоволь мы наигралися, Здесь не ждать же вам гибели От мороза трескучего!" Государь ты мой, батюшка, Государыня матушка! Меня суженый сватает, Меня ряженый сватает; Поспешите, не мешкайте, Меня поезду выдайтe, С хлебом-солию, с образом, С красотой проходящею! Мне не век вековать у вас, Не сидеть же все девицей Без любви и без радости До ворчуньи до старости.
P00392	poem	Антон Дельвиг: Слезы любви	Сладкие слезы первой любви, как росы, вы иссохли! - Нет! на бессмертных цветах в светлом раю мы блестим!
P00393	poem	Антон Дельвиг: ПОЭТ	Долго на сердце хранит он глубокие чувства и мысли: Мнится, с нами, людьми, их он не хочет делить! Изредка - так ли, по воле ль небесной - вдруг запоет он,- Боги! в песнях его - счастье, и жизнь, и любовь, Всё, как в вине вековом, початом для гостя родного, Чувства ласкают равно: цвет, благовонье и вкус.
P00394	poem	Василий Жуковский: Стихи на новый, 1800 год	Из недра вечности рожденный, Парит к нам юный сын веков; Сотканна из зарей порфира Струится на плечах его; Лучи главу его венчают, Простерт о чреслах Зодиак, В его деснице зрится чаша, Где скрыты жребии судьбы, Из коей вечными струями Блаженство и беды текут. Летит - пред ним часы, минуты Лиются быстрою струей; Сопутницы, его подруги, Несут вселенной благодать: Зима в своей короне льдяной, В сотканной ризе из снегов, Весна с цветочными коврами, С плодами Осень для древес, С снопами Лето золотыми И благотворной теплотой. Летит - во сретенье вселенна Ему благословенья шлет; Желанья, робкие надежды Несутся сонмами к нему; К нему стремится глас хвалебный, К нему летит слеза и вздох; Монарх с блестящего престола И нищий с бедного одра К нему возводят взор молящий, Благодеяний ждут его... Лети, сын вечности желанный, Лети и по следам своим Цветы блаженства вожделенны И кротку радость насаждай... Пускай полет твой благодатный, Как зефир, землю освежит; Любовь, согласие священно Во всей вселенной утвердит.
P00395	poem	Василий Жуковский: К К.М.С[оковнин]ой	Протекших радостей уже не возвратить; Но в самой скорби есть для сердца наслажденье. Ужели все мечта? Напрасно ль слезы лить? Ужели наша жизнь есть только приведенье И трудная стезя к ничтожеству ведет? Ах! нет, мой милый друг, не будем безнадежны; Есть пристань верная, есть берег безмятежный; Там все погибшее пред нами оживет; Незримая рука, простертая над нами, Ведет нас к одному различными путями; Блаженство наша цель; когда мы к ней придем - Нам провидение сей тайны не открыло. Но рано ль, поздно ли, мы радостно вздохнем: Надеждой не вотще нас небо одарило.
P00396	poem	Василий Жуковский: На смерть А[ндрея Тургенева]	О, друг мой! неужли твой гроб передо мною! Того ль, несчастный, я от рока ожидал! Забывшись, я тебя бессмертным почитал... Святая благодать да будет над тобою! Покойся, милый прах; твой сон завиден мне! В сем мире без тебя, оставленный, забвенный, Я буду странствовать, как в чуждой стороне, И в горе слезы лить на пепел твой священный! Прости! не вечно жить! Увидимся опять; Во гробе нам судьбой назначено свиданье! Надежда сладкая! приятно ожиданье!- С каким веселием я буду умирать!
P00397	poem	Василий Жуковский: Стихи, сочиненные в день моего рождения	К моей лире и к друзьям моим О лира, друг мой неизменный, Поверенный души моей! В часы тоски уединенной Утешь меня игрой своей! С тобой всегда я неразлучен, О лира милая моя! Для одиноких мир сей скучен, А в нем один скитаюсь я! Мое младенчество сокрылось; Уж вянет юности цветок; Без горя сердце истощилось, Вперед присудит что-то рок! Но я пред ним не побледнею: Пусть будет то, что должно быть! Судьба ужасна лишь злодею, Судьба меня не устрашит. Не нужны мне венцы вселенной, Мне дорог ваш, друзья, венок! На что чертог мне позлащенный? Простой, укромный уголок, В тени лесов уединенной, Где бы свободно я дышал, Всем милым сердцу окруженный, И лирой дух свой услаждал,- Вот все - я больше не желаю, В душе моей цветет мой рай. Я бурный мир сей презираю. О лира, друг мой! утешай Меня в моем уединеньи; А вы, друзья мои, скорей, Оставя свет сей треволненный, Сберитесь к хижине моей. Там, в мире сердца благодатном, Наш век как ясный день пройдет; С друзьями и тоска приятна, Но и тоска нас не найдет. Когда ж придет нам расставаться, Не будем слез мы проливать: Недолго на земле скитаться; Друзья! увидимся опять.
P00398	poem	Василий Жуковский: Идиллия (Когда она была пастушкою...)	Когда она была пастушкою простой, Цвела невинностью, невинностью блистала, Когда слыла в селе девичьей красотой И кудри светлые цветами убирала,- Тогда ей нравились и пенистый ручей, И луг, и сень лесов, и мир моей долины, Где я пленял ее свирелию моей, Где я так счастлив был присутствием Алины. Теперь... теперь прости, души моей покой! Алина гордая - столицы украшенье; Увы! окружена ласкателей толпой, За лесть их отдала любви боготворенье, За пышный злата блеск - душистые цветы; Свирели тихий звук Алину не прельщает; Алина предпочла блаженству суеты; Собою занята, меня в лицо не знает.
P00399	poem	Василий Жуковский: На прославителя русских героев	Мирон схватил перо, надулся, пишет, пишет И под собой земли не слышит! "Пожарский! Филарет! отечества отец!" Поставил точку - и конец!
P00400	poem	Василий Жуковский: На смерть фельдмаршала графа Каменского	Еще великий прах... Неизбежимый рок! Твоя, твоя рука себя нам здесь явила; О, сколь разительный смирения урок Сия Каменского могила! Не ты ль, грядущее пред ним окинув мглой, Открыл его очам стезю побед и чести? Не ты ль его хранил невидимой рукой, Разящего перуном мести? Пред ним, за ним, окрест зияла смерть и брань; Сомкнутые мечи на грудь его стремились - Вотще! твоя над ним горе носилась длань... Мечи хранимого страшились. И мнили мы, что он последний встретит час, Простертый на щите, в виду победных строев, И, угасающий, с улыбкой вонмет глас О нем рыдающих героев. Слепцы!.. сей славы блеск лишь бездну украшал; Сей битвы страшный вид и ратей низложенья Лишь гибели мечту очам его являл И славной смерти привиденье... Куда ж твой тайный путь Каменского привел? Куда, могущих вождь, тобой руководимый, Он быстро посреди победных кликов шел? Увы!.. предел неотразимый! В сей таинственный лес, где страж твой обитал, Где рыскал в тишине убийца сокровенный, Где, избранный тобой, добычи грозно ждал Топор разбойника презренный...
P00401	poem	Василий Жуковский: Путешественник	Песня Дней моих еще весною Отчий дом покинул я; Все забыто было мною - И семейство и друзья. В ризе странника убогой, С детской в сердце простотой, Я пошел путем-дорогой - Вера был вожатый мой. И в надежде, в уверенье Путь казался недалек, "Странник,- слышалось,- терпенье! Прямо, прямо на восток. Ты увидишь храм чудесный; Ты в святилище войдешь; Там в нетленности небесной Все земное обретешь". Утро вечером сменялось; Вечер утру уступал; Неизвестное скрывалось; Я искал - не обретал. Там встречались мне пучины; Здесь высоких гор хребты; Я взбирался на стремнины; Чрез потоки стлал мосты. Вдруг река передо мною - Вод склоненье на восток; Вижу зыблемый струею Подле берега челнок. Я в надежде, я в смятенье; Предаю себя волнам; Счастье вижу в отдаленье; Все, что мило,- мнится - там! Ах! в безвестном океане Очутился мой челнок; Даль по-прежнему в тумане; Брег невидим и далек. И вовеки надо мною Не сольется, как поднесь, Небо светлое с землею... Там не будет вечно здесь.
P00402	poem	Василий Жуковский: Жалоба	(Романс) Над прозрачными водами Сидя, рвал услад венок; И шумящими волнами Уносил цветы поток. "Так бегут лета младые Невозвратною струей; Так все радости земные - Цвет увядший полевой. Ах! безвременной тоскою Умерщвлен мой милый цвет. Все воскреснуло с весною; Обновился божий свет; Я смотрю - и холм веселый И поля омрачены; Для души осиротелой Нет цветущия весны. Что в природе, озаренной Красотою майских дней? Есть одна во всей вселенной - К ней душа, и мысль об ней; К ней стремлю, забывшись, руки - Милый призрак прочь летит. Кто ж мои услышит муки, Жажду сердца утолит?"
P00403	poem	Василий Жуковский: Желание	Романс Озарися, дол туманный; Расступися, мрак густой; Где найду исход желанный? Где воскресну я душой? Испещренные цветами, Красны холмы вижу там... Ах! зачем я не с крылами? Полетел бы я к холмам. Там поют согласны лиры; Там обитель тишины; Мчат ко мне оттоль зефиры Благовония весны; Там блестят плоды златые На сенистых деревах; Там не слышны вихри злые На пригорках, на лугах. О предел очарованья! Как прелестна там весна! Как от юных роз дыханья Там душа оживлена! Полечу туда... напрасно! Нет путей к сим берегам; Предо мной поток ужасный Грозно мчится по скалам. Лодку вижу... где ж вожатый? Едем!.. будь, что суждено... Паруса ее крылаты, И весло оживлено. Верь тому, что сердце скажет; Нет залогов от небес; Нам лишь чудо путь укажет В сей волшебный край чудес.
P00404	poem	Василий Жуковский: Цветок	Романс Минутная краса полей, Цветок увядший, одинокой, Лишён ты прелести своей Рукою осени жестокой. Увы! нам тот же дан удел, И тот же рок нас угнетает: С тебя листочек облетел - От нас веселье отлетает. Отъемлет каждый день у нас Или мечту, иль наслажденье. И каждый разрушает час Драгое сердцу заблужденье. Смотри... очарованья нет; Звезда надежды угасает... Увы! кто скажет: жизнь иль цвет Быстрее в мире исчезает?
P00405	poem	Василий Жуковский: Пловец	Вихрем бедствия гонимый, Без кормила и весла, В океан неисходимый Буря челн мой занесла. В тучах звездочка светилась; "Не скрывайся!"- я взывал; Непреклонная сокрылась; Якорь был - и тот пропал. Все оделось черной мглою: Всколыхалися валы; Бездны в мраке предо мною; Вкруг ужасные скалы. "Нет надежды на спасенье!"- Я роптал, уныв душой... О безумец! Провиденье Было тайный кормщик твой. Невидимою рукою, Сквозь ревущие валы, Сквозь одеты бездны мглою И грозящие скалы, Мощный вел меня хранитель. Вдруг - все тихо! мрак исчез; Вижу райскую обитель... В ней трех ангелов небес. О спаситель-провиденье! Скорбный ропот мой утих; На коленах, в восхищенье, Я смотрю на образ их. О! кто прелесть их опишет? Кто их силу над душой? Всё окрест их небом дышит И невинностью святой. Неиспытанная радость - Ими жить, для них дышать; Их речей, их взоров сладость В душу, в сердце принимать. О судьба! одно желанье: Дай все блага им вкусить; Пусть им радость - мне страданье; Но... не дай их пережить.
P00406	poem	Василий Жуковский: Ивиковы журавли	На Посидонов пир веселый, Куда стекались чада Гелы Зреть бег коней и бой певцов, Шел Ивик, скромный друг богов. Ему с крылатою мечтою Послал дар песней Аполлон: И с лирой, с легкою клюкою, Шел, вдохновенный, к Истму он. Уже его открыли взоры Вдали Акрокоринф и горы, Слиянны с синевой небес. Он входит в Посидонов лес... Все тихо: лист не колыхнется; Лишь журавлей по вышине Шумящая станица вьется В страны полуденны к весне. «О спутники, ваш рой крылатый, Досель мой верный провожатый, Будь добрым знамением мне. Сказав: прости! родной стране, Чужого брега посетитель, Ищу приюта, как и вы; Да отвратит Зевес-хранитель Беду от странничьей главы». И с твердой верою в Зевеса Он в глубину вступает леса; Идет заглохшею тропой... И зрит убийц перед собой. Готов сразиться он с врагами; Но час судьбы его приспел: Знакомый с лирными струнами, Напрячь он лука не умел. К богам и к людям он взывает... Лишь эхо стоны повторяет - В ужасном лесе жизни нет. «И так погибну в цвете лет, Истлею здесь без погребенья И не оплакан от друзей; И сим врагам не будет мщенья Ни от богов, ни от людей». И он боролся уж с кончиной... Вдруг... шум от стаи журавлиной; Он слышит (взор уже угас) Их жалобно-стенящий глас. «Вы, журавли под небесами, Я вас в свидетели зову! Да грянет, привлеченный вами, Зевесов гром на их главу» И труп узрели обнаженный: Рукой убийцы искаженны Черты прекрасного лица. Коринфский друг узнал певца. «И ты ль недвижим предо мною? И на главу твою, певец, Я мнил торжественной рукою Сосновый положить венец». И внемлют гости Посидона, Что пал наперсник Аполлона... Вся Греция поражена; Для всех сердец печаль одна. И с диким ревом исступленья Пританов окружил народ, И вопит: «Старцы, мщенья, мщенья! Злодеям казнь, их сгибни род!» Но где их след? Кому приметно Лицо врага в толпе несметной Притекших в Посидонов храм? Они ругаются богам. И кто ж - разбойник ли презренный Иль тайный враг удар нанес? Лишь Гелиос то зрел священный, Все озаряющий с небес. С подъятой, может быть, главою, Между шумящею толпою, Злодей сокрыт в сей самый час И хладно внемлет скорби глас; Иль в капище, склонив колени, Жжет ладан гнусною рукой; Или теснится на ступени Амфитеатра за толпой, Где, устремив на сцену взоры (Чуть могут их сдержать подпоры), Пришед из ближних, дальних стран, Шумя, как смутный океан, Над рядом ряд, сидят народы; И движутся, как в бурю лес, Людьми кипящи переходы, Всходя до синевы небес. И кто сочтет разноплеменных, Сим торжеством соединенных? Пришли отвсюду: от Афин, От древней Спарты, от Микин, С пределов Азии далекой, С Эгейских вод, с Фракийских гор. И сели в тишине глубокой, И тихо выступает хор. По древнему обряду, важно, Походкой мерной и протяжной, Священным страхом окружен, Обходит вкруг театра он. Не шествуют так персти чада; Не здесь их колыбель была. Их стана дивная громада Предел земного перешла. Идут с поникшими главами И движут тощими руками Свечи, от коих темный свет; И в их ланитах крови нет; Их мертвы лица, очи впалы; И свитые меж их власов Эхидны движут с свистом жалы, Являя страшный ряд зубов. И стали вкруг, сверкая взором; И гимн запели диким хором, В сердца вонзающий боязнь; И в нем преступник слышит: казнь! Гроза души, ума смутитель, Эринний страшный хор гремит; И, цепенея, внемлет зритель; И лира, онемев, молчит: «Блажен, кто незнаком с виною, Кто чист младенчески душою! Мы не дерзнем ему вослед; Ему чужда дорога бед... Но вам, убийцы, горе, горе! Как тень, за вами всюду мы, С грозою мщения во взоре, Ужасные созданья тьмы. Не мните скрыться - мы с крылами; Вы в лес, вы в бездну - мы за вами; И, спутав вас в своих сетях, Растерзанных бросаем в прах. Вам покаянье не защита; Ваш стон, ваш плач - веселье нам; Терзать вас будем до Коцита, Но не покинем вас и там». И песнь ужасных замолчала; И над внимавшими лежала, Богинь присутствием полна, Как над могилой, тишина. И тихой, мерною стопою Они обратно потекли, Склонив главы, рука с рукою, И скрылись медленно вдали. И зритель - зыблемый сомненьем Меж истиной и заблужденьем - Со страхом мнит о Силе той, Которая, во мгле густой Скрывался, неизбежима, Вьет нити роковых сетей, Во глубине лишь сердца зрима, Но скрыта от дневных лучей. И всё, и всё еще в молчанье... Вдруг на ступенях восклицанье: «Парфений, слышишь?.. Крик вдали - То Ивиковы журавли!..» И небо вдруг покрылось тьмою; И воздух весь от крыл шумит; И видят... черной полосою Станица журавлей летит. «Что? Ивик!..» Все поколебалось - И имя Ивика помчалось Из уст в уста... шумит народ, Как бурная пучина вод. «Наш добрый Ивик! наш сраженный Врагом незнаемым поэт!.. Что, что в сем слове сокровенно? И что сих журавлей полет?» И всем сердцам в одно мгновенье, Как будто свыше откровенье, Блеснула мысль: «Убийца тут; То Эвменид ужасных суд; Отмщенье за певца готово; Себе преступник изменил. К суду и тот, кто молвил слово, И тот, кем он внимаем был!» И, бледен, трепетен, смятенный, Незапной речью обличенный, Исторгнут из толпы злодей: Перед седалище судей Он привлечен с своим клевретом; Смущенный вид, склоненный взор И тщетный плач был их ответом; И смерть была им приговор.
P00407	poem	Василий Жуковский: К Филону	Блажен, о Филон, кто харитам-богиням жертвы приносит. Как светлые дни легкокрылого мая в блеске весеннем, Как волны ручья, озаренны улыбкой юного утра, Дни его легким полетом летят. И полный фиал, освященный устами дев полногрудых, И лира, в кругу окрыляемых пляской фавнов звеняща, Да будут от нас, до нисхода в пределы тайного мира, Грациям, девам стыдливости, дар. И горе тому, кто харитам противен; низкие мысли Его от земли не восходят к Олимпу; бог песнопенья И нежный Эрот с ним враждуют; напрасно лиру он строит: Жизни в упорных не будет струнах.
P00408	poem	Василий Жуковский: К самому себе	Ты унываешь о днях, невозвратно протекших, Горестной мыслью, тоской безнадежной их призывая - Будь настоящее твой утешительный гений! Веря ему, свой день проводи безмятежно! Легким полетом несутся дни быстрые жизни! Только успеем достигнуть до полныя зрелости мыслей, Только увидим достойную цель пред очами - Все уж для нас прошло, как мечта сновиденья, Призрак фантазии, то представляющей взору Луг, испещренный цветами, веселые холмы, долины; То пролетающей в мрачной одежде печали Дикую степь, леса и ужасные бездны. Следуй же мудрым! всегда неизменный душою, Что посылает судьба, принимай и не сетуй! Безумно Скорбью бесплодной о благе навеки погибшем То отвергать, что нам предлагает минута!
P00409	poem	Василий Жуковский: Светлане	Хочешь видеть жребий свой В зеркале, Светлана? Ты спросись с своей душой! Скажет без обмана, Что тебе здесь суждено! Нам душа - зерцало! Все в ней, все заключено, Что нам обещало Провиденье в жизни сей! Милый друг, в душе твоей, Непорочной, ясной, С восхищеньем вижу я, Что сходна судьба твоя С сей душой прекрасной! Непорочность - спутник твой И веселость - гений Всюду будут пред тобой С чашей наслаждений. Лишь тому, в ком чувства нет, Путь земной ужасен! Счастье в нас, и божий свет Нами лишь прекрасен. Милый друг, спокойна будь, Безопасен твой здесь путь: Сердце твой хранитель! Все судьбою в нем дано: Будет здесь тебе оно К счастью предводитель!
P00410	poem	Василий Жуковский: Смерть	То сказано глупцом и признано глупцами, Что будто смерть для нас творит ужасным свет! Пока на свете мы, она еще не с нами; Когда ж пришла она, то нас на свете нет!
P00411	poem	Василий Жуковский: Что такое закон?	Закон - на улице натянутый канат, Чтоб останавливать прохожих средь дороги, Иль их сворачивать назад, Или им путать ноги. Но что ж? Напрасный труд! Никто назад нейдет! Никто и подождать не хочет! Кто ростом мал - тот вниз проскочит, А кто велик - перешагнет!
P00412	poem	Василий Жуковский: Младенец	В альбом графини О. П. В бурю, в легком челноке, Окруженный тучи мглою, Плыл младенец по реке, И несло челнок волною. Буря вкруг него кипит, Челн ужасно колыхает - Беззаботно он сидит И веслом своим играет. Волны плещут на челнок - Он веселыми глазами Смотрит, бросив в них цветок, Как цветок кружит волнами. Челн, ударясь у брегов Об утесы, развалился, И на бреге меж цветов Мореходец очутился. Челн забыт... а гибель, страх? Их невинность и не знает. Улыбаясь, на цветах Мой младенец засыпает. Вот пример! Беспечно в свет! Пусть гроза, пускай волненье; Нам погибели здесь нет; Правит челн наш провиденье. Здесь стезя твоя верна; Меньше, чем другим, опасна; Жизнь красой души красна, А твоя душа прекрасна.
P00413	poem	Василий Жуковский: Песня (К востоку, все к востоку...)	К востоку, все к востоку Стремление земли - К востоку, все к востоку Летит моя душа; Далеко на востоке, За синевой лесов, За синими горами Прекрасная живет. И мне в разлуке с нею Все мнится, что она - Прекрасное преданье Чудесной старины, Что мне она явилась Когда-то в древни дни, Чтоб мне об ней остался Один блаженный сон.
P00414	poem	Василий Жуковский: Славянка	Славянка тихая, сколь ток приятен твой, Когда, в осенний день, в твои глядятся воды Холмы, одетые последнею красой Полуотцветшия природы. Спешу к твоим брегам... свод неба тих и чист; При свете солнечном прохлада повевает; Последний запах свой осыпавшийся лист С осенней свежестью сливает. Иду под рощею излучистой тропой; Что шаг, то новая в глазах моих картина; То вдруг сквозь чащу древ мелькает предо мной, Как в дыме, светлая долина; То вдруг исчезло все... окрест сгустился лес; Все дико вкруг меня, и сумрак и молчанье; Лишь изредка, струей сквозь темный свод древес Прокравшись, дневное сиянье Верхи поблеклые и корни золотит; Лишь, сорван ветерка минутным дуновеньем, На сумраке листок трепещущий блестит, Смущая тишину паденьем... И вдруг пустынный храм в дичи передо мной; Заглохшая тропа; кругом кусты седые; Между багряных лип чернеет дуб густой И дремлют ели гробовые. Воспоминанье здесь унылое живет; Здесь, к урне преклонясь задумчивой главою, Оно беседует о том, чего уж нет, С неизменяющей Мечтою. Все к размышленью здесь влечет невольно нас; Все в душу томное уныние вселяет; Как будто здесь она из гроба важный глас Давно минувшего внимает. Сей храм, сей темный свод, сей тихий мавзолей, Сей факел гаснущий и долу обращенный, Все здесь свидетель нам, сколь блага наших дней, Сколь все величия мгновенны. И нечувствительно с превратности мечтой Дружится здесь мечта бессмертия и славы: Сей витязь, на руку склонившийся главой; Сей громоносец двоеглавый, Под шуйцей твердою седящий на щите; Сия печальная семья кругом царицы; Сии небесные друзья на высоте, Младые спутники денницы... О! сколь они, в виду сей урны гробовой, Для унывающей души красноречивы: Тоскуя ль полетит она за край земной - Там все утраченные живы; К земле ль наклонит взор - великий ряд чудес; Борьба за честь; народ, покрытый блеском славным; И мир, воскреснувший по манию небес, Спокойный под щитом державным. Но вкруг меня опять светлеет частый лес; Опять река вдали мелькает средь долины, То в свете, то в тени, то в ней лазурь небес, То обращенных древ вершины. И вдруг открытая равнина предо мной; Там мыза, блеском дня под рощей озаренна; Спокойное село над ясною рекой, Гумно и нива обнаженна. Все здесь оживлено: с овинов дым седой, Клубяся, по браздам ложится и редеет, И нива под его прозрачной пеленой То померкает, то светлеет. Там слышен на току согласный стук цепов; Там песня пастуха и шум от стад бегущих; Там медленно, скрыпя, тащится ряд возов, Тяжелый груз снопов везущих. Но солнце катится беззнойное с небес; Окрест него закат спокойно пламенеет; Завесой огненной подернут дальний лес; Восток безоблачный синеет. Спускаюсь в дол к реке: брег темен надо мной, И на воды легли дерев кудрявых тени; Противный брег горит, осыпанный зарей; В волнах блестят прибрежны сени; То отраженный в них сияет мавзолей; То холм муравчатый, увенчанный древами; То ива дряхлая, до свившихся корней Склонившись гибкими ветвями, Сенистую главу купает в их струях; Здесь храм между берез и яворов мелькает; Там лебедь, притаясь у берега в кустах, Недвижим в сумраке сияет. Вдруг гладким озером является река; Сколь здесь ее брегов пленительна картина; В лазоревый кристалл слиясь вкруг челнока, Яснеет вод ее равнина. Но гаснет день... в тени склонился лес к водам; Древа облечены вечерней темнотою; Лишь простирается по тихим их верхам Заря багряной полосою; Лишь ярко заревом восточный брег облит, И пышный дом царей на скате озлащенном, Как исполин, глядясь в зерцало вод, блестит В величии уединенном. Но вечер на него покров накинул свой, И рощи и брега, смешавшись, побледнели; Последни облака, блиставшие зарей, С небес, потухнув, улетели. И воцарилася повсюду тишина; Все спит... лишь изредка в далекой тьме промчится Невнятный глас... или колыхнется волна... Иль сонный лист зашевелится. Я на брегу один... окрестность вся молчит... Как привидение, в тумане предо мною Семья младых берез недвижимо стоит Над усыпленною водою. Вхожу с волнением под их священный кров; Мой слух в сей тишине приветный голос слышит; Как бы эфирное там веет меж листов, Как бы невидимое дышит; Как бы сокрытая под юных древ корой, С сей очарованной мешаясь тишиною, Душа незримая подъемлет голос свой С моей беседовать душою. И некто урне сей безмолвный приседит; И, мнится, на меня вперил он темны очи; Без образа лицо, и зрак туманный слит С туманным мраком полуночи. Смотрю... и, мнится, все, что было жертвой лет, Опять в видении прекрасном воскресает; И все, что жизнь сулит, и все, чего в ней нет, С надеждой к сердцу прилетает. Но где он?.. Скрылось все... лишь только в тишине Как бы знакомое мне слышится призванье, Как будто Гений путь указывает мне На неизвестное свиданье. О! кто ты, тайный вождь? душа тебе вослед! Скажи: бессмертный ли пределов сих хранитель Иль гость минутный их? Скажи: земной ли свет Иль небеса твоя обитель?.. И ангел от земли в сиянье предо мной Взлетает; на лице величие смиренья; Взор к небу устремлен; над юною главой Горит звезда преображенья. Помедли улетать, прекрасный сын небес; Младая Жизнь в слезах простерта пред тобою... Но где я?.. Все вокруг молчит... призрак исчез, И небеса покрыты мглою. Одна лишь смутная мечта в душе моей: Как будто мир земной в ничто преобратился; Как будто та страна знакомей стала ей, Куда сей чистый ангел скрылся. * Славянка - река в Павловске.
P00415	poem	Василий Жуковский: Весеннее чувство	Легкий, легкий ветерок, Что так сладко, тихо веешь? Что играешь, что светлеешь, Очарованный поток? Чем опять душа полна? Что опять в ней пробудилось? Что с тобой к ней возвратилось, Перелетная весна? Я смотрю на небеса... Облака, летя, сияют И, сияя, улетают За далекие леса. Иль опять от вышины Весть знакомая несется? Или снова раздается Милый голос старины? Или там, куда летит Птичка, странник поднебесный, Все еще сей неизвестный Край желанного сокрыт?.. Кто ж к неведомым брегам Путь неведомый укажет? Ах! найдется ль, кто мне скажет: Очарованное Там?
P00416	poem	Василий Жуковский: Воспоминание (Прошли, прошли вы...)	Прошли, прошли вы, дни очарованья! Подобных вам уж сердцу не нажить! Ваш след в одной тоске воспоминанья! Ах! лучше б вас совсем мне позабыть! К вам часто мчит привычное желанье - И слез любви нет сил остановить! Несчастие - об вас воспоминанье! Но более несчастье - вас забыть! О, будь же грусть заменой упованья! Отрада нам - о счастье слезы лить! Мне умереть с тоски воспоминанья! Но можно ль жить,- увы! и позабыть!
P00417	poem	Василий Жуковский: Гаральд	Перед дружиной на коне Гаральд, боец седой, При свете полныя луны Въезжает в лес густой. Отбиты вражьи знамена И веют и шумят, И гулом песней боевых Кругом холмы гудят. Но что порхает по кустам? Что зыблется в листах? Что налетает с вышины И плещется в волнах? Что так ласкает, так манит? Что нежною рукой Снимает меч, с коня влечет И тянет за собой? То феи... в легкий хоровод Слетелись при луне. Спасенья нет; уж все бойцы В волшебной стороне. Лишь он, бесстрашный вождь Гаральд, Один не побежден: В нетленный с ног до головы Булат закован он. Пропали спутники его; Там брошен меч, там щит, Там ржет осиротелый конь И дико в лес бежит. И едет сумрачно-уныл Гаральд, боец седой, При свете полныя луны Один сквозь лес густой. Но вот шумит, журчит ручей — Гаральд с коня спрыгнул, И снял он шлем и влаги им Студеной зачерпнул. Но только жажду утолил, Вдруг обессилел он; На камень сел, поник главой И погрузился в сон. И веки на утесе том, Главу склоня, он спит: Седые кудри, борода; У ног копье и щит. Когда ж гроза и молний блеск И лес ревет густой — Сквозь сон хватается за меч Гаральд, боец седой.
P00418	poem	Василий Жуковский: Кто слез на хлеб свой не ронял...	Кто слез на хлеб свой не ронял, Кто близ одра, как близ могилы, В ночи, бессонный, не рыдал,- Тот вас не знает, вышни силы! На жизнь мы брошены от вас! И вы ж, дав знаться нам с виною, Страданью выдаете нас, Вину преследуете мздою.
P00419	poem	Василий Жуковский: Мщение	Изменой слуга паладина убил: Убийце завиден сан рыцаря был. Свершилось убийство ночною порой - И труп поглощен был глубокой рекой. И шпоры и латы убийца надел И в них на коня паладинова сел. И мост на коне проскакать он спешит, Но конь поднялся на дыбы и храпит. Он шпоры вонзает в крутые бока - Конь бешеный сбросил в реку седока. Он выплыть из всех напрягается сил, Но панцирь тяжелый его утопил.
P00420	poem	Василий Жуковский: На первое отречение от престола Бонапарт	Стихи, петые на празднике, данном в С.-Петербурге английским послом, лордом Каткартом Сей день есть день суда и мщенья! Сей грозный день земле явил Непобедимость провиденья И гордых силу пристыдил. Где тот, пред кем гроза не смела Валов покорных воздымать, Когда ладья его летела С фортуной к берегу пристать? К стопам рабов бросал он троны, Срывал с царей красу порфир, Сдвигал народы в легионы И мыслил весь заграбить мир. И где он?.. Мир его не знает! Забыт разбитый истукан! Лишь пред изгнанником зияет Неумолимый океан. И все, что рушил он, природа Уже красою облекла, И по следам его свобода С дарами жизни протекла! И честь тому - кто, верный чести, Свободе меч свой посвятил, Кто в грозную минуту мести Лишь благодатию отмстил. Так! честь ему: и мир вселенной, И царские в венцах главы, И блеск Лютеции спасенной, И прах низринутой Москвы! О нем молитва Альбиона Одна сынов его с мольбой: "Чтоб долго был красой он трона И человечества красой!"
P00421	poem	Василий Жуковский: Песня (Кольцо души девицы...)	Кольцо души девицы Я в море уронил: С моим кольцом я счастье Земное погубил. Мне, дав его, сказала: "Носи, не забывай; Пока твое колечко, Меня своей считай!" Не в добрый час я невод Стал в море полоскать; Колько юркнуло в воду; Искал... но где сыскать?! С тех пор мы как чужие, Приду к ней - не глядит, С тех пор мое веселье На дне морском лежит. О, ветер полуночный, Проснися! будь мне друг! Схвати со дна колечко И выкати на луг. Вчера ей жалко стало, Нашла меня в слезах, И что-то, как бывало, Зажглось у ней в глазах. Ко мне подсела с лаской, Мне руку подала, И что-то ей хотелось Сказать, но не могла. На что твоя мне ласка, На что мне твой привет? Любви, любви хочу я... Любви-то мне и нет. Ищи, кто хочет, в море Богатых янтарей... А мне - мое колечко С надеждою моей.
P00422	poem	Василий Жуковский: Песня бедняка	Куда мне голову склонить? Покинут я и сир; Хотел бы весело хоть раз Взглянуть на божий мир. И я в семье моих родных Когда-то счастлив был; Но горе спутник мой с тех пор, Как я их схоронил. Я вижу замки богачей И их сады кругом... Моя ж дорога мимо их С заботой и трудом. Но я счастливых не дичусь; Моя печаль в тиши; Я всем веселым рад сказать: Бог помочь! от души. О щедрый бог, не вовсе ж я Тобою позабыт; Источник милости твоей Для всех равно открыт. В селенье каждом есть твой храм С сияющим крестом, С молитвой сладкой и с твоим Доступным алтарем. Мне светит солнце и луна; Любуюсь на зарю; И, слыша благовест, с тобой, Создатель, говорю. И знаю: будет добрым пир В небесной стороне; Там буду праздновать и я; Там место есть и мне.
P00423	poem	Василий Жуковский: Сон (Заснув на холме луговом...)	Заснув на холме луговом, Вблизи большой дороги, Я унесен был легким сном Туда, где жили боги. Но я проснулся наконец И смутно озирался: Дорогой шел младой певец И с пеньем удалялся. Вдали пропал за рощей он - Но струны все звенели. Ах! не они ли дивный сон Мне на душу напели?
P00424	poem	Василий Жуковский: Счастие во сне	Дорогой шла девица; С ней друг ее младой; Болезненны их лица; Наполнен взор тоской. Друг друга лобызают И в очи и в уста - И снова расцветают В них жизнь и красота. Минутное веселье! Двух колоколов звон: Она проснулась в келье; В тюрьмепроснулся он.
P00425	poem	Василий Жуковский: Там небеса и воды ясны!..	Там небеса и воды ясны! Там песни птичек сладкогласны! О родина! все дни твои прекрасны! Где б ни был я, но все с тобой Душой. Ты помнишь ли, как под горою, Осеребряемый росою, Белелся луч вечернею порою И тишина слетала в лес С небес? Ты помнишь ли наш пруд спокойный, И тень от ив в час полдня знойный, И над водой от стада гул нестройный, И в лоне вод, как сквозь стекло, Село? Там на заре пичужка пела; Даль озарялась и светлела; Туда, туда душа моя летела: Казалось сердцу и очам - Все там!..
P00426	poem	Василий Жуковский: Три песни	«Споет ли мне песню веселую скальд?» Спросил, озираясь, могучий Освальд. И скальд выступает на царскую речь, Подмышкою арфа, на поясе меч. «Три песни я знаю: в одной старина! Тобою, могучий, забыта она; Ты сам ее в лесе дремучем сложил; Та песня: отца моего ты убил. Есть песня другая: ужасна она; И мною под бурей ночной сложена; Пою ее ранней и поздней порой; И песня та: бейся, убийца, со мной!» Он в сторону арфу и меч наголо; И бешенство грозные лица зажгло; Запрыгали искры по звонким мечам — И рухнул Освальд — голова пополам. «Раздайся ж, последняя песня моя; Ту песню и утром и вечером я Греметь не устану пред девой любви; Та песня: убийца повержен в крови».
P00427	poem	Василий Жуковский: Жалоба пастуха	На ту знакомую гору Сто раз я в день прихожу; Стою, склоняся на посох, И в дол с вершины гляжу. Вздохнув, медлительным шагом Иду вослед я овцам И часто, часто в долину Схожу, не чувствуя сам. Весь луг по-прежнему полон Младой цветов красоты; Я рву их - сам же не знаю, Кому отдать мне цветы. Здесь часто в дождик и в грозу Стою, к земле пригвожден; Все жду, чтоб дверь отворилась... Но то обманчивый сон. Над милой хижинкой светит, Видаю, радуга мне... К чему? Она удалилась! Она в чужой стороне! Она все дале! все дале! И скоро слух замолчит! Бегите ж, овцы, бегите! Здесь горе душу томит!
P00428	poem	Василий Жуковский: Мина	Романс Я знаю край! там негой дышит лес, Златой лимон горит во мгле древес, И ветерок жар неба холодит, И тихо мирт и гордо лавр стоит... Там счастье, друг! туда! туда Мечта зовет! Там сердцем я всегда! Там светлый дом! на мраморных столбах Поставлен свод; чертог горит в лучах; И ликов ряд недвижимых стоит; И, мнится, их молчанье говорит... Там счастье, друг! туда! туда Мечта зовет! Там сердцем я всегда! Гора там есть с заоблачной тропой! В туманах мул там путь находит свой; Драконы там мутят ночную мглу; Летит скала и воды на скалу!.. О друг, пойдем! туда! туда Мечта зовет!.. Но быть ли там когда?
P00429	poem	Василий Жуковский: Утешение в слезах	"Скажи, что так задумчив ты? Все весело вокруг; В твоих глазах печали след; Ты, верно, плакал, друг?" "О чем грущу, то в сердце мне Запало глубоко; А слезы... слезы в радость нам; От них душе легко". "К тебе ласкаются друзья, Их ласки не дичись; И что бы ни утратил ты, Утратой поделись". "Как вам, счастливцам, то понять, Что понял я тоской? О чем... но нет! оно мое, Хотя и не со мной". "Не унывай же, ободрись; Еще ты в цвете лет; Ищи - найдешь; отважным, друг, Несбыточного нет". "Увы! напрасные слова! Найдешь - сказать легко; Мне до него, как до звезды Небесной, далеко". "На что ж искать далеких звезд? Для неба их краса; Любуйся ими в ясну ночь, Не мысли в небеса". "Ах! я любуюсь в ясный день; Нет сил и глаз отвесть; А ночью... ночью плакать мне, Покуда слезы есть".
P00430	poem	Василий Жуковский: Верность до гроба	Младый Рогер свой острый меч берет: За веру, честь и родину сразиться! Готов он в бой... но к милой он идет: В последний раз с прекрасною проститься. "Не плачь: над нами щит творца; Еще нас небо не забыло; Я буду верен до конца Свободе, мужеству и милой". Сказал, свой шлем надвинул, поскакал; Дружина с ним; кипят сердца их боем; И скоро строй неустрашимых стал Перед врагов необозримым строем. "Сей вид не страшен для бойца; И смерть ли небо мне судило - Останусь верен до конца Свободе, мужеству и милой". И, на врага взор мести бросив, он Влетел в ряды, как пламень-истребитель; И вспыхнул бой, и враг уж истреблен; Но... победив, сражен и победитель. Он почесть бранного венца Приял с безвременной могилой, И был он верен до конца Свободе, мужеству и милой. Но где же ты, певец великих дел? Иль песнь твоя твоей судьбою стала?.. Его уж нет; он в край тот улетел, Куда давно мечта его летала. Он пал в бою - и глас певца Бессмертно дело освятило; И он был верен до конца Свободе, мужеству и милой.
P00431	poem	Василий Жуковский: Горная дорога	Над страшною бездной дорога бежит, Меж жизнью и смертию мчится; Толпа великанов ее сторожит; Погибель над нею гнездится. Страшись пробужденья лавины ужасной: В молчаньи пройди по дороге опасной. Там мост через бездну отважной дугой С скалы на скалу перегнулся; Не смертною был он поставлен рукой — Кто смертный к нему бы коснулся? Поток под него разъяренный бежит; Сразить его рвется и ввек не сразит. Там, грозно раздавшись, стоят ворота: Мнишь: область теней пред тобою; Пройди их — долина, долин красота, Там осень играет с весною. Приют сокровенный! желанный предел! Туда бы от жизни ушел, улетел. Четыре потока оттуда шумят — Не зрели их выхода очи. Стремятся они на восток, на закат, Стремятся к полудню, к полночи; Рождаются вместе; родясь, расстаются; Бегут без возврата и ввек не сольются. Там в блеске небес два утеса стоят, Превыше всего, что земное; Кругом облака золотые кипят, Эфира семейство младое; Ведут хороводы в стране голубой; Там не был, не будет свидетель земной. Царица сидит высоко и светло На вечно незыблемом троне; Чудесной красой обвивает чело И блещет в алмазной короне; Напрасно там солнцу сиять и гореть: Ее золотит, но не может согреть.
P00432	poem	Василий Жуковский: К М. Ф. Орлову (О Рейн...)	О Рейн, о Реин, без волненья К тебе дерзну ли подступить? Давно уж ты - река забвенья И перестал друзей поить Своими сладкими струями! На "Арзамас" тряхнул усами - И Киев дружбу перемог! Начальник штаба, педагог - Ты по ланкастерской методе Мальчишек учишь говорить О славе, пряниках, природе, О кубарях и о свободе - А нас забыл... Но так и быть! На страх пишу к тебе два слова! Вот для души твоей обнова: Письмо от милой красоты! Узнаешь сам ее черты! Я шлю его через другова, Санктпетербургского Орлова - Чтобы верней дошло оно. Прости! Но для сего посланья, Орлов, хоть тень воспоминанья Дай дружбе, брошенной давно!
P00433	poem	Василий Жуковский: Лесной царь	Кто скачет, кто мчится под хладною мглой? Ездок запоздалый, с ним сын молодой. К отцу, весь издрогнув, малютка приник; Обняв, его держит и греет старик. "Дитя, что ко мне ты так робко прильнул?" "Родимый, лесной царь в глаза мне сверкнул: Он в темной короне, с густой бородой". "О нет, то белеет туман над водой". "Дитя, оглянися; младенец, ко мне; Веселого много в моей стороне; Цветы бирюзовы, жемчужны струи; Из золота слиты чертоги мои". "Родимый, лесной царь со мной говорит: Он золото, перлы и радость сулит". "О нет, мой младенец, ослышался ты: То ветер, проснувшись, колыхнул листы". "Ко мне, мой младенец; в дуброве моей Узнаешь прекрасных моих дочерей: При месяце будут играть и летать, Играя, летая, тебя усыплять". "Родимый, лесной царь созвал дочерей: Мне, вижу, кивают из темных ветвей". "О нет, все спокойно в ночной глубине: То ветлы седые стоят в стороне". "Дитя, я пленился твоей красотой: Неволей иль волей, а будешь ты мой". "Родимый, лесной царь нас хочет догнать; Уж вот он: мне душно, мне тяжко дышать". Ездок оробелый не скачет, летит; Младенец тоскует, младенец кричит; Ездок подгоняет, ездок доскакал... В руках его мертвый младенец лежал.
P00434	poem	Василий Жуковский: Листок	От дружной ветки отлученный, Скажи, листок уединенный, Куда летишь?.. "Не знаю сам; Гроза разбила дуб родимый; С тех пор по долам, по горам По воле случая носимый, Стремлюсь, куда велит мне рок, Куда на свете все стремится, Куда и лист лавровый мчится, И легкий розовый листок."
P00435	poem	Василий Жуковский: Песня (Минувших дней очарованье...)	Минувших дней очарованье, Зачем опять воскресло ты? Кто разбудил воспоминанье И замолчавшие мечты? Шепнул душе привет бывалый; Душе блеснул знакомый взор; И зримо ей в минуту стало Незримое с давнишних пор. О милый гость, святое Прежде, Зачем в мою теснишься грудь? Могу ль сказать: живи надежде? Скажу ль тому, что было: будь? Могу ль узреть во блеске новом Мечты увядшей красоту? Могу ль опять одеть покровом Знакомой жизни наготу? Зачем душа в тот край стремится, Где были дни, каких уж нет? Пустынный край не населится, Не узрит он минувших лет; Там есть один жилец безгласный, Свидетель милой старины; Там вместе с ним все дни прекрасны В единый гроб положены.
P00436	poem	Василий Жуковский: Рыбак	Бежит волна, шумит волна! Задумчив, над рекой Сидит рыбак; душа полна Прохладной тишиной. Сидит он час, сидит другой; Вдруг шум в волнах притих. И влажною всплыла главой Красавица из них. Глядит она, поет она: «Зачем ты мой народ Манишь, влечешь с родного дна В кипучий жар из вод? Ах! если б знал, как рыбкой жить Привольно в глубине, Не стал бы ты себя томить На знойной вышине. Не часто ль солнце образ свой Купает в лоне вод? Не свежей ли горит красой Его из них исход? Не с ними ли свод неба слит Прохладно-голубой? Не в лоно ль их тебя манит И лик твой молодой?» Бежит волна, шумит волна... На берег вал плеснул! В нем вся душа тоски полна, Как будто друг шепнул! Она поет, она манит — Знать, час его настал! К нему она, он к ней бежит... И след навек пропал.
P00437	poem	Василий Жуковский: Взошла заря. Дыханием приятным...	Взошла заря. Дыханием приятным Сманила сон с моих она очей; Из хижины за гостем благодатным Я восходил на верх горы моей; Жемчуг росы по травкам ароматным Уже блистал младым огнем лучей, И день взлетел, как гений светлокрылый! И жизнью все живому сердцу было. Я восходил; вдруг тихо закурился Туманный дым в долине над рекой: Густел, редел, тянулся, и клубился, И вдруг взлетел, крылатый, надо мной, И яркий день с ним в бледный сумрак слился, Задернулась окрестность пеленой, И, влажною пустыней окруженный, Я в облаках исчез, уединенный...
P00438	poem	Василий Жуковский: К мимо пролетевшему знакомому гению	Скажи, кто ты, пленитель безымянной? С каких небес примчался ты ко мне? Зачем опять влечешь к обетованной, Давно, давно покинутой стране? Не ты ли тот, который жизнь младую Так сладостно мечтами усыплял И в старину про гостью неземную - Про милую надежду ей шептал? Не ты ли тот, кем всё во дни прекрасны Так жило там, в счастливых тех краях, Где луг душист, где воды светло-ясны, Где весел день на чистых небесах? Не ты ль во грудь с живым весны дыханьем Таинственной унылостью влетал, Ее теснил томительным желаньем И трепетным весельем волновал? Поэзии священным вдохновеньем Не ты ль с душой носился в высоту, Пред ней горел божественным виденьем, Разоблачал ей жизни красоту? В часы утрат, в часы печали тайной, Не ты ль всегда беседой сердца был, Его смирял утехою случайной И тихою надеждою целил? И не тебе ль всегда она внимала В чистейшие минуты бытия, Когда судьбы святыню постигала, Когда лишь бог свидетель был ея? Какую ж весть принес ты, мой пленитель? Или опять мечтой лишь поманишь И, прежних дум напрасный пробудитель, О счастии шепнешь и замолчишь? О Гений мой, побудь еще со мною; Бывалый друг, отлетом не спеши: Останься, будь мне жизнию земною; Будь ангелом-хранителем души.
P00439	poem	Василий Жуковский: К портрету Гете	Свободу смелую приняв себе в закон, Всезрящей мыслию над миром он носился. И в мире все постигнул он - И ничему не покорился.
P00440	poem	Василий Жуковский: Невыразимое (Отрывок)	Отрывок Что наш язык земной пред дивною природой? С какой небрежною и легкою свободой Она рассыпала повсюду красоту И разновидное с единством согласила! Но где, какая кисть ее изобразила? Едва-едва одну ее черту С усилием поймать удастся вдохновенью... Но льзя ли в мертвое живое передать? Кто мог создание в словах пересоздать? Невыразимое подвластно ль выраженью?.. Святые таинства, лишь сердце знает вас. Не часто ли в величественный час Вечернего земли преображенья - Когда душа смятенная полна Пророчеством великого виденья И в беспредельное унесена,- Спирается в груди болезненное чувство, Хотим прекрасное в полете удержать, Ненареченному хотим названье дать - И обессиленно безмолвствует искусство? Что видимо очам - сей пламень облаков, По небу тихому летящих, Сие дрожанье вод блестящих, Сии картины берегов В пожаре пышного заката - Сии столь яркие черты - Легко их ловит мысль крылата, И есть слова для их блестящей красоты. Но то, что слито с сей блестящей красотою,- Сие столь смутное, волнующее нас, Сей внемлемый одной душою Обворожающего глас, Сие к далекому стремленье, Сей миновавшего привет (Как прилетевшее незапно дуновенье От луга родины, где был когда-то цвет, Святая молодость, где жило упованье), Сие шепнувшее душе воспоминанье О милом радостном и скорбном старины, Сия сходящая святыня с вышины, Сие присутствие создателя в созданье - Какой для них язык?.. Горе душа летит, Все необъятное в единый вздох теснится, И лишь молчание понятно говорит.
P00441	poem	Василий Жуковский: Песня (Отымает наши радости...)	Отымает наши радости Без замены хладный свет; Вдохновенье пылкой младости Гаснет с чувством жертвой лет; Не одно ланит пылание Тратим с юностью живой - Видим сердца увядание Прежде юности самой. Наше счастие разбитое Видим мы игрушкой волн, И в далекий мрак сердитое Море мчит наш бедный челн; Стрелки нет путеводительной, Иль вотще ее магнит В бурю к пристани спасительной Челн беспарусный манит. Хлад, как будто ускоренная Смерть, заходит в душу к нам; К наслажденью охлажденная, Охладев к самим бедам, Без стремленья, без желания И навек очарования Слез отрадных лишена. На минут ли улыбкою Мертвый лик наш оживет, Или прежнее ошибкою В сердце сонное зайдет - То обман; то плющ, играющий По развалинам седым; Сверху лист благоухающий - Прах и тление под ним. Оживите сердце вялое; Дайте быть по старине; Иль оплакивать бывалое Слез бывалых дайте мне. Сладко, сладко появление Ручейка в пустой глуши; Так и слезы - освежение Запустевшия души.
P00442	poem	Василий Жуковский: Воспоминание (О милых спутниках...)	О милых спутниках, которые наш свет Своим сопутствием для нас животворили, Не говори с тоской: их нет; Но с благодарностию: были.
P00443	poem	Василий Жуковский: Лалла Рук	Милый сон, души пленитель, Гость прекрасный с вышины, Благодатный посетитель Поднебесной стороны, Я тобою насладился На минуту, но вполне: Добрым вестником явился Здесь небесного ты мне. Мнил я быть в обетованной Той земле, где вечный мир; Мнил я зреть благоуханный Безмятежный Кашемир; Видел я: торжествовали Праздник розы и весны И пришелицу встречали Из далекой стороны. И блистая и пленяя - Словно ангел неземной,- Непорочность молодая Появилась предо мной; Светлый завес покрывала Отенял ее черты, И застенчиво склоняла Взор умильный с высоты. Все - и робкая стыдливость Под сиянием венца, И младенческая живость, И величие лица, И в чертах глубокость чувства С безмятежной тишиной - Все в ней было без искусства Неописанной красой! Я смотрел - а призрак мимо (Увлекая душу вслед) Пролетал невозвратимо; Я за ним - его уж нет! Посетил, как упованье; Жизнь минуту озарил; И оставил лишь преданье, Что когда-то в жизни был! Ах! не с нами обитает Гений чистой красоты; Лишь порой он навещает Нас с небесной высоты; Он поспешен, как мечтанье, Как воздушный утра сон; Но в святом воспоминанье Неразлучен с сердцем он! Он лишь в чистые мгновенья Бытия бывает к нам И приносит откровенья, Благотворные сердцам; Чтоб о небе сердце знало В темной области земной, Нам туда сквозь покрывало Он дает взглянуть порой; И во всем, что здесь прекрасно, Что наш мир животворит, Убедительно и ясно Он с душою говорит; А когда нас покидает, В дар любви у нас в виду В нашем небе зажигает Он прощальную звезду.
P00444	poem	Василий Жуковский: Теснятся все к тебе во храм...	Теснятся все к тебе во храм, И все с коленопреклоненьем Тебе приносят фимиам, Тебя гремящим славят пеньем; Я одинок в углу стою, Как жизнью, полон я тобою, И жертву тайную мою Я приношу тебе душою.
P00445	poem	Василий Жуковский: Победитель	Сто красавиц светлооких Председали на турнире. Все - цветочки полевые; А моя одна как роза. На нее глядел я смело, Как орел глядит на солнце. Как от щек моих горячих Разгоралося забрало! Как рвалось пробиться сердце Сквозь тяжелый, твердый панцирь! Светлых взоров тихий пламень Стал душе моей пожаром; Сладкошепчущие речи Стали сердцу бурным вихрем; И она - младое утро - Стала мне грозой могучей; Я помчался, я ударил - И ничто не устояло. Вольный перевод стихотворения Уланда.
P00446	poem	Василий Жуковский: 19 марта 1823	Ты предо мною Стояла тихо. Твой взор унылый Был полон чувства. Он мне напомнил О милом прошлом.. Он был последний На здешнем свете. Ты удалилась, Как тихий ангел; Твоя могила, Как рай, спокойна! Там все земные Воспоминанья, Там все святые О небе мысли. Звезды небес, Тихая ночь!..
P00447	poem	Василий Жуковский: Ночь	Уже утомившийся день Склонился в багряные воды, Темнеют лазурные своды, Прохладная стелется тень; И ночь молчаливая мирно Пошла по дороге эфирной, И Геспер летит перед ней С прекрасной звездою своей. Сойди, о небесная, к нам С волшебным твоим покрывалом, С целебным забвенья фиалом, Дай мира усталым сердцам. Своим миротворным явленьем, Своим усыпительным пеньем Томимую душу тоской, Как матерь дитя, успокой.
P00448	poem	Василий Жуковский: Привидение	В тени дерев, при звуке струн, в сиянье Вечерних гаснущих лучей, Как первыя любви очарованье, Как прелесть первых юных дней - Явилася она передо мною В одежде белой, как туман; Воздушною лазурной пеленою Был окружен воздушный стан; Таинственно она ее свивала И развивала над собой; То, сняв ее, открытая стояла С темнокудрявой головой; То, вдруг всю ткань чудесно распустивши, Как призрак исчезала в ней; То, перст к устам и голову склонивши, Огнем задумчивых очей Задумчивость на сердце наводила. Вдруг... покрывало подняла... Трикраты им куда-то поманила... И скрылася... как не была! Вотще продлить хотелось упоенье... Не возвратилася она; Лишь грустию по милом привиденье Душа осталася полна.
P00449	poem	Василий Жуковский: Мотылек и цветы	Поляны мирной украшение, Благоуханные цветы, Минутное изображение Земной, минутной красоты; Вы равнодушно расцветаете, Глядяся в воды ручейка, И равнодушно упрекаете В непостоянстве мотылька. Во дни весны с востока ясного, Младой денницей пробужден, В пределы бытия прекрасного От высоты спустился он. Исполненный воспоминанием Небесной, чистой красоты, Он вашим радостным сиянием Пленился, милые цветы. Он мнил, что вы с ним однородные Переселенцы с вышины, Что вам, как и ему, свободные И крылья и душа даны; Но вы к земле, цветы, прикованы; Вам на земле и умереть; Глаза лишь вами очарованы, А сердца вам не разогреть. Не рождены вы для внимания; Вам непонятен чувства глас; Стремишься к вам без упования; Без горя забываешь вас. Пускай же к вам, резвясь, ласкается, Как вы, минутный ветерок; Иною прелестью пленяется Бессмертья вестник - мотылек... Но есть меж вами два избранные, Два ненадменные цветка: Их имена, им сердцем данные, К ним привлекают мотылька. Они без пышного сияния; Едва приметны красотой: Один есть цвет воспоминания, Сердечной думы цвет другой. О милое воспоминание О том, чего уж в мире нет! О дума сердца - упование На лучший, неизменный свет! Блажен, кто вас среди губящего Волненья жизни сохранил И с вами низость настоящего И пренебрег и позабыл.
P00450	poem	Василий Жуковский: Я музу юную, бывало...	Я музу юную, бывало, Встречал в подлунной стороне, И Вдохновение летало С небес, незваное, ко мне; На все земное наводило Животворящий луч оно - И для меня в то время было Жизнь и Поэзия одно. Но дарователь песнопений Меня давно не посещал; Бывалых нет в душе видений, И голос арфы замолчал. Его желанного возврата Дождаться ль мне когда опять? Или навек моя утрата И вечно арфе не звучать? Но все, что от времен прекрасных, Когда он мне доступен был, Все, что от милых темных, ясных Минувших дней я сохранил - Цветы мечты уединенной И жизни лучшие цветы,- Кладу на твой алтарь священный, О Гений чистой красоты! Не знаю, светлых вдохновений Когда воротится чреда,- Но ты знаком мне, чистый Гений! И светит мне твоя звезда! Пока еще ее сиянье Душа умеет различать: Не умерло очарованье! Былое сбудется опять.
P00451	poem	Василий Жуковский: К Гете	Творец великих вдохновений! Я сохраню в душе моей Очарование мгновений, Столь счастливых в близи твоей! Твое вечернее сиянье Не о закате говорит! Ты юноша среди созданья! Твой гений, как творил, творит. Я в сердце уношу надежду Еще здесь встретиться с тобой: Земле знакомую одежду Не скоро скинет гений твой. В далеком полуночном свете Твоею музою я жил. И для меня мой гений Гете Животворитель жизни был! Почто судьба мне запретила Тебя узреть в моей весне? Тогда душа бы воспалила Свой пламень на твоем огне. Тогда б вокруг меня создался Иной, чудесно-пышный свет; Тогда б и обо мне остался В потомстве слух: он был поэт! * См. Гете.
P00452	poem	Василий Жуковский: Homer	Веки идут, и веки уходят; а пенье Гомера Всё раздается, и свеж, вечен Гомеров венец. Долго думав, природа вдруг создала и, создавши, Молвила так: одного будет Гомера земле!
P00453	poem	Василий Жуковский: Замок на берегу моря	"Ты видел ли замок на бреге морском? Играют, сияют над ним облака; Лазурное море прекрасно кругом". "Я замок тот видел на бреге морском; Сияла над ним одиноко луна; Над морем клубился холодный туман". "Шумели ль, плескали ль морские валы? С их шумом, с их плеском сливался ли глас Веселого пенья, торжественных струн?" "Был ветер спокоен; молчала волна; Мне слышалась в замке печальная песнь; Я плакал от жалобных звуков ее". "Царя и царицу ты видел ли там? Ты видел ли с ними их милую дочь, Младую, как утро весеннего дня?" "Царя и царицу я видел... Вдвоем Безгласны, печальны сидели они; Но милой их дочери не было там".
P00454	poem	Василий Жуковский: К Ив. Ив. Дмитриеву (Нет, не прошла...)	Нет, не прошла, певец наш вечно юный, Твоя пора: твой гений бодр и свеж; Ты пробудил давно молчавши струны, И звуки нас пленили те ж. Нет, никогда ничтожный прах забвенья Твоим струнам коснуться не дерзнет; Невидимо их Гений вдохновенья, Всегда крылатый, стережет. Державина струнам родные, пели Они дела тех чудных прошлых лет, Когда везде мы битвами гремели, И битвам тем дивился свет. Ты нам воспел, как «буйные Титаны, Смутившие Астреи нашей дни, Ее орлом низринуты, попранны; В прах! в прах! рекла... и где они?» И ныне то ж, певец двух поколений, Под сединой ты третьему поешь И нам, твоих питомцам вдохновений, В час славы руку подаешь. Я помню дни - магически мечтою Был для меня тогда разубран свет - Тогда, явясь, сорвал передо мною Покров с поэзии поэт. С задумчивым, безмолвным умиленьем Твой голос я подслушивал тогда И вопрошал судьбу мою с волненьем: «Наступит ли и мне чреда?» О! в эти дни как райское виденье Был с нами он, теперь уж неземной, Он, для меня живое провиденье, Он, с юности товарищ твой. О! как при нем всё сердце разгоралось! Как он для нас всю землю украшал! В младенческой душе его, казалось, Небесный ангел обитал... Лежит венец на мраморе могилы; Ей молится России верный сын; И будит в нем для дел прекрасных силы Святое имя: Карамзин. А ты цвети, певец, наш вдохновитель, Младый душой под снегом старых дней; И долго будь нам в старости учитель, Как был во младости своей. * См. Державин и Карамзин.
P00455	poem	Василий Жуковский: Приход весны	Зелень нивы, рощи лепет, В небе жаворонка трепет, Теплый дождь, сверканье вод,- Вас назвавши, что прибавить? Чем иным тебя прославить, Жизнь души, весны приход?
P00456	poem	Василий Жуковский: Суд божий над епископом	Были и лето и осень дождливы; Были потоплены пажити, нивы; Хлеб на полях не созрел и пропал; Сделался голод, народ умирал. Но у епископа, милостью неба, Полны амбары огромные хлеба; Жито сберег прошлогоднее он: Был осторожен епископ Гаттон. Рвутся толпой и голодный и нищий В двери епископа, требуя пищи; Скуп и жесток был епископ Гаттон: Общей бедою не тронулся он. Слушать их вопли ему надоело; Вот он решился на страшное дело: Бедных из ближних и дальних сторон, Слышно, скликает епископ Гаттон. «Дожили мы до нежданного чуда: Вынул епископ добро из-под спуда; Бедных к себе на пирушку зовет»,- Так говорил изумленный народ. К сроку собралися званые гости, Бледные, чахлые, кожа да кости; Старый, огромный сарай отворен, В нем угостит их епископ Гаттон. Вот уж столпились под кровлей сарая Все пришлецы из окружного края... Как же их принял епископ Гаттон? Был им сарай и с гостями сожжен. Глядя епископ на пепел пожарный, Думает: «Будут мне все благодарны; Разом избавил я шуткой моей Край наш голодный от жадных мышей». В замок епископ к себе возвратился, Ужинать сел, пировал, веселился, Спал, как невинный, и снов не видал... Правда! но боле с тех пор он не спал. Утром он входит в покой, где висели Предков портреты, и видит, что съели Мыши его живописный портрет, Так, что холстины и признака нет. Он обомлел; он от страха чуть дышит... Вдруг он чудесную ведомость слышит: «Наша округа мышами полна, В житницах съеден весь хлеб до зерна». Вот и другое в ушах загремело: «Бог на тебя за вчерашнее дело! Крепкий твой замок, епископ Гаттон, Мыши со всех осаждают сторон». Ход был до Рейна от замка подземной; В страхе епископ дорогою темной К берегу выйти из замка спешит: «В Рейнской башне спасусь»,- говорит. Башня из рейнских вод подымалась; Издали острым утесом казалась, Грозно из пены торчащим, она; Стены кругом ограждала волна. В легкую лодку епископ садится; К башне причалил, дверь запер и мчится Вверх по гранитным крутым ступеням; В страхе один затворился он там. Стены из стали казалися слиты, Были решетками окна забиты, Ставни чугунные, каменный свод, Дверью железною запертый вход. Узник не знает, куда приютиться; На пол, зажмурив глаза, он ложится... Вдруг он испуган стенаньем глухим: Вспыхнули ярко два глаза над ним. Смотрит он... кошка сидит и мяучит; Голос тот грешника давит и мучит; Мечется кошка; невесело ей: Чует она приближенье мышей. Пал на колени епископ и криком Бога зовет в исступлении диком. Воет преступник... а мыши плывут... Ближе и ближе... доплыли... ползут. Вот уж ему в расстоянии близком Слышно, как лезут с роптаньем и писком; Слышно, как стену их лапки скребут; Слышно, как камень их зубы грызут. Вдруг ворвались неизбежные звери; Сыплются градом сквозь окна, сквозь двери, Спереди, сзади, с боков, с высоты... Что тут, епископ, почувствовал ты? Зубы об камни они навострили, Грешнику в кости их жадно впустили, Весь по суставам раздернут был он... Так был наказан епископ Гаттон.
P00457	poem	Василий Жуковский: Рыцарь Роллон	(Баллада) Был удалец и отважный наездник Роллон; С шайкой своей по дорогам разбойничал он. Раз, запоздав, он в лесу на усталом коне Ехал, и видит, часовня стоит в стороне. Лес был дремучий, и был уж полуночный час; Было темно, так темно, что хоть выколи глаз; Только в часовне лампада горела одна, Бледно сквозь узкие окна светила она. "Рано еще на добычу,- подумал Роллон,- Здесь отдохну",- и в часовню пустынную он Входит; в часовне, он видит, гробница стоит; Трепетно, тускло над нею лампада горит. Сел он на камень, вздремнул с полчаса и потом Снова поехал лесным одиноким путем. Вдруг своему щитоносцу сказал он: "Скорей Съезди в часовню; перчатку оставил я в ней". Посланный, бледен как мертвый, назад прискакал. "Этой перчаткой другой завладел,- он сказал.- Кто-то нездешний в часовне на камне сидит; Руку он всунул в перчатку и страшно глядит; Треплет и гладит перчатку другой он рукой; Чуть я со страха не умер от встречи такой". "Трус!"- на него запальчиво Роллон закричал, Шпорами стиснул коня и назад поскакал. Смело на страшного гостя ударил Роллон: Отнял перчатку свою у нечистого он. "Если не хочешь одной мне совсем уступить, Обе ссуди мне перчатки хоть год поносить",- Молвил нечистый; а рыцарь сказал ему: "На! Рад испытать я, заплатит ли долг сатана; Вот тебе обе перчатки; отдай через год". "Слышу; прости, до свиданья",- ответствовал тот. Выехал в поле Роллон; вдруг далекий петух Крикнул, и топот коней поражает им слух. Робость Роллона взяла; он глядит в темноту: Что-то ночную наполнило вдруг пустоту; Что-то в ней движется; ближе и ближе; и вот Черные рыцари едут попарно; ведет Сзади слуга в поводах вороного коня; Черной попоной покрыт он; глаза из огня. С дрожью невольной спросил у слуги паладин: "Кто вороного коня твоего господин?" "Верный слуга моего господина, Роллон. Ныне лишь парой перчаток расчелся с ним он; Скоро отдаст он иной, и последний, отчет; Сам он поедет на этом коне через год". Так отвечав, за другими последовал он. "Горе мне!- в страхе сказал щитоносцу Роллон.- Слушай, тебе я коня моего отдаю; С ним и всю сбрую возьми боевую мою: Ими отныне, мой верный товарищ, владей; Только молись о душе осужденной моей". В ближний пришед монастырь, он приору сказал: "Страшный я грешник, но бог мне покаяться дал. Ангельский чин я еще недостоин носить; Служкой простым я желаю в обители быть". "Вижу, ты в шпорах, конечно, бывал ездоком; Будь же у нас на конюшне, ходи за конем". Служит Роллон на конюшне, а время идет; Вот наконец совершился ровнехонько год. Вот наступил уж и вечер последнего дня; Вдруг привели в монастырь молодого коня: Статен, красив, но еще не объезжен был он. Взять дикаря за узду подступает Роллон. Взвизгнул, вскочив на дыбы, разъярившийся конь; Грива горой, из ноздрей, как из печи, огонь; В сердце Роллона ударил копытами он; Умер, и разу вздохнуть не успевши, Роллон. Вырвавшись, конь убежал, и его не нашли. К ночи, как должно, Роллона отцы погребли. В полночь к могиле ужасный ездок прискакал; Черного, злого коня за узду он держал; Пара перчаток висела на черном седле. Жалобно охнув, Роллон повернулся в земле; Вышел из гроба, со вздохом перчатки надел, Сел на коня, и как вихорь с ним конь улетел.
P00458	poem	Василий Жуковский: Старый рыцарь	(Баллада) Он был весной своей В земле обетованной И много славных дней Провел в тревоге бранной. Там ветку от святой Оливы оторвал он; На шлем железный свой Ту ветку навязал он. С неверным он врагом, Нося ту ветку, бился И с нею в отчий дом Прославлен возвратился. Ту ветку посадил Сам в землю он родную И часто приносил Ей воду ключевую. Он стал старик седой, И сила мышц пропала; Из ветки молодой Олива древом стала. Под нею часто он Сидит, уединенный, В невыразимый сон Душою погруженный. Над ним, как друг, стоит, Обняв его седины, И ветвями шумит Олива Палестины; И, внемля ей во сне, Вздыхает он глубоко О славной старине И о земле далекой.
P00459	poem	Василий Жуковский: Уллин и его дочь	(Баллада) Был сильный вихорь, сильный дождь; Кипя, ярилася пучина; Ко брегу Рино, горный вождь, Примчался с дочерью Уллина. "Рыбак, прими нас в твой челнок; Рыбак, спаси нас от погони; Уллин с дружиной недалек: Нам слышны крики; мчатся кони". "Ты видишь ли, как зла вода? Ты слышишь ли, как волны громки? Пускаться плыть теперь беда: Мой челн не крепок, весла ломки". "Рыбак, рыбак, подай свой челн; Спаси нас: сколь ни зла пучина, Пощада может быть от волн - Ее не будет от Уллина! " Гроза сильней, пучина злей, И ближе, ближе шум погони; Им слышен тяжкий храп коней, Им слышен стук мечей о брони. "Садитесь, в добрый час; плывем". И Рино сел, с ним дева села; Рыбак отчалил; челноком Седая бездна овладела. И смерть отвсюду им: открыт Пред ними зев пучины жадный; За ними с берега грозит Уллин, как буря беспощадный. Уллин ко брегу прискакал; Он видит: дочь уносят волны; И гнев в груди отца пропал, И он воскликнул, страха полный: "Мое дитя, назад, назад! Прощенье! возвратись, Мальвина!" Но волны лишь в ответ шумят На зов отчаянный Уллина. Ревет гроза, черна как ночь; Летает челн между волнами; Сквозь пену их он видит дочь С простертыми к нему руками. "О, возвратися, возвратись!" Но грозно раздалась пучина, И волны, челн пожрав, слились При крике жалобном Уллина.
P00460	poem	Василий Жуковский: Элевзинский праздник	(Из Шиллера) Свивайте венцы из колосьев златых; Цианы лазурные в них заплетайте; Сбирайтесь плясать на коврах луговых И пеньем благую Цереру встречайте. Церера сдружила враждебных людей; Жестокие нравы смягчила; И в дом постоянный меж нив и полей Шатер подвижной обратила. Робок, наг и дик, скрывался Троглодит в пещерах скал; По полям Номад скитался И поля опустошал; Зверолов с копьем, стрелами, Грозен, бегал по лесам... Горе брошенным волнами К неприютным их брегам! С Олимпийския вершины Сходит мать Церера вслед Похищенной Прозерпины: Дик лежит пред нею свет. Ни угла, ни угощенья Нет нигде богине там; И нигде богопочтенья Не свидетельствует храм. Плод полей и грозды сладки Не блистают на пирах; Лишь дымятся тел остатки На кровавых алтарях; И куда печальным оком Там Церера ни глядит; В унижении глубоком Человека всюду зрит. «Ты ль, Зевесовой рукою Сотворенный человек? Для того ль тебя красою Олимпийскою облек Бог богов и во владенье Мир земной тебе отдал, Чтоб ты в нем, как в заточенье Узник брошенный, страдал? Иль ни в ком между богами Сожаленья к людям нет И могучими руками Ни один из бездны бед Их не вырвет? Знать, к блаженным Скорбь земная не дошла? Знать, одна я огорченным Сердцем горе поняла? Чтоб из низости душою Мог подняться человек, С древней матерью-землею Он вступи в союз навек; Чти закон времен спокойный; Знай теченье лун и лет, Знай, как движется под стройной Их гармониею свет». И мгновенно расступилась Тьма, лежавшая на ней, И небесная явилась Божеством пред дикарей: Кончив бой, они, как тигры, Из черепьев вражьих пьют, И ее на зверски игры И на страшный пир зовут. Но богиня, с содроганьем Отвратясь, рекла: «Богам Кровь противна; с сим даяньем Вы, как звери, чужды нам; Чистым чистое угодно; Дар, достойнейший небес: Нивы колос первородной, Сок оливы, плод древес». Тут богиня исторгает Тяжкий дротик у стрелка; Острием его пронзает Грудь земли ее рука; И берет она живое Из венца главы зерно, И в пронзенное земное Лоно брошено оно. И выводит молодые Класы тучная земля; И повсюду, как златые Волны, зыблются поля. Их она благословляет, И, колосья в сноп сложив, На смиренный возлагает Камень жертву первых нив. И гласит: «Прими даянье, Царь Зевес, и с высоты Нам подай знаменованье, Что доволен жертвой ты. Вечный бог, сними завесу С них, не знающих тебя: Да поклонятся Зевесу, Сердцем правду возлюбя». Чистой жертвы не отринул На Олимпе царь Зевес; Он во знамение кинул Гром излучистый с небес; Вмиг алтарь воспламенился; К небу жертвы дым взлетел, И над ней горе явился Зевсов пламенный орел. И чудо проникло в сердца дикарей; Упали во прах перед дивной Церерой; Исторгнулись слезы из грубых очей, И сладкой сердца растворилися верой. Оружие кинув, теснятся толпой И ей воздают поклоненье; И с видом смиренным, покорной душой Приемлют ее поученье. С высоты небес нисходит Олимпийцев светлый сонм; И Фемида их предводит, И своим она жезлом Ставит грани юных, жатвой Озлатившихся полей И скрепляет первой клятвой Узы первые людей. И приходит благ податель, Друг пиров, веселый Ком; Бог, ремесл изобретатель, Он людей дружит с огнем; Учит их владеть клещами; Движет мехом, млатом бьет И искусными руками Первый плуг им создает. И вослед ему Паллада Копьеносная идет И богов к строенью града Крепкостенного зовет: Чтоб приютно-безопасный Кров толпам бродящим дать И в один союз согласный Мир рассеянный собрать. И богиня утверждает Града нового чертеж; Ей покорный, означает Термин камнями рубеж; Цепью смерена равнина; Холм глубоким рвом обвит; И могучая плотина Гранью бурных вод стоит. Мчатся Нимфы, Ореады (За Дианой по лесам, Чрез потоки, водопады, По долинам, по холмам С звонким скачущие луком); Блещет в их руках топор, И обрушился со стуком Побежденный ими бор. И, Палладою призванный, Из зеленых вод встает Бог, осокою венчанный, И тяжелый строит плот; И, сияя, низлетают Оры легкие с небес И в колонну округляют Суковатый ствол древес. И во грудь горы вонзает Свой трезубец Посидон; Слой гранитный отторгает От ребра земного он; И в руке своей громаду, Как песчинку, он несет; И огромную ограду Во мгновенье создает. И вливает в струны пенье Светлоглавый Аполлон: Пробуждает вдохновенье Их согласно-мерный звон; И веселые Камены Сладким хором с ним поют, И красивых зданий стены Под напев их восстают. И творит рука Цибелы Створы врат городовых: Держат петли их дебелы, Утвержден замок на них; И чудесное творенье Довершает, в честь богам, Совокупное строенье Всех богов, великий храм. И Юнона, с оком ясным Низлетев от высоты, Сводит с юношей прекрасным В храме деву красоты; И Киприда обвивает Их гирляндою цветов, И с небес благословляет Первый брак отец богов. И с торжественной игрою Сладких лир, поющих в лад, Вводят боги за собою Новых граждан в новый град; В храме Зевсовом царица, Мать Церера там стоит, Жжет курения, как жрица, И пришельцам говорит: «В лесе ищет зверь свободы, Правит всем свободно бог, Их закон - закон природы. Человек, прияв в залог Зоркий ум - звено меж ними,- Для гражданства сотворен: Здесь лишь нравами одними Может быть свободен он». Свивайте венцы из колосьев златых; Цианы лазурные в них заплетайте; Сбирайтесь плясать на коврах луговых; И с пеньем благую Цереру встречайте: Всю землю богинин приход изменил; Признавши ее руководство, В союз человек с человеком вступил И жизни постиг благородство.
P00461	poem	Василий Жуковский: Ночной смотр	В двенадцать часов по ночам Из гроба встает барабанщик; И ходит он взад и вперед, И бьет он проворно тревогу. И в темных гробах барабан Могучую будит пехоту; Встают молодцы егеря, Встают старики гренадеры, Встают из-под русских снегов, С роскошных полей италийских, Встают с африканских степей, С горючих песков Палестины. В двенадцать часов по ночам Выходит трубач из могилы; И скачет он взад и вперед, И громко трубит он тревогу. И в темных могилах труба Могучую конницу будит: Седые гусары встают, Встают усачи кирасиры; И с севера, с юга летят, С востока и с запада мчатся На легких воздушных конях Одни за другим эскадроны. В двенадцать часов по ночам Из гроба встает полководец; На нем сверх мундира сюртук; Он с маленькой шляпой и шпагой; На старом коне боевом Он медленно едет по фрунту; И маршалы едут за ним, И едут за ним адъютанты; И армия честь отдает. Становится он перед нею; И с музыкой мимо его Проходят полки за полками. И всех генералов своих Потом он в кружок собирает, И ближнему на ухо сам Он шепчет пароль свой и лозунг; И армии всей отдают Они тот пароль и тот лозунг: И Франция - тот их пароль, Тот лозунг -Святая Елена. Так к старым солдатам своим На смотр генеральный из гроба В двенадцать часов по ночам Встает император усопший.
P00462	poem	Василий Жуковский: Из альбома, подаренного Ростопчиной (Пуш	[А. С. ПУШКИН] Он лежал без движенья, как будто по тяжкой работе Руки свои опустив. Голову тихо склоня, Долго стоял я над ним, один, смотря со вниманьем Мертвому прямо в глаза; были закрыты глаза, Было лицо его мне так знакомо, и было заметно, Что выражалось на нем,- в жизни такого Мы не видали на этом лице. Не горел вдохновенья Пламень на нем; не сиял острый ум; Нет! Но какою-то мыслью, глубокой, высокою мыслью Было объято оно: мнилося мне, что ему В этот миг предстояло как будто какое виденье, Что-то сбывалось над ним, и спросить мне хотелось: что видишь? * См. Пушкин и Ростопчина.
P00463	poem	Вильгельм Кюхельбекер: Амур живописец	(Подражание Гете) До зари сидел я на утесе, На туман глядел я, недвижимый; Простирался, будто холст бесцветный, Покрывал седой туман окрестность. Вдруг подходит незнакомый мальчик. "Что сидишь ты,- говорит мне,- праздный? Что глядишь на этот холст бесцветный, Или ты навек утратил жажду Бодрой кистью вызывать картины?" На него взглянул я и помыслил: "Ныне уж учить и дети стали!" "Брось тоску,- сказал он,- лень и скуку! Или с ними в чем успеть мечтаешь?- Посмотри, что здесь я нарисую; Перейми, мой друг, мои картины!" Тут он поднял пальчик, алый пальчик, Схожий цветом с юной, свежей розой: Им он водит по ковру тумана, Им он пишет на холсте бесцветном. Сверху пишет ясный образ солнца И слепит мой взор его сияньем, И лучи сквозь облака проводит, И огнем края их обливает; Он рисует зыбкие вершины Леса, напоенного росою; Протянув прелестный ряд пригорков, Не забыл он и воды сребристой; В даль он пролил светлый ручеечек, И, казалось, в нем сверкали блески, В нем струи кипели, будто жемчуг. Вдруг цветочки всюду распустились: Берег ими, дол, холмы пестреют, В них багрец, лазурь и злато блещут; Дерн под ними светит изумрудом, Горы бледной сединой оделись, Свод небес подъялся васильковый... Весь дрожал я - и, восторга полный, На творца смотрел и на картину. "Не совсем дурной я живописец,- Молвил он,- признайся же, приятель! Подожди: конец венчает дело". Вот он снова нежною ручонкой Возле леса рисовать принялся: Губки закусил, трудился долго, Улыбался и чертил и думал. Я взглянул,- и что же вдруг увидел? Возле рощи милая пастушка: Лик прелестный, грудь под снежной дымкой; Стройный стан, живые щечки с ямкой; Щечки те под прядью темных кудрей Отражали сладостный румянец, Отражали пальчик живописца. "Мальчик! мальчик!- я тогда воскликнул,- Так писать, скажи, где научился?"- Восклицанья продолжать хотел я; Но зефир повеял вдруг и, тронув Рощу и подернув рябью воду, Быстрый, заклубил покров пастушки,- И тогда (о, как я изумился!) Вдруг пастушка поднимает ножку, Вдруг пошла и близится к утесу, Где сидел я и со мной проказник! Что же тут, когда все всколебалось - Роща и ручей, цветы и ножка, Дымка, кудри, покрывало милой? Други, верьте, что и я не пробыл На скале один скалой недвижной!
P00464	poem	Вильгельм Кюхельбекер: Лес	Во сыром бору Ветер завывает; На борзом коне Молодец несется. Позади сидит Красная девица; Вороной скакун Мчит их в лес дремучий. «Гой еси ты, конь, Гой еси, ретивый! В лес не мчи меня, Не неси в дремучий! В том темном лесу, В черной той дубраве, Нет волков, ни лис, Ходит, бродит леший! В том темном лесу, В черной той дубраве, Не услышишь птиц, А поют русалки!» Гаснет среди туч, Гаснет светлый месяц; Конь несет их в глушь, В лес и в глушь немую. Молодец глядит, Видит клен да ветлы; Бодрый слух вострит, Слышит — воет ветер. Вся как лист дрожит Позади девица: «Вон, он там стоит! Чу, хохочут, свищут!» Занялась заря, Буйный ветер стихнул: Молодец рыдал Над бездушным телом!
P00465	poem	Вильгельм Кюхельбекер: Песня дорожная	Без лишних денег, без забот, Окрылены мечтою, Мы, юноши, идем вперед, Мы радостны душою. Нас в тихий сумрак манит лес, В объятия прохлады! Для нас прелестен свод небес, Нас призывают грады; Для нас, журча, бегут ручьи Под темными древами, Нас, нас зовут в свои струи И блещут меж цветами. Для нас поет пернатых глас, Шумят и шепчут рощи, Светило дня блестит для нас, Для нас светила нощи!- И грусть не смеет омрачать Невинных наслаждений: Ее от сердца отогнать Нам послан дружбы Гений! Его священная рука Мои отерла слезы: И спит в моей груди тоска; И вновь цветут мне розы!
P00466	poem	Вильгельм Кюхельбекер: Бессмертие есть цель жизни человеческой	Из туч сверкнул зубчатый пламень. По своду неба гром протек, Взревели бури — челн о камень; Яряся, океан изверг Кипящими волнами Пловца на дикий брег. Он озирается — и робкими очами Блуждает ночи в глубине; Зовет сопутников,— но в страшной тишине Лишь львов и ветра вопль несется в отдаленьи. Увы! так жизни в треволненьи Единый плач я зрю, стенанья полон слух; Безвестность мрачная, мучительно сомненье Колеблют мой смущенный дух! Как море зла волнуется повсюду! Венцов и скипетров на груду Воздвигнул изверг свой престол,— И кровью наводнил и град, и лес, и дол, И области покрыл отчаянья туманом! Герой, невинных щит, гоним, повержен в прах, Неблагодарности, неистовства в ногах Его безглавый труп терзаем хищным враном; С сверкающим мечом на брата брат восстал, И на родителя десницу сын подъял. О небо! где ж перун, злодеям мститель? Всевышний судия! почто твой глас утих? Иль нет тебя, каратель злых, И случай нам властитель? Могила, знать, всему предел, И извергов она, и добрых — всех удел! Увянут благость и пороки, И тленья лишь текут за гробом мрачны токи! И совесть, и закон, и честь, и долг — мечты! К чему ж заботы и труды? Не льстися за добро, безумец, воздаяньем И не внимай слезам, стенаньям! Дух сладострастию предай И сердце негой упояй! Нет бога!— внемлешь ли?— нет вечныя награды И буйству нет преграды! Но что! возможно ли? и солнце и луна Родились ли сами собою? С угрюмой, хладною зимою Цветущая весна Сменяются по собственной ли воле? Кому послушны ночь и день, Когда то свет зари, то сумрачная тень Объемлют холм и поле? Кто одарил меня душой? С ее сравненны быстротой Недвижны ветр, и звук, и самый свет, и время: Телесности отбросив бремя, Сверкает молниной стрелой, Миры мгновенно пролетает, Вселенную в себе вмещает! И случаем она Во мне средь мрака возжена? И случай сей не бог всесильный, Благий, премудростью обильный? Егова, случай ли, Ормузд или Зевес Царя небес Святое имя?— Но вовеки Всему начало он, всему конец, На нас лиет щедрот он реки, Он чад своих отец! Я мыслю, я тебя, творец мой, постигаю, Горячия мольбы поток Перед тобою изливаю, Ума на крыльях возлетаю В твой выспренной чертог! И смерть в твоем бессмертном лоне Дерзнет пожать меня, как злак, И при моем последнем стоне, Отец! твой не смутится зрак? Ужель столь пышными дарами Меня, как первенца цветами, Ты на закланье увенчал? О, если так! кляну тот час, где я мученья С мгновенной жизнию приял. Ах! лучше бы вовек я мрачного забвенья Из недра не был извлечен, Для бедствий лишь одних вовеки не рожден! Почто глас совести влиян во грудь мою? Почто моим страстям положены препоны? Почто, лишь преступить дерзну Суровые ее законы, Вторгается в меня весь ад? Счастливые, счастливей во сто крат Попранный червь моей ногою! Но да исчезнет с страшной мглою Воображения призрак! Источник слез да иссушится — Иль нет! да не престанет литься Он благодарности во знак! Бессмертие! о мысль неизреченна! К престолу вышнего возносишь ты меня: Погибнет вся вселенна,— Но невредим пребуду я! Воскреснет юный мир, порядок воцарится И снова в бездну погрузится — Но средь развалин сих стою неколебим, Средь общей гибели рукой отца храним! О сын земли, воспрянь, воспрянь от заблужденья И мрак сомненья От веждей отряси, И глас природы вопроси! Ужели он тебя, слепец, не убеждает? «Бессмертен ты,— вещает,— В бессмертии с самим равняешься творцом, Конец твой сопряжен лишь вечности с концом! Се червь, се образ твой лежит перед тобою, Недвижим, заключен Во гроб самим собою; Но лишь весеннею порою От животворного луча Вдруг рощи восшумят, одежду получа, С брегами реки пробудятся, От склянных свободясь оков, И тенью рощи осенятся, И прекратится царство льдов,— Оставя дом свой тесный, Он явится в лугах сильфидою прелестной, Распустит крылья, воспарит, От розы к розе полетит!» Почто, коль жизни луч пожрется тьмою вечной, Почто же пламенным желанием томим? Почто же от утех ты жаждой бесконечной К утехам новым век гоним?— Вот сибарит перед тобою; Рабов он шумною толпою, Прислужниц роем окружен,— Но пресыщением, как некою горою, Печалью, грустью угнетен; Ему совиного страшнее клика Лидии неясная музыка, Ему вино златое — яд; Рукой он кубок отвращает И томный, страждущий свой взгляд Во мрак хитона погружает! На честолюбца взор простри, На вихря бранного воззри, Кого кровавый след и днесь еще дымится! С его могуществом дерзал ли кто сравниться? Он цепью приковал блестящий сонм царей К своей победной колеснице; Всесокрушающей покорствуя деснице, Тирана грозного очей Все племена страшились, трепетали И молча жизнь иль смерть из уст его внимали! А он? он клял судьбу И из торжеств своих и сердцу и уму Единую извлек отраву; И вот — утратил трон, и счастие, и славу! И что ж?— он дней своих не прекратил! Грозящей вечности злодея вид страшил Что слез и воплей дани, Мученья нес ему в неумолимой длани, И гласом громовым: «О трепещи!» вещал — И ум ужасного вдруг ужас обуял!
P00467	poem	Вильгельм Кюхельбекер: Надгробие	Сажень земли мое стяжанье, Мне отведен смиренный дом: Здесь спят надежда и желанье, Окован страх железным сном, Заснули горесть и веселье,- Безмолвно всё в подземной келье. И я когда-то знал печали, И я был счастлив и скорбел, Любовью перси трепетали, Уста смеялись, взор светлел; Но взор и сердце охладели: Растут над мертвым пеплом ели. И уж никто моей гробницы Из милых мне не посетит; Их не разбудит блеск денницы: Их прах в сырой земле зарыт; А разве путник утружденный Взор бросит на мой гроб забвенный. А разве сладостной весною, Гонясь за пестрым мотыльком, Дитя бессильною рукою Столкнет мой каменный шелом, Покатит, взглянет и оставит И в даль беспечный бег направит.
P00468	poem	Вильгельм Кюхельбекер: Зима	Взор мой бродит везде по немой, по унылой пустыне; Смерть в увядшей душе, всё мёртво в безмолвной природе Там на сосне вековой завыванию бури внимает Пасмурный вран. Сердце заныло во мне, средь тягостных дум я забылся: Спит на гробах человек и видит тяжелые грезы; Спит - и только изредка скорбь и тоска прилетают Душу будить! "Шумная радость мертва; бытие в единой печали, В горькой любви, и в плаче живом, и в растерзанном сердце!" - Вдруг закачал заскрипевшею елию ветер: я, вздрогнув, Очи подъял! Всюду и холод и блеск. Обнаженны древа и покрыты Льдяной корой. Иду; хрустит у меня под ногою Светлый, безжизненный снег, бежит по сугробам тропинка В белую даль!
P00469	poem	Вильгельм Кюхельбекер: Осень	Ветер протек по вершинам дерев; дерева зашатались - Лист под ногою шумит; по синему озеру лебедь Уединенный плывет; на холмах и в гулкой долине Смолкнули птицы. Солнце, чуть выглянув, скроется тотчас: луч его хладен. Все запустело вокруг. Уже отголосок не вторит Песней жнецов; по дороге звенит колокольчик унылый; Дым в отдаленьи. Путник, закутанный в плащ, спешит к молчаливой деревне. Я одинокий брожу. К тебе прибегаю, Природа! Матерь, в объятья твои! согрей, о согрей мое сердце, Нежная матерь! Рано для юноши осень настала.- Слезу сожаленья, Други! я умер душою: нет уже прежних восторгов, Нет и сладостных прежних страданий - всюду безмолвье, Холод могилы!
P00470	poem	Вильгельм Кюхельбекер: Memento mori	Здесь, между падших столпов, поросших плющом и крапивой, Здесь, где ветер свистит между разрушенных стен, Я, одинок на холме, под тению тлеющей башни, С древнего камня взгляну в даль, на равнину, на лес; Солнце, взгляну на тебя! на пламенный запад, на небо. О, как синева там, там надо мною тиха!- Здесь я сокроюсь от жизни на миг, на миг позабуду Горечь ее! или нет: скуку, и грусть, и тоску, Все обманы судьбы и предательства смертных воспомню, Чувства в себе пробужу, плачем живым наслажусь! Но почему заструилась ковыль и вдруг засребрилась? Слышу сладостный стон, сладостный шепот и вздох! Ты ли со мной говоришь, тишина? Я слух преклоняю; Холод по мне пробежал, слезы блеснули в очах! Где же ты прежде дышал, о зефир? где, сладостный, веял? Ты заунывен и тих: урны ли ты облетал? "Урны я облетал! по безмолвным веял могилам: Там не стонет печаль! там непробудный покой!" О ветерок! о голос из дальней отчизны, помедли! Но кругом все молчит! все в темноту облеклось!- Солнце с лазури скатилось давно; носясь над туманом, Месяц простер по лугам бледный, трепещущий свет; Звезды сияют, манят и сон на глаза низсылают - Башня, седой великан, дремлет над спящей землей.
P00471	poem	Вильгельм Кюхельбекер: В альбом Илличевскому	Прощай, товарищ в классе! Товарищ за пером! Товарищ на Парнасе! Товарищ за столом! Прощай, и в шуме света Меня не позабудь, Не позабудь поэта, Кому ты первый путь, Путь скользкий, но прекрасный, Путь к музам указал. Хоть к новизнам пристрастный, Я часто отступал От старорусских правил, Ты в путь меня направил, Ты мне сказал: "Пиши", И грех с моей души - Зарежу ли Марона, Измучу ли себя - Решеньем Аполлона Будь свален на тебя.
P00472	poem	Вильгельм Кюхельбекер: Разлука	Длань своенравной Судьбы простерта над всею вселенной! Ей, непреклонной, ничто слезы печальной любви; Милого хладной рукой отторгнув от милого друга. Рок безмятежен, без чувств, неомрачаем вовек Ропот до слуха его не доходит!- Будем же тверды: Боги покорны ему, высше Судьбы человек; Мы никому, друзья, не подвластны душою; в минувшем, В будущем можем мы жить, в сладостной, светлой мечте.
P00473	poem	Вильгельм Кюхельбекер: Элегия (Цвет моей жизни, не вянь...)	Цвет моей жизни, не вянь! О время сладостной скорби, Пылкой волшебной мечты, время восторгов,- постой! Чем удержать его, друг мой? о друг мой, могу ли привыкнуть К мысли убийственной жить с хладной, немою душой, Жить, переживши себя? Почто же, почто не угас я С утром моим золотым? Дельвиг, когда мы с тобой Тайными мыслями, верою сердца делились и смело В чистом слиянии душ пламенным летом неслись В даль за пределы земли, в минуту божественной жажды Было мне умереть, в небо к отцу воспарить, К другу созданий своих, к источнику вечного света!- Ныне я одинок, с кем вознесуся туда, В области тайных знакомых миров? Мы розно, любезный, С грозной судьбою никто, с жизнью меня не мирит! Ты, о души моей брат! Затерян в толпе равнодушной, Твой Вильгельм сирота в шумной столице сует, Холод извне погашает огонь его сердца: зачем же Я на заре не увял, весь еще я не лишен Лучшей части себя - благодатных святых упований? В памяти добрых бы жил рано отцветший певец!
P00474	poem	Вильгельм Кюхельбекер: К Пушкину из его нетопленной комнаты	К тебе зашел согреть я душу; Но ты теперь, быть может, Грушу К неистовой груди прижал И от восторга стиснул зубы, Иль Оленьку целуешь в губы И кудри Хлои разметал; Или с прелестной бледной Лилой Сидишь и в сладостных глазах, В ее улыбке томной, милой, Во всех задумчивых чертах Ее печальный рок читаешь И бури сердца забываешь В ее тоске, в ее слезах. Мечтою легкой за тобою Моя душа унесена И, сладострастия полна, Целует Олю, Лилу, Хлою! А тело между тем сидит, Сидит и мерзнет на досуге: Там ветер за дверьми свистит, Там пляшет снег в холодной вьюге; Здесь не тепло; но мысль о друге, О страстном, пламенном певце, Меня ужели не согреет? Ужели жар не проалеет На голубом моем лице? Нет! над бумагой костенеет Стихотворящая рука... Итак, прощайте вы, пенаты Сей братской, но не теплой хаты, Сего святого уголка, Где сыну огненного Феба, Любимцу, избраннику неба, Не нужно дров, ни камелька; Но где поэт обыкновенный, Своим плащом непокровенный, И с бедной Музой бы замерз, Заснул бы от сей жизни тленной И очи, в рай перенесенный, Для вечной радости отверз!
P00475	poem	Вильгельм Кюхельбекер: К музе	Что нужды на себя приманивать вниманье Завистливой толпы и гордых знатоков? О Муза, при труде, при сладостном мечтанье Ты много на мой путь рассыпала цветов! Вливая в душу мне и жар и упованье, Мой Гений от зари младенческих годов, Поешь - и не другой, я сам тебе внимаю, И грусть, и суету, и славу забываю!
P00476	poem	Вильгельм Кюхельбекер: Тоска по родине	На булат опершись бранный, Рыцарь в горести стоял, И, смотря на путь пространный, Со слезами он сказал: "В цвете юности прелестной Отчий кров оставил я, И мечом в стране безвестной Я прославить мнил себя. Был за дальними горами, Видел чуждые моря; Век сражался я с врагами За отчизну и царя. Но душа моя страдала - В лаврах счастья не найти! Всюду горесть рассыпала Терны на моем пути! Без отчизны, одинокий, Без любезной и друзей, Я грущу в стране далекой Среди вражеских полей! Ворон сизый, быстрокрылый, Полети в родимый край; Жив ли мой отец унылый - Весть душе моей подай. Старец, может быть, тоскою В хладну землю положен; Может быть, ничьей слезою Гроб его не орошен! Сядь, мой ворон, над могилой, Вздох мой праху передай; А потом к подруге милой В древний терем ты слетай! Если ж грозный рок, жестокой, Мне сулил ее не зреть, Ворон! из страны далекой Для чего назад лететь?.." Долго рыцарь ждал напрасно: Ворон все не прилетал; И в отчаяньи несчастный На равнине битвы пал! Над высокою могилой, Где страдальца прах сокрыт, Дремлет кипарис унылый И зеленый лавр шумит!
P00477	poem	Вильгельм Кюхельбекер: Бурное море при ясном небе	Дикий Нептун роптал, кипел и в волнах рассыпался, А с золотой высоты, поздней зарей освещен, Радостный Зевс улыбался ему, улыбался вселенной: Так, безмятежный, глядит вечный закон на мятеж Шумных страстей; так смотрит мудрец на ничтожное буйство: Сила с начала веков в грозном величьи тиха.
P00478	poem	Вильгельм Кюхельбекер: Возраст счастия	Краток, но мирен и тих младенческий, сладостный возраст! Но - ах, не знает цены дням безмятежным дитя. Юноша в буре страстей, а муж, сражаяся с буйством, По невозвратном грустят в тяжкой и тщетной тоске. Так из объятий друзей вырывается странник; но вскоре Вздрогнет, настижен грозой, взглянет в унылую даль: Ищет - бедный!- любви, напрасно хижины ищет; Он одинок - и дождь хлещет навстречу ему, Ветер свистит, гремят и рокочут сердитые громы, И, осветя темноту, молния тучи сечет!
P00479	poem	Вильгельм Кюхельбекер: Прощание	Прости, отчизна дорогая! Простите, добрые друзья! Уже сижу в коляске я, Надеждой время упреждая. Уже волшебница Мечта Рисует мне обитель Славы, Тевтонов древние дубравы И их живые города! А там встают седые горы, Влекут и ослепляют взоры И, хмурясь, всходят до небес! О гроб и колыбель чудес, О град бессмертья, муз и брани! Отец народов, вечный Рим!- К тебе я простираю длани, Желаньем пламенным томим. Я вижу в радужном сиянье И Галлию и Альбион! Кругом меня очарованье, Горит и блещет небосклон. Пируй и веселись, мой Гений! Какая жатва вдохновений! Какая пища для души - В ее божественной тиши Златая дивная природа... Тяжелая гроза страстей, Вооруженная свобода, Борьба народов и царей! Не в капище ли Мельпомены Я, ожиданий полн, вступил? Не в храм ли тайных, грозных сил, Взирающих на жизнь вселенны,- Для них все ясно, все измены, Все сокровенности сердец, Всех дел и помыслов конец! Святые, страшные картины! Но, верьте! и в странах чужбины, И там вам верен буду я, О вы, души моей друзья!- И пусть поэтом я не буду, Когда на миг тебя забуду, Тебя, смиренная семья, Где юноши-певцы сходились, Где их ласкали как родных, Где мы в мечтаньях золотых Душой и жизнию делились!
P00480	poem	Вильгельм Кюхельбекер: Греческая песнь	Века шагают к славной цели; Я вижу их: они идут! Уставы власти устарели; Проснулись, смотрят и встают Доселе спавшие народы. О радость! грянул час, веселый час Свободы! Друзья! нас ждут сыны Эллады! Кто даст нам крылья? полетим! Сокройтесь горы, реки, грады! Они нас ждут: скорее к ним! Судьба, услышь мои молитвы, Пошли, пошли и мне минуту первой битвы! И пусть я, первою стрелою Сражен, всю кровь свою пролью: Счастлив, кто с жизнью молодою Простился в пламенном бою, Кто убежал от уз и скуки И славу мог купить за миг короткий муки! Ничто, ничто не утопает В реке катящихся веков: Душа героев вылетает Из позабытых их гробов И наполняет бардов струны И на тиранов шлет народные перуны!
P00481	poem	Вильгельм Кюхельбекер: Песни из повести «Адо»	Государь ты, светлый месяц, Что сверкаешь в облаках? Не блистай, отец, над нами, Не открой пришельцу нас! Волк за хатой завывает, Но я волка не боюсь! Мне ужасен барский голос, Голос твой, железный муж! Мадли, дней моих подруга, В Майцме вместе мы росли. Ах, убит жених твой, Мадли, Ты ж — убийц его раба. Ты для немца ложе стелешь, На него прядешь и ткешь! Что ж еще ты, Мадли, дышишь? Мадли, я бы умерла! Ах, не чайка, кружася, носится, Не лебедь крыльями взмахивает,— Плывут молодцы корабельщики, Корабельщики, гости русские, Плывут молодцы к Новугороду, К Новугороду, ко великому! Гой ты, батюшка, славный Новгород, Гой ты, город наш белокаменный, Изукрашен церквями божьими,— Ко святым мощам мы приложимся, Образам святым мы помолимся; Мы на детушек полюбуемся, Полюбуемся на сожительниц, На младых девиц, на невест своих! Красным девушкам подареньице — Серьги светлые красна золота; Женам ласковым подареньице — Платье новое, камки хрущятой! Гой ты, батюшка, славный Новгород! Кто поднимется против стен твоих? Кто восстанет на бога русского? Вдаль плыву по Пейпусу, Горестный изгнанник. Воспою Отечество — Слушай, слушай, странник! Наши нивы тучные Кони немцев топчут, Под бичом мучителя Старцы тщетно ропщут; Девы обесславлены, Юноши в неволе, Кости наших витязей Тлеют в чистом поле! Вдаль плыву по Пейпусу, Горестный изгнанник. Воспою Отечество — Слушай, слушай, странник! На брегу чужой реки Одинок тоскую; Грустно в дальней стороне Воду пить чужую! Ах, зачем я не сокол? Полетел бы к милым! В их дремучие леса, К их холмам унылым! В те места, где злой пришлец Зрит, смеясь, их слезы, Где одна глухая ночь Слышит их угрозы! Полетел бы я туда, К ним, к родным, в объятья! На пришельцев бы восстал! С вами б умер, братья! На брегу чужой реки Ты почто тоскуешь? Нор, воздвигнись! потеки! Вспомни край родимый! Что ты медлишь, храбрый Нор? Нас пришлец терзает! Варвар долы, луг и бор Кровью напояет! Душа моя полна боязни! Однажды долгу изменив, Злодей не минет поздней казни: Суд божий справедлив! Пусть был решителем сражений, Высокой башней среди сеч: Вдруг сломится, как лед весенний, В его деснице меч! Как жатву зрелую, Каратель Пожнет главы его друзей; Их жизнь неведомый предатель Погубит в цвете дней! Увы! почто певец оставил Твои струи, родной поток? Почто в чужбину путь направил? Я раб твой, грозный рок! Деля беспечно хлеб надменных, Смиренный делит жребий их,— Судьбу на гибель обреченных, Возданье дел чужих! Что ты, Машенька, призадумалась? Что, голубушка, пригорюнилась? Ах! пришла пора тебе, Машенька, Пора бросить житье девичье, Расплести свои косы черные, Дом покинуть родного батюшки! Не за тем ли ты пригорнюнилась? Не на то ли, свет, призадумалась? Уж вы девицы, вы затейницы, Вы, головушки неразумные! Что вы шутите над невестою? Что смиренницу в краску вводите? Вы зачем сами льете олово? Петуха овсом зачем кормите? За ворота те, за широкие, Вы зачем вечор выбегаете? Имя молодца зачем просите: «Расскажи ты нам, добрый молодец! Как зовешься, сударь, по имени? Как по отчеству, сударь, кличешься?>
P00482	poem	Вильгельм Кюхельбекер: Проклятие	Проклят, кто оскорбит поэта Богам любезную главу; На грозный суд его зову: Он будет посмеяньем света! На крыльях гневного стиха Помчится стыд его в потомство: Там казнь за грех и вероломство, Там не искупит он греха. Напрасно в муках покаянья Он с воплем упадет во прах; Пусть призовет и скорбь и страх, Пусть на певца пошлет страданья; Равно бесстрашен и жесток, Свой слух затворит заклинанью, Предаст злодея поруганью Святый, неистовый пророк. Пройдет близ сумрачного гроба Пришелец и махнет рукой, И молвит, покивав главой: "Здесь смрадно истлевает злоба!" А в жизни - раб или тиран, Поэта гнусный оскорбитель,- Нет, изверг,- не тебе был дан Восторг, бессмертья похититель! Все дни твои тяжелый сон, Ты глух, и муз ты ненавидишь, Ты знаешь роковой закон, Ты свой грядущий срам предвидишь. Но бодро радостный певец Чело священное подъемлет, Берет страдальческий венец И место меж богов приемлет!
P00483	poem	Вильгельм Кюхельбекер: К А.Т.Пушкиной	Цветок увядший оживает От чистой, утренней росы; Для жизни душу воскрешает Взор тихой, девственной красы. Когда твои подернет щеки Румянец быстрый и живой,- Мне слышны милые упреки, Слова стыдливости немой, И я, отринув ложь и холод, Я снова счастлив, снова молод, Гляжу: невинности святой Прекрасный ангел предо мной!
P00484	poem	Вильгельм Кюхельбекер: Участь поэтов	О сонм глупцов бездушных и счастливых! Вам нестерпим кровавый блеск венца, Который на чело певца Кладет рука камен, столь поздно справедливых! Так радуйся ж, презренная толпа, Читай былых и наших дней скрижали: Пророков гонит черная судьба; Их стерегут свирепые печали; Они влачат по мукам дни свои, И в их сердца впиваются змии. Ах, сколько вижу я неконченных созданий, Манивших душу прелестью надежд, Залогов горестных за пламень дарований, Миров, разрушенных злодействами невежд! Того в пути безумие схватило (Счастливец! от тебя оно сокрыло Картину их постыдных дел; Так! я готов сказать: завиден твой удел!), Томит другого дикое изгнанье; Мрут с голоду Камоенс и Костров ; Шихматова бесчестит осмеянье, Клеймит безумный лепет остряков,- Но будет жить в веках певец Петров! Потомство вспомнит их бессмертную обиду И призовет на прах их Немезиду!
P00485	poem	Вильгельм Кюхельбекер: 19 октября 1828 года	Какой волшебною одеждой Блистал пред нами мир земной! С каким огнем, с какой надеждой, С какою детской слепотой Мы с жизнию вступали в бой. Но вскоре изменила сила, И вскоре наш огонь погас; Покинула надежда нас, И жизнь отважных победила! Моих друзей далекий круг! Под воплями осенних вьюг, Но благостным хранимый небом, При песнях, вдохновенных Фебом, От бурь и горя вдалеке, В уютном, мирном уголке Ты празднуешь ли день священный, День, сердцу братьев незабвенный? Моих друзей далекий круг! Воспомнит ли в сей день священный, В день, сердцу братьев незабвенный, Меня хотя единый друг? Или судьба меня лишила Не только счастья - и любви? И не взяла меня могила, И кончилися дни мои?
P00486	poem	Вильгельм Кюхельбекер: Ночь (Ночь,- приди...)	Ночь,- приди, меня покрой Тишиною и забвеньем, Обольсти меня виденьем, Отдых дай мне, дай покой! Пусть ко мне слетит во сне Утешитель мой ничтожный, Призрак быстрый, призрак ложный, Легкий призрак милых мне! Незабвенных, дорогих Наслажуся разговором: Повстречаюся с их взором, Уловлю улыбку их! Предо мной моя семья: Позабыты все печали, Узы будто не бывали, Будто не в темнице я!
P00487	poem	Вильгельм Кюхельбекер: Ветер	Слышу стон твой, ветер бурный! Твой унылый, дикий вой: Тьмой ненастной свод лазурный, Черным саваном покрой! Пусть леса, холмы и долы Огласит твой шумный зык! Внятны мне твои глаголы, Мне понятен твой язык. Из темницы безотрадной Преклоняю жадный слух: За тобою, ветер хладный, Рвется мой стесненный дух! Ветер! ветер! за тобою К необъятной вышине Над печальной мглой земною В даль бы понестися мне! Был бы воздух одеянье, Собеседник - божий гром, Песни - бурей завыванье, Небо - мой пространный дом. Облетел бы круг вселенной, Только там бы отдохнул, Где семьи, мне незабвенной, Речи вторит тихий гул; Среди летней светлой ночи, У часовни той простой, Им бы там мелькнул я в очи, Где почиет их родной! К милым я простер бы pyки, Улыбнулся бы, исчез, Но знакомой лиры звуки Потрясли бы близкий лес.
P00488	poem	Вильгельм Кюхельбекер: Суров и горек черствый хлеб изгнанья...	Суров и горек черствый хлеб изгнанья; Наводит скорбь чужой страны река, Душа рыдает от ее журчанья, И брег уныл, и влага не сладка. В изгнаннике безмолвном и печальном - Туземцу непостижная тоска; Он там оставил сердце, в крае дальном, Там для него все живо, все цветет; А здесь... не все ли в крове погребальном, Не все ли вянет здесь, не все ли мрет? Суров и горек черствый хлеб изгнанья; Изгнанник иго тяжкое несет.
P00489	poem	Вильгельм Кюхельбекер: Вопросы	Ужель и неба лучшие дары В подлунном мире только сновиденье? Ужель по тверди только до поры Свершают звезды дивное теченье? Должно ли ведать гнев враждебных лет, Душа души, святое вдохновенье, Должно ли опадать в одно мгновенье, Как в осень сорванный со стебля цвет? Увы мне! с часу на час реже, реже Живительным огнем согрет мой дух! И тот же мир, и впечатленья те же, Но прежних песней не уловит слух, Но я не тот;- уж нет живого чувства, Которым средь свободных, смелых дум Бывал отважный окрыляем ум: Я робкий раб холодного искусства; Седеет волос, в осень скорбных лет, Ни жару, ни цветов весенних нет.
P00490	poem	Вильгельм Кюхельбекер: Клен	Скажи, кудрявый сын лесов священных, Исполненный могучей красоты, Средь камней, соков жизненных лишенных, Какой судьбою вырос ты? Ты развился перед моей тюрьмою... Сколь многое напоминаешь мне! Здесь не с кем мне... поговорю с тобою О милой сердцу старине: О времени, когда, подобно птице, Жилице вольной средь твоих ветвей, Я песнь свободную певал деннице И блеску западных лучей; Тогда с брегов смиренной Авиноры, В лесах моей Эстонии родной, Впервые жадно в даль простер я взоры, Мятежной мучимый тоской. Твои всходящие до неба братья Видали, как завешанную тьмой Страну я звал, манил в свои объятья,- И покачали головой. А ныне ты свидетель совершенья Того, что прорицали братья мне; О ты, последний в мраке заточенья Мой друг в далекой стороне!
P00491	poem	Вильгельм Кюхельбекер: Море сна	Мне ведомо море, седой океан: Над ним беспредельный простерся туман. Над ним лучезарный не катится щит; Но звездочка бледная тихо горит. Пускай океана неведом конец, Его не боится отважный пловец; В него меня манит незанятый блеск, Таинственный шепот и сладостный плеск. В него погружаюсь один, молчалив, Когда настает полуночный прилив, И чуть до груди прикоснется волна, В больную вливается грудь тишина. И вдруг я на береге - будто знаком! Гляжу и вхожу в очарованный дом: Из окон мне милые лица глядят И речи приветные слух веселят, Не милых ли сердцу я вижу друзей, Когда-то товарищей жизни моей? Все, все они здесь! Удержать не могли Ни рок их, ни люди, ни недра земли! По-прежнему льется живой разговор; По-прежнему светится дружеский взор... При вещем сиянии райской звезды Забыта разлука, забыты беды. Но ах! пред зарей наступает отлив - И слышится мне не отрадный призыв... Развеялось все - и мерцание дня В пустыне глухой осветило меня.
P00492	poem	Вильгельм Кюхельбекер: Элегия (Склонился на руку...)	«Склонился на руку тяжелой головою В темнице сумрачной задумчивый Поэт... Что так очей его погас могущий свет? Что стало пред его померкшею душою? О чем мечтает? Или дух его Лишился мужества всего И пал пред неприязненной судьбою?» — Не нужно состраданья твоего: К чему твои вопросы, хладный зритель Тоски, которой не понять тебе? Твоих ли утешений, утешитель, Он требует? оставь их при себе! Нет, не ему тужить о суетной утрате Того, что счастием зовете вы: Равно доволен он и во дворце и в хате; Не поседели бы власы его главы, Хотя бы сам в поту лица руками Приобретал свой хлеб за тяжкою сохой; Он был бы тверд под бурей и грозами И равнодушно снес бы мраз и зной. Он не терзается и по златой свободе: Пока огонь небес в Поэте не потух, Поэта и в цепях еще свободен дух. Когда ж и с грустью мыслит о природе, О божьих чудесах на небе, на земле: О долах, о горах, о необъятном своде, О рощах, тонущих в вечерней, белой мгле, О солнечном, блистательном восходе, О дивном сонме звезд златых, Бесчисленных лампад всемирного чертога, Несметных исповедников немых Премудрости, величья, славы бога,— Не без отрады всё же он: В его груди вселенная иная; В ней тот же благости таинственный закон, В ней та же заповедь святая, По коей высше тьмы и зол и облаков Без устали течет великий полк миров. Но ведать хочешь ты, что сумрак знаменует, Которым, будто тучей, облегло Певца унылое чело? Увы! он о судьбе тоскует, Какую ни Гомер, ни Камоенс, ни Тасс, И в песнях и в бедах его предтечи, Не испытали; пламень в нем погас, Тот, с коим не были ему ужасны встречи Ни с скорбным недугом, ни с хладной нищетой Ни с ветреной изменой Любви, давно забытой и презренной, Ни даже с душною тюрьмой.
P00493	poem	Вильгельм Кюхельбекер: Родство со стихиями	Есть что-то знакомое, близкое мне В пучине воздушной, в небесном огне; Звезды полуночной таинственный свет От духа родного несет мне привет. Огромную слышу ли жалобу бурь, Когда умирают и день и лазурь, Когда завывает и ломится лес,- Я так бы и ринулся в волны небес. Донельзя постыли мне тина и прах; Мне там в золотых погулять бы полях: Туда призывают и ветер и гром, Перун прилетает оттуда послом. Туман бы распутать мне в длинную нить, Да плащ бы широкий из сизого свить, Предаться бы вихрю несытой душой, Средь туч бы лететь под безмолвной луной! Все дале и дале, и путь бы простер Я в бездну, туда - за сафирный шатер! О, как бы нырял в океане светил! О, как бы себя по Вселенной разлил!
P00494	poem	Вильгельм Кюхельбекер: Разочарование (Скажи: совсем ли...)	Скажи: совсем ли ты мне изменил, Доселе неизменный мой хранитель? Для узника в волшебную обитель Темницу превращал ты, Исфраил. Я был один, покинут всеми в мире, Всего страшился, даже и надежд... Бывало же, коснешься темных вежд — С них снимешь мрак, дашь жизнь и пламень лире,— И снова я свободен и могуч: Растаяли затворы, спали цепи, И, как орел под солнцем из-за туч Обозревает горы, реки, степи,— Так вижу мир, раскрытый под собой, И, радостен, сквозь ужас хладной ночи, Бросаю полные восторга очи На свиток, писанный судьбы рукой!.. А ныне пали стены предо мной: Я волен: что же? Бледные заботы, И грязный труд, и вопль глухой нужды, И визг детей, и стук тупой работы Перекричали песнь златой мечты, Смели, как прах, с души моей виденья, Отняли время и досуг творить — И вялых дней безжизненная нить Прядется мне из мук и утомленья.
P00495	poem	Владимир Раевский: От ранней юности я жребий мой познал...	От ранней юности я жребий мой познал Из урны роковой - погибельный, несчастный, И взором трепетным и смутным пробегал Судьбы моей скрижаль!.. С тех пор денницы блеск и юной девы взоры Я с равнодушием встречал! И муз пленительные хоры, Как песни грубые, внимал И на величие природы Взирал, как сквозь туман осенней непогоды!..
P00496	poem	Владимир Раевский: Сетование	В младенчестве моем я радости не знал. Когда лишь с чувствами, с невинностью знакомый, К родителям моим я руки простирал, Врожденной добротой влекомый, Я нежной ласки ожидал. Увы! Тогда мой взор суровый взгляд встречал. Я плакал, но еще несчастия не знал! В те дни, как чувствами природой оживленный, Я помнить стал себя, предметы различать, Стал чувствовать добро,— незнаньем увлеченный, Я мнил любезных мне с восторгом обнимать! Но, ах! несчастного удел определенный Лишь горести встречать. Я плакал, но еще мог слезы забывать!..
P00497	poem	Владимир Раевский: Час меланхолии	Меня ничто не веселит, Я счастья под луной не знаю — Средь игр лишь горести встречаю, Покой всегда меня бежит. Увы! в мечтаниях одних Зарю дней ясных представляю, Но где она, того не знаю. С собою сам, в слезах моих, Себе отраду обретаю. Ничто мне в мире сем не льстит, Средь юности тоской убит. Увы! не знаю наслаждений, Любви опасных обольщений. Для красоты и дев младых — Угас мой взор, огнь чувств моих, И время медленной рукою Длит жизнь. Под тучей громовою Удел мой горесть испытать. Стремлюсь я к вечному покою, Хочу под гробовой доскою, Что есть бессмертие, узнать. Почто мне в цвете дней моих Страдать назначено судьбою? Надежда, я забыт тобою, Не вижу радостей твоих. О друг, товарищ огорченный, Почто не вместе я с тобой? Почто час грозный, роковой, Час гибельных моих мучений Делить не можешь ты со мной? Сей ад в душе, тоска сердечна, Предчувства глас — быть может, вечно Я не увижуся с тобой. Мой гроб открыт, и червь голодный Спешит мой синий труп глодать, Скелет останется лежать В могиле мрачной и холодной; Не буду я тогда роптать На рок бесчувственный, жестокий — Я буду мертвый, одинокий... Но буду ль я тогда страдать? Никто винить меня не будет, Враги забудут осуждать И — следственно — могу ль роптать, Что недруг мой меня забудет? Я зла не сделал никому, И зло казалось мне загадкой, Я часто слезы лил украдкой — И сердцу верил одному; В душе моей явились страсти, И счастья свет, как миг, протек, Со тьмой явилися напасти,— Неумолим жестокий рок! Злой яд кипит в душе моей И дух унынием томится. Ах! Долго ль казнь моя продлится, Дождуся ль в жизни ясных дней?..
P00498	poem	Владимир Раевский: Шарлоте (Давно ли в неге утопал...)	Давно ли в неге утопал, Пылая страстью безмятежной? Давно ль зари восход блистающей встречал На груди белоснежной?.. Шарлота! грозен взор завистливой судьбы - Она нас разлучила, Не внемля голосу мольбы, Утехи цвет скосила. Но буря грозная минет, Мы свидимся с тобою - Душа надеждою живет... Разлука не страшна мечтою!.. Пусть верность будет твой закон, Добро - путеводитель, И спутник верных, Абеон, Нам снова возвратит обитель. В замену радостей, забав и страсти милой Осталися в удел недуги и печаль... И мысль от прошлого, стремясь в безвестну даль, Знакомит нас с безвестною могилой!..
P00499	poem	Владимир Раевский: Шарлоте (О, если и тебе...)	О, если и тебе назначено судьбою Изведать мрачное томление души, За сладости любви Платить раскаяньем и тайною слезою - Скажи, могу ли чтить святым судьбы закон И провидению вверять мои надежды? Могу ль, смыкая вежды, Надеяться на сладкий сон? Нет, нет, беги от глаз доверенность и вера. Свет мрачный есть цепь зла, избегни цепи сей - На выях возлежит блуждающих людей; Их радость детская есть страшная химера! Забуду ли, когда тебя к груди моей, Волнуемый страстей робеющих желаньем Прижал я в первый раз и с тайным трепетаньем Вкусил сладчайший дар [неспелой] жизни сей, И воздремал с тобой, блаженством упоенный. Беспечный, я не мог предвидеть бури бед, Когда мне в первый раз казался благом свет, Когда, с тобой соединенный, Восторгами любви считал мой каждый час; Но в тихих облаках таился гром опасный - Приметно исчезал жар чувства сладострастный, И светлый пламенник желаний вдруг погас! Предчувство - жребия превратность возвещало! В борьбе с самим собой я мыслить не дерзал О следствиях любви. Но глас природы снял Со взоров мрачное сомнений покрывало! Я вижу, милый друг, причину тайных слез И тайного томленья; Оставь рабам сует пути предрассужденья И не страшись молвы бессмысленных угроз: Не может зла творить устав святой природы. Покорствуй ей, она ведет добра рукой От бурь и непогод сокрытою стезей Под кров прямой любви и нравственной свободы!
P00500	poem	Владимир Раевский: К моим пенатам	От отческих полей, от друга отлученный, Игра фортуны злой, коварной и страстей, Мечтой обманчивой в свет бурный увлеченный, Свидетель суеты, неравенства людей, Сражаясь сам с собой,- я вижу преткновенье На скользком сем пути и бездны пред собой. Пенаты милые! услышьте голос мой, Внемлите странника бездомного моленье: Вы, в юности меня хранившие от бед, Теперь от роковых ударов защитите И к дому отчему скорее возвратите: Уже я видел бурный свет! Как в ясный, тихий день воздушный метеор Движеньем мрачных туч свод неба помрачает, Так в утро дней моих меня тоска снедает, И тщетно в будущность бросаю робкий взор: Там новые беды грозят еще цепями... О лары кроткие! да будет ваш покров Над бедным путником, зовущим со слезами На помощь вас одних; услышьте скорбный зов - И горести мои на время прекратите... Под небом неродным веселий, счастья нет, Меня вы к родине скорее возвратите: Уже я видел бурный свет! Честь, слава вдалеке взор слабый обольщает, Богатство, титулы - совместны с суетой, И Крезус пьет фиал тоски и скорби злой, Сатрапы гордые средь роскоши скучают. Нет, больше не хочу я славы и честей! Знаком кровавый путь мне грозныя Беллоны, Средь сечи гибельной, средь громов и мечей Я слышал славы клич - и жертв невинных стоны. Пенаты добрые! Внемлите мой обет - И бурю над главой моею отведите, И к дому отчему скорее возвратите: Уже я видел бурный свет!
P00501	poem	Владимир Раевский: Послание Петру Григорьевичу Приклонскому	Qui vit content de rien possede toute chose Boileau. V Epitre * Мой друг! взгляни кругом на наш подлунный свет: От трона царского до хижины убогой - Везде увидишь след богини быстроногой, Но постоянного для ней приюта нет. Чем выше здание - тем ближе к разрушенью, Опасен скользкий путь титулов и честей, Опасны милости и дружество царей - Кто ближе к скипетру, тот ближе к ниспаденью! Как часто видим мы невежду и глупца С титулом княжеским, в заслугах, уваженьи, Который с гордостью бросает взор презренья На долю скромную и бедность мудреца. Но тратит ли, мой друг, мудрец свои надежды Фортуне вопреки покоем обладать? Нет, тою же стезей он скрылся от невежды Под кров беспечности о слабом сострадать! И в рубище Солон дал Крезу наставленье, Как смежны счастие и слава с нищетой,- Пред Киром на костре от смерти роковой Спасло нежданное счастливца предреченье. Лишенного очей, в темнице и цепях Зри Велизария и с ним превратность рока... Давно ль Наполеон, полсвета бич и страх, Мечтал оспаривать и власть и силу бога? Где ж гром его побед?.. Фортуна за собой Триумфы, почести и славу удалила. Нет постоянного для смертных под луной, Превратность - жребий наш, а верное - могила!.. Чины, и почести, и всех богатств собор, Когда нет мудрости, нас скукой отягчают, Прельщается ль резцом и кистью грубый взор?.. Безумцы остроту в безумце обретают; Страшилище ума, они в кругу своем Нерона с Августом в величии равняют, Херила наших дней Пиндаром называют И восхищаются Беатуса умом!.. Сословие невежд, гордящихся породой, Без знаний, без заслуг, но с рабскою душой, Но с знаньем в происках до степени высокой, Идет надменною и быстрою стопой... Презренные льстецы с коленопреклоненьем Им строят алтари, им курят фимиам. Напрасно равенства мечтатели желают, В природе равенства не может быть и нет: Одних смирение, таланты отличают, Других - безумие и преступлений след; Одним назначено дней миром наслаждаться, Другим - убийством жить и в дебрях пресмыкаться. Родится гений, ум, родится и глупец - Ужель природы дар не должен дать первенство? Начало всем одно, и всем один конец, Но в мире нравственном не может быть равенство,- Лишь независимость есть мудрого черта; Под игом деспота-тирана - он свободен... Для пользы ближнего жить - сладкая мечта! Тому, кто чувствами, кто духом благороден, Он тайно не острит на братий грозный меч, Не жаждет для венка бессмертия и славы, Неистовой рукой точить ручьи кровавы, Жилища мирные в добычу брани жечь И доблесть исчислять числом насильств и мести; Ему неведом путь покорства, низкой лести Пред знатным гордецом - вельможею царя; Он в доле средственной нужды ни в чем не знает И, прихотям не раб, спокойно засыпает С подругою своей до радостного дня! Природы добрый сын, в объятиях природы Он верно свой покой и благо обретет; Не алчен к золоту, он ищет лишь свободы И в Новый свет искать сокровищ не плывет. Приклонский! Счастие еще не за горами, И если от него нас жребий отлучил, То опыт гибельный стократно научил, Как радости ловить удачными часами, Желанье, прихоти и страсти обуздать Должны рассудком мы, чтоб в меру наслаждаться. Довольно, милый друг, за призраком гоняться, Не время у моря погоды ожидать!..
P00502	poem	Владимир Раевский: Не с болию, но с радостью душевной...	Не с болию, но с радостью душевной Прощаюсь я с тобой, листок родной. Как быстрый взгляд, как мысли бег живой, Из хижины убогой и смиренной Лети туда, где был мой рай земной. Ты был со мной, свидетель жизни мрачной Изгнанника в суровой сей стране, Где дни его в безвестной тишине Текут волной то мутной, то прозрачной. Здесь берег мой, предел надежд, желаний, Гигантских дум и суетных страстей; Здесь новый свет, здесь нет на мне цепей — И тихий мир взамену бед, страданий, Светлеет вновь, как день в душе моей. Она со мной, подруга жизни новой, Она мой крест из рук моих взяла, Рука с рукой она со мной пошла В безвестный путь — в борьбу с судьбой суровой. Мой милый друг! Без веры крепкой нет Небесных благ и с миром примиренья. В завет любви, и веры, и терпенья Возьми его. И ангельский привет, С мольбой в устах, и взор младенца нежный, Как узнику прекраснй солнца свет, Блеснул в душе отрадною надеждой. Я знаю: здесь, в изгнаньи от людей, Не встречу я живых объятий друга, Не буду жать руки сестры моей, Но кроткая и юная супруга, С дитятею страданий на руках, Укажет мне улыбкой иль слезою, Как тяжкий крест терновою стезею Безропотно нести на раменах....
P00503	poem	Денис Давыдов: Голова и Ноги	Уставши бегать ежедневно По грязи, по песку, по жесткой мостовой, Однажды Ноги очень гневно Разговорились с Головой: "За что мы у тебя под властию такой, Что целый век должны тебе одной повиноваться; Днем, ночью, осенью, весной, Лишь вздумалось тебе, изволь бежать, таскаться Туда, сюда, куда велишь; А к этому еще, окутавши чулками, Ботфортами и башмаками, Ты нас, как ссылочных невольников, моришь,- И, сидя наверху, лишь хлопаешь глазами, Покойно судишь обо всём, Об свете, об людях, об моде, Об тихой и дурной погоде; Частенько на наш счет себя ты веселишь Насмешкой, колкими словами,- И, словом, бедными Ногами Как шашками вертишь". "Молчите, дерзкие,- им Голова сказала,- Иль силою я вас заставлю замолчать!.. Как смеете вы бунтовать, Когда природой нам дано повелевать?" "Все это хорошо, пусть ты б повелевала, По крайней мере нас повсюду б не швыряла, А прихоти твои нельзя нам исполнять; Да между нами, ведь признаться, Коль ты имеешь право управлять, То мы имеем право спотыкаться, И можем иногда, споткнувшись,- как же быть,- Твое величество об камень расшибить". Смысл этой басни всякий знает... Но должно - тс! - молчать: дурак - кто всё болтает.
P00504	poem	Денис Давыдов: Река и Зеркало	За правду колкую, за истину святую, За сих врагов царей,- деспот Вельможу осудил: главу его седую Велел снести на эшафот. Но сей успел добиться Пред грозного царя предстать - Не с тем, чтоб плакать иль крушиться, Но, если правды он боится, То чтобы басню рассказать. Царь жаждет слов его; философ не страшится И твердым гласом говорит: "Ребенок некогда сердился, Увидев в зеркале свой безобразный вид; Ну в зеркало стучать, и в сердце веселился, Что может зеркало разбить. Наутро же, гуляя в поле, Свой гнусный вид в реке увидел он опять... Как реку истребить? Нельзя, и поневоле Он должен был и стыд и срам питать. Монарх, стыдись! Ужели это сходство Прилично для тебя?.. Я - зеркало: разбей меня, Река - твое потомство; Ты в ней найдешь еще себя!" Монарха речь сия так сильно убедила, Что он велел ему и жизнь и волю дать; Постойте, виноват! - велел в Сибирь сослать, А то бы эта быль на басню походила.
P00505	poem	Денис Давыдов: СОН	- Кто столько мог тебя, мой друг, развеселить? От смеха ты почти не можешь говорить. Какие радости твой разум восхищают, Иль деньгами тебя без векселя ссужают? Иль талия тебе счастливая пришла И двойка трантель-ва на выдержку взяла? Что сделалось с тобой, что ты не отвечаешь? - Ай! дай мне отдохнуть, ты ничего не знаешь! Я, право, вне себя, я чуть с ума не сошел: Я нонче Петербург совсем другим нашел! Я думал, что весь свет совсем переменился: Вообрази - с долгом Н(арышки)н расплатился; Не видно болев педантов, дураков, И даже поумнел З(агряжск)ой, С(вистун)ов! В несчастных рифмачах старинной нет отваги, И милый наш Марин не пачкает бумаги, А, в службу углубясь, трудится головой: Как, заводивши взвод, вовремя крикнуть: стой! Но больше я чему с восторгом удивлялся: Ко(пь)ев, который так Ликургом притворялся, Для счастья нашего законы нам писал, Вдруг, к счастью нашему, писать их перестал. Во всем счастливая явилась перемена, Исчезло воровство, грабительство, измена, Не видно более на жалоб не обид, Ну, словом, город взял совсем противный вид, Природа красоту дала в удел уроду, И сам Л(ава)ль престал коситься на природу, Б(агратио)на нос вершком короче стал, И Д(иб)ич красотой людей перепугал, Да я, который сам, с начала свово века, Носил с натяжкою названье человека, Гляжуся, радуюсь, себя не узнаю: Откуда красота, откуда рост - смотрю; Что слово - то bon mot, что взор - то страсть вселяю, Дивлюся - как менять интриги успеваю! Как вдруг, о гнев небес! вдруг рок меня сразил: Среди блаженных дней Андрюшка разбудил, И все, что видел я, чем столько веселился - Все видел я во сне, всего я сном лишился.
P00506	poem	Денис Давыдов: Сон (Кто столько мог...)	- Кто столько мог тебя, мой друг, развеселить? От смеха ты почти не можешь говорить. Какие радости твой разум восхищают, Иль деньгами тебя без векселя ссужают? Иль талия тебе счастливая пришла И двойка трантель-ва на выдержку взяла? Что сделалось с тобой, что ты не отвечаешь? - Ай! дай мне отдохнуть, ты ничего не знаешь! Я, право, вне себя, я чуть с ума не сшел: Я нонче Петербург совсем другим нашел! Я думал, что весь свет совсем переменился: Вообрази - с долгом Н[арышки]н расплатился; Не видно болев педантов, дураков, И даже поумнел З[агряжск]ой, С[вистун]ов! В несчастных рифмачах старинной нет отваги, И милый наш Марин не пачкает бумаги, А, в службу углубясь, трудится головой: Как, заводивши взвод, во время крикнуть: стой! Но больше я чему с восторгом удивлялся: Ко[пь]ев, который так Ликургом притворялся, Для счастья нашего законы нам писал, Вдруг, к счастью нашему, писать их перестал. Во всем счастливая явилась перемена, Исчезло воровство, грабительство, измена, Не видно более ни жалоб, не обид, Ну, словом, город взял совсем противный вид. Природа красоту дала в удел уроду, И сам Л[ава]ль престал коситься на природу, Б[агратио]на нос вершком короче стал, И Д[иб]ич красотой людей перепугал, Да я, который сам, с начала свово века, Носил с натяжкою названье человека, Гляжуся, радуюсь, себя не узнаю: Откуда красота, откуда рост - смотрю; Что слово - то bon mot, что взор - то страсть вселяю, Дивлюся - как менять интриги успеваю! Как вдруг, о гнев небес! вдруг рок меня сразил: Среди блаженных дней Андрюшка разбудил И все, что видел я, чем столько веселился - Все видел я во сне, всего со сном лишился.
P00507	poem	Денис Давыдов: Бурцову: призывание на пунш	Бурцов, ёра, забияка, Собутыльник дорогой! Ради бога и... арака Посети домишко мой! В нем нет нищих у порогу, В нем нет зеркал, ваз, картин, И хозяин, слава богу, Не великий господин. Он - гусар, и не пускает Мишурою пыль в глаза; У него, брат, заменяет Все диваны куль овса. Нет курильниц, может статься, Зато трубка с табаком; Нет картин, да заменятся Ташкой с царским вензелем! Вместо зеркала сияет Ясной сабли полоса: Он по ней лишь поправляет Два любезные уса. А на место ваз прекрасных, Беломраморных, больших На столе стоят ужасных Пять стаканов пуншевых! Они полны, уверяю, В них сокрыт небесный жар. Приезжай - я ожидаю,- Докажи, что ты гусар.
P00508	poem	Денис Давыдов: Поведай подвиги усатого героя...	Поведай подвиги усатого героя, О муза, расскажи, как Кульнев воевал, Как он среди снегов в рубашке кочевал И в финском колпаке являлся среди боя. Пускай услышит свет Причуды Кульнева и гром его побед. Румяный Левенгёльм на бой приготовлялся И, завязав жабо, прическу поправлял, Ниландский полк его на клячах выезжал, За ним и корпус весь Клингспора пресмыкался; О храбрые враги, куда стремитесь вы? Отвага, говорят, ничто без головы. Наш Кульнев до зари, как сокол, встрепенулся; Он воинов своих ко славе торопил: "Вставайте,- говорит,- вставайте, я проснулся! С охотниками в бой! Бог храбрости и сил! По чарке, да на конь, без холи и затеев; Чем ближе, тем видней, тем легче бить злодеев!" Всё вмиг воспрянуло, всё двинулось вперед... О муза, расскажи торжественный поход!
P00509	poem	Денис Давыдов: Племяннице	Любезная моя Аглая, Я вижу ангела в тебе, Который, с неба прилетая С венцом блаженства на главе, Принес в мое уединенье Утехи, счастье жизни сей И сладкой радости волненье Сильней открыл в душе моей! Любезная моя Аглая, Я вижу ангела в тебе! Ах! как нам праздник сей приятен, Он мил домашним и друзьям. Хоть не роскошен и не знатен, Зато в нем места нет льстецам. Тебя здесь Дружба  угощает, Веселость  на здоровье пьет, Родство  с восторгом обнимает, А Искренность  сей стих поет! Любезная моя Аглая, Я вижу ангела в тебе! Но если счастием картины Твое я сердце не прельстил, Коль праздник сей тебе не мил, Ты в этом первая причина! Никто от радости рассудка не имел, Ты только на себя вниманье обратила, Я угостить тебя хотел, А ты собой нас угостила! Любезная моя Аглая, Я вижу ангела в тебе!
P00510	poem	Денис Давыдов: Как будто Диоген с зажженным фонарем...	Как будто Диоген с зажженным фонарем, Я по свету бродил, искавши человека, И сильно утвердясь в намереньи моем, В столицах потерял я лучшую часть века. Судей, подьячих я, сенаторов нашел, Вельмож, министров, прокуроров, Нашел людей я разных сборов - Фонарь мой всё горел. Но, встретившись с тобой, я вздрогнул, удивился Фонарь упал из рук, но ах!.. не погасился.
P00511	poem	Денис Давыдов: Листок	Листок иссохший, одинокой, Пролетный гость степи широкой, Куда твой путь, голубчик мой? - "Как знать мне! Налетели тучи, И дуб родимый, дуб могучий Сломили вихрем и грозой. С тех пор, игралище Борея, Не сетуя и не робея, Ношусь я, странник кочевой, Из края в край земли чужой; Несусь, куда несет суровый, Всему неизбежимый рок, Куда летит и лист лавровый И легкий розовый листок!"
P00512	poem	Денис Давыдов: Надпись к портрету Багратиона	Где Клии взять перо писать его дела?- У Славы из крыла.
P00513	poem	Денис Давыдов: 1811-го году	Толстой молчит!  неужто пьян? Неужто вновь закуролесил? Нет, мой любезный грубиян Туза бы Дризену отвесил. Давно б о Дризене читал: И битый исключен из списков  Так видно, он не получал Толстого ловких зубочистков. Так видно, мой Толстой не пьян . . . . . . . . . . . . . . . .
P00514	poem	Денис Давыдов: К портрету N.N.	Говорит хоть очень тупо, Но в нем это мудрено, Что он умничает глупо, А дурачится умно.
P00515	poem	Денис Давыдов: Моя песня	Я на чердак переселился: Жить выше, кажется, нельзя! С швейцаром, с кучером простился, И повара лишился я. Толпе заимодавцев знаю И без швейцара дать ответ; Я сам дверь важно отворяю И говорю им: дома нет! В дни праздничные для катанья Готов извозчик площадной, И будуар мой, зала, спальня Вместились в комнате одной. Гостей искусно принимаю: Глупцам - показываю дверь, На стул один друзей сажаю, А миленькую... на постель. Мои владенья необъятны: В окрестностях столицы сей Все мызы, где собранья знатны, Где пир горой, толпа людей. Мои все радости - в стакане, Мой гардероб лежит в ряду, Богатство - в часовом кармане, А сад - в Таврическом саду. Обжоры, пьяницы! хотите Житье-бытье мое узнать? Вы слух на песнь мою склоните И мне старайтесь подражать. Я завтрак сытный получаю От друга, только что проснусь; Обедать - в гости уезжаю, А спать - без ужина ложусь. О богачи! не говорите, Что жизнь несчастлива моя. Нахальству моему простите, Что с вами равен счастьем я. Я кой-как день переживаю - Богач роскошно год живет... Чем кончится?- И я встречаю, Как миллионщик, новый год.
P00516	poem	Денис Давыдов: К портрету Бонапарте	Сей корсиканец целый век Гремит кровавыми делами. Ест по сту тысяч человек И с...т королями.
P00517	poem	Денис Давыдов: К Е. Ф. С-ну, убеждавшему меня...	Рушитель лености моей! Оставь дремать меня в покое Среди моих беспечных дней; Позволь мне время золотое Заботами не возмущать! Я славы не хочу искать; Хочу покоиться всечасно, Лежа в постели размышлять И век лениться сладострастно!
P00518	poem	Денис Давыдов: Ахтырские гусары...	Ахтырские гусары, О, храбрые друзья! Простите!- на удары И бранные пожары Ходить не буду я! Довольно пламень ярый . . . . . . . . . . . Вот кивер мой Примите от меня . . . . . . . . . . .
P00519	poem	Денис Давыдов: Гераков! прочитал твое я сочиненье...	Гераков! прочитал твое я сочиненье, Оно утешило мое уединенье; Я несколько часов им душу восхищал: Приятно видеть в нем, что сердцу благородно, Что пылкий дух любви к отечеству внушал,- Ты чтишь отечество и русскому то сродно: Он ею славу, честь, бессмертие достал.
P00520	poem	Денис Давыдов: К моей пустыне	Пустыня тихая, сует уединенна, В тебе я позабыл все горести мои! Но будь ты на холмах Аи,  Тогда была бы совершенна!
P00521	poem	Денис Давыдов: Решительный вечер	Сегодня вечером увижусь я с тобою, Сегодня вечером решится жребий мой, Сегодня получу желаемое мною - Иль абшид на покой! А завтра - черт возьми!- как зюзя натянуся, На тройке ухарской стрелою полечу; Проспавшись до Твери, в Твери опять напьюся, И пьяный в Петербург на пьянство прискачу! Но если счастие назначено судьбою Тому, кто целый век со счастьем незнаком, Тогда... о, и тогда напьюсь свинья свиньею И с радости пропью прогоны с кошельком!
P00522	poem	Денис Давыдов: Элегия V (Всё тихо! и заря...)	Всё тихо! и заря багряною стопой По синеве небес безмолвно пробежала... И мгла, что гор хребты и рощи покрывала, Волнуясь, стелется туманною рекой По лугу пестрому и ниве молодой. Блаженные часы! Весь мир в отдохновеньи! Еще зефиры спят на дремлющих листах, Еще пернатые покоятся в кустах, И всё безмолвствует в моем уединеньи... Но боги! неужель вы с мира тишиной И чувств души моей порывы усмирили? Ужели и во мне господствует покой?.. Уже, о счастие! не вижу пред собой Я призрак грозный, вечно милый, Которого нигде мой взор не покидал... Нигде! ни в шумной сече боя, Ни в бранных игрищах военного покоя!.. О ты, что я в тоске на помощь призывал, Бесчувствие! о дар рассудка драгоценной, Ты, вняв мольбе моей смиренной, Нисходишь наконец спасителем моим. Я погибал... Тобой одним Достигнул берега, и с мирныя вершины Смотрю бестрепетно, грозою невредим, На шумные валы бездонныя пучины!.. А ты, с кем некогда делился я душой И кем душа моя в мученьях истощилась... Утешься: ты забыта мной!.. Но, ах, почто слезой ланита окропилась?. О слезы пламенны, теките! Я свои Минуты радости от сих минут считаю И вас не от любви, Но от блаженства проливаю!
P00523	poem	Денис Давыдов: Логика пьяного	Под вечерок Хрунов из кабачка Совы, Бог ведает куда, по стенке пробирался; Шел, шел и рухнулся. Народ расхохотался. Чему бы, кажется? Но люди таковы! Однако ж кто-то из толпы - Почтенный человек!- помог ему подняться И говорит: "Дружок, чтоб впредь не спотыкаться, Тебе не надо пить... "- "Эх, братец! всё не то: не надо мне ходить!"
P00524	poem	Денис Давыдов: Элегия VIII (О пощади!..)	О пощади!- Зачем волшебство ласк и слов, Зачем сей взгляд, зачем сей вздох глубокий, Зачем скользит небережно покров С плеч белых и груди высокой? О пощади! Я гибну без того, Я замираю, я немею При легком шорохе прихода твоего; Я, звуку слов твоих внимая, цепенею... Но ты вошла - и дрожь любви, И смерть, и жизнь, и бешенство желанья Бегут по вспыхнувшей крови, И разрывается дыханье! С тобой летят, летят часы, Язык безмолвствует... одни мечты и грезы, И мука сладкая, и восхищенья слезы - И взор впился в твои красы, Как жадная пчела в листок весенней розы!
P00525	poem	Денис Давыдов: Счастлив, кто заплатил щедротой за щедро	Счастлив, кто заплатил щедротой за щедроту,  Счастливей, кто расквасил харю Роту.
P00526	poem	Денис Давыдов: Эпиграмма (Он с цветочка на цветок...)	Он с цветочка на цветок, С стебелька на стебелек Мотыльком перелетает, Но как рок его суров! Все растенья он лобзает, Кроме... лавровых листов!
P00527	poem	Денис Давыдов: Эпиграмма (Остра твоя, конечно, шутка...	Остра твоя, конечно, шутка, Но мне прискорбно видеть в ней Не счастье твоего рассудка, А счастье памяти твоей.
P00528	poem	Денис Давыдов: Эпитафия (Под камнем сим лежит...)	Под камнем сим лежит М<асальский> тощий, Он весь был в немощи: теперь попал он в мощи.
P00529	poem	Денис Давыдов: Вечер в июне	Томительный, палящий день Сгорел; полупрозрачна тень Немого сумрака приосеняла дали. Зарницы бегали за синею горой И, окропленные росой, Луга и лес благоухали. Луна во всей красе плыла на высоту, Таинственным лучом мечтания питая, И, преклонясь к лавровому кусту, Дышала роза молодая.
P00530	poem	Денис Давыдов: Генералам, танцующим на бале	Мы несем едино бремя; Только жребий наш иной: Вы оставлены на племя, Я назначен на убой.
P00531	poem	Денис Давыдов: Ответ	Я не поэт, я - партизан, казак. Я иногда бывал на Пинде, но наскоком, И беззаботно, кое-как, Раскидывал перед Кастальским током Мой независимый бивак. Нет, не наезднику пристало Петь, в креслах развалясь, лень, негу и покой.. Пусть грянет Русь военною грозой - Я в этой песни запевало!
P00532	poem	Денис Давыдов: На смерть N.N.	Гонители, он - ваш! вам плески и хвала! Терзайте клеветой его дела земные, Но не сорвать венка вам с славного чела, Но не стереть с груди вам раны боевые!
P00533	poem	Денис Давыдов: Душенька	Она еще не менее хороша для глаз, все обнимающих во мгновении и на мгновение,- как для души, которая чем больше ищет, тем более находит. Жуковский Бывали ль вы в стране чудес, Где жертвой грозного веленья, В глуши земного заточенья Живет изгнанница небес? Я был, я видел божество; Я пел ей песнь с восторгом новым И осенил венком лавровым Ее высокое чело. Я, как младенец, трепетал У ног ее в уничиженье И омрачить богослуженье Преступной мыслью не дерзал. Ах! мне ль божественной к стопам Несть обольщения искусство? Я весь был гимн, я весь был чувство, Я весь был чистый фимиам! И что ей наш земной восторг, Слова любви?- Пустые звуки! Она чужда сердечной муки, Чужда томительных тревог. Из-под ресниц ее густых Горит и гаснет взор стыдливый... Но от чего души порывы И вздохи персей молодых? Был миг: пролетная мечта Скользнула по челу прекрасной, И вспыхнули ланиты страстно, И загорелися уста. Но это миг - игра одна Каких-то дум... воспоминанье О том, небесном обитанье, Откуда изгнана она. Иль, скучась без нее, с небес Воздушный гость, незримый мною, Амур с повинной головою Предстал, немеющий от слез. И очи он возвел к очам, И пробудил в груди волненья От жарких уст прикосновенья К ее трепещущим устам.
P00534	poem	Денис Давыдов: Bout-rime	В любезности его неодолимый — груз, В нем не господствуют ни соль, ни — перец, Я верю: может быть, для немок он — француз, Но для француженок он — немец.
P00535	poem	Денис Давыдов: А кто он?— Француз, германец...	А кто он?— Француз, германец, Франт, философ, скряга, мот, То шаллив, как ярый кот, То труслив, как робкий заяц; То является томим Чувством горестно-унылым — То бароном легкокрылым, То маркизом пудовым.
P00536	poem	Денис Давыдов: Вечерний звон	Вечерний звон, вечерний звон,- Как много дум наводит он! Не тот, что на закате дня Гудит в стенах монастыря, Но тот, что пасмурной порой Поется девой молодой... Вечерний звон, вечерний звон,- Как много дум наводит он! Как он мучителен и мил! Как он мне чувства возмутил, Когда впервые звук его Коснулся слуха моего!.. То был не звук, но глас страстей, То говор был с душой моей! Вечерний звон, вечерний звон,- Как много дум наводит он! Все вторило в природе ей: Луна средь облачных зыбей, Пустыня в сумрачной тиши И ропот девственной души, Терзаемой любви тоской, И очи, полные слезой!.. Вечерний звон, вечерний звон,- Как много дум наводит он!
P00537	poem	Денис Давыдов: Маша и Миша	Шутка Как интересна наша Маша! Как исстрадалася по Мише! Но отчего же ехать к Маше Так медлит долговязый Миша? Быть может, занимаясь Машей, На сахарном заводе Миша Готовит карамельки Маше, — Но станется и то, что Миша Забыл о нашей бедной Маше. И, может быть, неверный Миша Целует уж другую Машу, Вы знаете какую, — Миша! Опомнись, Миша! — наша Маша Жива лишь памятью о Мише, А новая красотка Маша Грызет одни конфеты Миши — Грызет, как их грызут все Маши В провинциях, где ныне Миша, И в ус не дует эта Маша, Что слаще их лобзанья Миши! Когда, когда же к нашей Маше Ты возвратишься, длинный Миша, И сквозь очки увидишь Машу — Глядящую в лорнет на Мишу?..
P00538	poem	Денис Давыдов: Голодный пес	Ох, как храбрится Немецкий фон, Как горячится Наш херр-барон. Ну, вот и драка, Вот лавров воз! Хватай, собака, Голодный пес. Кипят и рдеют На бой полки; Знамена веют, Горят штыки, И забияка Палаш вознес! Хватай, собака, Голодный пес. Адрианополь Без битв у ног, Константинополь В чаду тревог. Что ж ты, зевака, Повесил нос? Хватай, собака, Голодный пес. Лях из Варшавы Нам кажет шиш, Что ж ты, шаршавый, Под лавкой спишь? Задай, лаяка, Варшаве чес! Хватай, собака, Голодный пес. "Все это жжется... Я брать привык, Что так дается... Царьград велик. Боюсь я ляха!" А ты не бойсь! Хватай, собака, Российский пес. Так вот кресченды Звезд, лент, крестов, Две-три аренды, Пять-шесть чинов; На шнапс, гуляка, Вот денег воз! Схватил собака, Голодный пес.
P00539	poem	Денис Давыдов: NN	Вошла - как Психея, томна и стыдлива, Как юная пери, стройна и красива... И шепот восторга бежит по устам, И крестятся ведьмы, и тошно чертям!
P00540	poem	Денис Давыдов: Ей	В тебе, в тебе одной природа, не искусство, Ум обольстительный с душевной простотой, Веселость резвая с мечтательной душой, И в каждом слове мысль, и в каждом взоре чувство!
P00541	poem	Денис Давыдов: Романс (Не пробуждай, не пробуждай...)	Не пробуждай, не пробуждай Моих безумств и исступлений, И мимолетных сновидений Не возвращай, не возвращай! Не повторяй мне имя той, Которой память - мука жизни, Как на чужбине песнь отчизны Изгнаннику земли родной. Не воскрешай, не воскрешай Меня забывшие напасти, Дай отдохнуть тревогам страсти И ран живых не раздражай. Иль нет! Сорви покров долой!.. Мне легче горя своеволье, Чем ложное холоднокровье, Чем мой обманчивый покой.
P00542	poem	Денис Давыдов: 	Я помню - глуб ко, Глуб ко мой взор, Как луч, проникал и рощи, и бор, И степь обнимал широко, широко... Но, зоркие очи, Потухли и вы... Я выглядел вас на деву любви, Я выплакал вас в бессонные ночи!
P00543	poem	Денис Давыдов: Выздоровление	Прошла борьба моих страстей, Болезнь души моей мятежной, И призрак пламенных ночей Неотразимый, неизбежный, И милые тревоги милых дней, И языка несвязный лепет, И сердца судорожный трепет, И смерть и жизнь при встрече с ней... Исчезло все!- Покой желанный У изголовия сидит... Но каплет кровь еще из раны, И грудь усталая и ноет и болит!
P00544	poem	Денис Давыдов: Меринос собакой стал...	Меринос собакой стал,- Он нахальствует не к роже, Он сейчас народ прохожий Затолкал и забодал. Сторож, что ж ты оплошал? Подойди к барану прямо, Подцепи его на крюк И прижги ему курдюк Раскаленной эпиграммой!
P00545	poem	Денис Давыдов: Нет, кажется, тебе не суждено...	Нет, кажется, тебе не суждено Сразить врага; твой враг  детина чудный; В нем совесть спит спокойно, непробудно. Заставить бестию стыдиться  мудрено; Заставить покраснеть  не трудно!
P00546	poem	Денис Давыдов: О ты, убивший жизнь в ученом кабинете...	«О ты, убивший жизнь в ученом кабинете, Скажи мне: сколько чуд считается на свете?»  «Семь».  «Нет: осьмое  ты, педант мой дорогой; Девятое  твой нос, нос сизо-красноватый, Что, так спесиво приподнятый, Стоит, украшенный табачною ноздрей!»
P00547	poem	Денис Давыдов: Ученый разговор	- О ты, убивший жизнь в ученом кабинете, Скажи мне: сколько чуд считается на свете? - Семь. - Нет: осьмое - ты, педант мой дорогой; Девятое - твой нос, нос сизо-красноватый, Что, так спесиво приподнятый, Стоит, украшенный табачною ноздрей!
P00548	poem	Денис Давыдов: Я помню - глубоко...	Я помню - глубоко, Глубоко мой взор, Как луч, проникал и рощи, и бор, И степь обнимал широко, широко... Но, зоркие очи, Потухли и вы... Я выглядел вас на деву любви, Я выплакал вас в бессонные ночи!
P00549	poem	Евгений Баратынский: Взгляните: свежестью младой...	Взгляните: свежестью младой И в осень лет она пленяет, И у нее летун седой Ланитных роз не похищает; Сам побежденный красотой, Глядит - и путь не продолжает!
P00550	poem	Евгений Баратынский: Случай	Вчера ненастливая ночь Меня застала у Лилеты. Остаться ль мне, идти ли прочь, Меж нами долго шли советы. Но, в чашу светлого вина Налив с улыбкою лукавой, "Послушай,- молвила она,- Вино советник самый здравый". Я пил; на что ж решился я Благим внушеньем полной чаши? Побрел по слякоти, друзья, И до зари сидел у Паши.
P00551	poem	Евгений Баратынский: 	Тебя ль изобразить и ты ль изобразима? Вчера задумчива, я помню, ты была, Сегодня ветрена, забавна, весела, Понятна сердцу ты, уму непостижима. Не все ль противности в характере твоем? В тебе чувствительность с холодностью совместна, Непостоянна ты во всем, И постоянно ты прелестна.
P00552	poem	Евгений Баратынский: К Креницыну (Товарищ радостей младых...)	Товарищ радостей младых, Которые для нас безвременно увяли, Я свиделся с тобой! В объятиях твоих Мне дни минувшие, как смутный сон, предстали! О милый! я с тобой когда-то счастлив был! Где время прежнее, где прежние мечтанья? И живость детских чувств и сладость упованья? Всё хладный опыт истребил. Узнал ли друга ты? Болезни и печали Его состарили во цвете юных лет; Уж много слабостей, тебе знакомых, нет, Уж многие мечты ему чужими стали! Рассудок тверже и верней, Поступки, разговор скромнее; Он осторожней стал, быть может, стал умнее, Но, верно, счастием теперь стократ бедней. Не подражай ему! Иди своей тропою! Живи для радости, для дружбы, для любви! Цветок нашел - скорей сорви! Цветы прелестны лишь весною! Когда рассеянно, с унынием внимать Я буду снам твоим о будущем, о счастье, Когда в мечтах твоих не буду принимать, Как прежде, пылкое, сердечное участье, Не сетуй на меня, о друге пожалей: Всё можно возвратить - мечтанья невозвратны! Так! были некогда и мне они приятны, Но быстро скрылись от очей! Я легковерен был: надежда, наслажденье Меня с улыбкою манили в темну даль, Я встретить радость мнил - нашел одну печаль, И сердцу милое исчезло заблужденье. Но для чего грустить? Мой друг еще со мной! Я не всего лишен судьбой ожесточенной! О дружба нежная! останься неизменной! Пусть будет прочее мечтой!
P00553	poem	Евгений Баратынский: Прощание	Простите, милые досуги Разгульной юности моей, Любви и радости подруги, Простите! Вяну в утро дней! Не мне стезею потаенной, В ночь молчаливую, тишком, Младую деву под плащом Вести в альков уединенный. Бежит изменница-любовь! Светильник дней моих бледнеет, Ее дыханье не согреет Мою хладеющую кровь. Следы печалей, изнуренья Приметит в страждущем она. Не смейтесь, девы наслажденья, И ваша скроется весна, И вам пленять недолго взоры Младою пышной красотой; За что ж в болезни роковой Я слышу горькие укоры? Я прежде бодр и весел был, Зачем печального бежите? Подруги милые! вздохните: Он сколько мог любви служил.
P00554	poem	Евгений Баратынский: Ропот	Он близок, близок, день свиданья, Тобя, мой друг, увижу я! Скажи: восторгом ожиданья Что ж не трепещет грудь моя? Не мне роптать; но дни печали, Быть может, поздно миновали: С тоской на радость я гляжу - Не для меня ее сиянье, И я напрасно упованье В больной душе моей бужу. Судьбы ласкающей улыбкой Я наслаждаюсь не вполне: Всё мнится, счастлив я ошибкой И не к лицу веселье мне.
P00555	poem	Евгений Баратынский: Тебя ль изобразить...	Тебя ль изобразить и ты ль изобразима? Вчера задумчива, я помню, ты была, Сегодня ветрена, забавна, весела, Понятна сердцу ты, уму непостижима. Не все ль противности в характере твоем? В тебе чувствительность с холодностью совместна, Непостоянна ты во всем, И постоянно ты прелестна.
P00556	poem	Евгений Баратынский: Весна	(Элегия) Мечты волшебные, вы скрылись от очей! Сбылися времени угрозы! Хладеет в сердце жизнь, и юности моей Поблекли утренние розы! Благоуханный май воскреснул на лугах, И пробудилась Филомела, И Флора милая на радужных крылах К нам обновленная слетела. Вотще! Не для меня долины и леса Одушевились красотою, И светлой радостью сияют небеса! Я вяну,- вянет всё со мною! О где вы, призраки невозвратимых лет, Богатство жизни - вера в счастье? Где ты, младого дня пленительный рассвет? Где ты, живое сладострастье? В дыхании весны всё жизнь младую пьет И негу тайного желанья! Всё дышит радостью и, мнится, с кем-то ждет Обетованного свиданья! Лишь я как будто чужд природе и весне: Часы крылатые мелькают; Но радости принесть они не могут мне И, мнится, мимо пролетают.
P00557	poem	Евгений Баратынский: Подражание Лафару	Свободу дав тоске моей, Уединенный, я недавно О наслажденьях прежних дней Жалел и плакал своенравно. "Всё обмануло,- думал я,- Чем сердце пламенное жило, Что восхищало, что томило, Что было цветом бытия! Наставлен истиной угрюмой, Отныне с праздною душой Живых восторгов легкий рой Я заменю холодной думой И сердца мертвой тишиной!" Тогда с улыбкою коварной Предстал внезапно Купидон. "О чем вздыхаешь,- молвил он,- О чем грустишь, неблагодарный? Забудь печальные мечты: Я вечно юн и я с тобою! Воскреснуть сердцем можешь ты; Не веришь мне? Взгляни на Хлою!"
P00558	poem	Евгений Баратынский: Разлука	Расстались мы; на миг очарованьем, На краткий миг была мне жизнь моя; Словам любви внимать не буду я, Не буду я дышать любви дыханьем! Я всё имел, лишился вдруг всего; Лишь начал сон... исчезло сновиденье! Одно теперь унылое смущенье Осталось мне от счастья моего.
P00559	poem	Евгений Баратынский: Финляндия	В свои расселины вы приняли певца, Граниты финские, граниты вековые, Земли ледяного венца Богатыри сторожевые. Он с лирой между вас. Поклон его, поклон Громадам, миру современным; Подобно им, да будет он Во все годины неизменным! Как всё вокруг меня пленяет чудно взор! Там необъятными водами Слилося море с небесами; Тут с каменной горы к нему дремучий бор Сошел тяжелыми стопами, Сошел - и смотрится в зерцале гладких вод! Уж поздно, день погас, но ясен неба свод; На скалы финские без мрака ночь нисходит, И только что себе в убор Алмазных звезд ненужный хор На небосклон она выводит! Так вот отечество Одиновых детей, Грозы народов отдаленных! Так это колыбель их беспокойных дней, Разбоям громким посвященных! Умолк призывный щит, не слышен скальда глас, Воспламененный дуб угас, Развеял буйный ветр торжественные клики; Сыны не ведают о подвигах отцов; И в дольном прахе их богов Лежат низверженные лики! И всё вокруг меня в глубокой тишине! О вы, носившие от брега к брегу бои, Куда вы скрылися, полночные герои? Ваш след исчез в родной стране. Вы ль, на скалы ее вперив скорбящи очи, Плывете в облаках туманною толпой? Вы ль? Дайте мне ответ, услышьте голос мой, Зовущий к вам среди молчанья ночи. Сыны могучие сих грозных вечных скал! Как отделились вы от каменной отчизны? Зачем печальны вы? Зачем я прочитал На лицах сумрачных улыбку укоризны? И вы сокрылися в обители теней! И ваши имена не пощадило время! Что ж наши подвиги, что слава наших дней, Что наше ветреное племя? О, всё своей чредой исчезнет в бездне лет! Для всех один закон - закон уничтоженья, Во всем мне слышится таинственный привет Обетованного забвенья! Но я, в безвестности, для жизни жизнь любя, Я, беззаботливый душою, Вострепещу ль перед судьбою? Не вечный для времен, я вечен для себя: Не одному ль воображенью Гроза их что-то говорит? Мгновенье мне принадлежит, Как я принадлежу мгновенью! Что нужды до былых иль будущих племен? Я не для них бренчу незвонкими струнами; Я, невнимаемый, довольно награжден За звуки звуками, а за мечты мечтами.
P00560	poem	Евгений Баратынский: 	Ты был ли, гордый Рим, земли самовластитель, Ты был ли, о свободный Рим? К немым развалинам твоим Подходит с грустию их чуждый навеститель. За что утратил ты величье прежних дней? За что, державный Рим, тебя забыли боги? Град пышный, где твои чертоги? Где сильные твои, о родина мужей? Тебе ли изменил победы мощный гений? Ты ль на распутий времен Стоишь в позорище племен, Как пышный саркофаг погибших поколений? Кому еще грозишь с твоих семи холмов? Судьбы ли всех держав ты грозный возвеститель? Или, как призрак-обвинитель, Печальный предстоишь очам твоих сынов?
P00561	poem	Евгений Баратынский: Больной	Други! радость изменила, Предо мною мрачен путь, И болезнь мне положила Руку хладную на грудь. Други! станьте вкруг постели. Где утех златые дни? Быстро, быстро пролетели Тенью легкою они. Всё прошло; ваш друг печальный Вянет в жизни молодой, С новым утром погребальный, Может быть, раздастся вой,- И раздвинется могила, И заснет, недвижный, он, И твое лобзанье, Лила, Не прервет холодный сон. Что нужды! До новоселья Поживем и пошалим, В память прежнего веселья Шумный кубок осушим. Нам судьба велит разлуку... Как же быть, друзья?- Вздохнуть, На распутье сжать мне руку И сказать: счастливый путь!
P00562	poem	Евгений Баратынский: В своих стихах он скукой дышит...	В своих стихах он скукой дышит, Жужжаньем их наводит сон. Не говорю: зачем он пишет, Но для чего читает он?
P00563	poem	Евгений Баратынский: Водопад	Шуми, шуми с крутой вершины, Не умолкай, поток седой! Соединят протяжный вой С протяжным отзывом долины. Я слышу: свищет аквилон, Качает елию скрыпучей, И с непогодою ревучей Твой рёв мятежный соглашен. Зачем, с безумным ожиданьем, К тебе прислушиваюсь я? Зачем трепещет грудь моя Каким-то вещим трепетаньем? Как очарованный стою Над дымной бездною твоею И, мнится, сердцем разумею Речь безглагольную твою. Шуми, шуми с крутой вершины, Не умолкай, поток седой! Соединяй протяжный вой С протяжным отзывом долины!
P00564	poem	Евгений Баратынский: Дельвигу (Напрасно мы, Дельвиг...)	Напрасно мы, Дельвиг, мечтаем найти В сей жизни блаженство прямое: Небесные боги не делятся им С земными детьми Прометея. Похищенной искрой созданье свое Дерзнул оживить безрассудный; Бессмертных он презрел - и страшная казнь Постигнула чад святотатства. Наш тягостный жребий: положенный срок Питаться болезненной жизнью, Любить и лелеять недуг бытия И смерти отрадной страшиться. Нужды непреклонной слепые рабы, Рабы самовластного рока! Земным ощущеньям насильственно нас Случайная жизнь покоряет. Но в искре небесной прияли мы жизнь, Нам памятно небо родное, В желании счастья мы вечно к нему Стремимся неясным желаньем!.. Вотще! Мы надолго отвержены им! Сияет красою над нами, На бренную землю беспечно оно Торжественный свод опирает... Но нам недоступно! Как алчный Тантал Сгорает средь влаги прохладной, Так, сердцем постигнув блаженнейший мир, Томимся мы жаждою счастья. * См. Дельвиг.
P00565	poem	Евгений Баратынский: Живи смелей, товарищ мой...	Живи смелей, товарищ мой, Разнообразь досуг шутливый! Люби, мечтай, пируй и пой, Пренебреги молвы болтливой И порицаньем и хвалой! О, как безумна жажда славы! Равно исчезнут в бездне лет И годы шумные побед И миг незнаемый забавы! Всех смертных ждет судьба одна, Всех чередом поглотит Лета: И философа-болтуна, И длинноусого корнета, И в молдаванке шалуна, И в рубище анахорета. Познай же цену срочных дней, Лови пролетное мгновенье! Исчезнет жизни сновиденье: Кто был счастливей, кто умней. Будь дружен с музою моею, Оставим мудрость мудрецам,- На что чиниться с жизнью нам, Когда шутить мы можем с нею?
P00566	poem	Евгений Баратынский: Лагерь	Рассеивает грусть пиров веселый шум. Вчера, за чашей круговою, Средь братьев полковых, в ней утопив мой ум, Хотел воскреснуть я душою. Туман полуночный на холмы возлегал; Шатры над озером дремали, Лишь мы не знали сна - и пенистый бокал С весельем буйным осушали. Но что же? Вне себя я тщетно жить хотел: Вино и Вакха мы хвалили, Но я безрадостно с друзьями радость пел - Восторги их мне чужды были. Того не приобресть, что сердцем не дано. Рок злобный к нам ревниво злобен: Одну печаль свою, уныние одно Унылый чувствовать способен!
P00567	poem	Евгений Баратынский: Один, и пасмурный душою...	Один, и пасмурный душою, Я пред окном сидел; Свистела буря надо мною, И глухо дождь шумел. Уж поздно было, ночь спустилась, Но сон бежал очей. О днях минувших пробудилась Тоска в душе моей. "Увижу ль вас, поля родные, Увижу ль вас, друзья? Губя печалью дни младые, Приметно вяну я! Дни пролетают, годы тоже; Меж тем беднеет свет! Давно ль покинул вас - и что же? Двоих уж в мире нет! И мне назначена могила! Умру в чужой стране, Умру, и ветреная Лила Не вспомнит обо мне!" Душа стеснилася тоскою; Я грустно онемел, Склонился на руку главою, В окно не зря глядел. Очнулся я; румян и светел, Уж новый день сиял, И громкой песнью ранний петел Мне утро возвещал.
P00568	poem	Евгений Баратынский: Песня (Страшно воет, завывает...)	Страшно воет, завывает Ветр осенний; По поднебесью далече Тучи гонит. На часах стоит печален Юный ратник; Он уносится за ними Грустной думой. "О, куда, куда вас, тучи, Ветер гонит? О, куда ведет судьбина Горемыку? Тошно жить мне: мать родную Я покинул! Тошно жить мне: с милой сердцу Я расстался!" "Не грусти!- душа-девица Мне сказала.- За тебя молиться будет Друг твой верный". "Что в молитвах? я в чужбине Дни скончаю. Возвращусь ли? взор твой друга Не признает. Не видать в лицо мне счастья; Жить на что мне? Дай приют, земля сырая, Расступися!" Он поет, никто не слышит Слов печальных... Их разносит, заглушает Ветер бурный.
P00569	poem	Евгений Баратынский: Твой детский вызов мне приятен...	Твой детский вызов мне приятен, Но не желай моих стихов: Не многим избранным понятен Язык поэтов и богов. Когда под звонкие напевы, Под звук свирели плясовой, Среди полей, рука с рукой, Кружатся юноши и девы, Вмешавшись в резвый хоровод, Хариты, ветреный Эрот, Дриады, фавны пляшут с ними И гонят прочь толпу забот Воскликновеньями своими. Поодаль музы между тем, Таяся в сумраке дубравы, Глядят, не зримые никем, На их невинные забавы, Но их собор в то время нем. Певцу ли ветрено бесславить Плоды возвышенных трудов И легкомыслие забавить Игрою гордою стихов? И той нередко, чье воззренье Дарует лире вдохновенье, Не поверяет он его: Поет один, подобный в этом Пчеле, которая со цветом Не делит меда своего.
P00570	poem	Евгений Баратынский: Ты был ли, гордый Рим...	Ты был ли, гордый Рим, земли самовластитель, Ты был ли, о свободный Рим? К немым развалинам твоим Подходит с грустию их чуждый навеститель. За что утратил ты величье прежних дней? За что, державный Рим, тебя забыли боги? Град пышный, где твои чертоги? Где сильные твои, о родина мужей? Тебе ли изменил победы мощный гений? Ты ль на распутий времен Стоишь в позорище племен, Как пышный саркофаг погибших поколений? Кому еще грозишь с твоих семи холмов? Судьбы ли всех держав ты грозный возвеститель? Или, как призрак-обвинитель, Печальный предстоишь очам твоих сынов?
P00571	poem	Евгений Баратынский: УНЫНИЕ	Рассеивает грусть пиров веселый шум. Вчера за чашей круговою Средь братьев полковых, в ней утопив мой ум, Хотел воскреснуть я душою. Туман полуночный на холмы возлегал; Шатры над озером дремали, Лишь мы не знали сна - и пенистый бокал С весельем буйным осушали. Но что же? вне себя я тщетно жить хотел: Вино и Вакха мы хвалили; Но я безрадостно с друзьями радость пел: Восторги их мне чужды были. Того не приобресть, что сердцем не дано. Рок злобный к нам ревниво злобен: Одну печаль свою, уныние одно Унылый чувствовать способен.
P00572	poem	Евгений Баратынский: Цветок	С восходом солнечным Людмила, Сорвав себе цветок, Куда-то шла и говорила: "Кому отдам цветок? Что торопиться? Мне ль наскучит Лелеять свой цветок? Нет! недостойный не получит Душистый мой цветок". И говорил ей каждый встречный: "Прекрасен твой цветок! Мой милый друг, мой друг сердечный, Отдай мне твой цветок". Она в ответ: "Сама я знаю, Прекрасен мой цветок, Но не тебе, и это знаю, Другому мой цветок". Красою яркой день сияет,- У девушки цветок; Вот полдень, вечер наступает,- У девушки цветок! Идет. Услада повстречала, Он прелестью цветок. "Ты мил!- она ему сказала.- Возьми же мой цветок!" Он что же деве? Он спесиво: "На что мне твой цветок? Ты даришь мне его - не диво: Увянул твой цветок".
P00573	poem	Евгений Баратынский: Элегия (Нет, не бывать тому...)	Нет, не бывать тому, что было прежде! Что в счастье мне? Мертва душа моя! "Надейся, друг!"- сказали мне друзья. Не поздно ли вверяться мне надежде, Когда желать почти не в силах я? Я бременюсь нескромным их участьем, И с каждым днем я верой к ним бедней. Что в пустоте несвязных их речей? Давным-давно простился я со счастьем, Желательным слепой душе моей! Лишь вслед ему с унылым сладострастьем Гляжу я в даль моих минувших дней. Так нежный друг, в бесчувственном забвенье, Еще глядит на зыби синих волн, На влажный путь, где в темном отдаленье Давно исчез отбывший дружний челн.
P00574	poem	Евгений Баратынский: Догадка	Любви приметы Я не забыл, Я ей служил В былые леты! В ней говорит И жар ланит, И вздох случайный... О! я знаком С сим языком Любови тайной! В душе твоей Уж нет покоя; Давным-давно я Читаю в ней: Любви приметы Я не забыл, Я ей служил В былые леты!
P00575	poem	Евгений Баратынский: К жестокой	Неизвинительной ошибкой, Скажите, долго ль будет вам Внимать с холодною улыбкой Любви укорам и мольбам? Одни победы вам известны; Любовь нечаянно узнав, Каких лишитеся вы прав И меньше ль будете прелестны? Ко мне, примерно, нежной став, Вы наслажденья лишены ли Дурачить пленников других И гордой быть, как прежде были, К толпе соперников моих? Еще же нужно размышленье! Любви простое упоенье Вас не довольствует вполне; Но с упоеньем поклоненье Соединить не трудно мне; И, ваш угодник постоянный, Попеременно я бы мог — Быть с вами запросто в диванной, В гостиной быть у ваших ног.
P00576	poem	Евгений Баратынский: Безнадежность	Желанье счастия в меня вдохнули боги; Я требовал его от неба и земли И вслед за призраком, манящим издали, Жизнь перешел до полдороги, Но прихотям судьбы я боле не служу: Счастливый отдыхом, на счастие похожим, Отныне с рубежа на поприще гляжу - И скромно кланяюсь прохожим.
P00577	poem	Евгений Баратынский: Две доли	Дало две доли провидение На выбор мудрости людской: Или надежду и волнение, Иль безнадежность и покой. Верь тот надежде обольщающей, Кто бодр неопытным умом, Лишь по молве разновещающей С судьбой насмешливой знаком. Надейтесь, юноши кипящие! Летите, крылья вам даны; Для вас и замыслы блестящие, И сердца пламенные сны! Но вы, судьбину испытавшие, Тщету утех, печали власть, Вы, знанье бытия приявшие Себе на тягостную часть! Гоните прочь их рой прельстительный: Так! доживайте жизнь в тиши И берегите хлад спасительный Своей бездейственной души. Своим бесчувствием блаженные, Как трупы мертвых из гробов, Волхва словами пробужденные, Встают со скрежетом зубов,- Так вы, согрев в душе желания, Безумно вдавшись в их обман, Проснетесь только для страдания, Для боли новой прежних ран.
P00578	poem	Евгений Баратынский: Падение листьев	Желтел печально злак полей, Брега взрывал источник мутный, И голосистый соловей Умолкнул в роще бесприютной. На преждевременный конец Суровым роком обреченный, Прощался так младой певец С дубравой, сердцу драгоценной: «Судьба исполнилась моя, Прости, убежище драгое! О прорицанье роковое! Твой страшный голос помню я: "Готовься, юноша несчастный! Во мраке осени ненастной Глубокий мрак тебе грозит; Уж он сияет из Эрева , Последний лист падет со древа, Твой час последний прозвучит!" И вяну я: лучи дневные Вседневно тягче для очей; Вы улетели, сны златые Минутной юности моей! Покину всё, что сердцу мило. Уж мглою небо обложило, Уж поздних ветров слышен свист! Что медлить? время наступило: Вались, вались, поблеклый лист! Судьбе противиться бессильный, Я жажду ночи гробовой. Вались, вались! мой холм могильный От грустной матери сокрой! Когда ж вечернею порою К нему пустынною тропою, Вдоль незабвенного ручья, Придет поплакать надо мною Подруга нежная моя, Твой легкий шорох в чуткой сени, На берегах Стигийских вод , Моей обрадованной тени Да возвестит ее приход!» Сбылось! Увы! судьбины гнева Покорством бедный не смягчил, Последний лист упал со древа, Последний час его пробил. Близ рощи той его могила! С кручиной тяжкою своей К ней часто матерь приходила... Не приходила дева к ней!
P00579	poem	Евгений Баратынский: Авроре Ш[ернваль] (Выдь, дохни нам упоен	Выдь, дохни нам упоеньем, Соименница зари; Всех румяным появленьем Оживи и озари! Пылкий юноша не сводит Взоров с милой и порой Мыслит с тихою тоской: "Для кого она выводит Солнце счастья за собой?"
P00580	poem	Евгений Баратынский: В глуши лесов счастлив один...	В глуши лесов счастлив один, Другой страдает на престоле; На высоте земных судьбин И в незаметной, низкой доле Всех благ возможных тот достиг, Кто дух судьбы своей постиг. Мы все блаженствуем равно, Но все блаженствуем различно; Уделом нашим решено, Как наслаждаться им прилично, И кто нам лучший дал совет — Иль Эпикур, иль Эпиктет? Меня тягчил печалей груз, Но не упал я перед роком, Нашел отраду в песнях муз И в равнодушии высоком, И светом презренный удел Облагородить я умел. Хвала вам, боги! Предо мной Вы оправдалися отныне! Готов я с бодрою душой На всё угодное судьбине, И никогда сей лиры глас Не оскорбит роптаньем вас!
P00581	poem	Евгений Баратынский: Завыла буря; хлябь морская...	Завыла буря; хлябь морская Клокочет и ревет, и черные валы Идут, до неба восставая, Бьют, гневно пеняся, в прибрежные скалы. Чья неприязненная сила, Чья своевольная рука Сгустила в тучи облака И на краю небес ненастье зародила? Кто, возмутив природы чин, Горами влажными на землю гонит море? Не тот ли злобный дух, геенны властелин, Что по вселенной розлил горе, Что человека подчинил Желаньям, немощи, страстям и разрушенью И на творенье ополчил Все силы, данные творенью? Земля трепещет перед ним: Он небо заслонил огромными крылами И двигает ревущими водами, Бунтующим могуществом своим. Когда придет желанное мгновенье? Когда волнам твоим я вверюсь, океан? Но знай: красой далеких стран Не очаровано мое воображенье. Под небом лучшим обрести Я лучшей доли не сумею; Вновь не смогу душой моею В краю цветущем расцвести. Меж тем от прихоти судьбины, Меж тем от медленной отравы бытия, В покое раболепном я Ждать не хочу своей кончины; На яростных волнах, в борьбе со гневом их Она отраднее гордыне человека! Как жаждал радостей младых Я на заре младого века, Так ныне, океан, я жажду бурь твоих! Волнуйся, восставай на каменные грани; Он веселит меня, твой грозный, дикий рев, Как зов к давно желанной брани, Как мощного врага мне чем-то лестный гнев.
P00582	poem	Евгений Баратынский: Звезда	Взгляни на звезды: много звезд В безмолвии ночном Горит, блестит кругом луны На небе голубом. Взгляни на звезды: между них Милее всех одна! За что же? Ранее встает, Ярчей горит она? Нет! утешает свет ее Расставшихся друзей: Их взоры, в синей вышине, Встречаются на ней. Она на небе чуть видна, Но с думою глядит, Но взору шлет ответный взор И нежностью горит. С нее в лазоревую ночь Не сводим мы очес, И провожаем мы ее На небо и с небес. Себе звезду избрал ли ты? В безмолвии ночном Их много блещет и горит На небе голубом. Не первой вставшей сердце вверь И, суетный в любви, Не лучезарнейшую всех Своею назови. Ту назови своей звездой, Что с думою глядит, И взору шлет ответный взор, И нежностью горит.
P00583	poem	Евгений Баратынский: Идиллик новый на искус...	Идиллик новый на искус Представлен был пред Аполлона. "Как пишет он?- спросил у муз Бог беспристрастный Геликона.- Никак негодный он поэт?" - "Нельзя сказать".- "С талантом?"- "Нет; Ошибок важных, правда, мало; Да пишет он довольно вяло". - "Я понял вас - в суде моем Не озабочусь я нисколько; Вперед ни слова мне о нем. Из списков выключить - и только".
P00584	poem	Евгений Баратынский: Как много ты в немного дней...	Как много ты в немного дней Прожить, прочувствовать успела! В мятежном пламени страстей Как страшно ты перегорела! Раба томительной мечты! В тоске душевной пустоты, Чего еще душою хочешь? Как Магдалина, плачешь ты, И, как русалка, ты хохочешь!
P00585	poem	Евгений Баратынский: Мила, как грация, скромна...	Мила, как грация, скромна, Как Сандрильона; Подобно ей, красой она Достойна трона. Приятна лира ей моя; Но что мне в этом? Быть королем желал бы я, А не поэтом.
P00586	poem	Евгений Баратынский: Невесте	А. Я. В[асильевой] Не раз Гимена клеветали: Его бездушным торговцом, Брюзгой, ревнивцем и глупцом Попеременно называли. Как свет его ни назови, У вас он будет, без сомненья, Достойным сыном уваженья И братом пламенной любви!
P00587	poem	Евгений Баратынский: Очарованье красоты...	Очарованье красоты В тебе не страшно нам: Не будишь нас, как солнце, ты К мятежным суетам; От дольней жизни, как луна, Манишь за край земной, И при тебе душа полна Священной тишиной.
P00588	poem	Евгений Баратынский: Уверение	Нет, обманула вас молва, По-прежнему дышу я вами, И надо мной свои права Вы не утратили с годами. Другим курил я фимиам, Но вас носил в святыне сердца; Молился новым образам, Но с беспокойством староверца.
P00589	poem	Евгений Баратынский: Череп	Усопший брат! кто сон твой возмутил? Кто пренебрег святынею могильной? В разрытый дом к тебе я нисходил, Я в руки брал твой череп желтый, пыльный! Еще носил волос остатки он; Я зрел на нем ход постепенный тленья. Ужасный вид! Как сильно поражен Им мыслящий наследник разрушенья! Со мной толпа безумцев молодых Над ямою безумно хохотала; Когда б тогда, когда б в руках моих Глава твоя внезапно провещала! Когда б она цветущим, пылким нам И каждый час грозимым смертным часом Все истины, известные гробам, Произнесла своим бесстрастным гласом! Что говорю? Стократно благ закон, Молчаньем ей уста запечатлевший; Обычай прав, усопших важный сон Нам почитать издревле повелевший. Живи живой, спокойно тлей мертвец! Всесильного ничтожное созданье, О человек! Уверься наконец: Не для тебя ни мудрость, ни всезнанье! Нам надобны и страсти и мечты, В них бытия условие и пища: Не подчинишь одним законам ты И света шум и тишину кладбища! Природных чувств мудрец не заглушит И от гробов ответа не получит: Пусть радости живущим жизнь дарит, А смерть сама их умереть научит.
P00590	poem	Евгений Баратынский: Эпиграмма (Свои стишки Тощев-пиит...)	Свои стишки Тощев-пиит Покроем Пушкина кроит, Но славы громкой не получит, И я котенка вижу в нем, Который, право, непутем На голос лебедя мяучит.
P00591	poem	Евгений Баратынский: АВРОРЕ Ш[ЕРНВАЛЬ]	Выдь, дохни нам упоеньем, Соименница зари; Всех румяным появленьем Оживи и озари! Пылкий юноша не сводит Взоров с милой и порой Мыслит с тихою тоской: "Для кого она выводит Солнце счастья за собой?"
P00592	poem	Евгений Баратынский: Дорога жизни	В дорогу жизни снаряжая Своих сынов, безумцев нас, Снов золотых судьба благая Дает известный нам запас. Нас быстро годы почтовые С корчмы довозят до корчмы, И снами теми роковые Прогоны жизни платим мы.
P00593	poem	Евгений Баратынский: Ожидание	Она придет! к ее устам Прижмусь устами я моими; Приют укромный будет нам Под сими вязами густыми! Волненьем страстным я томим; Но близ любезной укротим Желаний пылких нетерпенье! Мы ими счастию вредим И сокращаем наслажденье.
P00594	poem	Евгений Баратынский: Рука с рукой Веселье, Горе...	Рука с рукой Веселье, Горе Пошли дорогой бытия; Но что? Поссорилися вскоре Во всем несходные друзья! Лишь перекресток улучили, Друг другу молвили: "Прости!" Недолго розно побродили, Чрез день сошлись - в конце пути!
P00595	poem	Евгений Баратынский: Надпись	Взгляни на лик холодный сей, Взгляни: в нем жизни нет; Но как на нем былых страстей Еще заметен след! Так ярый ток, оледенев, Над бездною висит, Утратив прежний грозный рев, Храня движенья вид.
P00596	poem	Евгений Баратынский: Она	Есть что-то в ней, что красоты прекрасней, Что говорит не с чувствами - с душой; Есть что-то в ней над сердцем самовластней Земной любви и прелести земной. Как сладкое душе воспоминанье, Как милый свет родной звезды твоей, Какое-то влечет очарованье К ее ногам и под защиту к ней. Когда ты с ней, мечты твоей неясной Неясною владычицей она: Не мыслишь ты - и только лишь прекрасной Присутствием душа твоя полна. Бредешь ли ты дорогою возвратной, С ней разлучась, в пустынный угол твой - Ты полон весь мечтою необъятной, Ты полон весь таинственной тоской.
P00597	poem	Евгений Баратынский: Подражателям	Когда, печалью вдохновенный, Певец печаль свою поет, Скажите: отзыв умиленный В каком он сердце не найдет? Кто, вековых проклятий жаден, Дерзнет осмеивать ее? Но для притворства всякий хладен, Плач подражательный досаден, Смешно жеманное вытье! Не напряженного мечтанья Огнем услужливым согрет - Постигнул таинства страданья Душемутительный поэт. В борьбе с тяжелою судьбою Познал он меру вышних сил, Сердечных судорог ценою Он выраженье их купил. И вот нетленными лучами Лик песнопевца окружен, И чтим земными племенами, Подобно мученику, он. А ваша муза площадная, Тоской заемною мечтая Родить участие в сердцах, Подобна нищей развращенной, Молящей лепты незаконной С чужим ребенком на руках.
P00598	poem	Евгений Баратынский: Есть грот: наяда там в полдневные часы..	Есть грот: наяда там в полдневные часы Дремоте предает усталые красы. И часто вижу я, как нимфа молодая На ложе лиственном покоится нагая, На руку белую, под говор ключевой, Склоняяся челом, венчанным осокой.
P00599	poem	Евгений Баратынский: К***	Не бойся едких осуждений, Но упоительных похвал: Не раз в чаду их мощный гений Сном расслабленья засыпал. Когда, доверясь их измене, Уже готов у моды ты Взять на венок своей Камене Ее тафтяные цветы,- Прости, я громко негодую; Прости, наставник и пророк! И с укоризной указую Тебе на лавровый венок. Когда но ребрам крепко стиснут Пегас удалым седоком, Не горе, ежели прихлыстнут Его критическим хлыстом.
P00600	poem	Евгений Баратынский: К*** (Не бойся едких осуждений...)	Не бойся едких осуждений, Но упоительных похвал: Не раз в чаду их мощный гений Сном расслабленья засыпал. Когда, доверясь их измене, Уже готов у моды ты Взять на венок своей Камене Ее тафтяные цветы; Прости, я громко негодую; Прости, наставник и пророк, Я с укоризной указую Тебе на лавровый венок. Когда по ребрам крепко стиснут Пегас удалым седоком, Не горе, ежели прихлыстнут Его критическим хлыстом.
P00601	poem	Евгений Баратынский: Последняя смерть	Есть бытие; но именем каким Его назвать? Ни сон оно, ни бденье; Меж них оно, и в человеке им С безумием граничит разуменье. Он в полноте понятья своего, А между тем, как волны, на него, Одни других мятежней, своенравней, Видения бегут со всех сторон, Как будто бы своей отчизны давней Стихийному смятенью отдан он; Но иногда, мечтой воспламененный, Он видит свет, другим не откровенный. Созданье ли болезненной мечты, Иль дерзкого ума соображенье, Во глубине полночной темноты Представшее очам моим виденье? Не ведаю; но предо мной тогда Раскрылися грядущие года; События вставали, развивались, Волнуяся подобно облакам, И полными эпохами являлись От времени до времени очам, И наконец я видел без покрова Последнюю судьбу всего живого. Сначала мир явил мне дивный сад; Везде искусств, обилия приметы; Близ веси весь и подле града град, Везде дворцы, театры, водометы, Везде народ, и хитрый свой закон Стихии все признать заставил он. Уж он морей мятежные пучины На островах искусственных селил, Уж рассекал небесные равнины По прихоти им вымышленных крил; Всё на земле движением дышало, Всё на земле как будто ликовало. Исчезнули бесплодные года, Оратаи по воле призывали Ветра, дожди, жары и холода, И верною сторицей воздавали Посевы им, и хищный зверь исчез Во тьме лесов, и в высоте небес, И в бездне вод, сраженный человеком, И царствовал повсюду светлый мир. Вот, мыслил я, прельщенный дивным веком, Вот разума великолепный пир! Врагам его и в стыд и в поученье, Вот до чего достигло просвещенье! Прошли века. Яснеть очам моим Видение другое начинало: Что человек? что вновь открыто им? Я гордо мнил, и что же мне предстало? Наставшую эпоху я с трудом Постигнуть мог смутившимся умом. Глаза мои людей не узнавали; Привыкшие к обилью дольных благ, На всё они спокойные взирали, Что суеты рождало в их отцах, Что мысли их, что страсти их, бывало, Влечением всесильным увлекало. Желания земные позабыв, Чуждаяся их грубого влеченья, Душевных снов, высоких снов призыв Им заменил другие побужденья, И в полное владение свое Фантазия взяла их бытие, И умственной природе уступила Телесная природа между них: Их в эмпирей и в хаос уносила Живая мысль на крылиях своих; Но по земле с трудом они ступали, И браки их бесплодны пребывали. Прошли века, и тут моим очам Открылася ужасная картина: Ходила смерть по суше, по водам, Свершалася живущего судьбина. Где люди? где? Скрывалися в гробах! Как древние столпы на рубежах, Последние семейства истлевали; В развалинах стояли города, По пажитям заглохнувшим блуждали Без пастырей безумные стада; С людьми для них исчезло пропитанье; Мне слышалось их гладное блеянье. И тишина глубокая вослед Торжественно повсюду воцарилась, И в дикую порфиру древних лет Державная природа облачилась. Величествен и грустен был позор Пустынных вод, лесов, долин и гор. По-прежнему животворя природу, На небосклон светило дня взошло, Но на земле ничто его восходу Произнести привета не могло. Один туман над ней, синея, вился И жертвою чистительной дымился.
P00602	poem	Евгений Баратынский: СТАНСЫ	Судьбой наложенные цепи Упали с рук моих, и вновь Я вижу вас, родные степи, Моя начальная любовь. Степного неба свод желанный, Степного воздуха струи, На вас я в неге бездыханной Остановил глаза мои. Но мне увидеть было слаще Лес на покате двух холмов И скромный дом в садовой чаще - Приют младенческих годов. Промчалось ты, златое время! С тех пор по свету я бродил И наблюдал людское племя И, наблюдая, восскорбил. Ко благу пылкое стремленье От неба было мне дано; Но обрело ли разделенье, Но принесло ли плод оно?.. Я братьев знал; но сны младые Соединили нас на миг: Далече бедствуют иные, И в мире нет уже других. Я твой, родимая дуброва! Но от насильственных судьбин Молить хранительного крова К тебе пришел я не один. Привел под сень твою святую Я соучастницу в мольбах - Мою супругу молодую С младенцем тихим на руках. Пускай, пускай в глуши смиренной, С ней, милой, быт мой утая, Других урочищей вселенной Не буду помнить бытия. Пускай, о свете не тоскуя, Предав забвению людей, Кумиры сердца сберегу я Одни, одни в любви моей.
P00603	poem	Евгений Баратынский: Эпиграмма (Окогченная летунья...)	Окогченная летунья, Эпиграмма-хохотунья, Эпиграмма-егоза Трется, вьется средь народа, И завидит лишь урода - Разом вцепится в глаза.
P00604	poem	Евгений Баратынский: Мой дар убог, и голос мой не громок...	Мой дар убог, и голос мой не громок, Но я живу, и на земли мое Кому-нибудь любезно бытие: Его найдет далекий мой потомок В моих стихах; как знать? душа моя Окажется с душой его в сношенье, И как нашел я друга в поколенье, Читателя найду в потомстве я.
P00605	poem	Евгений Баратынский: Не подражай: своеобразен гений...	Не подражай: своеобразен гений И собственным величием велик; Доратов ли, Шекспиров ли двойник - Досаден ты: не любят повторений. С Израилем певцу одни закон: Да не творит себе кумира он! Когда тебя, Мицкевич вдохновенный, Я застаю у Байроновых ног, Я думаю: поклонник униженный! Восстань, восстань и вспомни: сам ты бог!
P00606	poem	Евгений Баратынский: Смерть	Смерть дщерью тьмы не назову я И, раболепною мечтой Гробовый остов ей даруя, Не ополчу ее косой. О дочь верховного Эфира! О светозарная краса! В руке твоей олива мира, А не губящая коса. Когда возникнул мир цветущий Из равновесья диких сил, В твое храненье всемогущий Его устройство поручил. И ты летаешь над твореньем, Согласье прям его лия И в нем прохладным дуновеньем Смиряя буйство бытия. Ты укрощаешь восстающий В безумной силе ураган, Ты, на брега свои бегущий, Вспять возвращаешь океан. Даешь пределы ты растенью, Чтоб не покрыл гигантский лес Земли губительною тенью, Злак не восстал бы до небес. А человек! Святая дева! Перед тобой с его ланит Мгновенно сходят пятна гнева, Жар любострастия бежит. Дружится праведной тобою Людей недружная судьба: Ласкаешь тою же рукою Ты властелина и раба. Недоуменье, принужденье – Условье смутных наших дней, Ты всех загадок разрешенье, Ты разрешенье всех цепей.
P00607	poem	Евгений Баратынский: Старательно мы наблюдаем свет...	Старательно мы наблюдаем свет, Старательно людей мы наблюдаем И чудеса постигнуть уповаем. Какой же плод науки долгих лет? Что наконец подсмотрят очи зорки? Что наконец поймет надменный ум На высоте всех опытов и дум, Что?- точный смысл народной поговорки.
P00608	poem	Евгений Баратынский: Старик	Венчали розы, розы Леля, Мой первый век, мой век младой: Я был счастливый пустомеля И девам нравился порой. Я помню ласки их живые, Лобзанья, полные огня... Но пролетели дни младые; Они не смотрят на меня! Как быть? У яркого камина, В укромной хижине моей, Накрою стол, поставлю вина И соберу моих друзей. Пускай венок, сплетенный Лелем, Не обновится никогда,- Года, увенчанные хмелем, Еще прекрасные года.
P00609	poem	Евгений Баратынский: К. А. Свербеевой	В небе нашем исчезает И, красой своей горда, На другое востекает Переходная звезда; Но навек ли с ней проститься? Нет, предписан ей закон: Рано ль, поздно ль воротиться На старинный небосклон. Небо наше покидая, Ты ли, милая звезда, Небесам другого края Передашься навсегда? Весела красой чудесной, Потеки в желанный путь; Только странницей небесной Воротись когда-нибудь!
P00610	poem	Евгений Баратынский: Муза	Не ослеплен я музою моею: Красавицей ее не назовут, И юноши, узрев ее, за нею Влюбленною толпой не побегут. Приманивать изысканным убором, Игрою глаз, блестящим разговором Ни склонности у ней, ни дара нет; Но поражен бывает мельком свет Ее лица необщим выраженьем, Ее речей спокойной простотой; И он, скорей чем едким осужденьем, Ее почтит небрежной похвалой.
P00611	poem	Евгений Баратынский: Фея	Порою ласковую Фею Я вижу в обаяньи сна, И всей наукою своею Служить готова мне она. Душой обманутой ликуя, Мои мечты ей лепечу я; Но что же? странно и во сне Непокупное счастье мне: Всегда дарам своим предложит Условье некое она, Которым, злобно смышлена, Их отравит иль уничтожит. Знать, самым духом мы рабы Земной насмешливой судьбы; Знать, миру явному дотоле Наш бедный ум порабощен, Что переносит поневоле И в мир мечты его закон!
P00612	poem	Евгений Баратынский: Чудный град порой сольется...	Чудный град порой сольется Из летучих облаков, Но лишь ветр его коснется, Он исчезнет без следов. Так мгновенные созданья Поэтической мечты Исчезают от дыханья Посторонней суеты.
P00613	poem	Евгений Баратынский: Бывало, отрок, звонким кликом...	Бывало, отрок, звонким кликом Лесное эхо я будил, И верный отклик в лесе диком Меня смятенно веселил. Пора другая наступила, И рифма юношу пленила, Лесное эхо заменя. Игра стихов, игра златая! Как звуки, звукам отвечая, Бывало, нежили меня! Но всё проходит. Остываю Я и к гармонии стихов - И как дубров не окликаю, Так не ищу созвучных слов.
P00614	poem	Евгений Баратынский: В дни безграничных увлечений...	В дни безграничных увлечений, В дни необузданных страстей Со мною жил превратный гений, Наперсник юности моей. Он жар восторгов несогласных Во мне питал и раздувал; Но соразмерностей прекрасных В душе носил я идеал; Когда лишь праздников смятенья Алкал безумец молодой, Поэта мерные творенья Блистали стройной красотой. Страстей порывы утихают, Страстей мятежные мечты Передо мной не затмевают Законов вечной красоты; И поэтического мира Огромный очерк я узрел И жизни даровать, о лира! Твое согласье захотел.
P00615	poem	Евгений Баратынский: НА СМЕРТЬ ГЁТЕ	Предстала, и старец великий смежил Орлиные очи в покое; Почил безмятежно, зане совершил В пределе земном всё земное! Над дивной могилой не плачь, не жалей, Что гения череп - наследье червей. Погас! но ничто не оставлено им Под солнцем живых без привета; На все отозвался он сердцем своим, Что просит у сердца ответа; Крылатою мыслью он мир облетел, В одном беспредельном нашел ей предел. Все дух в нем питало: труды мудрецов, Искусств вдохновенных созданья, Преданья, заветы минувших веков, Цветущих времен упованья; Мечтою по воле проникнуть он мог И в нищую хату, и в царский чертог. С природой одною он жизнью дышал: Ручья разумел лепетанье, И говор древесных листов понимал, И чувствовал трав прозябанье; Была ему звездная книга ясна, И с ним говорила морская волна. Изведан, испытан им весь человек! И ежели жизнью земною Творец ограничил летучий наш век И нас за могильной доскою, За миром явлений, не ждет ничего,- Творца оправдает могила его. И если загробная жизнь нам дана, Он, здешней вполне отдышавший И в звучных, глубоких отзывах сполна Всё дольное долу отдавший, К предвечному легкой душой возлетит, И в небе земное его не смутит.
P00616	poem	Евгений Баратынский: На смерть Гете	Предстала, и старец великий смежил Орлиные очи в покое; Почил безмятежно, зане совершил В пределе земном всё земное! Над дивной могилой не плачь, не жалей, Что гения череп - наследье червей. Погас! но ничто не оставлено им Под солнцем живых без привета; На все отозвался он сердцем своим, Что просит у сердца ответа; Крылатою мыслью он мир облетел, В одном беспредельном нашел ей предел. Все дух в нем питало: труды мудрецов, Искусств вдохновенных созданья, Преданья, заветы минувших веков, Цветущих времен упованья; Мечтою по воле проникнуть он мог И в нищую хату, и в царский чертог. С природой одною он жизнью дышал: Ручья разумел лепетанье, И говор древесных листов понимал, И чувствовал трав прозябанье; Была ему звездная книга ясна, И с ним говорила морская волна. Изведан, испытан им весь человек! И ежели жизнью земною Творец ограничил летучий наш век И нас за могильной доскою, За миром явлений, не ждет ничего,- Творца оправдает могила его. И если загробная жизнь нам дана, Он, здешней вполне отдышавший И в звучных, глубоких отзывах сполна Всё дольное долу отдавший, К предвечному легкой душой возлетит, И в небе земное его не смутит.
P00617	poem	Евгений Баратынский: К чему невольнику мечтания свободы?..	К чему невольнику мечтания свободы? Взгляни: безропотно текут речные воды В указанных брегах, по склону их русла; Ель величавая стоит, где возросла, Невластная сойти. Небесные светила Назначенным путем неведомая сила Влечет. Бродячий ветр не волен, и закон Его летучему дыханью положен. Уделу своему и мы покорны будем, Мятежные мечты смирим иль позабудем, Рабы разумные, послушно согласим Свои желания со жребием своим - И будет счастлива, спокойна наша доля. Безумец! не она ль, не вышняя ли воля Дарует страсти нам? и не ее ли глас В их гласе слышим мы? О, тягостна для нас Жизнь, в сердце бьющая могучею волною И в грани узкие втесненная судьбою.
P00618	poem	Евгений Баратынский: Болящий дух врачует песнопенье...	Болящий дух врачует песнопенье. Гармонии таинственная власть Тяжелое искупит заблужденье И укротит бунтующую страсть. Душа певца, согласно излитая, Разрешена от всех своих скорбей; И чистоту поэзия святая И мир отдаст причастнице своей.
P00619	poem	Евгений Баратынский: Вот верный список впечатлений...	Вот верный список впечатлений И легкий и глубокий след Страстей, порывов юных лет, Жизнь родила его - не гений. Подобен он скрыжали той, Где пишет ангел неподкупный Прекрасный подвиг и преступный - Всё, что творим мы под луной. Я много строк моих, о Лета! В тебе желал бы окунуть И утаить их как-нибудь И от себя и ото света... Но уж свое они рекли, А что прошло, то непреложно. Года волненья протекли, И мне перо оставить можно. Теперь я знаю бытие. Одно желание мое - Покой, домашние отрады. И, погружен в самом себе, Смеюсь я людям и судьбе, Уж не от них я жду награды. Но что? с бессонною душой, С душою чуткою поэта Ужели вовсе чужд я света? Проснуться может пламень мой, Еще, быть может, я возвышу Мой голос, родина моя! Ни бед твоих я не услышу, Ни славы, струны утая.
P00620	poem	Евгений Баратынский: Запустение	Я посетил тебя, пленительная сень, Не в дни веселые живительного мая, Когда, зелеными ветвями помавая, Манишь ты путника в свою густую тень, Когда ты веешь ароматом Тобою бережно взлелеянных цветов,- Под очарованный твой кров Замедлил я моим возвратом. В осенней наготе стояли дерева И неприветливо чернели; Хрустела под ногой замерзлая трава, И листья мертвые, волнуяся, шумели; С прохладой резкою дышал В лицо мне запах увяданья; Но не весеннего убранства я искал, А прошлых лет воспоминанья. Душой задумчивый, медлительно я шел С годов младенческих знакомыми тропами; Художник опытный их некогда провел. Увы, рука его изглажена годами! Стези заглохшие, мечтаешь, пешеход Случайно протоптал. Сошел я в дол заветный, Дол, первых дум моих лелеятель приветный! Пруда знакомого искал красивых вод, Искал прыгучих вод мне памятной каскады; Там, думал я, к душе моей Толпою полетят виденья прежних дней... Вотще! лишенные хранительной преграды, Далече воды утекли, Их ложе поросло травою, Приют хозяйственный в нем улья обрели, И легкая тропа исчезла предо мною. Ни в чем знакомого мой взор не обретал! Но вот по-прежнему, лесистым косогором, Дорожка смелая ведет меня... обвал Вдруг поглотил ее... Я стал И глубь нежданную измерил грустным взором, С недоумением искал другой тропы. Иду я: где беседка тлеет И в прахе перед ней лежат ее столпы, Где остов мостика дряхлеет. И ты, величественный грот, Тяжело-каменный, постигнут разрушеньем И угрожаешь уж паденьем, Бывало, в летний зной прохлады полный свод! Что ж? пусть минувшее минуло сном летучим! Еще прекрасен ты, заглохший Элизей, И обаянием могучим Исполнен для души моей. Тот не был мыслию, тот не был сердцем хладен, Кто, безыменной неги жаден, Их своенравный бег тропам сим указал, Кто, преклоняя слух к таинственному шуму Сих кленов, сих дубов, в душе своей питал Ему сочувственную думу. Давно кругом меня о нем умолкнул слух, Прияла прах его далекая могила, Мне память образа его не сохранила, Но здесь еще живет его доступный дух; Здесь, друг мечтанья и природы, Я познаю его вполне; Он вдохновением волнуется во мне, Он славить мне велит леса, долины, воды; Он убедительно пророчит мне страну, Где я наследую несрочную весну, Где разрушения следов я не примечу, Где в сладостной тени невянущих дубров, У нескудеющих ручьев, Я тень, священную мне, встречу.
P00621	poem	Евгений Баратынский: Кн. Вяземскому (Как жизни общие призывы.	Как жизни общие призывы, Как увлеченья суеты, Понятны вам страстей порывы И обаяния мечты; Понятны вам все дуновенья, Которым в море бытия Послушна наша ладия. Вам приношу я песнопенья, Где отразилась жизнь моя, Исполнена тоски глубокой, Противоречий, слепоты, И между тем любви высокой, Любви, добра и красоты. Счастливый сын уединенья, Где сердца ветреные сны И мысли праздные стремленья Разумно мной усыплены; Где, другу мира и свободы, Ни до фортуны, ни до моды, Ни до молвы мне нужды нет; Где я простил безумству, злобе И позабыл, как бы во гробе, Но добровольно, шумный свет,- Еще, порою, покидаю Я Лету, созданную мной, И степи мира облетаю С тоскою жаркой и живой. Ищу я вас; гляжу: что с вами? Куда вы брошены судьбами, Вы, озарявшие меня И дружбы кроткими лучами И светом высшего огня? Что вам дарует провиденье? Чем испытует небо вас? И возношу молящий глас: Да длится ваше упоенье, Да скоро минет скорбный час! Звезда разрозненной плеяды! Так из глуши моей стремлю Я к вам заботливые взгляды, Вам высшей благости молю, От вас отвлечь судьбы суровой Удары грозные хочу, Хотя вам прозою почтовой Лениво дань мою плачу.
P00622	poem	Евгений Баратынский: Когда исчезнет омраченье...	Когда исчезнет омраченье Души болезненной моей? Когда увижу разрешенье Меня опутавших сетей? Когда сей демон, наводящий На ум мой сон, его мертвящий, Отыдет, чадный, от меня, И я увижу луч блестящий Всеозаряющего дня? Освобожусь воображеньем, И крылья духа подыму, И пробужденным вдохновеньем Природу снова обниму? Вотще ль мольбы? напрасны ль пени? Увижу ль снова ваши сени, Сады поэзии святой? Увижу ль вас, ее светила? Вотще! я чувствую: могила Меня живого приняла, И, легкий дар мой удушая, На грудь мне дума роковая Гробовой насыпью легла.
P00623	poem	Евгений Баратынский: Алкивиад	Облокотясь перед медью, образ его отражавшей, Дланью слегка приподняв кудри златые чела, Юный красавец сидел, горделиво-задумчив, и, смехом Горьким смеясь, на него мужи казали перстом; Девы, тайно любуясь челом благородно-открытым, Нехотя взор отводя, хмурили брови свои. Он же глух был и слеп; он, не в меди глядясь, а в грядущем, Думал: к лицу ли ему будет лавровый венок?
P00624	poem	Евгений Баратынский: Бокал	Полный влагой искрометной, Зашипел ты, мой бокал! И покрыл туман приветный Твой озябнувший кристалл... Ты не встречен братьей шумной, Буйных оргий властелин,- Сластолюбец вольнодумный, Я сегодня пью один. Чем душа моя богата, Всё твое, о друг Аи! Ныне мысль моя не сжата И свободны сны мои; За струею вдохновенной Не рассеян данник твой Бестолково оживленной, Разногласною толпой. Мой восторг неосторожный Не обидит никого; Не откроет дружбе ложной Таин счастья моего; Не смутит глупцов ревнивых И торжественных невежд Излияньем горделивых Иль святых моих надежд! Вот теперь со мной беседуй, Своенравная струя! Упоенья проповедуй Иль отравы бытия; Сердцу милые преданья Благодатно оживи Или прошлые страданья Мне на память призови! О бокал уединенья! Не усилены тобой Пошлой жизни впечатленья, Словно чашей круговой; Плодородней, благородней, Дивной силой будишь ты Откровенья преисподней Иль небесные мечты. И один я пью отныне! Не в людском шуму пророк - В немотствующей пустыне Обретает свет высок! Не в бесплодном развлеченьи Общежительных страстей - В одиноком упоеньи Мгла падет с его очей!
P00625	poem	Евгений Баратынский: Осень	И вот сентябрь! замедля свой восход, Сияньем хладным солнце блещет, И луч его в зерцале зыбком вод Неверным золотом трепещет. Седая мгла виется вкруг холмов; Росой затоплены равнины; Желтеет сень кудрявая дубов, И красен круглый лист осины; Умолкли птиц живые голоса, Безмолвен лес, беззвучны небеса! И вот сентябрь! и вечер года к нам Подходит. На поля и горы Уже мороз бросает по утрам Свои сребристые узоры. Пробудится ненастливый Эол; Пред ним помчится прах летучий, Качаяся, завоет роща, дол Покроет лист ее падучий, И набегут на небо облака, И, потемнев, запенится река. Прощай, прощай, сияние небес! Прощай, прощай, краса природы! Волшебного шептанья полный лес, Златочешуйчатые воды! Веселый сон минутных летних нег! Вот эхо в рощах обнаженных Секирою тревожит дровосек, И скоро, снегом убеленных, Своих дубров и холмов зимний вид Застылый ток туманно отразит. А между тем досужий селянин Плод годовых трудов сбирает; Сметав в стога скошенный злак долин, С серпом он в поле поспешает. Гуляет серп. На сжатых бороздах Снопы стоят в копнах блестящих Иль тянутся, вдоль жнивы, на возах, Под тяжкой ношею скрыпящих, И хлебных скирд золотоверхий град Подъемлется кругом крестьянских хат. Дни сельского, святого торжества! Овины весело дымятся, И цеп стучит, и с шумом жернова Ожившей мельницы крутятся. Иди, зима! на строги дни себе Припас оратай много блага: Отрадное тепло в его избе, Хлеб-соль и пенистая брага; С семьей своей вкусит он без забот Своих трудов благословенный плод! А ты, когда вступаешь в осень дней, Оратай жизненного поля, И пред тобой во благостыне всей Является земная доля; Когда тебе житейские бразды, Труд бытия вознаграждая, Готовятся подать свои плоды И спеет жатва дорогая, И в зернах дум ее сбираешь ты, Судеб людских достигнув полноты,— Ты так же ли, как земледел, богат? И ты, как он, с надеждой сеял; И ты, как он, о дальнем дне наград Сны позлащенные лелеял... Любуйся же, гордись восставшим им! Считай свои приобретенья!.. Увы! к мечтам, страстям, трудам мирским Тобой скопленные презренья, Язвительный, неотразимый стыд Души твоей обманов и обид! Твой день взошел, и для тебя ясна Вся дерзость юных легковерий; Испытана тобою глубина Людских безумств и лицемерий. Ты, некогда всех увлечений друг, Сочувствий пламенный искатель, Блистательных туманов царь — и вдруг Бесплодных дебрей созерцатель, Один с тоской, которой смертный стон Едва твоей гордыней задушен. Но если бы негодованья крик, Но если б вопль тоски великой Из глубины сердечныя возник Вполне торжественный и дикой,— Костями бы среди своих забав Содроглась ветреная младость, Играющий младенец, зарыдав, Игрушку б выронил, и радость Покинула б чело его навек, И заживо б в нем умер человек! Зови ж теперь на праздник честный мир! Спеши, хозяин тороватый! Проси, сажай гостей своих за пир Затейливый, замысловатый! Что лакомству пророчит он утех! Каким разнообразьем брашен Блистает он!.. Но вкус один во всех, И, как могила, людям страшен; Садись один и тризну соверши По радостям земным твоей души! Какое же потом в груди твоей Ни водворится озаренье, Чем дум и чувств ни разрешится в ней Последнее вихревращенье — Пусть в торжестве насмешливом своем Ум бесполезный сердца трепет Угомонит и тщетных жалоб в нем Удушит запоздалый лепет, И примешь ты, как лучший жизни клад, Дар опыта, мертвящий душу хлад. Иль, отряхнув видения земли Порывом скорби животворной, Ее предел завидя невдали, Цветущий брег за мглою черной, Возмездий край, благовестящим снам Доверясь чувством обновленным, И бытия мятежным голосам, В великом гимне примиренным, Внимающий, как арфам, коих строй Превыспренний не понят был тобой,— Пред промыслом оправданным ты ниц Падешь с признательным смиреньем, С надеждою, не видящей границ, И утоленным разуменьем,— Знай, внутренней своей вовеки ты Не передашь земному звуку И легких чад житейской суеты Не посвятишь в свою науку; Знай, горняя иль дольная, она Нам на земле не для земли дана. Вот буйственно несется ураган, И лес подъемлет говор шумный, И пенится, и ходит океан, И в берег бьет волной безумной; Так иногда толпы ленивый ум Из усыпления выводит Глас, пошлый глас, вещатель общих дум, И звучный отзыв в ней находит, Но не найдет отзыва тот глагол, Что страстное земное перешел. Пускай, приняв неправильный полет И вспять стези не обретая, Звезда небес в бездонность утечет; Пусть заменит ее другая; Не явствует земле ущерб одной, Не поражает ухо мира Падения ее далекий вой, Равно как в высотах эфира Ее сестры новорожденный свет И небесам восторженный привет! Зима идет, и тощая земля В широких лысинах бессилья, И радостно блиставшие поля Златыми класами обилья, Со смертью жизнь, богатство с нищетой Все образы годины бывшей Сравняются под снежной пеленой, Однообразно их покрывшей,— Перед тобой таков отныне свет, Но в нем тебе грядущей жатвы нет!
P00626	poem	Евгений Баратынский: Сначала мысль, воплощена...	Сначала мысль, воплощена В поэму сжатую поэта, Как дева юная, темна Для невнимательного света; Потом, осмелившись, она Уже увертлива, речиста. Со всех сторон своих видна, Как искушенная жена В свободной прозе романиста; Болтунья старая, затем Она, подъемля крик нахальный, Плодит в полемике журнальной Давно уж ведомое всем.
P00627	poem	Иван Крылов: Стыдливый игрок	Случилось некогда мне быть в шумливом мире; Сказать ясней, мне быть случилося в трактире; Хотя немного там увидеть льзя добра, Однакож тут велась изрядная игра. Из всех других поудалее Один был рослый молодец, Беспутства был он образец И карты ставил он и гнул смелее; И вдруг Спустил все деньги с рук. Спустил, а на кредит никто ему не верит, Хоть, кажется, в божбе Герой не лицемерит. Озлился мой болван И карту с транспортом поставил на кафтан. Гляжу чрез час: Герой остался мой в камзоле, Как пень на чистом поле; Тогда к нему пришел От батюшки посол И говорит: «Отец совсем твой умирает, С тобой проститься он желает И приказал к себе просить». «Скажи ему,— сказал мой фаля,— Что здесь бубновая сразила меня краля; Так он ко мне сам может быть. Ему сюда прийти нимало не обидно; А мне по улице идти без сапогов, Без платья, шляпы и чулков, Ужасно стыдно».
P00628	poem	Иван Крылов: Судьба игроков	Вчерась приятеля в карете видел я; Бедняк — приятель мой, я очень удивился, Чем столько он разжился? А он поведал мне всю правду, не тая, Что картами себе именье он доставил И выше всех наук игру картежну ставил. Сегодня же пешком попался мне мой друг. «Конечно,— я сказал,— спустил уж все ты с рук?» А он, как философ, гласил в своем ответе: «Ты знаешь, колесом вертится все на свете».
P00629	poem	Иван Крылов: Старик и трое молодых	Старик садить сбирался деревцо. "Уж пусть бы строиться; да как садить в те лета, Когда уж смотришь вон из света!- Так, Старику смеясь в лицо, Три взрослых юноши соседних рассуждали.- Чтоб плод тебе твои труды желанный дали, То надобно, чтоб ты два века жил. Неужли будешь ты второй Мафусаил? Оставь, старинушка, свои работы: Тебе ли затевать столь дальние расчеты, Едва ли для тебя текущий верен час? Такие замыслы простительны для нас: Мы молоды, цветем и крепостью и силой, А старику пора знакомиться с могилой".- "Друзья!- смиренно им ответствует Старик,- Из детства я к трудам привык; А если от того, что делать начинаю, Не мне лишь одному я пользы ожидаю, То, признаюсь, За труд такой еще охотнее берусь. Кто добр, не все лишь для себя трудится. Сажая деревцо, и тем я веселюсь, Что если от него сам тени не дождусь, То внук мой некогда сей тенью насладится, И это для меня уж плод. Да можно ль и за то ручаться наперед, Кто здесь из нас кого переживет? Смерть смотрит ли на молодость, на силу, Или на прелесть лиц? Ах, в старости моей прекраснейших девиц И крепких юношей я провожал в могилу! Кто знает: может быть, что ваш и ближе час И что сыра земля покроет прежде вас". Как им сказал Старик, так после то и было. Один из них в торги пошел на кораблях: Надеждой счастие сперва ему польстило; Но бурею корабль разбило,- Надежду и пловца - все море поглотило. Другой в чужих землях, Предавшися порока власти, За роскошь, негу и за страсти Здоровьем, а потом и жизнью заплатил. А третий - в жаркий день холодного испил И слег: его врачам искусным поручили, А те его до смерти залечили. Узнавши о кончине их, Наш добрый Старичок оплакал всех троих.
P00630	poem	Иван Крылов: Ларчик	Случается нередко нам И труд и мудрость видеть там, Где стоит только догадаться За дело просто взяться. К кому-то принесли от мастера Ларец. Отделкой, чистотой Ларец в глаза кидался; Ну, всякий Ларчиком прекрасным любовался. Вот входит в комнату механики мудрец. Взглянув на Ларчик, он сказал: "Ларец с секретом, Так; он и без замка; А я берусь открыть; да, да, уверен в этом; Не смейтесь так исподтишка! Я отыщу секрет и Ларчик вам открою: В механике и я чего-нибудь да стою". Вот за Ларец принялся он: Вертит его со всех сторон И голову свою ломает; То гвоздик, то другой, то скобку пожимает. Тут, глядя на него, иной Качает головой; Те шепчутся, а те смеются меж собой. В ушах лишь только отдается: "Не тут, не так, не там!" Механик пуще рвется. Потел, потел; но, наконец, устал, От Ларчика отстал И, как открыть его, никак не догадался: А Ларчик просто открывался.
P00631	poem	Иван Крылов: Парнас	Когда из Греции вон выгнали богов И по мирянам их делить поместья стали, Кому-то и Парнас тогда отмежевали; Хозяин новый стал пасти на нем Ослов. Ослы, не знаю, как-то знали, Что прежде Музы тут живали, И говорят: "Недаром нас Пригнали на Парнас: Знать, Музы свету надоели, И хочет он, чтоб мы здесь пели".- "Смотри же,- кричит один,- не унывай! Я затяну, а вы не отставай! Друзья, робеть не надо! Прославим наше стадо И громче девяти сестер Подымем музыку и свой составим хор! А чтобы нашего не сбили с толку братства, То заведем такой порядок мы у нас: Коль нет в чьем голосе ослиного приятства, Не принимать тех на Парнас". Одобрили Ослы ослово Красно-хитро-сплетенно слово: И новый хор певцов такую дичь занес, Как будто тронулся обоз, В котором тысяча немазанных колес. Но чем окончилось разно-красиво пенье? Хозяин, потеряв терпенье, Их всех загнал с Парнаса в хлев. Мне хочется, невеждам не во гнев, Весьма старинное напомнить мненье: Что если голова пуста, То голове ума не придадут места.
P00632	poem	Иван Крылов: Лжец	Из дальних странствий возвратясь, Какой-то дворянин (а может быть, и князь), С приятелем своим пешком гуляя в поле, Расхвастался о том, где он бывал, И к былям небылиц без счету прилагал. "Нет,- говорит,- что я видал, Того уж не увижу боле. Что здесь у вас за край? То холодно, то очень жарко, То солнце спрячется, то светит слишком ярко. Вот там-то прямо рай! И вспомнишь, так душе отрада! Ни шуб, ни свеч совсем не надо: Не знаешь век, что есть ночная тень, И круглый божий год все видишь майский день. Никто там ни садит, ни сеет: А если б посмотрел, что там растет и зреет! Вот в Риме, например, я видел огурец: Ах, мой творец! И по сию не вспомнюсь пору! Поверишь ли? Ну, право, был он с гору".- "Что за диковина!- приятель отвечал,- На свете чудеса рассеяны повсюду; Да не везде их всякий примечал. Мы сами вот теперь подходим к чуду, Какого ты нигде, конечно, не встречал, И я в том спорить буду. Вон, видишь ли через реку тот мост, Куда нам путь лежит? Он с виду хоть и прост, А свойство чудное имеет: Лжец ни один у нас по нем пройти не смеет; До половины не дойдет - Провалится и в воду упадет; Но кто не лжет, Ступай по нем, пожалуй, хоть в карете".- "А какова у вас река?" - "Да не мелка. Так видишь ли, мой друг, чего-то нет на свете! Хоть римский огурец велик, нет спору в том, Ведь с гору, кажется, ты так сказал о нем?" - "Гора хоть не гора, но, право, будет с дом".- "Поверить трудно! Однакож как ни чудно, А все чуден и мост, по коем мы пойдем, Что он Лжеца никак не подымает; И нынешней еще весной С него обрушились (весь город это знает) Два журналиста да портной. Бесспорно, огурец и с дом величиной Диковинка, коль это справедливо".- "Ну, не такое еще диво; Ведь надо знать, как вещи есть: Не думай, что везде по-нашему хоромы; Что там за домы: В один двоим за нужду влезть, И то ни стать, ни сесть!" - "Пусть так, но все признаться должно, Что огурец не грех за диво счесть, В котором двум усесться можно. Однакож мост-ат наш каков, Что Лгун не сделает на нем пяти шагов, Как тотчас в воду! Хоть римский твой и чуден огурец..." - "Послушай-ка,- тут перервал мой Лжец,- Чем на мост нам идти, поищем лучше броду".
P00633	poem	Иван Крылов: Листы и Корни	В прекрасный летний день, Бросая по долине тень, Листы на дереве с зефирами шептали, Хвалились густотой, зеленостью своей И вот как о себе зефирам толковали: "Не правда ли, что мы краса долины всей? Что нами дерево так пышно и кудряво, Раскидисто и величаво? Что б было в нем без нас? Ну, право, Хвалить себя мы можем без греха! Не мы ль от зноя пастуха И странника в тени прохладной укрываем? Не мы ль красивостью своей Плясать сюда пастушек привлекаем? У нас же раннею и позднею зарей Насвистывает соловей. Да вы, зефиры, сами Почти не расстаетесь с нами". "Примолвить можно бы спасибо тут и нам",- Им голос отвечал из-под земли смиренно. "Кто смеет говорить столь нагло и надменно! Вы кто такие там, Что дерзко так считаться с нами стали?" - Листы, по дереву шумя, залепетали. "Мы те,- Им снизу отвечали,- Которые, здесь роясь в темноте, Питаем вас. Ужель не узнаете? Мы корни дерева, на коем вы цветете. Красуйтесь в добрый час! Да только помните ту разницу меж нас: Что с новою весной лист новый народится, А если корень иссушится,- Не станет дерева, ни вас".
P00634	poem	Иван Крылов: Обоз	С горшками шел Обоз, И надобно с крутой горы спускаться. Вот, на горе других оставя дожидаться, Хозяин стал сводить легонько первый воз. Конь добрый на крестце почти его понес, Катиться возу не давая; А лошадь сверху, молодая, Ругает бедного коня за каждый шаг: "Ай, конь хваленый, то-то диво! Смотрите: лепится, как рак; Вот чуть не зацепил за камень; косо! криво! Смелее! Вот толчок опять. А тут бы влево лишь принять. Какой осел! Добро бы было в гору Или в ночную пору,- А то и под гору, и днем! Смотреть, так выйдешь из терпенья! Уж воду бы таскал, коль нет в тебе уменья! Гляди-тко нас, как мы махнем! Не бойсь, минуты не потратим, И возик свой мы не свезем, а скатим!" Тут, выгнувши хребет и понатужа грудь, Тронулася лошадка с возом в путь; Но, только под гору она перевалилась, Воз начал напирать, телега раскатилась; Коня толкает взад, коня кидает вбок; Пустился конь со всех четырех ног На славу; По камням, рытвинам пошли толчки, Скачки, Левей, левей, и с возом - бух в канаву! Прощай, хозяйские горшки! Как в людях многие имеют слабость ту же: Все кажется в другом ошибкой нам; А примешься за дело сам, Так напроказишь вдвое хуже.
P00635	poem	Иван Крылов: Демьянова уха	"Соседушка, мой свет! Пожалуйста, покушай".- "Соседушка, я сыт по горло".- "Нужды нет, Еще тарелочку; послушай: Ушица, ей-же-ей, на славу сварена!"- "Я три тарелки съел".- "И, полно, что за счеты: Лишь стало бы охоты, А то во здравье: ешь до дна! Что за уха! Да как жирна: Как будто янтарем подернулась она. Потешь же, миленький дружочек! Вот лещик, потроха, вот стерляди кусочек! Еще хоть ложечку! Да кланяйся, жена!"- Так потчевал сосед Демьян соседа Фоку И не давал ему ни отдыху, ни сроку; А с Фоки уж давно катился градом пот. Однако же еще тарелку он берет: Сбирается с последней силой И - очищает всю. "Вот друга я люблю!- Вскричал Демьян.- Зато уж чванных не терплю. Ну, скушай же еще тарелочку, мой милой!" Тут бедный Фока мой, Как ни любил уху, но от беды такой, Схватя в охапку Кушак и шапку, Скорей без памяти домой - И с той поры к Демьяну ни ногой. Писатель, счастлив ты, коль дар прямой имеешь; Но если помолчать вовремя не умеешь И ближнего ушей ты не жалеешь, То ведай, что твои и проза и стихи Тошнее будут всем Демьяновой ухи.
P00636	poem	Иван Крылов: Крестьяне и Река	Крестьяне, вышед из терпенья От разоренья, Что речки им и ручейки При водополье причиняли, Пошли просить себе управы у Реки, В которую ручьи и речки те впадали. И было что на них донесть! Где озими разрыты; Где мельницы посорваны и смыты; Потоплено скота, что и не счесть! А та Река течет так смирно, хоть и пышно; На ней стоят большие города, И никогда За ней таких проказ не слышно: Так, верно, их она уймет, Между собой Крестьяне рассуждали. Но что ж? как подходить к Реке поближе стали И посмотрели, так узнали, Что половину их добра по ней несет. Тут, попусту не заводя хлопот, Крестьяне лишь его глазами проводили; Потом взглянулись меж собой И, покачавши головой, Пошли домой. А отходя, проговорили: "На что и время тратить нам! На младших не найдешь себе управы там, Где делятся они со старшим пополам".
P00637	poem	Иван Крылов: Лисица и Сурок	"Куда так, кумушка, бежишь ты без оглядки?"- Лисицу спрашивал Сурок. "Ох, мой голубчик-куманек! Терплю напраслину и выслана за взятки. Ты знаешь, я была в курятнике судьей, Утратила в делах здоровье и покой, В трудах куска не доедала, Ночей не досыпала: И я ж за то под гнев подпала; А все по клеветам. Ну, сам подумай ты: Кто ж будет в мире прав, коль слушать клеветы? Мне взятки брать? да разве я взбешуся! Ну, видывал ли ты, я на тебя пошлюся, Чтоб этому была причастна я греху? Подумай, вспомни хорошенько".- "Нет, кумушка; а видывал частенько, Что рыльце у тебя в пуху". Иной при месте так вздыхает, Как будто рубль последний доживает: И подлинно, весь город знает, Что у него ни за собой, Ни за женой,- А смотришь, помаленьку То домик выстроит, то купит деревеньку. Теперь, как у него приход с расходом свесть, Хоть по суду и не докажешь, Но как не согрешишь, не скажешь: Что у него пушок на рыльце есть.
P00638	poem	Иван Крылов: Фортуна и Нищий	С истертою и ветхою сумой Бедняжка-нищенький под оконьем таскался И, жалуясь на жребий свой, Нередко удивлялся, Что люди, живучи в богатых теремах, По горло в золоте, в довольстве и сластях, Как их карманы ни набиты, Еще не сыты! И даже до того, Что, без пути алкая И нового богатства добывая, Лишаются нередко своего Всего. Вон бывший, например, того хозяин дому Пошел счастливо торговать; Расторговался в пух. Тут, чем бы перестать И достальной свой век спокойно доживать, А промысел оставить свой другому, - Он в море корабли отправил по весне; Ждал горы золота; но корабли разбило; Сокровища его все море поглотило; Теперь они на дне, И видел он себя богатым, как во сне. Другой, тот в откупа пустился И нажил было миллион, Да мало: захотел его удвоить он, Забрался по уши и вовсе разорился. Короче, тысячи таких примеров есть; И поделом: знай честь! Тут Нищему Фортуна вдруг предстала И говорит ему: "Послушай, я помочь давно тебе желала; Червонцев кучу я сыскала; Подставь свою суму; Ее насыплю я, да только с уговором: Все будет золото, в суму что попадет, Но если из сумы что на пол упадет, То сделается сором. Смотри ж, я наперед тебя остерегла: Мне велено хранить условье наше строго, Сума твоя ветха, не забирайся много, Чтоб вынести она могла". Едва от радости мой Нищий дышит И под собой земли не слышит! Расправил свой кошель, и щедрою рукой Тут полился в него червонцев дождь златой: Сума становится уж тяжеленька. "Довольно ль?"- "Нет еще".- "Не треснула б".- "Не бойсь". "Смотри, ты Крезом стал".- "Еще, еще маленько: Хоть горсточку прибрось". "Эй, полно! Посмотри, сума ползет уж врозь". "Еще щепоточку". Но тут кошель прорвался, Рассыпалась казна и обратилась в прах, Фортуна скрылася: одна сума в глазах, И Нищий нищеньким по-прежнему остался.
P00639	poem	Иван Крылов: Крестьянин и Разбойник	Крестьянин, заводясь домком, Купил на ярмарке подойник да корову И с ними сквозь дуброву Тихонько брел домой проселочным путем, Как вдруг Разбойнику попался. Разбойник Мужика как липку ободрал. "Помилуй,- всплачется Крестьянин,- я пропал, Меня совсем ты доконал! Год целый я купить коровушку сбирался: Насилу этого дождался дня". "Добро, не плачься на меня,- Сказал, разжалобясь, Разбойник.- И подлинно, ведь мне коровы не доить; Уж так и быть, Возьми себе назад подойник".
P00640	poem	Иван Крылов: Любопытный	"Приятель дорогой, здорово! Где ты был?" - "В Кунсткамере, мой друг! Часа там три ходил; Все видел, высмотрел; от удивленья, Поверишь ли, не станет ни уменья Пересказать тебе, ни сил. Уж подлинно, что там чудес палата! Куда на выдумки природа таровата! Каких зверей, каких там птиц я не видал! Какие бабочки, букашки, Козявки, мушки, таракашки! Одни, как изумруд, другие, как коралл! Какие крохотны коровки! Есть, право, менее булавочной головки!" "А видел ли слона? Каков собой на взгляд! Я чай, подумал ты, что гору встретил?" - "Да разве там он?" - "Там".- "Ну, братец, виноват: Слона-то я и не приметил".
P00641	poem	Иван Крылов: Крестьянин и Работник	Когда у нас беда над головой, То рады мы тому молиться, Кто вздумает за нас вступиться; Но только с плеч беда долой, То избавителю от нас же часто худо: Все взапуски его ценят, И если он у нас не виноват, Так это чудо! Старик Крестьянин с Батраком Шел под вечер леском Домой, в деревню, с сенокосу, И повстречали вдруг медведя носом к носу. Крестьянин ахнуть не успел, Как на него медведь насел. Подмял Крестьянина, ворочает, ломает, И, где б его почать, лишь место выбирает: Конец приходит старику. "Степанушка родной, не выдай, милой!" - Из-под медведя он взмолился Батраку. Вот новый Геркулес, со всей собравшись силой, Что только было в нем, Отнес полчерепа медведю топором И брюхо проколол ему железной вилой. Медведь взревел и замертво упал: Медведь мой издыхает. Прошла беда; Крестьянин встал, И он же Батрака ругает. Опешил бедный мой Степан. "Помилуй,- говорит,- за что?"- "За что, болван! Чему обрадовался сдуру? Знай колет: всю испортил шкуру!"
P00642	poem	Иван Крылов: Тришкин кафтан	У Тришки на локтях кафтан продрался. Что долго думать тут? Он за иглу принялся: По четверти обрезал рукавов - И локти заплатил. Кафтан опять готов; Лишь на четверть голее руки стали. Да что до этого печали? Однако же смеется Тришке всяк, А Тришка говорит: "Так я же не дурак И ту беду поправлю: Длиннее прежнего я рукава наставлю". О, Тришка малый не простой! Обрезал фалды он и полы, Наставил рукава, и весел Тришка мой, Хоть носит он кафтан такой, Которого длиннее и камзолы. Таким же образом, видал я, иногда Иные господа, Запутавши дела, их поправляют, Посмотришь: в Тришкином кафтане щеголяют.
P00643	poem	Иван Крылов: Водопад и Ручей	Кипящий Водопад, свергаяся со скал, Целебному ключу с надменностью сказал (Который под горой едва лишь был приметен, Но силой славился лечебною своей): "Не странно ль это? Ты так мал, водой так беден, А у тебя всегда премножество гостей? Не мудрено, коль мне приходит кто дивиться; К тебе зачем идут?"- "Лечиться",- Смиренно прожурчал Ручей.
P00644	poem	Иван Крылов: Пастух	У Саввы, Пастуха (он барских пас овец), Вдруг убывать овечки стали. Наш молодец В кручине и печали: Всем плачется и распускает толк, Что страшный показался волк, Что начал он овец таскать из стада И беспощадно их дерет. «И не диковина,— твердит народ,— Какая от волков овцам пощада!» Вот волка стали стеречи. Но отчего ж у Саввушки в печи То щи с бараниной, то бок бараний с кашей? (Из поваренок, за грехи, В деревню он был сослан в пастухи: Так кухня у него немножко схожа с нашей.) За волком поиски; клянет его весь свет; Обшарили весь лес,— а волка следу нет. Друзья! Пустой ваш труд: на волка только слава, А ест овец-то — Савва.
P00645	poem	Иван Крылов: Два мальчика	«Сенюша, знаешь ли, покамест, как баранов, Опять нас не погнали в класс, Пойдем-ка да нарвем в саду себе каштанов!»- «Нет, Федя, те каштаны не про нас! Хоть, кажется, они и недалеко, Ты знаешь ведь, как дерево высоко: Тебе, ни мне туда не влезть, И нам каштанов тех не есть!» — «И, милой, да на что ж догадка! Где силой взять нельзя, там надобна ухватка. Я все придумал: погоди! На ближний сук меня лишь подсади. А там мы сами умудримся — И досыта каштанов наедимся». Вот к дереву друзья со всех несутся ног, Тут Сеня помогать товарищу принялся, Пыхтел, весь потом обливался, И Феде, наконец, вскарабкаться помог. Взобрался Федя на приволье: Как мышке в закроме, вверху ему раздолье! Каштанов там не только всех не съесть,— Не перечесть! Найдется чем и поживиться, И с другом поделиться. Что ж! Сене от того прибыток вышел мал: Он, бедный, на низу облизывал лишь губки; Федюша сам вверху каштаны убирал, А другу с дерева бросал одни скорлупки. Видал Федюш на свете я, Которым их друзья Вскарабкаться наверх усердно помогали, А после уж от них — скорлупки не видали!
P00646	poem	Иван Крылов: Крестьянин и Собака	У мужика, большого эконома, Хозяина зажиточного дома, Собака нанялась и двор стеречь, И хлебы печь, И сверх того полоть и поливать рассаду. Какой же выдумал он вздор,— Читатель говорит,— тут нет ни складу, Ни ладу. Пускай бы стеречи уж двор; Да видано ль, чтоб где собаки хлеб пекали Или рассаду поливали? Читатель! Я бы был не прав кругом, Когда сказал бы: «да»,— да дело здесь не в том, А в том, что наш Барбос за все за это взялся, И вымолвил себе он плату за троих; Барбосу хорошо: что нужды до других. Хозяин между тем на ярмарку собрался, Поехал, погулял — приехал и назад, Посмотрит — жизни стал не рад, И рвет, и мечет он с досады: Ни хлеба дома, ни рассады. А сверх того к нему на двор Залез и клеть его обкрал начисто вор. Вот на Барбоса тут посыпалось руганье; Но у него на все готово оправданье: Он за рассадою печь хлеб никак не мог; Рассадник оттого лишь только не удался, Что, сторожа вокруг двора, он стал без ног; А вора он затем не устерег, Что хлебы печь тогда сбирался.
P00647	poem	Иван Крылов: Разбойник и Извозчик	В кустарнике залегши у дороги, Разбойник под вечер добычи нажидал, И, как медведь голодный из берлоги, Угрюмо даль он озирал. Посмотрит, грузный воз катит, как вал. «О, го!— Разбойник мой тут шепчет;— знать, с товаром На ярмарку; чай все сукно, камки, парчи. Кручина, не зевай — тут будет на харчи: Не пропадет сегодня день мой даром». Меж тем подъехал воз; кричит Разбойник: «Стой!»— И на Извозчика бросается с дубиной. Да лих; схватился он не с олухом-детиной: Извозчик — малый-удалой; Злодея встретил мостовиной, Стал за добро свое горой, И моему герою Пришлося брать поживу с бою — И долог и жесток был бой на этот раз. Разбойник с дюжины зубов не досчитался, Да перешиблена рука, да выбит глаз; Но победителем однакож он остался: Убил Извозчика злодей. Убил — и к добыче скорей. Что ж он завоевал?— Воз целый пузырей! Как много из пустого На свете делают преступного и злого.
P00648	poem	Иван Тургенев: Моя молитва	Молю тебя, мой бог! Когда Моими робкими очами Я встречу черные глаза И, осененная кудрями, К моей груди приляжет грудь, О, дай мне силу оттолкнуть От себя прочь очарованье. Молю — да жгучее лобзанье Поэта уст не осквернит И гордый дух мой победит Любви мятежной заклинанье.
P00649	poem	Иван Тургенев: Вечер (В отлогих берегах...)	Дума В отлогих берегах реки дремали волны; Прощальный блеск зари на небе догорал; Сквозь дымчатый туман вдали скользили челны — И грустных дум, и странных мыслей полный, На берегу безмолвный я стоял. Маститый царь лесов, кудрявой головою Склонился старый дуб над сонной гладью вод; Настал тот дивный час молчанья и покою, Слиянья ночи с днем и света с темнотою, Когда так ясен неба свод. Всё тихо: звука нет! всё тихо: нет движенья! Везде глубокий сон — на небе, на земле; Лишь по реке порой минутное волненье: То ветра вздох; листа неслышное паденье; Везде покой — но не в моей душе. Да, понял я, что в этот час священный Природа нам дает таинственный урок — И голос я внимал в душе моей смущенной, Тот голос внутренний, святой и неизменный, Грядущего таинственный пророк. Кругом (так я мечтал) всё тихо, как в могиле; На всё живущее недвижность налегла; Заснула жизнь; природы дремлют силы — И мысли чудные и странные будила В душе моей той ночи тишина. Что если этот сон — одно предвозвещанье Того, что ждет и нас, того, что будет нам! Здесь света с тьмой — там радостей, страданий С забвением и смертию слиянье: Здесь ночь и мрак — а там? что будет там? В моей душе тревожное волненье: Напрасно вопрошал природу взором я; Она молчит в глубоком усыпленье — И грустно стало мне, что ни одно творенье Не в силах знать о тайнах бытия.
P00650	poem	Кондратий Рылеев: Давно мне сердце говорило...	Давно мне сердце говорило: Пора, младый певец, пора, Оставив шумный град Петра, Лететь к своей подруге милой, Чтоб оживить и дух унылый, И смутный сон младой души На лоне неги и свободы, И расцветающей природы Прогнать с заботами в тиши. Настал желанный час — и с тройкой Извозчик ухарской предстал, Залился колокольчик звонкой — И юный друг твой поскакал... Едва заставу Петрограда Певец унылый миновал, Как разлилась в душе отрада, И я дышать свободней стал, Как будто вырвался из ада...
P00651	poem	Кондратий Рылеев: Димитрий Самозванец	Читавшим отечественную историю известен странный Лжедимитрий — Григорий Отрепьев. Повествуют, что он происходил из сословия детей боярских, несколько лет находился в Чудове монастыре иеродьяконом и был келейником у патриарха Иова. За беспорядочное поведение Отрепьев заслуживал наказание; он желал избежать сего и предался бегству. Долго скитаясь внутри России и переходя из монастыря в монастырь, наконец выехал в Польшу. Там он замыслил выдать себя царевичем Димитрием, сыном Иоанна Грозного, который умерщвлен был (в 1591 г.) в Угличе — как говорили, по проискам властолюбивого Годунова. Он начал разглашать выдуманные им обстоятельства мнимого своего спасения, привлек к себе толпу легковерных и, с помощию Сендомирского воеводы Юрия Мнишка, вторгся в отечество вооруженною рукою. Странное стечение обстоятельств благоприятствовало Отрепьеву: Годунов умер незапно, и на престоле российском воссел самозванец (1605 г.). Но торжество Отрепьева было недолговременно: явная преданность католицизму и терпимость иезуитов сделало его ненавистным в народе, а развратное поведение и дурное правление ускорили его падение. Князь Василий Шуйский (в 1606 г.) произвел заговор, возникло народное возмущение — и Лжедимитрия не стало. Явление сего самозванца, быстрые его успехи и странное стечение обстоятельств того времени составляют важную загадку в нашей истории. Чьи так дико блещут очи? Дыбом черный волос встал? Он страшится мрака ночи; Зрю — сверкнул в руке кинжал!.. Вот идет... стоит... трепещет... Быстро бросился назад; И, как злой преступник, мещет Вдоль чертога робкий взгляд! Не убийца ль сокровенный, За Москву и за народ, Над стезею потаенной Самозванца стережет?.. Вот к окну оборотился; Вдруг луны сребристый луч На чело к нему скатился Из-за мрачных, грозных туч. Что я зрю? То хищник власти Лжедимитрий там стоит; На лице пылают страсти; Трепеща, он говорит: «Там в чертогах кто-то бродит Шорох — заскрыпела дверь!.. И вот призрак чей-то входит... Это ты — Бориса дщерь!.. О, молю! избавь от взгляда... Укоризною горя, Он вселяет муки ада В грудь преступного царя!.. Но исчезла у порога; Это кто ж мелькнул и стал, Притаясь в углу чертога?.. Это Шуйский!.. Я пропал!..» Так страдал злодей коварный В час спокойствия в Кремле; Проступал бесперестанно Пот холодный на челе. «Не укроюсь я от мщенья!— Он невнятно прошептал.— Для тирана нет спасенья: Друг ему — один кинжал! На престоле, иль на ложе, Иль в толпе на площади, Рано, поздно ли, но всё же Быть ему в моей груди! Прекращу свой век постылый; Мне наскучило страдать Во дворце, как средь могилы, И убийцу нажидать». Сталь нанес — она сверкнула — И преступный задрожал, Смерть тирана ужаснула: Выпал поднятый кинжал. «Не настало еще время,— Простонал он,— но придет, И несносной жизни бремя Тяжкой ношею спадет». Но как будто вдруг очнувшись: «Что свершить решился я?— Он воскликнул, ужаснувшись.— Нет! не погублю себя. Завтра ж, завтра всё разрушу, Завтра хлынет кровь рекой — И встревоженную душу Вновь порадует покой! Вместо праотцев закона Я введу закон римлян; Грозной местью гряну с трона В подозрительных граждан. И твоя падет на плахе, Буйный Шуйский, голова! И, дымясь в крови и прахе, Затрепещешь ты, Москва!» Смолк. Преступные надежды Удалили страх — и он Лег на пышный одр, и вежды Оковал тревожный сон. Вдруг среди безмолвья грянул Бой набата близ дворца, И тиран с одра воспрянул С смертной бледностью лица... Побежал и зрит у входа: Изо всех кремлевских врат Волны шумные народа, Ко дворцу стремясь, кипят. Вот приближились, напали; Храбрый Шуйский впереди — И сарматы побежали С хладным ужасом в груди. «Всё погибло! нет спасенья, Смерть прибежище одно!» — Рек тиран... еще мгновенье — И бросается в окно! Пал на камни, и, при стуках Сабель, копий и мечей, Жизнь окончил в страшных муках Нераскаянный злодей.
P00652	poem	Кондратий Рылеев: К К[...]му в ответ на стихи, в которых..	Чтоб я младые годы Ленивым сном убил! Чтоб я не поспешил Под знамена свободы! Нет, нет! тому вовек Со мною не случиться; Тот жалкий человек, Кто славой не пленится! Кумир младой души — Она меня, трубою Будя в немой глуши, Вслед кличет за собою На берега Невы! Итак простите вы: Краса благой природы, Цветущие сады, И пышные плоды, И Дона тихи воды, И мир души моей, И кров уединенный, И тишина полей Страны благословенной,— Где, горя, и сует, И обольщений чуждый, Прожить бы мог поэт Без прихотливой нужды; Где б дни его текли Под сенью безмятежной В объятьях дружбы нежной И родственной любви! Всё это оставляя, Пылающий поэт Направит свой полет, Советам не внимая, За чародейкой вслед! В тревожном шуме света, Средь горя и забот, В мои младые лета, Быть может, для поэта Она венок совьет. Он мне в уединеньи, Когда я буду сед, Послужит в утешенье Средь дружеских бесед.
P00653	poem	Кондратий Рылеев: К С. (Наш хлебосол-мудрец...)	Наш хлебосол-мудрец, В своем уединенье, Прими благодаренье, Которое певец Тебе в стихах слагает За ласковый прием И в них же предлагает Благой совет тишком: В своей укромной сени Живи, как жил всегда, Страшися вредной Лени И другом будь Труда. Люби, как любишь ныне, И угощай гостей В немой своей пустыне Бердяевкой своей
P00654	poem	Кондратий Рылеев: М.Г.Бедраге (На смерть Полины молодой...	На смерть Полины молодой, Твое желанье исполняя, В смущеньи, трепетной рукой, Я написал стихи, вздыхая. Коль не понравятся они, Чего и ожидать нетрудно, Тогда не леность ты вини, А дар от Аполлона скудной, Который дан мне с юных лет; Желал бы я — пачкун бумаги — Писать как истинный поэт, А особливо для Бедраги; Но что же делать?.. силы нет.
P00655	poem	Кондратий Рылеев: На рождение Я.Н.Бедраги (Да будешь, малю	Да будешь, малютка, как папа, бесстрашен, Пусть пламень гусара пылает в крови; Как маменька — доброй душою украшен И общей достоин любви. Но что я желаю — любезность, отвага И пылкость души молодой Уже в колыбели, малютка, с тобой, Без них — не родится Бедрага.
P00656	poem	Кондратий Рылеев: Надгробная надпись	Пр[асковье] Тих[оновне] Чир—ной Под тенью миртов и акаций В могиле скромной сей Лежит прелестная подруга юных граций: Ни плачущий Эрот, ни скорбный Гименей, Ни прелесть майской розы, Ни друга юного, ни двух младенцев слезы Спасти Полину не могли! Судьбы во цвете лет навеки обрекли Ее из пламенных объятий Супруга нежного, детей, сестер и братий В объятья хладные земли...
P00657	poem	Кондратий Рылеев: Смерть Ермака	П. А. Муханову Под словом Сибирь разумеется ныне неизмеримое пространство от хребта Уральского до берегов Восточного океана. Некогда Сибирским царством называлось небольшое татарское владение, коего столица, Искер, находилась на реке Иртыше, впадающей в Обь. В половине XVI века сие царство зависело от России. В 1569 году царь Кучум был принят под руку Иоанна Грозного и обязался платить дань. Между тем сибирские татары и подвластные им остяки и вогуличи вторгались иногда в пермские области. Это заставило российское правительство обратить внимание на обеспечение сих украйн укрепленными местами и умножением в них народонаселения. Богатые в то время купцы Строгоновы получили во владение обширные пустыни на пределах Пермии: им дано было право заселить их и обработать. Сзывая вольницу, сии деятельные помещики обратились к казакам, кои, не признавая над собою никакой верховной власти, грабили на Волге промышленников и купеческие караваны. Летом 1579 года 540 сих удальцов пришли на берега Камы; предводителей у них было пятеро, главный назывался Ермак Тимофеев. Строгоновы присоединили к ним 300 человек разных всельников, снабдили их порохом, свинцом и другими припасами и отправили за Уральские горы (в 1581 г.). В течение следующего года казаки разбили татар во многих сражениях, взяли Искер, пленили Кучумова племянника, царевича Маметкула, и около трех лет господствовали в Сибири. Между тем число их мало-помалу уменьшалось: много погибло от оплошности. Сверженный Кучум бежал в киргизские степи и замышлял способы истребить казаков. В одну темную ночь (5 августа 1584 г.), при сильном дожде, он учинил неожиданное нападение: казаки защищались мужественно, но не могли стоять долго; они должны были уступить силе и незапности удара. Не имея средств к спасению, кроме бегства, Ермак бросился в Иртыш, в намерении переплыть на другую сторону, и погиб в волнах. Летописцы представляют сего казака героя крепкотелым, осанистым и широкоплечим, он был роста среднего, имел плоское лицо, быстрые глаза, черную бороду, темные и кудрявые волосы. Несколько лет после сего Сибирь была оставлена россиянами; потом пришли царские войска и снова завладели ею. В течение XVII века беспрерывные завоевания разных удальцов-предводителей отнесли пределы Российского государства к берегам Восточного океана. Ревела буря, дождь шумел, Во мраке молнии летали, Бесперерывно гром гремел, И ветры в дебрях бушевали... Ко славе страстию дыша, В стране суровой и угрюмой, На диком бреге Иртыша Сидел Ермак, объятый думой. Товарищи его трудов, Побед и громозвучной славы, Среди раскинутых шатров Беспечно спали близ дубравы. «О, спите, спите,— мнил герой,— Друзья, под бурею ревущей; С рассветом глас раздастся мой, На славу иль на смерть зовущий! Вам нужен отдых; сладкий сон И в бурю храбрых успокоит; В мечтах напомнит славу он И силы ратников удвоит. Кто жизни не щадил своей В разбоях, злато добывая, Тот думать будет ли о ней, За Русь святую погибая? Своей и вражьей кровью смыв Все преступленья буйной жизни И за победы заслужив Благословения отчизны,— Нам смерть не может быть страшна; Свое мы дело совершили: Сибирь царю покорена, И мы — не праздно в мире жили!» Но роковой его удел Уже сидел с героем рядом И с сожалением глядел На жертву любопытным взглядом. Ревела буря, дождь шумел, Во мраке молнии летали, Бесперерывно гром гремел, И ветры в дебрях бушевали. Иртыш кипел в крутых брегах, Вздымалися седые волны, И рассыпались с ревом в прах, Бия о брег, козачьи челны. С вождем покой в объятьях сна Дружина храбрая вкушала; С Кучумом буря лишь одна На их погибель не дремала! Страшась вступить с героем в бой, Кучум к шатрам, как тать презренный, Прокрался тайною тропой, Татар толпами окруженный. Мечи сверкнули в их руках — И окровавилась долина, И пала грозная в боях, Не обнажив мечей, дружина... Ермак воспрянул ото сна И, гибель зря, стремится в волны, Душа отвагою полна, Но далеко от брега челны! Иртыш волнуется сильней — Ермак все силы напрягает И мощною рукой своей Валы седые рассекает... Плывет... уж близко челнока — Но сила року уступила, И, закипев страшней, река Героя с шумом поглотила. Лишивши сил богатыря Бороться с ярою волною, Тяжелый панцирь — дар царя Стал гибели его виною. Ревела буря... вдруг луной Иртыш кипящий серебрился, И труп, извергнутый волной, В броне медяной озарился. Носились тучи, дождь шумел, И молнии еще сверкали, И гром вдали еще гремел, И ветры в дебрях бушевали.
P00658	poem	Кондратий Рылеев: Иван Сусанин	В исходе 1612 года юный Михаил Феодорович Романов, последняя отрасль Руриковой династии, скрывался в Костромской области. В то время Москву занимали поляки: сии пришельцы хотели утвердить на российском престоле царевича Владислава, сына короля их Сигизмунда III. Один отряд проникнул в костромские пределы и искал захватить Михаила. Вблизи от его убежища враги схватили Ивана Сусанина, жителя села Домнина, и требовали, чтобы он тайно провел их к жилищу будущего венценосца России. Как верный сын отечества, Сусанин захотел лучше погибнуть, нежели предательством спасти жизнь. Он повел поляков в противную сторону и известил Михаила об опасности: бывшие с ним успели увезти его. Раздраженные поляки убили Сусанина. По восшествии на престол Михаила Феодоровича (в 1613) потомству Сусанина дана была жалованная грамота на участок земли при селе Домнине; ее подтверждали и последующие государи. «Куда ты ведешь нас?.. не видно ни зги!— Сусанину с сердцем вскричали враги: — Мы вязнем и тонем в сугробинах снега; Нам, знать, не добраться с тобой до ночлега. Ты сбился, брат, верно, нарочно с пути; Но тем Михаила тебе не спасти! Пусть мы заблудились, пусть вьюга бушует, Но смерти от ляхов ваш царь не минует!.. Веди ж нас,— так будет тебе за труды; Иль бойся: не долго у нас до беды! Заставил всю ночь нас пробиться с метелью... Но что там чернеет в долине за елью?» «Деревня!— сарматам в ответ мужичок: — Вот гумна, заборы, а вот и мосток. За мною! в ворота!— избушечка эта Во всякое время для гостя нагрета. Войдите — не бойтесь!» — «Ну, то-то, москаль!.. Какая же, братцы, чертовская даль! Такой я проклятой не видывал ночи, Слепились от снегу соколии очи... Жупан мой — хоть выжми, нет нитки сухой!— Вошед, проворчал так сармат молодой.— Вина нам, хозяин! мы смокли, иззябли! Скорей!.. не заставь нас приняться за сабли!» Вот скатерть простая на стол постлана; Поставлено пиво и кружка вина, И русская каша и щи пред гостями, И хлеб перед каждым большими ломтями. В окончины ветер, бушуя, стучит; Уныло и с треском лучина горит. Давно уж за полночь!.. Сном крепким объяты, Лежат беззаботно по лавкам сарматы. Все в дымной избушке вкушают покой; Один, настороже, Сусанин седой Вполголоса молит в углу у иконы Царю молодому святой обороны!.. Вдруг кто-то к воротам подъехал верхом. Сусанин поднялся и в двери тайком... «Ты ль это, родимый?.. А я за тобою! «Куда ты уходишь ненастной порою? За полночь... а ветер еще не затих; Наводишь тоску лишь на сердце родных!» «Приводит сам бог тебя к этому дому, Мой сын, поспешай же к царю молодому, Скажи Михаилу, чтоб скрылся скорей, Что гордые ляхи, по злобе своей, Его потаенно убить замышляют И новой бедою Москве угрожают! Скажи, что Сусанин спасает царя, Любовью к отчизне и вере горя. Скажи, что спасенье в одном лишь побеге И что уж убийцы со мной на ночлеге». — «Но что ты затеял? подумай, родной! Убьют тебя ляхи... Что будет со мной? И с юной сестрою и с матерью хилой?» — «Творец защитит вас святой своей силой. Не даст он погибнуть, родимые, вам: Покров и помощник он всем сиротам. Прощай же, о сын мой, нам дорого время; И помни: я гибну за русское племя!» Рыдая, на лошадь Сусанин младой Вскочил и помчался свистящей стрелой. Луна между тем совершила полкруга; Свист ветра умолкнул, утихнула вьюга. На небе восточном зарделась заря, Проснулись сарматы — злодеи царя. «Сусанин!— вскричали,— что молишься богу? Теперь уж не время — пора нам в дорогу!» Оставив деревню шумящей толпой, В лес темный вступают окольной тропой. Сусанин ведет их... Вот утро настало, И солнце сквозь ветви в лесу засияло: То скроется быстро, то ярко блеснет, То тускло засветит, то вновь пропадет. Стоят не шелохнясь и дуб и береза, Лишь снег под ногами скрипит от мороза, Лишь временно ворон, вспорхнув, прошумит, И дятел дуплистую иву долбит. Друг за другом идут в молчаньи сарматы; Всё дале и дале седой их вожатый. Уж солнце высоко сияет с небес — Всё глуше и диче становится лес! И вдруг пропадает тропинка пред ними: И сосны и ели, ветвями густыми Склонившись угрюмо до самой земли, Дебристую стену из сучьев сплели. Вотще настороже тревожное ухо: Всё в том захолустье и мертво и глухо... «Куда ты завел нас?» — лях старый вскричал. «Туда, куда нужно!— Сусанин сказал.— Убейте! замучьте!— моя здесь могила! Но знайте и рвитесь: я спас Михаила! Предателя, мнили, во мне вы нашли: Их нет и не будет на Русской земли! В ней каждый отчизну с младенчества любит И душу изменой свою не погубит». «Злодей!— закричали враги, закипев,— Умрешь под мечами!» — «Не страшен ваш гнев! Кто русский по сердцу, тот бодро, и смело, И радостно гибнет за правое дело! Ни казни, ни смерти и я не боюсь: Не дрогнув, умру за царя и за Русь!» «Умри же!— сарматы герою вскричали, И сабли над старцем, свистя, засверкали!— Погибни, предатель! Конец твой настал!» И твердый Сусанин весь в язвах упал! Снег чистый чистейшая кровь обагрила: Она для России спасла Михаила!
P00659	poem	Кондратий Рылеев: 	Элегия Исполнились мои желанья, Сбылись давнишние мечты: Мои жестокие страданья, Мою любовь узнала ты. Напрасно я себя тревожил, За страсть вполне я награжден: Я вновь для счастья сердцем ожил, Исчезла грусть, как смутный сон. Так, окроплен росой отрадной, В тот час, когда горит восток, Вновь воскресает - ночью хладной Полузавялый василек.
P00660	poem	Кондратий Рылеев: Ах, тошно мне...	Ах, тошно мне И в родной стороне: Всё в неволе, В тяжкой доле, Видно, век вековать. Долго ль русский народ Будет рухлядью господ, И людями, Как скотами, Долго ль будут торговать? Кто же нас кабалил, Кто им барство присудил, И над нами, Бедняками, Будто с плетью посадил? По две шкуры с нас дерут, Мы посеем — они жнут, И свобода У народа Силой бар задушена. А что силой отнято, Силой выручим мы то, И в привольи, На раздольи Стариною заживем. А теперь господа Грабят нас без стыда, И обманом Их карманом Стала наша мошна. Бара с земским судом И с приходским попом Нас морочат И волочат По дорогам да судам. А уж правды нигде Не ищи, мужик, в суде, Без синюхи Судьи глухи, Без вины ты виноват. Чтоб в палату дойти, Прежде сторожу плати, За бумагу, За отвагу — Ты за все про все давай! Там же каждая душа Покривится из гроша: Заседатель, Председатель, Заодно с секретарем. Нас поборами царь Иссушил, как сухарь: То дороги, То налоги, Разорили нас вконец. А под царским орлом Ядом потчуют с вином, И народу Лишь за воду Велят вчетверо платить. Уж так худо на Руси, Что и боже упаси! Всех затеев Аракчеев И всему тому виной. Он царя подстрекнет, Царь указ подмахнет, Ему шутка, А нам жутко, Тошно так, что ой, ой, ой! А до бога высоко, До царя далеко, Да мы сами Ведь с усами, Так мотай себе на ус.
P00661	poem	Кондратий Рылеев: Гражданин	Я ль буду в роковое время Позорить гражданина сан И подражать тебе, изнеженное племя Переродившихся славян? Нет, неспособен я в объятьях сладострастья, В постыдной праздности влачить свой век младой И изнывать кипящею душой Под тяжким игом самовластья. Пусть юноши, своей не разгадав судьбы, Постигнуть не хотят предназначенье века И не готовятся для будущей борьбы За угнетенную свободу человека. Пусть с хладною душой бросают хладный взор На бедствия своей отчизны, И не читают в них грядущий свой позор И справедливые потомков укоризны. Они раскаются, когда народ, восстав, Застанет их в объятьях праздной неги И, в бурном мятеже ища свободных прав, В них не найдет ни Брута, ни Риеги .
P00662	poem	Кондратий Рылеев: Заплатимте тому презрением холодным...	Заплатимте тому презрением холодным, Кто хладен может быть к страданиям народным, Старайтесь разгадать цель жизни человека, Постичь дух времени и назначенье века.
P00663	poem	Кондратий Рылеев: К N. N. (У вас в гостях...)	У вас в гостях бывать накладно,- Я то заметил уж не раз: Проголодавшися изрядно, Сижу в гостиной целый час Я без обеда и без вас. Порой над сердцем и рассудком С такой жестокостью шутя, Зачем, не понимаю я, Еще шутить вам над желудком?..
P00664	poem	Кондратий Рылеев: На смерть сына	Земли минутный поселенец, Земли минутная краса, Зачем так рано, мой младенец, Ты улетел на небеса? Зачем в юдоли сей мятежной, О ангел чистой красоты, Среди печали безнадежной Отца и мать покинул ты?
P00665	poem	Кондратий Рылеев: Партизаны	В лесу дремучем на поляне Отряд наездников сидит. Окрестность вся в седом тумане; Кругом осенний ветр шумит, На тусклый месяц набегают Порой густые облака; Надулась черная река, И молнии вдали сверкают. Плащи навешаны шатром На пиках, в глубь земли вонзенных; Биваки в сумраке ночном Вокруг костров воспламененных! Средь них толпами удальцы: Ахтырцы, бугцы и донцы. Пируют всадники лихие, Заботы трудны боевые, Свершив отчаянный набег; Но весел шумный их ночлег: Живой беседой сокращают Они друг другу час ночной, Дела вождей страны родной Воспоминаньем оживляют И лес угрюмый и густой Веселым пеньем пробуждают. «Вкушает враг беспечный сон; Но мы не спим, мы надзираем — И вдруг на стан со всех сторон, Как снег внезапный, налетаем. В одно мгновенье враг разбит, Врасплох застигнут удальцами, И вслед за ними страх летит С неутомимыми донцами. Свершив набег, мы в лес густой С добычей вражеской уходим И там за чашей круговой Минуты отдыха проводим. С зарей бросаем свой ночлег, С зарей опять с врагами встреча, На них нечаянный набег Иль неожиданная сеча». Так сонмы ратников простых Досуг беспечный провождали.
P00666	poem	Кондратий Рылеев: Подблюдные песни	Слава богу на небе, а свободе на сей земле! Чтобы правде ее не измениваться, Ее первым друзьям не состареться, Их саблям, кинжалам не ржаветься, Их добрым коням не изъезживаться. Слава богу на небе, а свободе на сей земле! Да и будет она православным дана. Слава! Как идет мужик из Новагорода, У того мужика обрита борода; Он ни плут, ни вор, за спиной топор; А к кому он придет, тому голову сорвет. Кому вынется, тому сбудется; А кому сбудется, не минуется. Слава! Вдоль Фонтанки-реки квартируют полки, Их и учат, их и мучат, ни свет ни заря! Что ни свет ни заря, для потехи царя! Разве нет у них рук, чтоб избавиться мук? Разве нет штыков на князьков-голяков? Да Семеновский полк покажет им толк. А кому сбудется, не минуется. Слава! Сей, Маша, мучицу, пеки пироги: К тебе будут гости, к тирану враги, Не с иконами, не с поклонами, А с железом да с законами. Что мы спели, не минуется ему, И в последний раз крикнет: «Быть по сему!» Уж как на небе две радуги, А у добрых людей две радости: Правда в суде да свобода везде,— Да и будут они россиянам даны. Слава! Уж вы вейте веревки на барские головки, Вы готовьте ножей на сиятельных князей, И на место фонарей поразвешивать царей. Тогда будет тепло, и умно, и светло. Слава! Как идет кузнец из кузницы, слава! Что несет кузнец? Да три ножика: Вот уж первой-то нож на злодеев вельмож, А другой-то нож — на судей на плутов, А молитву сотворя,— третий нож на царя! Кому вынется, тому сбудется, Кому сбудется, не минуется. Слава!
P00667	poem	Кондратий Рылеев: Покинь меня, мой юный друг...	Элегия Покинь меня, мой юный друг,- Твой взор, твой голос мне опасен: Я испытал любви недуг, И знаю я, как он ужасен... Но что, безумный, я сказал? К чему укоры и упреки? Уж я твой узник, друг жестокий, Твой взор меня очаровал. Я увлечен своей судьбою, Я сам к погибели бегу: Боюся встретиться с тобою, А не встречаться не могу.
P00668	poem	Кондратий Рылеев: Стансы	К А. Бестужеву Не сбылись, мой друг, пророчества Пылкой юности моей: Горький жребий одиночества Мне сужден в кругу людей. Слишком рано мрак таинственный Опыт грозный разогнал, Слишком рано, друг единственный, Я сердца людей узнал. Страшно дней не ведать радостных, Быть чужим среди своих, Но ужасней истин тягостных Быть сосудом с дней младых. С тяжкой грустью, с черной думою Я с тех пор один брожу И могилою угрюмою Мир печальный нахожу. Всюду встречи безотрадные! Ищешь, суетный, людей, А встречаешь трупы хладные Иль бессмысленных детей...
P00669	poem	Кондратий Рылеев: Вере Николаевне Столыпиной	Не отравляй души тоскою, Не убивай себя: ты мать; Священный долг перед тобою Прекрасных чад образовать. Пусть их сограждане увидят Готовых пасть за край родной, Пускай они возненавидят Неправду пламенной душой, Пусть в сонме юных исполинов На ужас гордых их узрим И смело скажем: знайте, им Отец Столыпин, дед Мордвинов.
P00670	poem	Кондратий Рылеев: Мне тошно здесь, как на чужбине...	Князю E. П. Оболенскому Мне тошно здесь, как на чужбине. Когда я сброшу жизнь мою? Кто даст крыле мне голубине, Да полечу и почию. Весь мир как смрадная могила! Душа из тела рвется вон. Творец! Ты мне прибежище и сила, Вонми мой вопль, услышь мой стон: Приникни на мое моленье, Вонми смирению души, Пошли друзьям моим спасенье, А мне даруй грехов прощенье И дух от тела разреши.
P00671	poem	Кондратий Рылеев: Прими, прими, святый Евгений...	Князю E. П. Оболенскому Прими, прими, святый Евгений, Дань благодарную певца, И слово пламенных хвалений, И слезы, катящи с лица. Отныне день твой до могилы Пребудет свят душе моей: В сей день твой соимянник милый Освобожден был от цепей.
P00672	poem	Кондратий Рылеев: Тюрьма мне в честь, не в укоризну...	Тюрьма мне в честь, не в укоризну, За дело правое я в ней, И мне ль стыдиться сих цепей, Коли ношу их за Отчизну.
P00673	poem	Константин Батюшков: БОГ	На вечном троне ты средь облаков сидишь И сильною рукой гром мещешь и разишь, Но бури страшные и громы ты смиряешь И благость на земли реками изливаешь. Начало и конец, средина всех вещей! Во тьме ты ясно зришь и в глубине морей. Хочу постичь тебя, хочу - не постигаю. Хочу не знать тебя, хочу - и обретаю. Везде могущество твое напечатленно. Из сильных рук твоих родилось все нетленно. Но все здесь на земли приемлет вид другой: И мавзолеи где гордилися собой, И горы вечные где пламенем курились, Там страшные моря волнами вдруг разлились; Но прежде море где шумело в берегах, Сияют класы там златые на полях И дым из хижины пастушечьей курится. Велишь - и на земли должно все измениться, Велишь - как в ветер прах, исчезнет смертных род! Всесильного чертог, небесный чистый свод, Где солнце, образ твой, в лазури нам сияет И где луна в ночи свет тихий проливает, Туда мой скромный взор с надеждою летит! Безбожный лжемудрец в смущеньи на вас зрит. Он в мрачной хижине тебя лишь отвергает: В долине, где журчит источник и сверкает, В ночи, когда луна нам тихо льет свой луч, И звезды ясные сияют из-за туч, И Филомелы песнь по воздуху несется, - Тогда и лжемудрец в ошибке признается. Иль на горе когда ветр северный шумит, Скрипит столетний дуб, ужасно гром гремит, Паляща молния по облаку сверкает, Тут в страхе он к тебе, всевышний, прибегает, Клянет тебя, клянет и разум тщетный свой, И в страхе скажет он: "Смиряюсь пред тобой! Тебя - тварь бренная - еще не понимаю, Но что ты милостив, велик, теперь то знаю!"
P00674	poem	Константин Батюшков: Выздоровление	Как ландыш под серпом убийственным жнеца Склоняет голову и вянет, Так я в болезни ждал безвременно конца И думал: парки час настанет. Уж очи покрывал Эреба мрак густой, Уж сердце медленнее билось: Я вянул, исчезал, и жизни молодой, Казалось, солнце закатилось. Но ты приближилась, о жизнь души моей, И алых уст твоих дыханье, И слезы пламенем сверкающих очей, И поцелуев сочетанье, И вздохи страстные, и сила милых слов Меня из области печали - От Орковых полей, от Леты берегов - Для сладострастия призвали. Ты снова жизнь даешь; она твой дар благой, Тобой дышать до гроба стану. Мне сладок будет час и муки роковой: Я от любви теперь увяну.
P00675	poem	Константин Батюшков: Сон воинов	Из поэмы «Иснель и Аслега» Битва кончилась, ратники пируют вокруг зажженных дубов... ...Но вскоре пламень потухает, И гаснет пепел черных пней, И томный сон отягощает Лежащих воев средь полей. Сомкнулись очи; но призраки Тревожат краткий их покой: Иный лесов проходит мраки, Зверей голодных слышит вой; Иный на лодке легкой реет Среди кипящих в море волн; Веслом десница не владеет, И гибнет в бездне бренный челн; Иный места узрел знакомы, Места отчизны, милый край! Уж слышит псов домашних лай И зрит отцов поля и домы И нежных чад своих... Мечты! Проснулся в бездне темноты! Иный чудовище сражает — Бесплодно меч его сверкает; Махнул еще, его рука, Подъята вверх... окостенела; Бежать хотел — его нога Дрожит, недвижима, замлела; Встает — и пал! Иный плывет Поверх прозрачных тихих вод И пенит волны под рукою; Волна, усиленна волною, Клубится, пенится горой И вдруг обрушилась, клокочет; Несчастный борется с рекой, Воззвать к дружине верной хочет,- И голос замер на устах! Другой бежит на поле ратном, Бежит, глотая пыль и прах; Трикрат сверкнул мечом булатным, И в воздухе недвижим меч! Звеня упали латы с плеч... Копье рамена прободает, И хлещет кровь из них рекой; Несчастный раны зажимает Холодной, трепетной рукой! Проснулся он... и тщетно ищет И ран, и вражьего копья. Но ветр шумит и в роще свищет; И волны мутного ручья Подошвы скал угрюмых роют, Клубятся, пенятся и воют Средь дебрей снежных и холмов...
P00676	poem	Константин Батюшков: Пафоса бог, Эрот прекрасный...	Пафоса бог, Эрот прекрасный На розе бабочку поймал И, улыбаясь, у несчастной Златые крылья оборвал. «К чему ты мучишь так, жестокий?» — Спросил я мальчика сквозь слез. «Даю красавицам уроки»,— Сказал — и в облаках исчез.
P00677	poem	Константин Батюшков: Эпиграмма на перевод Виргилия (Вдали от 	Вдали от храма муз и рощей Геликона Феб мстительной рукой Сатира задавил ; Воскрес урод и отомстил: Друзья, он душит Аполлона!
P00678	poem	Константин Батюшков: Эпитафия (Не нужны надписи...)	Не нужны надписи для камня моего, Пишите просто здесь: он был, и нет его!
P00679	poem	Константин Батюшков: Из антологии	Сот меда с молоком — И Маин сын тебе навеки благосклонен! Алкид не так-то скромен: Дай две ему овцы, дай козу и с козлом; Тогда он на овец прольет благословенье И в снедь не даст волкам. Храню к богам почтенье, А стада не отдам На жертвоприношенье. По совести! Одна мне честь,— Что волк его сожрал, что бог изволил съесть.
P00680	poem	Константин Батюшков: Известный откупщик Фадей...	Известный откупщик Фадей Построил богу храм... и совесть успокоил. И впрямь! На всё цены удвоил: Дал богу медный грош, а сотни взял рублей С людей.
P00681	poem	Константин Батюшков: Истинный патриот	«О хлеб-соль русская! о прадед Филарет! О милые останки, Упрямство дедушки и ферези прабабки! Без вас спасенья нет! А вы, а вы забыты нами!» — Вчера горланил Фирс с гостями И, сидя у меня за лакомым столом, В восторге пламенном, как истый витязь русский, Съел соус, съел другой, а там сальмис французский, А там шампанского хлебнул с бутылку он, А там... подвинул стул и сел играть в бостон.
P00682	poem	Константин Батюшков: Ложный страх	Подражание Парни Помнишь ли, мой друг бесценный! Как с Амурами тишком, Мраком ночи окруженный, Я к тебе прокрался в дом? Помнишь ли, о друг мой нежной! Как дрожащая рука От победы неизбежной Защищалась - но слегка? Слышен шум!- ты испугалась! Свет блеснул и вмиг погас; Ты к груди моей прижалась, Чуть дыша... блаженный час! Ты пугалась - я смеялся. "Нам ли ведать, Хлоя, страх! Гименей за все ручался, И Амуры на часах. Все в безмолвии глубоком, Все почило сладким сном! Дремлет Аргус томным оком Под Морфеевым крылом!" Рано утренние розы Запылали в небесах... Но любви бесценны слезы, Но улыбка на устах, Томно персей волнованье Под прозрачным полотном - Молча новое свиданье Обещали вечерком. Если б Зевсова десница Мне вручила ночь и день,- Поздно б юная денница Прогоняла черну тень! Поздно б солнце выходило На восточное крыльцо: Чуть блеснуло б и сокрыло За лес рдяное лицо; Долго б тени пролежали Влажной ночи на полях; Долго б смертные вкушали Сладострастие в мечтах. Дружбе дам я час единой, Вакху час и сну другой. Остальною ж половиной Поделюсь, мой друг, с тобой!
P00683	poem	Константин Батюшков: Льстец моей ленивой музы!..	Льстец моей ленивой музы! Ах, какие снова узы На меня ты наложил? Ты мою сонливу «Лету» В Иордан преобратил И, смеяся, мне, поэту, Так кадилом накалил, Что я в сладком упоеньи, Позабыв стихотворенья, Задремал и видел сон: Будто светлый Аполлон И меня, шалун мой милой, На берег реки унылой Со стихами потащил И в забвеньи потопил!
P00684	poem	Константин Батюшков: На перевод «Генриады», или Превращение В	«Что это!— говорил Плутон,— Остановился Флегетон, Мегера, Фурии и Цербер онемели, Внимая пенью твоему, Певец бессмертный Габриели? Умолкни!.. Но сему Безбожнику в награду Поищем страшных мук, ужасных даже аду, Соделаем его Гнуснее самого Сизифа злова!» Сказал и превратил — о ужас!— в Ослякова.
P00685	poem	Константин Батюшков: Надпись на гробе пастушки	Подруги милые! в беспечности игривой Под плясовой напев вы резвитесь в лугах И я, как вы, жила в Аркадии счастливой, И я, на утре дней, в сих рощах и лугах Минутны радости вкусила; Любовь в мечтах златых мне счастие сулила; Но что ж досталось мне в сих радостных местах?— Могила!
P00686	poem	Константин Батюшков: Отъезд	Ты хочешь, горсткой фимиама Чтоб жертвенник я твой почтил? Для граций муза не упряма, И я им лиру посвятил. Я вижу, вкруг тебя толпятся Вздыхатели — шумливый рой! Как пчелы на цветок стремятся Иль легки бабочки весной. И Марс высокий, в битвах смелый, И Селадон плаксивый тут, И юноша еще незрелый Тебе сердечну дань несут. Один — я видел — всё вздыхает, Другой как мраморный стоит, Болтун сорокой не болтает, Нахал краснеет и молчит. Труды затейливой Арахны, Сотканные в углу тайком, Не столь для мух игривых страшны, Как твой для нас волшебный дом. Но я один, прелестна Хлоя, Платить сей дани не хочу И, осторожности удвоя, На тройке в Питер улечу.
P00687	poem	Константин Батюшков: Привидение	Из Парни Посмотрите! в двадцать лет Бледность щеки покрывает; С утром вянет жизни цвет: Парка дни мои считает И отсрочки не дает. Что же медлить! Ведь Зевеса Плач и стон не укротит. Смерти мрачной занавеса Упадет - и я забыт! Я забыт... но из могилы, Если можно воскресать, Я не стану, друг мой милый, Как мертвец тебя пугать. В час полуночных явлений Я не стану в виде тени, То внезапну, то тишком, С воплем в твой являться дом. Нет, по смерти невидимкой Буду вкруг тебя летать; На груди твоей под дымкой Тайны прелести лобзать; Стану всюду развевать Легким уст прикосновеньем, Как зефира дуновеньем, От каштановых волос Тонкий запах свежих роз. Если лилия листами Ко груди твоей прильнет, Если яркими лучами В камельке огонь блеснет, Если пламень потаенный По ланитам пробежал, Если пояс сокровенной Развязался и упал,- Улыбнися, друг бесценной, Это - я! Когда же ты, Сном закрыв прелестны очи, Обнажишь во мраке ночи Роз и лилий красоты, Я вздохну... и глас мой томной, Арфы голосу подобной, Тихо в воздухе умрет. Если ж легкими крылами Сон глаза твои сомкнет, Я невидимо с мечтами Стану плавать над тобой. Сон твой, Хлоя, будет долог... Но когда блеснет сквозь полог Луч денницы золотой, Ты проснешься... о, блаженство! Я увижу совершенство... Тайны прелести красот, Где сам пламенный Эрот Оттенил рукой своею Розой девственну лилею. Все опять в моих глазах! Все покровы исчезают; Час блаженнейший!.. Но, ах! Мертвые не воскресают.
P00688	poem	Константин Батюшков: Радость (Любимца Кипридина...)	Подражание Касти Любимца Кипридина И миртом, и розою Венчайте, о юноши И девы стыдливые! Толпами сбирайтеся, Руками сплетайтеся И, радостно топая, Скачите и прыгайте! Мне лиру тиискую Камены и грации Вручили с улыбкою: И песни веселию, Приятнее нектара И слаще амврозии, Что пьют небожители, В блаженстве беспечные, Польются со струн ее! Сегодня — день радости: Филлида суровая Сквозь слезы стыдливости «Люблю!» мне промолвила. Как роза, кропимая В час утра Авророю, С главой, отягченною Бесценными каплями, Румяней становится,— Так ты, о прекрасная! С главою поникшею, Сквозь слезы стыдливости, Краснея, промолвила: «Люблю!» тихим шепотом. Всё мне улыбнулося; Тоска и мучения, И страхи и горести Исчезли — как не было! Киприда, влекомая По воздуху синему Меж бисерных облаков Цитерскими птицами К Цитере иль Пафосу, Цветами осыпала Меня и красавицу. Всё мне улыбнулося!— И солнце весеннее, И рощи кудрявые, И воды прозрачные, И холмы парнасские! Любимца Кипридина, В любви победителя, И миртом, и розою Венчайте, о юноши И девы стыдливые!
P00689	poem	Константин Батюшков: Рыдайте, амуры и нежные грации...	Рыдайте, амуры и нежные грации, У нимфы моей на личике нежном Розы поблекли и вянут все прелести. Венера всемощная! Дочерь Юпитера! Услышь моления и жертвы усердные: Не погуби на тебя столь похожую!
P00690	poem	Константин Батюшков: Сравнение	«Какое сходство Клит с Суворовым имел?» — «Нималого!» — «Большое». — «Помилуй! Клит был трус, от выстрела робел И пекся об одном желудке и покое; Великий вождь вставал с зарей для ратных дел, А Клит спал часто по неделе». — «Все так! да умер он, как вождь сей... на постеле».
P00691	poem	Константин Батюшков: Теперь, сего же дня...	«Теперь, сего же дня, Прощай, мой экипаж и рыжих четверня! Лизета! ужины!.. Я с вами распрощался Навек для мудрости святой!» — «Что сделалось с тобой?» — «Безделка!.. Проигрался!»
P00692	poem	Константин Батюшков: На поэмы Петру Великому	Не странен ли судеб устав! Певцы Петра — несчастья жертвы: Наш Пиндар кончил жизнь, поэмы не скончав, Другие живы все, но их поэмы мертвы!
P00693	poem	Константин Батюшков: Сей старец, что всегда летает...	Сей старец, что всегда летает, Всегда приходит, отъезжает, Везде живет — и здесь и там, С собою водит дни и веки, Съедает горы, сушит реки И нову жизнь дает мирам, Сей старец, смертных злое бремя, Желанный всеми, страшный всем, Крылатый, легкий, словом — время, Да будет в дружестве твоем Всегда порукой неизменной И, пробегая глупый свет, На дружбы жертвенник священный Любовь и счастье занесет!
P00694	poem	Константин Батюшков: Увы, мы носим все дурачества оковы...	Увы, мы носим все дурачества оковы, И все терять готовы Рассудок, бренный дар небесного отца! Тот губит ум в любви, средь неги и забавы, Тот, рыская в полях за дымом ратной славы, Тот, ползая в пыли пред сильным богачом, Тот, по морю летя за тирским багрецом, Тот, золота искав в алхимии чудесной, Тот, плавая умом во области небесной, Тот с кистию в руках, тот с млатом иль с резцом. Астрономы в звездах, софисты за словами, А жалкие певцы за жалкими стихами: Дурачься, смертных род, в луне рассудок твой!
P00695	poem	Константин Батюшков: Гремит повсюду страшный гром...	Гремит повсюду страшный гром, Горами к небу вздуто море, Стихии яростные в споре, И тухнет дальний солнцев долг, И звезды падают рядами. Они покойны за столами, Они покойны. Есть перо, Бумага есть и — все добро! Не видят и не слышут И все пером гусиным пишут!
P00696	poem	Константин Батюшков: Новый род смерти	За чашей пуншевой в политику с друзьями Пустился Бавий наш, присяжный стихотвор. Одомаратели все сделались судьями, И каждый прокричал свой умный приговор, Как ныне водится, Наполеону: «Сорвем с него корону!» — «Повесим!»— «Нет, сожжем!» — «Нет, это жестоко... в Казну отвезем И медленным отравим ядом». — «Очнется!»— «Как же быть?» —«Пускай истает гладом!» —«От жажды!..» — «Нет!» — вскричал насмешливый Филон,— Нет! с большей лютостью дни изверга скончайте! На Эльбе виршами до смерти зачитайте, Ручаюсь: с двух стихов у вас зачахнет он!»
P00697	poem	Константин Батюшков: Пред ними истощает...	Пред ними истощает Любовь златой колчан. Все в них обворожает: Походка, легкий стан, Полунагие руки И полный неги взор, И уст волшебны звуки, И страстный разговор,— Все в них очарованье! А ножка... милый друг, Она — харит созданье, Кипридиных подруг. Для ножки сей, о вечны боги, Усейте розами дороги Иль пухом лебедей! Сам Фидий перед ней В восторге утопает, Поэт — на небесах, И труженик в слезах Молитву забывает!
P00698	poem	Константин Батюшков: Судьба Одиссея	Средь ужасов земли и ужасов морей Блуждая, бедствуя, искал своей Итаки Богобоязненный страдалец Одиссей; Стопой бестрепетной сходил Аида в мраки; Харибды яростной, подводной Сциллы стон Не потрясли души высокой. Казалось, победил терпеньем рок жестокой И чашу горести до капли выпил он; Казалось, небеса карать его устали И тихо сонного домчали До милых родины давно желанных скал. Проснулся он: и что ж? отчизны не познал.
P00699	poem	Константин Батюшков: Вакханка	Все на праздник Эригоны Жрицы Вакховы текли; Ветры с шумом разнесли Громкий вой их, плеск и стоны. В чаще дикой и глухой Нимфа юная отстала; Я за ней - она бежала Легче серны молодой. Эвры волосы взвевали, Перевитые плющом; Нагло ризы поднимали И свивали их клубком. Стройный стан, кругом обвитый Хмеля желтого венцом, И пылающи ланиты Розы ярким багрецом, И уста, в которых тает Пурпуровый виноград - Все в неистовой прельщает! В сердце льет огонь и яд! Я за ней... она бежала Легче серны молодой. Я настиг - она упала! И тимпан под головой! Жрицы Вакховы промчались С громким воплем мимо нас; И по роще раздавались Эвоэ! и неги глас!
P00700	poem	Константин Батюшков: Надежда	Мой дух! доверенность к творцу! Мужайся; будь в терпеньи камень. Не он ли к лучшему концу Меня провел сквозь бранный пламень? На поле смерти чья рука Меня таинственно спасала И жадный крови меч врага, И град свинцовый отражала? Кто, кто мне силу дал сносить Труды, и глад, и непогоду,- И силу - в бедстве сохранить Души возвышенной свободу? Кто вел меня от юных дней К добру стезею потаенной И в буре пламенных страстей Мой был вожатый неизменной? Он! Он! Его все дар благой! Он есть источник чувств высоких, Любви к изящному прямой И мыслей чистых и глубоких! Все дар его, и краше всех Даров - надежда лучшей жизни! Когда ж узрю спокойный брег, Страну желанную отчизны? Когда струей небесных благ Я утолю любви желанье, Земную ризу брошу в прах И обновлю существованье?
P00701	poem	Константин Батюшков: Памфил забавен за столом...	Памфил забавен за столом, Хоть часто и назло рассудку; Веселостью обязан он желудку, А памяти — умом.
P00702	poem	Константин Батюшков: Пробуждение	Зефир последний свеял сон С ресниц, окованных мечтами, Но я - не к счастью пробужден Зефира тихими крылами. Ни сладость розовых лучей Предтечи утреннего Феба, Ни кроткий блеск лазури неба, Ни запах, веющий с полей, Ни быстрый лёт коня ретива По скату бархатных лугов, И гончих лай, и звон рогов Вокруг пустынного залива - Ничто души не веселит, Души, встревоженной мечтами, И гордый ум не победит Любви - холодными словами.
P00703	poem	Константин Батюшков: Песнь Гаральда Смелого	Мы, други, летали по бурным морям. От родины милой летали далеко! На суше, на море мы бились жестоко: И море, и суша покорствуют нам! О, други! как сердце у смелых кипело. Когда мы, содвинув стеной корабли, Как птицы, неслися станицей веселой Вкруг пажитей тучных Сиканской земли!.. А дева русская Гаральда презирает. О, друга! я младость не праздно провел! С сынами Дронтгейма вы помните сечу? Как вихорь, пред вами и мчался навстречу Под камни и тучи свистящие стрел. Напрасно сдвигались народы; мечами Напрасно о наши стучали щиты: Как бледные класы под ливнем, упали И всадник, и пеший... владыка, и ты!.. А дева русская Гаральда презирает. Нас было лишь трое на легком челне; А море вздымалось, я помню, горами; Ночь черная в полдень нависла с громами И Гела зияла в соленой волне. Но волны напрасно, яряся, хлестали: Я черпал их шлемом, работал веслом: С Гаральдом, о, други, вы страха не знали И в мирную пристань влетели с челном! А дева русская Гаральда презирает. Вы, други, видали меня на коне? Вы зрели, как рушил секирой твердыни, Летая на бурном питомце пустыни Сквозь пепел и вьюгу в пожарном огне? Железом я ноги мои окрыляя, И лань упреждаю по звонкому льду: Я хладную влагу рукой рассекая, Как лебедь отважный по морю иду... А дева русская Гаральда презирает. Я в мирных родился полночи снегах; Но рано отбросил доспехи ловитвы — Лук грозный и лыжи — и в шумные битвы Вас, други, с собою умчал на судах. Не тщетно за славой летали далеко От милой отчизны по диким морям; Не тщетно мы бились мечами жестоко: И море и суша покорствуют нам! А дева русская Гаральда презирает.
P00704	poem	Константин Батюшков: Запрос Арзамасу	Три Пушкина в Москве, и все они — поэты. Я полагаю, все одни имеют леты. Талантом, может быть, они и не равны, Один другого больше пишет, Один живет с женой, другой и без жены, А третий об жене и весточки не слышит (Последний — промеж нас я молвлю — страшный плут, И прямо в ад ему дорога!),— Но дело не о том: скажите, ради бога, Которого из них Бобрищевым зовут?
P00705	poem	Константин Батюшков: Меня преследует судьба...	Меня преследует судьба, Как будто я талант имею! Она, известно вам, слепа; Но я в глаза ей молвить смею: «Оставь меня, я не поэт, Я не ученый, не профессор; Меня в календаре в числе счастливцев нет, Я — отставной асессор!»
P00706	poem	Константин Батюшков: На свет и на стихи...	На свет и на стихи Он злобой адской дышит; Но в свете копит он грехи И вечно рифмы пишет...
P00707	poem	Константин Батюшков: От стужи весь дрожу...	От стужи весь дрожу, Хоть у камина я сижу. Под шубою лежу И на огонь гляжу, Но все как лист дрожу, Подобен весь ежу, Теплом я дорожу, А в холоде брожу И чуть стихами ржу.
P00708	poem	Константин Батюшков: Числа по совести не знаю...	Числа по совести не знаю, Здесь время сковано стоит, И скука только говорит: «Пора напиться чаю, Пора нам кушать, спать пора, Пора в санях кататься...» «Пора вам с рифмами расстаться!» — Рассудок мне твердит сегодня и вчера.
P00709	poem	Константин Батюшков: Я вижу тень Боброва...	Я вижу тень Боброва: Она передо мной, Нагая, без покрова, С заразой и с чумой; Сугубым вздором дышит И на скрижалях пишет Бессмертные стихи, Которые в мехи Бог ветров собирает И в воздух выпускает На гибель для певцов; Им дышит граф Хвостов, Шахматов оным дышит, И друг твой, если пишет Без мыслей кучи слов.
P00710	poem	Константин Батюшков: 	Ты знаешь, что изрек, Прощаясь с жизнию, седой Мельхиседек? Рабом родится человек, Рабом в могилу ляжет, И смерть ему едвали скажет, Зачем он шел долиной чудной слез, Страдал, рыдал, терпел, исчез.
P00711	poem	Константин Батюшков: 	Ты хочешь меду, сын?- Так жала не страшись; Венца победы?- Смело к бою! Ты перлов жаждешь?- Так спустись На дно, где крокодил зияет под водою. Не бойся! Бог решит. Лишь смелым он отец. Лишь смелым - перлы, мед, иль гибель... иль венец.
P00712	poem	Константин Батюшков: Ты хочешь меду, сын?..	Ты хочешь меду, сын?- Так жала не страшись; Венца победы?- Смело к бою! Ты перлов жаждешь?- Так спустись На дно, где крокодил зияет под водою. Не бойся! Бог решит. Лишь смелым он отец. Лишь смелым - перлы, мед, иль гибель... иль венец.
P00713	poem	Михаил Лермонтов: Поэт (Когда Рафаэль вдохновенный...)	Когда Рафаэль вдохновенный Пречистой девы лик священный Живою кистью окончал,- Своим искусством восхищенный Он пред картиною упал! Но скоро сей порыв чудесный Слабел в груди его младой, И утомленный и немой, Он забывал огонь небесный. Таков поэт: чуть мысль блеснет, Как он пером своим прольет Всю душу; звуком громкой лиры Чарует свет и в тишине Поет, забывшись в райском сне, Вас, вас! души его кумиры! И вдруг хладеет жар ланит, Его сердечные волненья Все тише, и призрак бежит! Но долго, долго он хранит Первоначальны впечатленья.
P00714	poem	Михаил Лермонтов: Забывши волнения жизни мятежной...	Забывши волнения жизни мятежной, Один жил в пустыне рыбак молодой. Однажды на скале прибрежной, Над тихой прозрачной рекой Он с удой беспечно Сидел И думой сердечной К прошедшему счастью летел.
P00715	poem	Михаил Лермонтов: Песня (Светлый призрак дней минувших...)	Светлый призрак дней минувших, Для чего ты Пробудил страстей уснувших И заботы? Ты питаешь сладострастья Скоротечность! Но где взять былое счастье И беспечность?.. Где вы, дружески обеты И отвага? Поглотились бездной Леты Эти блага!.. Щеки бледностью, хоть молод, Уж покрылись; В сердце ненависть и холод Водворились!
P00716	poem	Михаил Лермонтов: Посвящение N.N.	Вот, друг, плоды моей небрежной музы! Оттенок чувств тебе несу я в дар. Хоть ты презрел священной дружбы узы, Хоть ты души моей отринул жар... Я знаю всё: ты ветрен, безрассуден, И ложный друг уж в сеть тебя завлек; Но вспоминай, что путь ко счастью труден От той страны, где царствует порок!.. Готов на всё для твоего спасенья! Я так клялся и к гибели летел; Но ты молчал и, полный подозренья, Словам моим поверить не хотел... Но час придет, своим печальным взором Ты все прочтешь в немой душе моей; Тогда:- беги, не трать пустых речей,- Ты осужден последним приговором!..
P00717	poem	Михаил Лермонтов: Романс (Невинный нежною душой...)	Невинный нежною душой, Не знавши в юности страстей прилив, Ты можешь, друг, сказать с какой-то простотою: Я был счастлив!.. Кто, слишком рано насладившись, Живет, в душе негодованье скрыв, Тот может, друг, еще сказать забывшись: Я был счастлив!.. Но я в сей жизни скоротечной Так испытал отчаянья порыв, Что не могу сказать чистосердечно: Я был счастлив!..
P00718	poem	Михаил Лермонтов: Русская мелодия	В уме своем я создал мир иной И образов иных существованье; Я цепью их связал между собой, Я дал им вид, но не дал им названья: Вдруг зимних бурь раздался грозный вой,- И рушилось неверное созданье!.. Так перед праздною толпой И с балалайкою народной Сидит в тени певец простой И бескорыстный, и свободный!.. Он громкий звук внезапно раздает, В честь девы, милой сердцу и прекрасной,- И звук внезапно струны оборвет, И слишится начало песни!- но напрасно!- Никто конца ее не допоет!..
P00719	poem	Михаил Лермонтов: В альбом (Нет!- я не требую вниманья...)	Нет!- я не требую вниманья На грустный бред души моей, Не открывать свои желанья Привыкнул я с давнишних дней. Пишу, пишу рукой небрежной, Чтоб здесь чрез много скучных лет От жизни краткой, но мятежной Какой-нибудь остался след. Быть может, некогда случится, Что, все страницы пробежав, На эту взор ваш устремится, И вы промолвите: он прав; Быть может, долго стих унылый Тот взгляд удержит над собой, Как близ дороги столбовой Пришельца - памятник могилы!..
P00720	poem	Михаил Лермонтов: Венеция	Поверхностью морей отражена, Богатая Венеция почила, Сырой туман дымился, и луна Высокие твердыни осребрила. Чуть виден бег далекого ветрила, Студеная вечерняя волна Едва шумит вод веслами гондолы И повторяет звуки баркаролы. Мне чудится, что это ночи стон, Как мы, своим покоем недовольной, Но снова песнь! и вновь гитары звон! О, бойтеся, мужья, сей песни вольной. Советую, хотя мне это больно, Не выпускать красавиц ваших, жен; Но если вы в сей миг неверны сами, Тогда, друзья! да будет мир меж вами! И мир с тобой, прекрасный Чичизбей, И мир с тобой, лукавая Мелина. Неситеся по прихоти морей, Любовь нередко бережет пучина; Хоть и над морем царствует судьбина, Гонитель вечный счастливых людей, Но талисман пустынного лобзанья Уводит сердца темные мечтанья. Рука с рукой, свободу дав очам, Сидят в ладье и шепчут меж собою; Она вверяет месячным лучам Младую грудь с пленительной рукою, Укрытые досель под епанчою, Чтоб юношу сильней прижать к устам; Меж тем вдали, то грустный, то веселый, Раздался звук обычной баркаролы: Как в дальнем море ветерок, Свободен вечно мой челнок; Как речки быстрое русло, Не устает мое весло. Гондола по воде скользит, А время по любви летит; Опять сравняется вода, Страсть не воскреснет никогда.
P00721	poem	Михаил Лермонтов: Гроб Оссиана	(Узнав от путешественника описание сей могилы) Под занавесою тумана, Под небом бурь, среди степей, Стоит могила Оссиана В горах Шотландии моей. Летит к ней дух мой усыпленный Родимым ветром подышать И от могилы сей забвенной Вторично жизнь свою занять!..
P00722	poem	Михаил Лермонтов: Звезда (Светись, светись, далекая звезда	Светись, светись, далекая звезда, Чтоб я в ночи встречал тебя всегда; Твой слабый луч, сражаясь с темнотой, Несет мечты душе моей больной; Она к тебе летает высоко; И груди сей свободно и легко... Я видел взгляд, исполненный огня (Уж он давно закрылся для меня), Но, как к тебе, к нему еще лечу, И хоть нельзя - смотреть его хочу...
P00723	poem	Михаил Лермонтов: Моя мольба	Да охранюся я от мушек, От дев, не знающих любви, От дружбы слишком нежной и - От романтических старушек.
P00724	poem	Михаил Лермонтов: Нередко люди и бранили...	Нередко люди и бранили, И мучили меня за то, Что часто им прощал я то, Чего б они мне не простили. И начал рок меня томить. Карал безвинно и за дело - От сердца чувство отлетело, И я не мог ему простить. Я снова меж людей явился С холодным, сумрачным челом; Но взгляд, куда б ни обратился, Встречался с радостным лицом!
P00725	poem	Михаил Лермонтов: Нищий	У врат обители святой Стоял просящий подаянья Бедняк иссохший, чуть живой От глада, жажды и страданья. Куска лишь хлеба он просил, И взор являл живую муку, И кто-то камень положил В его протянутую руку. Так я молил твоей любви С слезами горькими, с тоскою; Так чувства лучшие мои Обмануты навек тобою!
P00726	poem	Михаил Лермонтов: Новгород	Сыны снегов, сыны славян, Зачем вы мужеством упали? Зачем?.. Погибнет ваш тиран, Как все тираны погибали!.. До наших дней при имени свободы Трепещет ваше сердце и кипит!.. Есть бедный град, там видели народы Всё то, к чему теперь ваш дух летит.
P00727	poem	Михаил Лермонтов: Один среди людского шума...	Один среди людского шума, Возрос под сенью чуждой я. И гордо творческая дума На сердце зрела у меня. И вот прошли мои мученья, Нашлися пылкие друзья, Но я, лишенный вдохновенья, Скучал судьбою бытия. И снова муки посетили Мою воскреснувшую грудь. Измены душу заразили И не давали отдохнуть. Я вспомнил прежние несчастья, Но не найду в душе моей Ни честолюбья, ни участья, Ни слез, ни пламенных страстей.
P00728	poem	Михаил Лермонтов: Одиночество	Как страшно жизни сей оковы Нам в одиночестве влачить. Делить веселье - все готовы: Никто не хочет грусть делить. Один я здесь, как царь воздушный, Страданья в сердце стеснены, И вижу, как судьбе послушно, Года уходят, будто сны; И вновь приходят, с позлащенной, Но той же старою мечтой, И вижу гроб уединенный, Он ждет; что ж медлить над землей? Никто о том не покрушится, И будут (я уверен в том) О смерти больше веселится, Чем о рождении моем...
P00729	poem	Михаил Лермонтов: Очи N.N.	Нет смерти здесь; и сердце вторит: нет; Для смерти слишком весел этот свет. И не твоим глазам творец судил Гореть, играть для тленья и могил... Хоть все возьмет могильная доска, Их пожалеет смерти злой рука; Их луч с небес, и, как в родных краях, Они блеснут звездами в небесах!
P00730	poem	Михаил Лермонтов: Передо мной лежит листок...	Передо мной лежит листок, Совсем ничтожный для других, Но в нем сковал случайно рок Толпу надежд и дум моих. Исписан он твоей рукой, И я его вчера украл, И для добычи дорогой Готов страдать - как уж страдал!
P00731	poem	Михаил Лермонтов: Плачь! плачь! Израиля народ...	Плачь! плачь! Израиля народ, Ты потерял звезду свою; Она вторично не взойдет — И будет мрак в земном краю; По крайней мере, есть один, Который все с ней потерял: Без дум, без чувств среди долин Он тень следов ее искал!..
P00732	poem	Михаил Лермонтов: Разлука	Я виноват перед тобою, Цены услуг твоих не знал. Слезами горькими, тоскою Я о прощеньи умолял, Готов был, ставши на колени, Проступком называть мечты; Мои мучительные пени Бессмысленно отвергнул ты. Зачем так рано, так ужасно Я должен был узнать людей И счастьем жертвовать напрасно Холодной гордости твоей?.. Свершилось! Вечную разлуку Трепеща вижу пред собой... Ледяную встречаю руку Моей пылающей рукой. Желаю, чтоб воспоминанье В чужих людях, в чужой стране Не принесло тебе страданье При сожаленье обо мне...
P00733	poem	Михаил Лермонтов: Романс (В те дни...)	В те дни, когда уж нет надежд, А есть одно воспоминанье, Веселье чуждо наших вежд, И легче на груди страданье.
P00734	poem	Михаил Лермонтов: Свершилось! полно ожидать...	Свершилось! полно ожидать Последней встречи и прощанья! Разлуки час и час страданья Придут - зачем их отклонять! Ах, я не знал, когда глядел На чудные глаза прекрасной, Что час прощанья, час ужасный, Ко мне внезапно подлетел. Свершилось! голосом бесценным Мне больше сердца не питать, Запрусь в углу уединенном И буду плакать... вспоминать!
P00735	poem	Михаил Лермонтов: Ты мог быть лучшим королем...	Ты мог быть лучшим королем, Ты не хотел. Ты полагал Народ унизить под ярмом. Но ты французов не узнал! Есть суд земной и для царей. Провозгласил он твой конец; С дрожащей головы твоей Ты в бегстве уронил венец. И загорелся страшный бой; И знамя вольности, как дух, Идет пред гордою толпой. И звук один наполнил слух; И брызнула в Париже кровь. О! чем заплотишь ты, тиран, За эту праведную кровь, За кровь людей, за кровь граждан, Когда последняя труба Разрежет звуком синий свод; Когда откроются гроба И прах свой прежний вид возьмет; Когда появятся весы И их подымет судия... Не встанут у тебя власы? Не задрожит рука твоя?.. Глупец! что будешь ты в тот день, Коль ныне стыд уж над тобой? Предмет насмешек ада, тень, Призрак, обманутый судьбой! Бессмертной раною убит, Ты обернешь молящий взгляд, И строй кровавый закричит: Он виноват! он виноват!
P00736	poem	Михаил Лермонтов: Утро на Кавказе	Светает — вьется дикой пеленой Вокруг лесистых гор туман ночной; Еще у ног Кавказа тишина; Молчит табун, река журчит одна. Вот на скале новорожденный луч Зарделся вдруг, прорезавшись меж туч, И розовый по речке и шатрам Разлился блеск, и светит там и там: Так девушки, купаяся в тени, Когда увидят юношу они, Краснеют все, к земле склоняют взор: Но как бежать, коль близок милый вор!..
P00737	poem	Михаил Лермонтов: Чума в Саратове	I Чума явилась в наш предел; Хоть страхом сердце стеснено, Из миллиона мертвых тел Мне будет дорого одно. Его земле не отдадут, И крест его не осенит; И пламень, где его сожгут, Навек мне сердце охладит. II Никто не прикоснется к ней, Чтоб облегчить последний миг; Уста, волшебницы очей, Не приманят к себе других; Лобзая их, я б был счастлив, Когда б в себя яд смерти впил, Затем что, сластость их испив, Я деву некогда забыл.
P00738	poem	Михаил Лермонтов: Я видел раз ее в веселом вихре бала...	Я видел раз ее в веселом вихре бала; Казалось, мне она понравиться желала; Очей приветливость, движений быстрота, Природный блеск ланит и груди полнота — Всё, всё наполнило б мне ум очарованьем, Когда б совсем иным, бессмысленным желаньем Я не был угнетен; когда бы предо мной Не пролетала тень с насмешкою пустой, Когда б я только мог забыть черты другие, Лицо бесцветное и взоры ледяные!..
P00739	poem	Михаил Лермонтов: 	Прекрасны вы, поля земли родной, Еще прекрасней ваши непогоды; Зима сходна в ней с первою зимой, Как с первыми людьми ее народы!.. Туман здесь одевает неба своды! И степь раскинулась лиловой пеленой, И так она свежа, и так родня с душой, Как будто создана лишь для свободы... Но эта степь любви моей чужда; Но этот снег летучий, серебристый И для страны порочной слишком чистый Не веселит мне сердца никогда. Его одеждой хладной, неизменной Сокрыта от очей могильная гряда И позабытый прах, но мне, но мне бесценный.
P00740	poem	Михаил Лермонтов: 	Взгляни на этот лик; искусством он Небрежно на холсте изображен, Как отголосок мысли неземной, Не вовсе мертвый, не совсем живой; Холодный взор не видит, но глядит И всякого, не нравясь, удивит; В устах нет слов, но быть они должны: Для слов уста такие рождены; Смотри: лицо как будто отошло От полотна,- и бледное чело Лишь потому не страшно для очей, Что нам известно: не гроза страстей Ему дала болезненный тот цвет, И что в груди сей чувств и сердца нет. О боже, сколько я видал людей, Ничтожных - пред картиною моей, Душа которых менее жила, Чем обещает вид сего чела.
P00741	poem	Михаил Лермонтов: 1831-го января (Редеют бледные туманы...	Редеют бледные туманы Над бездной смерти роковой, И вновь стоят передо мной Веков протекших великаны. Они зовут, они манят, Поют, и я пою за ними, И, полный чувствами живыми, Страшуся поглядеть назад,— Чтоб бытия земного звуки Не замешались в песнь мою, Чтоб лучшей жизни на краю Не вспомнил я людей и муки, Чтоб я не вспомнил этот свет, Где носит всё печать проклятья, Где полны ядом все объятья, Где счастья без обмана нет.
P00742	poem	Михаил Лермонтов: А.Д.3. (О ты, которого...)	О ты, которого клеврет твой верный Павел В искусстве ёрников в младенчестве наставил; О ты, к которому день всякий Валерьян На ваньке приезжал ярыгой, глуп и пьян, Которому служил лакеем из лакеев Шут, алырь, женолаз, великий Теличеев, Приветствую тебя и твой триумвират: И кто сказать бы смел, что черт тебе не брат?
P00743	poem	Михаил Лермонтов: Ангел	По небу полуночи ангел летел, И тихую песню он пел, И месяц, и звезды, и тучи толпой Внимали той песне святой. Он пел о блаженстве безгрешных духов Под кущами райских садов, О Боге великом он пел, и хвала Его непритворна была. Он душу младую в объятиях нес Для мира печали и слез; И звук его песни в душе молодой Остался - без слов, но живой. И долго на свете томилась она, Желанием чудным полна, И звуков небес заменить не могли Ей скучные песни земли.
P00744	poem	Михаил Лермонтов: Баллада (В избушке позднею порою...)	В избушке позднею порою Славянка юная сидит. Вдали багровой полосою На небе зарево горит... И, люльку детскую качая, Поет славянка молодая... "Не плачь, не плачь! иль сердцем чуешь, Дитя, ты близкую беду!.. О, полно, рано ты тоскуешь: Я от тебя не отойду. Скорее мужа я утрачу. Дитя, не плачь! и я заплачу! Отец твой стал за честь и бога В ряду бойцов против татар, Кровавый след ему дорога, Его булат блестит, как жар. Взгляни, там зарево краснеет: То битва семя смерти сеет. Как рада я, что ты не в силах Понять опасности своей, Не плачут дети на могилах; Им чужд и стыд и страх цепей; Их жребий зависти достоин..." Вдруг шум - и в двери входит воин. Брада в крови, избиты латы. "Свершилось!- восклицает он,- Свершилось! торжествуй, проклятый!... Наш милый край порабощен, Татар мечи не удержали - Орда взяла, и наши пали". И он упал - и умирает Кровавой смертию бойца. Жена ребенка поднимает Над бледной головой отца: "Смотри, как умирают люди, И мстить учись у женской груди!.."
P00745	poem	Михаил Лермонтов: Взгляни на этот лик...	Взгляни на этот лик; искусством он Небрежно на холсте изображен, Как отголосок мысли неземной, Не вовсе мертвый, не совсем живой; Холодный взор не видит, но глядит И всякого, не нравясь, удивит; В устах нет слов, но быть они должны: Для слов уста такие рождены; Смотри: лицо как будто отошло От полотна,- и бледное чело Лишь потому не страшно для очей, Что нам известно: не гроза страстей Ему дала болезненный тот цвет, И что в груди сей чувств и сердца нет. О боже, сколько я видал людей, Ничтожных - пред картиною моей, Душа которых менее жила, Чем обещает вид сего чела.
P00746	poem	Михаил Лермонтов: Воля	Моя мать - злая кручина, Отцом же была мне - судьбина; Мои братья, хоть люди, Не хотят к моей груди Прижаться; Им стыдно со мною, С бедным сиротою, Обняться! Но мне богом дана Молодая жена, Воля-волюшка, Вольность милая, Несравненная; С ней нашлись другие у меня Мать, отец и семья; А моя мать - степь широкая, А мой отец - небо далекое; Они меня воспитали, Кормили, поили, ласкали; Мои братья в лесах - Березы да сосны. Несусь ли я на коне - Степь отвечает мне; Брожу ли поздней порой - Небо светит мне луной; Мои братья, в летний день, Призывая под тень, Машут издали руками, Кивают мне головами; И вольность мне гнездо свила, Как мир - необъятное!
P00747	poem	Михаил Лермонтов: Додо (Умеешь ты сердца тревожить...)	Умеешь ты сердца тревожить, Толпу очей остановить, Улыбкой гордой уничтожить, Улыбкой нежной оживить; Умеешь ты польстить случайно С холодной важностью лица И умника унизить тайно, Взяв пылко сторону глупца! Как в Талисмане стих небрежный, Как над пучиною мятежной Свободный парус челнока, Ты беззаботна и легка. Тебя не понял север хладный; В наш круг ты брошена судьбой, Как божество страны чужой, Как в день печали миг отрадный!
P00748	poem	Михаил Лермонтов: ЖЕЛАНИЕ	Зачем я не птица, не ворон степной, Пролетевший сейчас надо мной? Зачем не могу в небесах я парить? И одну лишь свободу любить? На запад, на запад помчался бы я, Где цветут моих предков поля, Где в замке пустом, на туманных горах, Их забвенный покоится прах. На древней стене их наследственный щит И заржавленный меч их висит. Я стал бы летать над мечом и щитом И смахнул бы я пыль с них крылом; И арфы шотландской струну бы задел, И по сводам бы звук полетел; Внимаем одним, и одним пробужден, Как раздался, так смолкнул бы он. Но тщетны мечты, бесполезны мольбы Против строгих законов судьбы. Меж мной и холмами отчизны моей Расстилаются волны морей. Последний потомок отважных бойцов Увядает среди чуждых снегов; Я сдесь был рожден, но нездешний душой... О! Зачем я не ворон степной?..
P00749	poem	Михаил Лермонтов: Забудь опять свои надежды...	Забудь опять Свои надежды; Об них вздыхать Судьба невежды; Она дитя: Не верь на слово; Она шутя Полюбит снова; Все, что блестит, Ее пленяет; Все, что грустит, Ее пугает; Так облачко По небу мчится Светло, легко; Оно глядится В волнах морских Поочередно; Но чужд для них Прошлец свободный; Он образ свой Во всех встречает, Хоть их порой Не замечает.
P00750	poem	Михаил Лермонтов: Завещание	Середниково. Ночью; у окна. Есть место: близ тропы глухой, В лесу пустынном, средь поляны, Где вьются вечером туманы, Осеребренные луной... Мой друг! ты знаешь ту поляну; Там труп мой хладный ты зарой, Когда дышать я перестану! Могиле той не откажи Ни в чем, последуя закону; Поставь над нею крест из клену И дикий камень положи; Когда гроза тот лес встревожит, Мой крест пришельца привлечет; И добрый человек, быть может, На диком камне отдохнет.
P00751	poem	Михаил Лермонтов: Зови надежду сновиденьем...	Зови надежду сновиденьем, Неправду - истиной зови, Не верь хвалам и увереньям, Но верь, о, верь моей любви! Такой любви нельзя не верить, Мой взор не скроет ничего; С тобою грех мне лицемерить, Ты слишком ангел для того.
P00752	poem	Михаил Лермонтов: Исповедь (Я верю...)	Я верю, обещаю верить, Хоть сам того не испытал, Что мог монах не лицемерить И жить, как клятвой обещал; Что поцелуи и улыбки Людей коварны не всегда, Что ближних малые ошибки Они прощают иногда, Что время лечит от страданья, Что мир для счастья сотворен, Что добродетель не названье И жизнь поболее, чем сон!.. Но вере теплой опыт хладный Противуречит каждый миг, И ум, как прежде безотрадный, Желанной цели не достиг; И сердце, полно сожалений, Хранит в себе глубокий след Умерших - но святых видений, И тени чувств, каких уж нет; Его ничто не испугает, И то, что было б яд другим, Его живит, его питает Огнем язвительным своим.
P00753	poem	Михаил Лермонтов: К Нэере	Скажи, для чего перед нами Ты в кудри вплетаешь цветы? Себя ли украсишь ты розой Прелестной, минутной, как ты? Зачем приводить нам на память, Что могут ланиты твои Увянуть, что взор твой забудет Восторги надежд и любви? Дивлюсь я тебе: равнодушно, Беспечно ты смотришь вперед; Смеешься над временем, будто Нэеру оно обойдет. Ужель ты безумным весельем Прогнать только хочешь порой Грядущего тени? ужели Чужда ты веселью душой? Пять лет протекут: ни лобзаньем, Ни сладкой улыбкою глаз К себе на душистое ложе Опять не заманишь ты нас. О, лучше умри поскорее, Чтоб юный красавец сказал: "Кто был этой девы милее? Кто раньше ее умирал?"
P00754	poem	Михаил Лермонтов: К кн. Л.Г-ой (Когда ты холодно внимаешь.	Когда ты холодно внимаешь Рассказам горести чужой И недоверчиво качаешь Своей головкой молодой, Когда блестящие наряды Безумно радуют тебя Иль от ребяческой досады Душа волнуется твоя, Когда я вижу, вижу ясно, Что для тебя в семнадцать лет Все привлекательно, прекрасно, Все - даже люди, жизнь и свет,- Тогда, измучен вспоминапьем, Я говорю душе своей: Счастлив, кто мог земным желаньям Отдать себя во цвете дней! Но не завидуй: ты не будешь Довольна этим, как она; Своих надежд ты не забудешь, Но для других не рождена; Так! мысль великая хранилась В тебе доныне, как зерно; С тобою в мир она родилась: Погибнуть ей не суждено!
P00755	poem	Михаил Лермонтов: Как дух отчаянья и зла...	Как дух отчаянья и зла, Мою ты душу обняла; О! для чего тебе нельзя Ее совсем взять у меня? Моя душа твой вечный храм; Как божество, твой образ там; Не от небес, лишь от него Я жду спасенья своего.
P00756	poem	Михаил Лермонтов: Кропоткиной (Я оклеветан перед вами...)	Я оклеветан перед вами; Как оправдаться я могу? Ужели клятвами, словами? Но как же!— я сегодня лгу!..
P00757	poem	Михаил Лермонтов: Кто видел Кремль в час утра золотой...	Кто видел Кремль в час утра золотой, Когда лежит над городом туман, Когда меж храмов с гордой простотой, Как царь, белеет башня-великан?
P00758	poem	Михаил Лермонтов: Мартыновой (Когда поспорить вам придется	Когда поспорить вам придется, Не спорьте никогда о том, Что невозможно быть с умом Тому, кто в этом признается; Кто с вами раз поговорил, Тот с вами вечно спорить будет, Что ум ваш вечно не забудет И что другое всё забыл!
P00759	poem	Михаил Лермонтов: Метель шумит, и снег валит...	Метель шумит, и снег валит, Но сквозь шум ветра дальний звон, Порой прорвавшися, гудит; То отголосок похорон. То звук могилы над землей, Умершим весть, живым укор, Цветок поблекший гробовой, Который не пленяет взор. Пугает сердце этот звук, И возвещает он для нас Конец земных недолгих мук, Но чаще новых первый час...
P00760	poem	Михаил Лермонтов: Н. Ф. И. (Дай бог, чтоб вечно вы не знал	Дай бог, чтоб вечно вы не знали, Что значат толки дураков, И чтоб вам не было печали От шпор, мундира и усов; Дай бог, чтоб вас не огорчали Соперниц ложные красы, Чтобы у ног вы увидали Мундир, и шпоры, и усы!
P00761	poem	Михаил Лермонтов: Нарышкиной (Всем жалко вас...)	Всем жалко вас: вы так устали! Вы не хотели танцевать — И целый вечер танцевали! Как наконец не перестать?.. Но если б все ценить умели Ваш ум, любезность ваших слов,— Клянусь бессмертием богов — Тогда б мазурки опустели.
P00762	poem	Михаил Лермонтов: Настанет день - и миром осужденный...	Настанет день - и миром осужденный, Чужой в родном краю, На месте казни - гордый, хоть презренный - Я кончу жизнь мою; Виновный пред людьми, не пред тобою, Я твердо жду тот час; Что смерть?- лишь ты не изменись душою - Смерть не разрознит нас. Иная есть страна, где предрассудки Любви не охладят, Где не отнимет счастия из шутки, Как здесь, у брата брат. Когда же весть кровавая примчится О гибели моей И как победе станут веселиться Толпы других людей; Тогда... молю!- единою слезою Почти холодный прах Того, кто часто с скрытною тоскою Искал в твоих очах... Блаженства юных лет и сожаленья; Кто пред тобой открыл Таинственную душу и мученья, Которых жертвой был. Но если, если над моим позором Смеяться станешь ты И возмутишь неправедным укором И речью клеветы Обиженную тень,- не жди пощады; Как червь к душе твоей Я прилеплюсь, и каждый миг отрады Несносен будет ей, И будешь помнить прежнюю беспечность, Не зная воскресить, И будет жизнь тебе долга, как вечность, А все не будешь жить.
P00763	poem	Михаил Лермонтов: Песня (Желтый лист о стебель бьется...)	Желтый лист о стебель бьется Перед бурей: Сердце бедное трепещет Пред несчастьем. Что за важность, если ветер Мой листок одинокой Унесет далеко, далеко, Пожалеет ли об нем Ветка сирая; Зачем грустить молодцу, Если рок судил ему Угаснуть в краю чужом? Пожалеет ли об нем Красна девица?
P00764	poem	Михаил Лермонтов: Пора уснуть последним сном...	Пора уснуть последним сном, Довольно в мире пожил я; Обманут жизнью был во всем, И ненавидя и любя.
P00765	poem	Михаил Лермонтов: Послушай! вспомни обо мне...	Послушай! вспомни обо мне, Когда, законом осужденный, В чужой я буду стороне - Изгнанник мрачный и презренный. И будешь ты когда-нибудь Один, в бессонный час полночи, Сидеть с свечой... и тайно грудь Вздохнет - и вдруг заплачут очи; И молвишь ты: когда-то он Здесь, в это самое мгновенье, Сидел тоскою удручен И ждал судьбы своей решенье!
P00766	poem	Михаил Лермонтов: Прекрасны вы, поля...	Прекрасны вы, поля земли родной, Еще прекрасней ваши непогоды; Зима сходна в ней с первою зимой, Как с первыми людьми ее народы!.. Туман здесь одевает неба своды! И степь раскинулась лиловой пеленой, И так она свежа, и так родня с душой, Как будто создана лишь для свободы... Но эта степь любви моей чужда; Но этот снег летучий, серебристый И для страны порочной слишком чистый Не веселит мне сердца никогда. Его одеждой хладной, неизменной Сокрыта от очей могильная гряда И позабытый прах, но мне, но мне бесценный.
P00767	poem	Михаил Лермонтов: Романс к И... (Когда я унесу...)	Когда я унесу в чужбину Под небо южной стороны Мою жестокую кручину, Мои обманчивые сны, И люди с злобой ядовитой Осудят жизнь мою порой, Ты будешь ли моей защитой Перед бесчувственной толпой? О, будь!.. о! вспомни нашу младость, Злословья жертву пощади, Клянися в том! чтоб вовсе радость Не умерла в моей груди, Чтоб я сказал в земле изгнанья: Есть сердце, лучших дней залог, Где почтены мои страданья, Где мир их очернить не мог!..
P00768	poem	Михаил Лермонтов: Св. Елена	Почтим приветом остров одинокой, Где часто, в думу погружен, На берегу о Франции далекой Воспоминал Наполеон! Сын моря, средь морей твоя могила! Вот мщение за муки стольких дней! Порочная страна не заслужила, Чтобы великий жизнь окончил в ней. Изгнанник мрачный, жертва вероломства И рока прихоти слепой, Погиб, как жил - без предков и потомства Хоть побежденный, но герой! Родился он игрой судьбы случайной, И пролетел, как буря, мимо нас; Он миру чужд был. Все в нем было тайной, День возвышенья - и паденья час!
P00769	poem	Михаил Лермонтов: Счастливый миг	Не робей, краса младая, Хоть со мной наедине; Стыд ненужный отгоняя, Подойди - дай руку мне. Не тепла твоя светлица, Не мягка постель твоя, Но к устам твоим, девица, Я прильну - согреюсь я. От нескромного невежды Занавесь окно платком; Ну,- скидай свои одежды, Не упрямься, мы вдвоем; На пирах за полной чашей, Я клянусь, не расскажу О взаимной страсти нашей; Так скорее ж... я дрожу. О! как полны, как прекрасны Груди жаркие твои, Как румяны, сладострастны Пред мгновением любви; Вот и маленькая ножка, Вот и круглый гибкий стан, Под сорочкой лишь немножко Прячешь ты свой талисман; Перед тем, чтобы лишиться Непорочности своей, Так невинна ты, что мнится, Я, любя тебя,- злодей. Взор, склоненный на колена, Будто молит пощадить; Но ужасным, друг мой Лена, Миг один не может быть. Полон сладким ожиданьем, Я лишь взор питаю свой; Ты сама, горя желаньем, Призовешь меня рукой; И тогда душа забудет Все, что в муку ей дано, И от счастья нас разбудит Истощение одно.
P00770	poem	Михаил Лермонтов: Толстой (Недаром она, недаром...)	Недаром она, недаром С отставным гусаром.
P00771	poem	Михаил Лермонтов: Трубецкому (Нет! мир совсем пошел не так	Нет! мир совсем пошел не так; Обиняков не понимают; Скажи не просто: ты дурак,— За комплимент уж принимают! Всё то, на чем ума печать, Они привыкли ненавидеть! Так стану ж умным называть, Когда захочется обидеть!
P00772	poem	Михаил Лермонтов: Чаша жизни	Мы пьем из чаши бытия С закрытыми очами, Златые омочив края Своими же слезами; Когда же перед смертью с глаз Завязка упадает, И все, что обольщало нас, С завязкой исчезает; Тогда мы видим, что пуста Была златая чаша, Что в ней напиток был - мечта, И что она - не наша!
P00773	poem	Михаил Лермонтов: Щербатовой (Поверю ль я, чтоб вы хотели.	Поверю ль я, чтоб вы хотели Покинуть общество Москвы, Когда от самой колыбели Ее кумиром были вы? Что даст вам скучный брег Невы: Ужель там больше веселятся, Ужели балов больше там? Нет! как мудрец, скажу я вам: Гораздо лучше оставаться.
P00774	poem	Михаил Лермонтов: Я не для ангелов и рая...	Я не для ангелов и рая Всесильным богом сотворен; Но для чего живу, страдая, Про это больше знает он, Как демон мой, я зла избранник, Как демон, с гордою душой, Я меж людей беспечный странник, Для мира и небес чужой; Прочти, мою с его судьбою Воспоминанием сравни И верь безжалостной душою, Что мы на свете с ним одни.
P00775	poem	Михаил Лермонтов: Баллада (Из ворот выезжают...)	(С немецкого) Из ворот выезжают три витязя в ряд, увы! Из окна три красотки вослед им глядят: прости! Напрасно в боях они льют свою кровь — увы! Разлука пришла — и девичья любовь прости! Уж три витязя новых в ворота спешат, увы! И красотки печали своей говорят: прости!
P00776	poem	Михаил Лермонтов: Два великана	В шапке золота литого Старый русский великан Поджидал к себе другого Из далеких чуждых стран. За горами, за долами Уж гремел об нем рассказ, И померяться главами Захотелось им хоть раз. И пришел с грозой военной Трехнедельный удалец,— И рукою дерзновенной Хвать за вражеский венец. Но улыбкой роковою Русский витязь отвечал: Посмотрел — тряхнул главою. Ахнул дерзкий — и упал! Но упал он в дальнем море На неведомый гранит, Там, где буря на просторе Над пучиною шумит.
P00777	poem	Михаил Лермонтов: Желанье (Отворите мне темницу...)	Отворите мне темницу, Дайте мне сиянье дня, Черноглазую девицу, Черногривого коня. Дайте раз по синю полю Проскакать на том коне; Дайте раз на жизнь и волю, Как на чуждую мне долю, Посмотреть поближе мне. Дайте мне челнок дощатый С полусгнившею скамьей, Парус серый и косматый, Ознакомленный с грозой. Я тогда пущуся в море, Беззаботен и один, Разгуляюсь на просторе И потешусь в буйном споре С дикой прихотью пучин. Дайте мне дворец высокой И кругом зеленый сад, Чтоб в тени его широкой Зрел янтарный виноград; Чтоб фонтан не умолкая В зале мраморном журчал И меня б в мечтаньях рая, Хладной пылью орошая, Усыплял и пробуждал...
P00778	poem	Михаил Лермонтов: Нет, я не Байрон, я другой...	Нет, я не Байрон, я другой, Еще неведомый избранник, Как он, гонимый миром странник, Но только с русскою душой. Я раньше начал, кончу ране, Мой ум немного совершит; В душе моей, как в океане, Надежд разбитых груз лежит. Кто может, океан угрюмый, Твои изведать тайны? Кто Толпе мои расскажет думы? Я - или бог - или никто!
P00779	poem	Михаил Лермонтов: Он был рожден для счастья, для надежд...	Он был рожден для счастья, для надежд И вдохновений мирных!— но безумный Из детских рано вырвался одежд И сердце бросил в море жизни шумной; И мир не пощадил — и бог не спас! Так сочный плод, до времени созрелый, Между цветов висит осиротелый; Ни вкуса он не радует, ни глаз; И час их красоты — его паденья час! И жадный червь его грызет, грызет, И между тем как нежные подруги Колеблются на ветках — ранний плод Лишь тяготит свою... до первой вьюги! Ужасно стариком быть без седин; Он равных не находит; за толпою Идет, хоть с ней не делится душою; Он меж людьми ни раб, ни властелин, И всё, что чувствует, он чувствует один!
P00780	poem	Михаил Лермонтов: Парус	Белеет парус одинокой В тумане моря голубом!.. Что ищет он в стране далекой? Что кинул он в краю родном?.. Играют волны - ветер свищет, И мачта гнется и скрыпит... Увы! он счастия не ищет И не от счастия бежит! Под ним струя светлей лазури, Над ним луч солнца золотой... А он, мятежный, просит бури, Как будто в бурях есть покой!
P00781	poem	Михаил Лермонтов: Приветствую тебя, воинственных славян...	Приветствую тебя, воинственных славян Святая колыбель! Пришлец из чуждых стран, С восторгом я взирал на сумрачные стены, Через которые столетий перемены Безвредно протекли; где вольности одной Служил тот колокол на башне вечевой, Который отзвонил ее уничтоженье И сколько гордых душ увлек в свое паденье!.. — Скажи мне, Новгород, ужель их больше нет? Ужели Волхов твой не Волхов прежних лет? . . . . . . . . . . . . . . . . . . . . . .
P00782	poem	Михаил Лермонтов: Смело верь тому, что вечно...	Смело верь тому, что вечно, Безначально, бесконечно Что прошло и что настанет, Обмануло иль обманет. Если сердце молодое Встретит пылкое другое, При разлуке, при свиданье Закажи ему молчанье. Всё на свете редко стало — Есть надежды — счастья мало; Не забвение разлука: То — блаженство, это — мука. Если счастьем дорожил ты, То зачем его делил ты? Для чего не жил в пустыне? Иль об этом вспомнил ныне?
P00783	poem	Михаил Лермонтов: Я жить хочу! хочу печали..	Я жить хочу! хочу печали Любви и счастию назло; Они мой ум избаловали И слишком сгладили чело. Пора, пора насмешкам света Прогнать спокойствия туман; Что без страданий жизнь поэта? И что без бури океан? Он хочет жить ценою муки, Ценой томительных забот. Он покупает неба звуки, Он даром славы не берет.
P00784	poem	Михаил Лермонтов: Я счастлив!- тайный яд течёт в моей кров	Я счастлив!- тайный яд течет в моей крови, Жестокая болезнь мне смертью угрожает!.. Дай бог, чтоб так случилось!.. Ни любви, Ни мук умерший уж не знает; Шести досток жилец уединенный, Не эная ничего, оставленный, забвенный, Ни славы зов, ни голос твой Не возмутит надежный мой покой!..
P00785	poem	Михаил Лермонтов: На серебряные шпоры...	На серебряные шпоры Я в раздумии гляжу; За тебя, скакун мой скорый, За бока твои дрожу. Наши предки их не знали И, гарцуя средь степей, Толстой плеткой погоняли Недоезженных коней. Но с успехом просвещенья, Вместо грубой старины, Введены изобретенья Чужеземной стороны; В наше время кормят, холют, Берегут спинную честь... Прежде били — нынче колют!.. Что же выгодней?— Бог весть!..
P00786	poem	Михаил Лермонтов: Посреди небесных тел...	Посреди небесных тел Лик луны туманный, Как он кругл и как он бел, Точно блин с сметаной. Кажду ночь она в лучах Путь проходит млечный. Видно, там на небесах Масленица вечно!
P00787	poem	Михаил Лермонтов: 	Я, матерь божия, ныне с молитвою Пред твоим образом, ярким сиянием, Не о спасении, не перед битвою, Не с благодарностью иль покаянием, Не за свою молю душу пустынную, За душу странника в свете безродного,- Но я вручить хочу деву невинную Теплой заступнице мира холодного. Окружи счастием душу достойную, Дай ей сопутников, полных внимания, Молодость светлую, старость покойную Сердцу незлобному мир упования. Срок ли приблизится часу прощальному В утро ли шумное, в ночь ли бесгласную - Ты восприять пошли к ложу печальному Лучшего ангела душу прекрасную.
P00788	poem	Михаил Лермонтов: Ветка Палестины	Скажи мне, ветка Палестины: Где ты росла, где ты цвела, Каких холмов, какой долины Ты украшением была? У вод ли чистых Иордана Востока луч тебя ласкал, Ночной ли ветр в горах Ливана Тебя сердито колыхал? Молитву ль тихую читали, Иль пели песни старины, Когда листы твои сплетали Солима бедные сыны? И пальма та жива ль поныне? Все так же ль манит в летний зной Она прохожего в пустыне Широколиственной главой? Или в разлуке безотрадной Она увяла, как и ты, И дольний прах ложится жадно На пожелтевшие листы?.. Поведай: набожной рукою Кто в этот край тебя занес? Грустил он часто над тобою? Хранишь ты след горючих слез? Иль, божьей рати лучший воин, Он был с безоблачным челом, Как ты, всегда небес достоин Перед людьми и божеством?.. Заботой тайною хранима Перед иконой золотой, Стоишь ты, ветвь Ерусалима, Святыни верный часовой! Прозрачный сумрак, луч лампады, Кивот и крест, символ святой... Все полно мира и отрады Вокруг тебя и над тобой.
P00789	poem	Михаил Лермонтов: Когда волнуется желтеющая нива...	Когда волнуется желтеющая нива, И свежий лес шумит при звуке ветерка, И прячется в саду малиновая слива Под тенью сладостной зеленого листка; Когда росой обрызганный душистой, Румяным вечером иль утра в час златой, Из-под куста мне ландыш серебристый Приветливо кивает головой; Когда студеный ключ играет по оврагу И, погружая мысль в какой-то смутный сон, Лепечет мне таинственную сагу Про мирный край, откуда мчится он,— Тогда смиряется души моей тревога, Тогда расходятся морщины на челе,— И счастье я могу постигнуть на земле, И в небесах я вижу бога.
P00790	poem	Михаил Лермонтов: Молитва (Я, матерь божия...)	Я, матерь божия, ныне с молитвою Пред твоим образом, ярким сиянием, Не о спасении, не перед битвою, Не с благодарностью иль покаянием, Не за свою молю душу пустынную, За душу странника в мире безродного; Но я вручить хочу деву невинную Теплой заступнице мира холодного. Окружи счастием душу достойную; Дай ей сопутников, полных внимания, Молодость светлую, старость покойную, Сердцу незлобному мир упования. Срок ли приблизится часу прощальному В утро ли шумное, в ночь ли безгласную - Ты восприять пошли к ложу печальному Лучшего ангела душу прекрасную.
P00791	poem	Михаил Лермонтов: Она поет — и звуки тают...	Она поет — и звуки тают, Как поцелуи на устах, Глядит — и небеса играют В ее божественных глазах; Идет ли — все ее движенья, Иль молвит слово — все черты Так полны чувства, выраженья, Так полны дивной простоты.
P00792	poem	Михаил Лермонтов: Смерть поэта	Отмщенье, государь, отмщенье! Паду к ногам твоим: Будь справедлив и накажи убийцу, Чтоб казнь его в позднейшие века Твой правый суд потомству возвестила, Чтоб видел злодеи в ней пример. Погиб поэт!- невольник чести - Пал, оклеветанный молвой, С свинцом в груди и жаждой мести, Поникнув гордой головой!.. Не вынесла душа поэта Позора мелочных обид, Восстал он против мнений света Один, как прежде... и убит! Убит!.. К чему теперь рыданья, Пустых похвал ненужный хор И жалкий лепет оправданья? Судьбы свершился приговор! Не вы ль сперва так злобно гнали Его свободный, смелый дар И для потехи раздували Чуть затаившийся пожар? Что ж? веселитесь... Он мучений Последних вынести не мог: Угас, как светоч, дивный гений, Увял торжественный венок. Его убийца хладнокровно Навел удар... спасенья нет: Пустое сердце бьется ровно, В руке не дрогнул пистолет. И что за диво?... издалека, Подобный сотням беглецов, На ловлю счастья и чинов Заброшен к нам по воле рока; Смеясь, он дерзко презирал Земли чужой язык и нравы; Не мог щадить он нашей славы; Не мог понять в сей миг кровавый, На что он руку поднимал!.. И он убит - и взят могилой, Как тот певец, неведомый, но милый, Добыча ревности глухой, Воспетый им с такою чудной силой, Сраженный, как и он, безжалостной рукой. Зачем от мирных нег и дружбы простодушной Вступил он в этот свет завистливый и душный Для сердца вольного и пламенных страстей? Зачем он руку дал клеветникам ничтожным, Зачем поверил он словам и ласкам ложным, Он, с юных лет постигнувший людей?.. И прежний сняв венок - они венец терновый, Увитый лаврами, надели на него: Но иглы тайные сурово Язвили славное чело; Отравлены его последние мгновенья Коварным шепотом насмешливых невежд, И умер он - с напрасной жаждой мщенья, С досадой тайною обманутых надежд. Замолкли звуки чудных песен, Не раздаваться им опять: Приют певца угрюм и тесен, И на устах его печать. А вы, надменные потомки Известной подлостью прославленных отцов, Пятою рабскою поправшие обломки Игрою счастия обиженных родов! Вы, жадною толпой стоящие у трона, Свободы, Гения и Славы палачи! Таитесь вы под сению закона, Пред вами суд и правда - всё молчи!.. Но есть и божий суд, наперсники разврата! Есть грозный суд: он ждет; Он не доступен звону злата, И мысли, и дела он знает наперед. Тогда напрасно вы прибегнете к злословью: Оно вам не поможет вновь, И вы не смоете всей вашей черной кровью Поэта праведную кровь!
P00793	poem	Михаил Лермонтов: Узник	Отворите мне темницу, Дайте мне сиянье дня, Черноглазую девицу, Черногривого коня. Я красавицу младую Прежде сладко поцелую, На коня потом вскочу, В степь, как ветер, улечу. Но окно тюрьмы высоко, Дверь тяжелая с замком; Черноокая далеко, В пышном тереме своем; Добрый конь в зеленом поле Без узды, один, по воле Скачет, весел и игрив, Хвост по ветру распустив... Одинок я - нет отрады: Стены голые кругом, Тускло светит луч лампады Умирающим огнем; Только слышно: за дверями Звучно-мерными шагами Ходит в тишине ночной Безответный часовой.
P00794	poem	Михаил Ломоносов: На Шишкина	Смеется и поет, он о звездах толкует, То нюхает табак, то карт игру тасует, То слушает у всех, со всеми говорит И делает стихи наш друг архипиит! Увенчан лавром был Марон за стихотворство, Нам чем свово почтить за таково проворство? Уж плохи для него лавровые венки, Нельзя тем увенчать премудрые виски. О чем я так тужу? он будет увенчан: За грош один купить капусты лишь кочан.
P00795	poem	Михаил Ломоносов: ВЕЧЕРНЕЕ РАЗМЫШЛЕНИЕ О БОЖИЕМ ВЕЛИЧЕСТВЕ	Лице свое скрывает день, Поля покрыла мрачна ночь, Взошла на горы чорна тень, Лучи от нас склонились прочь. Открылась бездна звезд полна; Звездам числа нет, бездне дна. Песчинка как в морских волнах, Как мала искра в вечном льде, Как в сильном вихре тонкой прах, В свирепом, как перо, огне, Так я, в сей бездне углублен, Теряюсь, мысльми утомлен! Уста премудрых нам гласят: "Там разных множество светов, Несчетны солнца там горят, Народы там и круг веков; Для общей славы божества Там равна сила естества". Но где ж, натура, твой закон? С полночных стран встает заря! Не солнце ль ставит там свой трон? Не льдисты ль мещут огнь моря? Се хладный пламень нас покрыл! Се в ночь на землю день вступил! О вы, которых быстрый зрак Пронзает в книгу вечных прав, Которым малый вещи знак Являет естества устав, Вам путь известен всех планет; Скажите, что нас так мятет? Что зыблет ясный ночью лучь? Что тонкий пламень в твердь разит? Как молния без грозных тучь Стремится от земли в зенит? Как может быть, чтоб мерзлый пар Среди зимы рождал пожар? Там спорит жирна мгла с водой; Иль солнечны лучи блестят, Склонясь сквозь воздух к нам густой; Иль тучных гор верьхи горят; Иль в море дуть престал зефир, И гладки волны бьют в ефир. Сомнений полон наш ответ О том, что окрест ближних мест. Скажите ж, коль пространен свет? И что малейших дале звезд? Несведом тварей вам конец? Скажите ж, коль велик Творец?
P00796	poem	Михаил Ломоносов: Вечернее размышление о божием величестве	Лице свое скрывает день; Поля покрыла мрачна ночь; Взошла на горы черна тень; Лучи от нас склонились прочь; Открылась бездна звезд полна; Звездам числа нет, бездне дна. Песчинка как в морских волнах, Как мала искра в вечном льде, Как в сильном вихре тонкий прах, В свирепом как перо огне, Так я, в сей бездне углублен, Теряюсь, мысльми утомлен! Уста премудрых нам гласят: Там разных множество светов; Несчетны солнца там горят, Народы там и круг веков: Для общей славы божества Там равна сила естества. Но где ж, натура, твой закон? С полночных стран встает заря! Не солнце ль ставит там свой трон? Не льдисты ль мещут огнь моря? Се хладный пламень нас покрыл! Се в ночь на землю день вступил! О вы, которых быстрый зрак Пронзает в книгу вечных прав, Которым малый вещи знак Являет естества устав, Вам путь известен всех планет,- Скажите, что нас так мятет? Что зыблет ясный ночью луч? Что тонкий пламень в твердь разит? Как молния без грозных туч Стремится от земли в зенит? Как может быть, чтоб мерзлый пар Среди зимы рождал пожар? Там спорит жирна мгла с водой; Иль солнечны лучи блестят, Склонясь сквозь воздух к нам густой; Иль тучных гор верхи горят; Иль в море дуть престал зефир, И гладки волны бьют в эфир. Сомнений полон ваш ответ О том, что окрест ближних мест. Скажите ж, коль пространен свет? И что малейших дале звезд? Несведом тварей вам конец? Скажите ж, коль велик творец?
P00797	poem	Михаил Ломоносов: Ода, выбранная из Иова	Главы 38, 39, 40 и 41 О ты, что в горести напрасно На бога ропщешь, человек, Внимай, коль в ревности ужасно Он к Иову из тучи рек! Сквозь дождь, сквозь вихрь, сквозь град блистая И гласом громы прерывая, Словами небо колебал И так его на распрю звал: Сбери свои все силы ныне, Мужайся, стой и дай ответ. Где был ты, как я в стройном чине Прекрасный сей устроил свет; Когда я твердь земли поставил И сонм небесных сил прославил Величество и власть мою? Яви премудрость ты свою! Где был ты, как передо мною Бесчисленны тьмы новых звезд, Моей возжженных вдруг рукою В обширности безмерных мест, Мое величество вещали; Когда от солнца воссияли Повсюду новые лучи, Когда взошла луна в ночи? Кто море удержал брегами И бездне положил предел, И ей свирепыми волнами Стремиться дале не велел? Покрытую пучину мглою Не я ли сильною рукою Открыл и разогнал туман И с суши сдвигнул Океан? Возмог ли ты хотя однажды Велеть ранее утру быть, И нивы в день томящей жажды Дождем прохладным напоить, Пловцу способный ветр направить, Чтоб в пристани его поставить, И тяготу земли тряхнуть, Дабы безбожных с ней сопхнуть? Стремнинами путей ты разных Прошел ли моря глубину? И счел ли чуд многообразных Стада, ходящие по дну? Отверзлись ли перед тобою Всегдашнею покрыты мглою Со страхом смертные врата? Ты спер ли адовы уста? Стесняя вихрем облак мрачный, Ты солнце можешь ли закрыть, И воздух огустить прозрачный, И молнию в дожде родить, И вдруг быстротекущим блеском И гор сердца трясущим треском Концы вселенной колебать И смертным гнев свой возвещать? Твоей ли хитростью взлетает Орел, на высоту паря, По ветру крила простирает И смотрит в реки и моря? От облак видит он высоких В водах и в пропастях глубоких, Что в пищу я ему послал. Толь быстро око ты ли дал? Воззри в леса на бегемота, Что мною сотворен с тобой; Колючий терн его охота Безвредно попирать ногой. Как верьви сплетены в нем жилы. Отведай ты своей с ним силы! В нем ребра как литая медь; Кто может рог его сотреть? Ты можешь ли Левиафана На уде вытянуть на брег? В самой средине Океана Он быстрый простирает бег; Светящимися чешуями Покрыт, как медными щитами, Копье, и меч, и молот твой Считает за тростник гнилой. Как жернов сердце он имеет, И зубы страшный ряд серпов; Кто руку в них вложить посмеет? Всегда к сраженью он готов; На острых камнях возлегает И твердость оных презирает. Для крепости великих сил Считает их за мягкой ил. Когда ко брани устремится, То море, как котел, кипит, Как печь, гортань его дымится, В пучине след его горит; Сверкают очи раздраженны, Как угль, в горниле раскаленный, Всех сильных он страшит, гоня. Кто может стать против меня? Обширного громаду света Когда устроить я хотел, Просил ли твоего совета Для множества толиких дел? Как персть я взял в начале века, Дабы создати человека, Зачем тогда ты не сказал, Чтоб вид иной тебе я дал? Сие, о смертный, рассуждая, Представь зиждителеву власть, Святую волю почитая, Имей свою в терпеньи часть. Он всё на пользу нашу строит, Казнит кого или покоит. В надежде тяготу сноси И без роптания проси.
P00798	poem	Михаил Ломоносов: Утреннее размышление о божием величестве	Уже прекрасное светило Простерло блеск свой по земли И божие дела открыло: Мой дух, с веселием внемли; Чудяся ясным толь лучам, Представь, каков зиждитель сам! Когда бы смертным толь высоко Возможно было возлететь, Чтоб к солнцу бренно наше око Могло, приближившись, воззреть, Тогда б со всех открылся стран Горящий вечно Океан. Там огненны валы стремятся И не находят берегов; Там вихри пламенны крутятся, Борющись множество веков; Там камни, как вода, кипят, Горящи там дожди шумят. Сия ужасная громада Как искра пред тобой одна. О коль пресветлая лампада Тобою, боже, возжжена Для наших повседневных дел, Что ты творить нам повелел! От мрачной ночи свободились Поля, бугры, моря и лес И взору нашему открылись, Исполненны твоих чудес. Там всякая взывает плоть: Велик зиждитель наш господь! Светило дневное блистает Лишь только на поверхность тел; Но взор твой в бездну проницает, Не зная никаких предел. От светлости твоих очей Лиется радость твари всей. Творец! покрытому мне тьмою Простри премудрости лучи И что угодно пред тобою Всегда творити научи, И, на твою взирая тварь, Хвалить тебя, бессмертный царь.
P00799	poem	Михаил Ломоносов: 	Ночною темнотою Покрылись небеса, Все люди для покою Сомкнули уж глаза. Внезапно постучался У двери Купидон, Приятной перервался В начале самом сон. "Кто так стучится смело?"- Со гневом я вскричал.- "Согрей обмерзло тело,- Сквозь дверь он отвечал.- Чего ты устрашился? Я мальчик, чуть дышу, Я ночью заблудился, Обмок и весь дрожу". Тогда мне жалко стало, Я свечку засветил, Не медливши нимало К себе его пустил. Увидел, что крилами Он машет за спиной, Колчан набит стрелами, Лук стянут тетивой. Жалея о несчастье, Огонь я разложил И при таком ненастье К камину посадил. Я теплыми руками Холодны руки мял, Я крылья и с кудрями До суха выжимал. Он чуть лишь ободрился, "Каков-то,- молвил,- лук, В дожде, чать, повредился". И с словом стрелил вдруг. Тут грудь мою пронзила Преострая стрела И сильно уязвила, Как злобная пчела. Он громко рассмеялся И тотчас заплясал: "Чего ты испугался?- С насмешкою сказал,- Мой лук еще годится, И цел и с тетивой; Ты будешь век крушиться Отнынь, хозяин мой".
P00800	poem	Михаил Ломоносов: 	Лишь только дн вной шум замолк, Надел пастушье платье волк И взял пастушей посох в лапу, Привесил к поясу рожок, На уши вздел широку шляпу И крался тихо сквозь лесок На ужин для добычи к стаду. Увидев там, что Жучко спит, Обняв пастушку, Фирс храпит, И овцы все лежали сряду, Он мог из них любую взять; Но, не довольствуясь убором, Хотел прикрасить разговором И именем овец назвать. Однако чуть лишь пасть разинул, Раздался в роще волчий вой. Пастух свой сладкой сон покинул, И Жучко с ним брос лся в бой; Один дубиной гостя встретил, Другой за горло ухватил; Тут поздно бедной волк приметил, Что чересчур перемудрил, В полах и в рукавах связался И волчьим голосом сказался. Но Фирс недолго размышлял, Убор с него и кожу снял. Я притчу всю коротким толком Могу вам, господа, сказать: Кто в свете сем родился волком, Тому лисицой не бывать.
P00801	poem	Михаил Ломоносов: Жениться хорошо, да много и досады...	Жениться хорошо, да много и досады. Я слова не скажу про женские наряды: Кто мил, на том всегда приятен и убор; Хоть правда, что при том и кошелек неспор. Всего несноснее противные советы, Упрямые слова и спорные ответы. Пример нам показал недавно мужичок, Которого жену в воде постигнул рок. Он, к берегу пришед, увидел там соседа: Не усмотрел ли он, спросил утопшей следа. Сосед советовал вниз берегом идти: Что быстрина туда должна ее снести. Но он ответствовал: "Я, братец, признаваюсь, Что век она жила со мною вопреки; То истинно теперь о том не сомневаюсь, Что, потонув, она плыла против реки".
P00802	poem	Михаил Ломоносов: Лишь только дневной шум замолк...	Лишь только дневной шум замолк, Надел пастушье платье волк И взял пастушей посох в лапу, Привесил к поясу рожок, На уши вздел широку шляпу И крался тихо сквозь лесок На ужин для добычи к стаду. Увидев там, что Жучко спит, Обняв пастушку, Фирс храпит, И овцы все лежали сряду, Он мог из них любую взять; Но, не довольствуясь убором, Хотел прикрасить разговором И именем овец назвать. Однако чуть лишь пасть разинул, Раздался в роще волчий вой. Пастух свой сладкой сон покинул, И Жучко с ним бросился в бой; Один дубиной гостя встретил, Другой за горло ухватил; Тут поздно бедной волк приметил, Что чересчур перемудрил, В полах и в рукавах связался И волчьим голосом сказался. Но Фирс недолго размышлял, Убор с него и кожу снял. Я притчу всю коротким толком Могу вам, господа, сказать: Кто в свете сем родился волком, Тому лисицой не бывать.
P00803	poem	Михаил Ломоносов: Ночною темнотою покрылись небеса...	Ночною темнотою Покрылись небеса, Все люди для покою Сомкнули уж глаза. Внезапно постучался У двери Купидон, Приятной перервался В начале самом сон. "Кто так стучится смело?"- Со гневом я вскричал.- "Согрей обмерзло тело,- Сквозь дверь он отвечал.- Чего ты устрашился? Я мальчик, чуть дышу, Я ночью заблудился, Обмок и весь дрожу". Тогда мне жалко стало, Я свечку засветил, Не медливши нимало К себе его пустил. Увидел, что крилами Он машет за спиной, Колчан набит стрелами, Лук стянут тетивой. Жалея о несчастье, Огонь я разложил И при таком ненастье К камину посадил. Я теплыми руками Холодны руки мял, Я крылья и с кудрями До суха выжимал. Он чуть лишь ободрился, "Каков-то,- молвил,- лук, В дожде, чать, повредился". И с словом стрелил вдруг. Тут грудь мою пронзила Преострая стрела И сильно уязвила, Как злобная пчела. Он громко рассмеялся И тотчас заплясал: "Чего ты испугался?- С насмешкою сказал,- Мой лук еще годится, И цел и с тетивой; Ты будешь век крушиться Отнынь, хозяин мой".
P00804	poem	Михаил Ломоносов: Послушайте, прошу, что старому случилось	Послушайте, прошу, что старому случилось, Когда ему гулять за благо рассудилось. Он ехал на осле, а следом парень шел; И только лишь с горы они спустились в дол, Прохожий осудил тотчас его на встрече: "Ах, как ты малому даешь бресть толь далече?" Старик сошел с осла и сына посадил, И только лишь за ним десяток раз ступил, То люди начали указывать перстами: "Такими вот весь свет наполнен дураками: Не можно ль на осле им ехать обоим?" Старик к ребенку сел и едет вместе с ним. Однако, чуть минул местечка половину, Весь рынок закричал: "Что мучишь так скотину?" Тогда старик осла домой поворотил И, скуки не стерпя, себе проговорил: "Как стану я смотреть на все людские речи, То будет и осла взвалить к себе на плечи".
P00805	poem	Михаил Ломоносов: Устами движет бог; я с ним начну вещать.	Устами движет бог; я с ним начну вещать. Я тайности свои и небеса отверзу, Свидения ума священного открою. Я дело стану петь, несведомое прежним! Ходить превыше звезд влечет меня охота, И облаком нестись, презрев земную низкость.
P00806	poem	Михаил Ломоносов: Я знак бессмертия себе воздвигнул...	Я знак бессмертия себе воздвигнул Превыше пирамид и крепче меди, Что бурный аквилон сотреть не может, Ни множество веков, ни едка древность. Не вовсе я умру; но смерть оставит Велику часть мою, как жизнь скончаю. Я буду возрастать повсюду славой, Пока великий Рим владеет светом. Где быстрыми шумит струями Авфид, Где Давнус царствовал в простом народе, Отечество мое молчать не будет, Что мне беззнатный род препятством не был, Чтоб внесть в Италию стихи эольски И перьвому звенеть Алцейской лирой. Взгордися праведной заслугой, муза, И увенчай главу дельфийским лавром.
P00807	poem	Михаил Ломоносов: Женился Стил, старик без мочи...	Женился Стил, старик без мочи, На Стелле, что в пятнадцать лет, И не дождавшись первой ночи, Закашлявшись, оставил свет. Тут Стелла бедная вздыхала, Что на супружню смерть не тронута взирала.
P00808	poem	Михаил Ломоносов: Письмо к И.И.Шувалову (Прекрасны летни д	Прекрасны летни дни, сияя на исходе, Богатство с красотой обильно сыплют в мир; Надежда радостью кончается в народе; Натура смертным всем открыла общий пир. Созрелые плоды древа отягощают И кажут солнечным румянец свой лучам! И руку жадную пригожством привлекают; Что снят своей рукой, тот слаще плод устам. Сие довольствие и красота всеместна Не токмо жителям обильнейших полей Полезной роскошью является прелестна, Богинь влечет она приятностью своей. Чертоги светлые, блистание металлов Оставив, на поля спешит Елисавет; Ты следуешь за ней, любезный мой Шувалов, Туда, где ей Цейлон и в севере цветет, Где хитрость мастерства, преодолев природу, Осенним дням дает весны прекрасной вид И принуждает вверх скакать высоко воду, Хотя ей тягость вниз и жидкость течь велит. Толь многи радости, толь разные утехи Не могут от тебя Парнасских гор закрыть. Тебе приятны коль российских муз успехи, То можно из твоей любви к ним заключить. Ты, будучи в местах, где нежность обитает, Как взглянешь на поля, как взглянешь на плоды, Воспомяни, что мой покоя дух не знает, Воспомяни мое раченье и труды. Меж стен и при огне лишь только обращаюсь ; Отрада вся, когда о лете я пишу; О лете я пишу, а им не наслаждаюсь И радости в одном мечтании ищу. Однако лето мне с весною возвратится, Я оных красотой и в зиму наслаждусь, Когда мой дух твоим приятством ободрится, Которое взнести я на Парнас потщусь.
P00809	poem	Михаил Ломоносов: К И.И.Шувалову (Спасибо за грибы...)	Спасибо за грибы, челом за ананас, За вина сладкие; я рад, что не был квас. Российско кушанье сразилось с перуанским, А если бы и квас влился в кишки с шанпанским, Те сделался бы в них такой же разговор, Какой меж стряпчими в суде бывает спор. Я думал уж и так, что в брюхо ... забился, И, выпустить хотя, я чуть не надсадился.
P00810	poem	Михаил Ломоносов: Искусные певцы всегда в напевах тщатся..	Искусные певцы всегда в напевах тщатся, Дабы на букве А всех доле остояться; На Е, на О притом умеренность иметь; Чрез У и через И с поспешностью лететь: Чтоб оным нежному была приятность слуху, А сими не принесть несносной скуки уху. Великая Москва в языке толь нежна, Что А произносить за О велит она. В музыке что распев, то над словами сила; Природа нас блюсти закон сей научила. Без силы береги, но с силой берега, И снеги без нее мы говорим снега. Довольно кажут нам толь ясные доводы, Что ищет наш язык везде от И свободы. Или уж стало иль; коли уж стало коль; Изволи ныне все везде твердят изволь. За спиши спишь, и спать мы говорим за спати. На что же, Трисотин, к нам тянешь И некстати? Напрасно злобной сей ты предприял совет, Чтоб, льстя тебе, когда российской принял свет Свиныи визги вси и дикии и злыи И истинныи ти, и лживы и кривыи. Языка нашего небесна красота Не будет никогда попранна от скота. От яду твоего он сам себя избавит И вред сей выплюнув, поверь, тебя заставит Скончать твой скверной визг стонанием совы, Негодным в русской стих и пропастным увы!
P00811	poem	Михаил Ломоносов: Зубницкому	Безбожник и ханжа, подметных писем враль! Твой мерзкой склад давно и смех нам и печаль: Печаль, что ты язык российской развращаешь, А смех, что ты тем злом затмить достойных чаешь. Наплюем мы на страм твоих поганых врак: Уже за тридцать лет ты записной дурак; Давно изгага всем читать твои синички, Дорогу некошну, вонючие лисички; Никто не поминай нам подлости ходуль И к пьянству твоему потребных красоуль. Хоть ложной святостью ты Бородой скрывался, Пробин, на злость твою взирая, улыбался: Учения его и чести и труда Не можешь повредить ни ты, ни Борода.
P00812	poem	Михаил Ломоносов: О страх! о ужас! гром! ты дернул за штан	О страх! о ужас! гром! ты дернул за штаны, Которы подо ртом висят у сатаны. Ты видишь, он зато свирепствует и злится, Дырявой красной нос, халдейска печь, дымится, Огнем и жупелом исполнены усы, О как бы хорошо коптить в них колбасы! Козлята малые родятся с бородами: Коль много почтены они перед попами! О польза, я одной из сих пустых бород Недавно удобрял бесплодный огород. Уже и прочие того ж себе желают И принести плоды обильны обещают. Чего не можно ждать от толь мохнатых лиц, Где в тучной бороде премножество площиц? Сидят и меж собой, как люди, рассуждают, Других с площицами бород не признавают И проклинают всех, кто молвит про козлов: Возможно ль быть у них толь много волосов?
P00813	poem	Михаил Ломоносов: Взойди, веселый дух, на ону высоту...	Взойди, веселый дух, на ону высоту, Где видеть можно лет Петровых красоту, Парящие простри на нынешней день мысли, Желания к нему и плески все исчисли. Между болот, валов и страшных всем врагов Торги, суды, полки, и флот, и град готов. Как с солнцем восстают к брегам Индейским воды, Так в устья Невские лились к Петру народы. Представь движение и ветьвей, и зыбей, Представить можешь шум от множества людей. Бегут во след его, друг друга утесняют, На чудные дела и на него взирают. Несчетны тщатся тьмы вместиться в малый храм, Равняют веку час и тесность небесам. У всех в устах сей день и подвиги Петровы, Трудиться купно с ним и умереть готовы. Всевышний благодать и ныне к нам простер: Мы видим в наши дни сих радостей пример. Елисавет в лице Петрове почитаем, На внука с правнуком, как на него, взираем.
P00814	poem	Михаил Ломоносов: К Пахомию	Пахомей говорит, что для святого слова Риторика ничто; лишь совесть будь готова. Ты будешь казнодей, лишь только стань попом И стыд весь отложи. Однако врешь, Пахом. Начто риторику совсем пренебрегаешь? Ее лишь ты одну, и то худенько знаешь. Василий, Златоуст, церковные столпы, Учились долее, как нынешни попы. Гомера, Пиндара, Димосфена читали И проповедь свою их штилем предлагали, Натуру, общую всей прочей твари мать, Небес, земли, морей, старались испытать; Дабы творца чрез то по мере сил постигнуть И важностью вещей сердца людски подвигнуть, Не ставили за стыд из басен выбирать, Чем к праведным делам возможно преклонять. Ты словом божиим незнанье закрываешь И больше тех мужей у нас быть уповаешь; Ты думаешь, Пахом, что ты уж Златоуст! Но мы уверены о том, что мозг твой пуст. Нам слово божие чувствительно, любезно, И лишь во рте твоем бессильно, бесполезно. Нравоучением преславной Телемак Стократ полезнее твоих нескладных врак.
P00815	poem	Михаил Ломоносов: Фортуну вижу я в тебе или Венеру...	Фортуну вижу я в тебе или Венеру И древнего дивлюсь художества примеру. Богиня по всему, котора ты ни будь, Ты руку щедрую потщилась протянуть. Когда Венера ты, то признаю готову Любителю наук и знаний Воронцову Златое яблоко отдать за доброту, Что присудил тебе Парис за красоту. Когда ж Фортуна ты, то верю несумненно, Что счастие его пребудет непременно, Что так недвижно ты установила круг, Коль истинен патрон и коль он верен друг.
P00816	poem	Михаил Ломоносов: Эпитафия (Под сею кочкою оплачь...)	Под сею кочкою оплачь, прохожей, пчелку, Что не ленилася по мед летать на стрелку, Из губ подьяческих там сладости сбирать: Кутья у них стоит, коль хочешь поминать.
P00817	poem	Михаил Ломоносов: 	Случились вместе два Астр нома в пиру И спорили весьма между собой в жару. Один твердил: земля, вертясь, круг Солнца ходит; Другой, что Солнце все с собой планеты водит: Один Коперник был, другой слыл Птолемей. Тут повар спор решил усмешкою своей. Хозяин спрашивал: "Ты звезд теченье знаешь? Скажи, как ты о сем сомненье рассуждаешь?" Он дал такой ответ: "Что в том Коперник прав, Я правду докажу, на Солнце не бывав. Кто видел простака из поваров такова, Который бы вертел очаг кругом жаркова?"
P00818	poem	Михаил Ломоносов: Мышь некогда, любя святыню...	Мышь некогда, любя святыню, Оставила прелестной мир, Ушла в глубокую пустыню, Засевшись вся в галланской сыр.
P00819	poem	Михаил Ломоносов: Оставь, смущенный дух, презрение сует...	Оставь, смущенный дух, презрение сует И представляй себе благополучным свет. Смотри, коль ясный день среди его сияет И очи, и сердца, и мысли восхищает. Ты в близости его меж множеством отрад: Там волны, там ключи, там древ листы шумят; У храма, у цветов, у счастливого леса Ты видишь щедру дщерь Российского Зевеса. Минерва по всему: в ней всех доброт союз Приветствует Парнас и похваляет муз. О вселюбезный Глас, животворяще Слово! Я чувствую к стопам в себе стремленье ново. Коль сильно Иппокрен в России потечет, Когда напишется над ним Елисавет.
P00820	poem	Михаил Ломоносов: Свинья в лисьей коже	Надела на себя Свинья Лисицы кожу, Кривляя рожу, Моргала, Таскала длинной хвост и, как лиса, ступала; Итак, во всем она с лисицей сходна стала. Догадки лишь одной свинье недостает: Натура смысла всем свиньям не подает. Но где ж могла свинья лисицы кожу взять? Нетрудно то сказать. Лисица всем зверям подобно умирает, Когда она себе найти, где есть, не знает. И люди с голоду на свете много мрут, А паче те, которы врут. Таким от рока суд бывает, Он хлеб их отымает И путь им ко вранью тем вечно пресекает. В наряде сем везде пошла свинья бродить И стала всех бранить. Лисицам всем прямым, ругаясь, говорила: «Натура-де меня одну лисой родила, А вы-де все ноги не стоите моей, Затем что родились от подлых вы свиней. Теперя в гости я сидеть ко льву сбираюсь, Лишь с ним я повидаюсь, Ему я буду друг, Не делая услуг. Он будет сам стоять, а я у него лягу. Неужто он меня так примет как бродягу?» Дорогою свинья вела с собою речь: «Не думаю, чтоб лев позволил мне там лечь, Где все пред ним стоят знатнейши света звери; Однако в те же двери И я к нему войду. Я стану перед ним, как знатной зверь, в виду». Пришла пред льва свинья и милости просила, Хоть подлая и тварь, но много говорила, Однако всё врала, И с глупости она ослом льва назвала. Не вшел тем лев Во гнев. С презреньем на нее он глядя рассмеялся И так ей говорил: «Я мало бы тужил, Когда б с тобой, свинья, вовеки не видался; Тотчас знал я, Что ты свинья, Так тщетно тщилась ты лисою подбегать, Чтоб врать. Родился я во свет не для свиных поклонов; Я не страшуся громов, Нет в свете сем того, что б мой смутило дух. Была б ты не свинья, Так знала бы, кто я, И знала б, обо мне какой свет носит слух». И так наша свинья пред львом не полежала, Пошла домой с стыдом, но идучи роптала, Ворчала, Мычала, Кричала, Визжала И в ярости себя стократно проклинала, Потом сказала: «Зачем меня несло со львами спознаваться, Когда мне рок велел всегда в грязи валяться».
P00821	poem	Михаил Ломоносов: Случились вместе два Астронома в пиру...	Случились вместе два Астронома в пиру И спорили весьма между собой в жару. Один твердил: земля, вертясь, круг Солнца ходит; Другой, что Солнце все с собой планеты водит: Один Коперник был, другой слыл Птолемей. Тут повар спор решил усмешкою своей. Хозяин спрашивал: "Ты звезд теченье знаешь? Скажи, как ты о сем сомненье рассуждаешь?" Он дал такой ответ: "Что в том Коперник прав, Я правду докажу, на Солнце не бывав. Кто видел простака из поваров такова, Который бы вертел очаг кругом жаркова?"
P00822	poem	Михаил Ломоносов: Стихи, сочиненные на дороге в Петергоф	Кузнечик дорогой, коль много ты блажен, Коль больше пред людьми ты счастьем одарен! Препровождаешь жизнь меж мягкою травою И наслаждаешься медвяною росою. Хотя у многих ты в глазах презренна тварь, Но в самой истине ты перед нами царь; Ты ангел во плоти, иль, лучше, ты бесплотен! Ты скачешь и поешь, свободен, беззаботен, Что видишь, всё твое; везде в своем дому, Не просишь ни о чем, не должен никому.
P00823	poem	Михаил Ломоносов: Я долго размышлял и долго был в сомненье	Я долго размышлял и долго был в сомненье, Что есть ли на землю от высоты смотренье; Или по слепоте без ряду всё течет, И промыслу с небес во всей вселенной нет. Однако, посмотрев светил небесных стройность, Земли, морей и рек доброту и пристойность, Премену дней, ночей, явления луны, Признал, что божеской мы силой созданы.
P00824	poem	Михаил Ломоносов: Блаженство общества всядневно возрастает	Блаженство общества всядневно возрастает; Монархиня труды к трудам соединяет. Стараясь о добре великих нам отрад, О воспитании печется малых чад; Дабы, что в Отчестве оставлено презренно, Приобрело ему сокровище бесценно; И чтоб из тяжкого для общества числа Воздвигнуть с нравами похвальны ремесла. Рачители добра грядущему потомству! Внемлите с радостью полезному питомству: Похвально дело есть убогих призирать, Сугуба похвала для пользы воспитать; Натура то гласит, повелевает вера. Внемлите важности монаршего примера: Екатерина вас предводит к чести сей, Спешите щедростью, как верностью, за ней.
P00825	poem	Николай Карамзин: Выздоровление	Нежная матерь Природа! Слава тебе! Снова твой сын оживает! Слава тебе! Сумрачны дни мои были. Каждая ночь Медленным годом казалась Бедному мне. Желчию облито было Все для меня; Скука, уныние, горесть Жили в душе. Черная кровь возмущала Ночи мои Грозными, страшными снами, Адской мечтой. Томное сердце вздыхало Ночью и днем. Тронули матерь Природу Вздохи мои. Перст ее, к сердцу коснувшись, Кровь разжидил; Взор ее светлый рассеял Мрачность души. Все для меня обновилось; Всем веселюсь: Солнцем, зарею, звездами, Ясной луной. Сон мой приятен и кроток; Солнечный луч Снова меня призывает К радости дня.
P00826	poem	Николай Карамзин: Граф Гваринос	Древняя гишпанская историческая песня Худо, худо, ах, французы, В Ронцевале было вам! Карл Великий там лишился Лучших рыцарей своих. И Гваринос был поиман Многим множеством врагов; Адмирала вдруг пленили Семь арабских королей. Семь раз жеребей бросают О Гвариносе цари; Семь раз сряду достается Марлотесу он на часть. Марлотесу он дороже Всей Аравии большой. "Ты послушай, что я молвлю, О Гваринос!- он сказал,- Ради Аллы, храбрый воин, Нашу веру приими! Все возьми, чего захочешь, Что приглянется тебе. Дочерей моих обеих Я Гвариносу отдам; На любой из них женися, А другую так возьми, Чтоб Гвариносу служила, Мыла, шила на него. Всю Аравию приданым Я за дочерью отдам". Тут Гваринос слово молвил; Марлотесу он сказал: "Сохрани господь небесный И Мария, мать его, Чтоб Гваринос, христианин, Магомету послужил! Ах! во Франции невеста Дорогая ждет меня!" Марлотес, пришедши в ярость, Грозным голосом сказал: "Вмиг Гвариноса окуйте, Нечестивого раба; И в темницу преисподню Засадите вы его. Пусть гниет там понемногу, И умрет, как бедный червь! Цепи тяжки, в семь сот фунтов, Возложите на него, От плеча до самой шпоры".- Страшен в гневе Марлотес! "А когда настанет праздник, Пасха, Святки, Духов день, В кровь его тогда секите Пред глазами всех людей". Дни проходят, дни проходят, И настал Иванов день; Христиане и арабы Вместе празднуют его. Христиане сыплют галгант*; Мирты мечет всякий мавр**. В почесть празднику заводит Разны игры Марлотес. Он высоко цель поставил, Чтоб попасть в нее копьем. Все свои бросают копья, Все арабы метят в цель. Ах, напрасно! нет удачи! Цель для слабых высока. Марлотес велел во гневе Чрез герольда объявить: "Детям груди не сосати, А большим не пить, не есть, Если цели сей на землю Кто из мавров не сшибет!" И Гваринос шум услышал В той темнице, где сидел. "Мать святая, чиста дева! Что за день такой пришел? Не король ли ныне вздумал Выдать замуж дочь свою? Не меня ли сечь жестоко Час презлой теперь настал?" Страж темничный то подслушал. "О Гваринос! свадьбы нет; Ныне сечь тебя не будут; Трубный звук не то гласит... Ныне праздник Иоаннов; Все арабы в торжестве. Всем арабам на забаву Марлотес поставил цель. Все арабы копья мечут, Но не могут в цель попасть; Почему король во гневе Чрез герольда объявил: "Пить и есть никто не может, Буде цели не сшибут". Тут Гваринос встрепенулся; Слово молвил он сие: "Дайте мне коня и сбрую, С коей Карлу я служил; Дайте мне копье булатно, Коим я врагов разил. Цель тотчас сшибу на землю, Сколь она ни высока. Если ж я сказал неправду, Жизнь моя у вас в руках". "Как!- на то тюремщик молвил, Ты семь лет в тюрьме сидел, Где другие больше года Не могли никак прожить; И еще ты думать можешь, Что сшибешь на землю цель? - Я пойду сказать инфанту, Что теперь ты говорил". Скоро, скоро поспешает Страж темничный к королю; Приближается к инфанту И приносит весть ему: "Знай: Гваринос-христианин, Что в тюрьме семь лет сидит, Хочет цель сшибить на землю, Если дашь ему коня". Марлотес, сие услышав, За Гвариносом послал; Царь не думал, чтоб Гваринос Мог еще конем владеть. Он велел принесть всю сбрую И коня его сыскать. Сбруя ржавчиной покрыта, Конь возил семь лет песок. "Ну, ступай!- сказал с насмешкой Марлотес, арабский царь,- Покажи нам, храбрый воин, Как сильна рука твоя!" Так, как буря разъяренна, К цели мчится сей герой; Мечет он копье булатно - На земле вдруг цель лежит. Все арабы взволновались, Мечут копья все в него; Но Гваринос, воин смелый, Храбро их мечом сечет. Солнца свет почти затмился От великого числа Тех, которые стремились На Гвариноса все вдруг. Но Гваринос их рассеял И до Франции достиг, Где все рыцари и дамы С честью приняли его. * Индейское растение. (Прим. автора.) ** В день св. Иоанна гишпанцы усыпали улицы галгантом и миртами. (Прим. автора.)
P00827	poem	Николай Карамзин: Осень	Веют осенние ветры В мрачной дубраве; С шумом на землю валятся Желтые листья. Поле и сад опустели; Сетуют холмы; Пение в рощах умолкло - Скрылися птички. Поздние гуси станицей К югу стремятся, Плавным полетом несяся В горних пределах. Вьются седые туманы В тихой долине; С дымом в деревне мешаясь, К небу восходят. Странник, стоящий на холме, Взором унылым Смотрит на бледную осень, Томно вздыхая. Странник печальный, утешься! Вянет природа Только на малое время; Все оживится, Все обновится весною; С гордой улыбкой Снова природа восстанет В брачной одежде. Смертный, ах! вянет навеки! Старец весною Чувствует хладную зиму Ветхия жизни.
P00828	poem	Николай Карамзин: Веселый час	Братья, рюмки наливайте! Лейся через край, вино! Все до капли выпивайте! Осушайте в рюмках дно! Мы живем в печальном мире; Всякий горе испытал - В бедном рубище, в порфире - Но и радость бог нам дал. Он вино нам дал на радость,- Говорит святой Мудрец,- Старец в нем находит младость, Бедный - горестям конец. Кто все плачет, все вздыхает, Вечно смотрит сентябрем - Тот науки жить не знает И не видит света днем. Все печальное забудем, Что смущало в жизни нас; Петь и радоваться будем В сей приятный, сладкий час! Да светлеет сердце наше, Да сияет в нем покой, Как вино сияет в чаше, Осребряемо луной!
P00829	poem	Николай Карамзин: Кладбище	Один голос Страшно в могиле, хладной и темной! Ветры здесь воют, гробы трясутся, Белые кости стучат. Другой голос Тихо в могиле, мягкой, покойной. Ветры здесь веют; спяшим прохладно; Травки, цветочки растут. Первый Червь кровоглавый точит умерших, В черепах желтых жабы гнездятся, Змии в крапиве шипят. Вторый Крепок сон мертвых, сладостен, кроток; В гробе нет бури; нежные птички Песнь на могиле поют. Первый Там обитают черные враны, Алчные птицы; хищные звери С ревом копают в земле. Вторый Маленький кролик в травке зеленой С милой подружкой там отдыхает; Голубь на веточке спит. Первый Сырость со мглою, густо мешаясь, Плавают тамо в воздухе душном: Древо без листьев стоит. Вторый Тамо струится в воздухе светлом Пар благовонный синих фиалок, Белых ясминов, лилей. Первый Странник боится мертвой юдоли; Ужас и трепет чувствуя в сердце, Мимо кладбища спешит. Вторый Странник усталый видит обитель Вечного мира — посох бросая, Там остается навек.
P00830	poem	Николай Карамзин: Эпитафии (Небесная душа...)	Одна нежная мать просила меня сочинить надгробную надпись для умершей двулетней дочери ее. Я предложил ей на выбор следующие пять эпитафий; она выбрала последнюю и приказала вырезать ее на гробе. Небесная душа на небо возвратилась, К источнику всего, в объятия Отца. Пороком здесь она еще не омрачилась; Невинностью своей пленяла все сердца. И на земле она, как ангел, улыбалась: Что ж там, на небесах? В объятиях земли покойся, милый прах! Небесная душа, ликуй на небесах! Едва блеснула в ней небесная душа, И к Солнцу всех миров поспешно возвратилась. Покойся, милый прах, до радостного утра!
P00831	poem	Николай Карамзин: Законы осуждают...	(Песня из повести "Остров Борнгольм") Законы осуждают Предмет моей любви; Но кто, о сердце, может Противиться тебе? Какой закон святее Твоих врожденных чувств? Какая власть сильнее Любви и красоты? Люблю - любить ввек буду. Кляните страсть мою, Безжалостные души, Жестокие сердца! Священная Природа! Твой нежный друг и сын Невинен пред тобою. Ты сердце мне дала; Твои дары благие Украсили ее,- Природа! ты хотела, Чтоб Лилу я любил! Твой гром гремел над нами, Но нас не поражал, Когда мы наслаждались В объятиях любви. О Борнгольм, милый Борнгольм! К тебе душа моя Стремится беспрестанно; Но тщетно слезы лью, Томлюся и вздыхаю! Навек я удален Родительскою клятвой От берегов твоих! Еще ли ты, о Лила, Живешь в тоске своей? Или в волнах шумящих Скончала злую жизнь? Явися мне, явися, Любезнейшая тень! Я сам в волнах шумящих С тобою погребусь.
P00832	poem	Николай Карамзин: К соловью	Пой во мраке тихой рощи, Нежный, кроткий соловей! Пой при свете лунной нощи! Глас твой мил душе моей. Но почто ж рекой катятся Слезы из моих очей, Чувства ноют и томятся От гармонии твоей? Ах! я вспомнил незабвенных, В недрах хладныя земли Хищной смертью заключенных; Их могилы заросли Все высокою травою. Я остался сиротою... Я остался в горе жить, Тосковать и слезы лить!.. С кем теперь мне наслаждаться Нежной песнию твоей? С кем Природой утешаться? Все печально без друзей! С ними дух наш умирает, Радость жизни отлетает; Сердцу скучно одному - Свет пустыня, мрак ему. Скоро ль песнию своею, О любезный соловей, Над могилою моею Будешь ты пленять людей?
P00833	poem	Николай Карамзин: Тацит	Тацит велик; но Рим, описанный Тацитом, --------------Достоин ли пера его? В сем Риме, некогда геройством знаменитом, Кроме убийц и жертв не вижу ничего. --------------Жалеть о нем не должно: Он стоил лютых бед несчастья своего, Терпя, чего терпеть без подлости не можно!
P00834	poem	Николай Языков: Баян к русскому воину	Посвящено А. А. Воейковой Стоит - за олтари святые, За богом венчанных царей, За гробы праотцев родные, За жен, отцов и за детей. Лобанов О бранный витязь! ты печален, Один, с поникшею главой, Ты бродишь, мрачный и немой, Среди могил, среди развалин; Ты видишь в родине своей Следы пожаров и мечей. И неужель трава забвенья Успеет вырость на гробах, Пока не вспыхнет в сих полях Война решительного мщенья? Или замолкла навсегда Твоя за родину вражда? Твои отцы славяне были, Железом страшные врагам; Чужие руки их рукам Не цепи - злато приносили. И не свобода ль им дала Их знаменитые дела? Когда с толпой отважных братий Ты грозно кинешься на бой,- Кто сильный сдержит пред тобой Врагов тьмочисленные рати? Кто сгонит бледность с их лица При виде гневного бойца? Рука свободного сильнее Руки, измученной ярмом,- Так с неба падающий гром Подземных грохотов звучнее, Так песнь победная громчей Глухого скрежета цепей! Не гордый дух завоеваний Зовет булат твой из ножон: За честь, за веру грянет он В твоей опомнившейся длани - И перед челами татар Не промахнется твой удар! На бой, на бой!- И жар баянов С народной славой оживет, И арфа смелых пропоет: "Конец владычеству тиранов: Ужасен хан татарский был, Но русский меч его убил!"
P00835	poem	Николай Языков: В.М.Княжевичу	Они прошли и не придут, Лета неверных наслаждений, Когда, презрев высокий труд, Искал я счастия во мраке заблуждений. Младый поклонник суеты, На лире, дружбой ободренной, Чуть знаемый молвой и славою забвенный, Я пел беспечность и мечты; Но гордость пламенного нрава На новый путь меня звала, Чего-то лучшего душа моя ждала: Хвалы друзей - еще не слава! Я здесь, я променял на сей безвестный кров Безумной младости забавы, Веселый света шум на тишину трудов И жажду нег - на жажду славы. Моих желаний не займут Толпы невежд рукоплесканья, Оракулы веков душе передадут И жар отважных дум, и смелость упованья. Когда на своде голубом Выходит месяц величавый И вечер пасмурным крылом Оденет дерптские дубравы, Один, под кровом тишины, Я здесь беседую с минувшими веками; Героев призраки из мрака старины Встают передо мной шумящими рядами, И я приветствую родных богатырей, И слышу силу их ударов; Пред взорами - холмы разорванных цепей И море бурное пожаров! Какой роскошный пир восторгам и мечтам! Как быстро грудь моя трепещет, В очах огонь поэта блещет, И рвется длань моя к струнам! Очистив юный ум в горниле просвещенья, Я стану петь дела воинственных славян, И яркие лучи святого вдохновенья Прорежут древности туман. Ты, радуясь душой, услышишь песнь свободы В живой гармонии стихов, Как с горной высоты внимает сын природы Победоносный крик орлов.
P00836	poem	Николай Языков: Зима пришла	Как рада девица-краса Зимы веселому приходу, Как ей любезны небеса За их замерзнувшую воду! С какою радостью она, Сквозь потемневшего окна, Глядит на снежную погоду! И вдруг жива и весела Бежит к подруге своей бальной И говорит ей триумфально: "Зима пришла! Зима пришла!" Воспитанник лесной Дианы, Душою радуясь, глядит, Как помертвелые поляны Зима роскошно серебрит; Порою осени унылой Ходить с ружьем совсем не мило: И льется дождь, и ветр шумит, Но выпал снег, прощай терпенье! Его охота ожила, И говорит он в восхищенье: "Зима пришла! Зима пришла!" Казны служитель не безвинный Как рая, зимней ждет поры: Плохой барыш с продажи винной Весной и в летние жары: Крестьяне заняты работой; Он зрит с печальною зевотой Цереры добрые дары; Но вот зима - и непрестанно Торговля ездить начала - И он кричит, восторгом пьяный: "Зима пришла! Зима пришла!" Питомцу музы не отрада И пылкой музе не сладка Зимы суровая прохлада: В лесу мороз, стоит река, Повсюду мрачное молчанье - И где ж певцу очарованье, Восторг и мирты для венка? Он взглянет на землю - пустыня, Не небо взглянет - небо спит; Но если юноше велит Душой и разумом богиня Прославить зимние дела,- В поэте радость оживает И. вдохновенный, восклицает: "Зима пришла! Зима пришла!"
P00837	poem	Николай Языков: Песнь барда во время...	О, стонати Рускои земли, помянувше пръвую годину- и пръвых князей! Где вы, краса минувших лет, Баянов струны золотые, Певицы вольности, и славы, и побед, Народу русскому родные? Бывало: ратники лежат вокруг огней По брегу светлого Дуная, Когда тревога боевая Молчит до утренних лучей. Вдали - туманом покровенный Стан греков, и над ним, грозна Как щит, в бою окровавленный, Восходит полная луна! И тихий сон во вражьем стане; Но там, где вы, сыны снегов, Там вдохновенный на кургане Поет деянья праотцов - И персты вещие летают По звонким пламенным струнам, И взоры воинов сверкают, И рвутся длани их к мечам! Наутро солнце лишь восстало - Проснулся дерзостный булат: Валятся греки - ряд на ряд, И их полков - как не бывало! И вы сокрылися, века полночной славы, Побед и вольности века! Так сокрывается лик солнца величавый За громовые облака. Но завтра солнце вновь восстанет… А мы… нам долго цепи влечь; Столетья протекут - и русский меч не грянет Тиранства гордого о меч. Неутомимые страданья Погубят память об отцах, И гений рабского молчанья Воссядет, вечный, на гробах. Теперь вотще младый баян На голос предков запевает: Жестоких бедствий ураган Рабов полмертвых оглушает; И он, дрожащею рукой Подняв холодные железы, Молчит, смотря на них сквозь слезы, С неисцелимою тоской!
P00838	poem	Николай Языков: Песня (Душа героев и певцов...)	Душа героев и певцов, Вино любезно и студенту: Оно его между цветов Ведет к ученому патенту. Проснувшись вместе с петухом, Он в тишине читает Канта; Но день прошел - и вечерком Он за вино от фолианта. И каждый день его, как сон, Пленяя чувства, пролетает: За книгой не скучает он, А за бокалом кто ж скучает? Свободой жизнь его красна, Ее питомец просвещенный - Он капли милого вина Не даст за скипетры вселенной!
P00839	poem	Николай Языков: Песня (Мы пьем - так рыцари пивали...)	Мы пьем - так рыцари пивали, Поем - они так не певали: Их бранный дух, их грубый вкус От чаши гнали милых муз. Веселость пасынков Рорбаха* Была безумна и неряха: Бывало, в замке за столом Сидят в бронях перед вином. И всякий в буйности природной Кричит, что пьяному угодно, И непристойность глупых слов Слетает нагло с языков. Но мы, друзья, не то, что деды: Мы песни призвали в беседы, Когда веселье - наш кумир - Сзывает нас за шумный пир. Великолепными рядами Сидим за длинными столами, И всякой, глядя на бокал, Поет, как Гете приказал. Слова: отрада и свобода В устах у пьяного народа При звуке чоканья гремят, И всяк друг другу - друг и брат! Мы пьем — так рыцари пивали, Поем — они так не певали. * Винно фон Рорбах, первый гроссмейстер лифляндских рыцарей (Прим. Н.Языкова.)
P00840	poem	Николай Языков: Песня (От сердца дружные с вином...)	От сердца дружные с вином, Мы вольно, весело живем: Указов царских не читаем, Права студентские поем, Права людские твердо знаем; И, жадны радости земной, Мы ей - и телом и душой! Когда рогатая луна На тверди пасмурной видна,- Обнявши деву молодую, Лежим - и чувствует она Студента бодрость удалую. И, суеверие людей, Не ожидай от нас мощей! Наш ум свободен; и когда, Как не гремит карет езда, И молчаливо пешеходы Глядят, как вечера звезда Сребрит стихающие воды,- Бродя по городу гурьбой, Поем и вольность и покой! От сердца дружные с вином, Мы шумно, весело живем, Добро и славу обожаем, Чинов мы ищем не ползком, О том, что будет, не мечтаем; Но радость верную любя, Пока мы живы - для себя!
P00841	poem	Николай Языков: Песня (Полней стаканы, пейте в лад!..)	Полней стаканы, пейте в лад! Перед вином - благоговенье: Ему торжественный виват! Ему - коленопреклоненье! Герой вином разгорячен, На смерть отважнее стремится; Певец поет, как Аполлон, Умея Бахусу молиться. Любовник, глядя на стакан, Измену милой забывает, И счастлив он, покуда пьян, Затем что трезвый он страдает. Скажу короче: в жизни сей Без Вакха людям все досада: Анакреон твердит нам: пей! А мы прибавим: до упада. Полней стаканы, пейте в лад! Перед вином благоговенье; Ему торжественный виват! Ему - коленопреклоненье!
P00842	poem	Николай Языков: Песня (Страшна дорога через свет...)	Страшна дорога через свет; Непьяный вижу я дорогу, А пьян - до ней мне дела нет, Я как слепой - и слава богу! Мечта и сон - наш век земной; Мечта?- Я с Бахусом мечтаю, И сон?- За чашей круговой Я не скорее ль засыпаю? Что шаг - то грех: как не почтить Совета веры неподложной? Напьемся так, чтобы ходить Нам было вовсе невозможно. Известно всем, что в наши дни За речи многие страдали: Напьемся так, чтобы они Во рту же нашем умирали. Что было, есть, что впереди, Об этом трезвый рассуждает, А пьяный - мир хоть пропади, Его ничто не занимает.
P00843	poem	Николай Языков: Песня (Счастлив, кому судьбою дан...)	Счастлив, кому судьбою дан Неиссякаемый стакан: Он бога ни о чем не просит, Не поклоняется молве И думы тягостной не носит В своей нетрезвой голове. С утра до вечера ему Не скучно - даже одному: Не занятый газетной скукой, Сидя с вином, не знает он, Как царь, политик близорукий, Или осмеян, иль смешон. Пускай святой триумвират Европу судит невпопад, Пускай в Испании воюют За гордой вольности права - Виновных дел не критикуют Его невинные слова. Вином и весел и счастлив, Он - для одних восторгов жив. И меж его и царской долей Не много разницы найдем: Царь почивает на престоле, А он - забывшись - под столом.
P00844	poem	Николай Языков: А.С.Пушкину (Не вовсе чуя бога света...)	Не вовсе чуя бога света В моей неполной голове, Не веря ветреной молве, Я благосклонного привета - Клянусь парнасским божеством, Клянуся юности дарами: Наукой, честью и вином И вдохновенными стихами - В тиши безвестности не ждал От сына музы своенравной, Равно - торжественной и славной И высшей рока и похвал. Певец единственной забавы, Певец вакхических картин, И ...ских дев и ...ских вин, И прозелит журнальной славы, . . . . . . . . . . . . . . . . . . . . . . . . . . . . . . . . . . . . . . . . . . . . . Так я тебя благодарю. Бог весть, что в мире ожидает Мои стихи, что буду я На темном поле бытия, Куда неопытность моя Меня зачем-то порывает; Но будь что будет - не боюсь; В бытописаньи русских муз Меня твое благоволенье Предаст в другое поколенье, И сталь плешивого косца, Всему ужасная, не скосит Тобой хранимого певца. Так камень с низменных полей Носитель Зевсовых огней, Играя, на гору заносит. * См. А.Пушкин.
P00845	poem	Николай Языков: Евпатий	"Ты знаешь ли, витязь, ужасную весть?- В рязанские стены вломились татары! Там сильные долго сшибались удары, Там долго сражалась с насилием честь, Но всё победили Батыевы рати: Наш град - пепелище, и князь наш убит!"- Евпатию бледный гонец говорит, И, страшно бледнея, внимает Евпатий. "О витязь! я видел сей день роковой: Багровое пламя весь град обхватило, Как башня, спрямилось, как буря, завыло; На стогнах смертельный свирепствовал бой, И крики последних молитв и проклятий В дыму заглушали звенящий булат - Всё пало... и небо стерпело сей ад!" Ужасно бледнея, внимает Евпатий. Где-где по широкой долине огонь Сверкает во мраке ночного тумана,- То грозная рать победителя хана Покоится; тихи воитель и конь; Лишь изредка, черной тревожимый грезой, Татарин впросонках с собой говорит, То, вздрогнув, безмолвный, поднимет свой щит, То схватит свое боевое железо. Вдруг... что там за топот в ночной тишине? "На битву, на битву!"- взывают татары. Откуда ж свершитель отчаянной кары? Не всё ли погибло в крови и в огне? Отчизна, отчизна! под латами чести Есть сильное чувство, живое, одно... Полмертвую руку подъемлет оно С последним ударом решительной мести. Не синее море кипит и шумит, Почуя незапный набег урагана,- Шумят и волнуются ратники хана; Оружие блещет, труба дребезжит, Толпы за толпами, как тучи густые, Дружину отважных стесняют кругом; Сто копий сражаются с русским копьем... И пало геройство под силой Батыя. Редеет ночного тумана покров, Утихла долина убийства и славы. Кто сей на долине убийства и славы Лежит, окруженный телами врагов? Уста уж не кличут бестрепетных братий, Уж кровь запеклася в отверстиях лат, А длань еще держит кровавый булат: Сей падший воитель свободы - Евпатий!
P00846	poem	Николай Языков: Муза (Богиня струн пережила...)	Богиня струн пережила Богов и грома и булата; Она прекрасных рук в оковы не дала Векам тиранства и разврата. Они пришли; повсюду смерть и брань, В венце раскованная сила, Ее бессовестная длань Алтарь изящного разбила; Но с праха рушенных громад, Из тишины опустошенья, Восстал - величествен и млад - Бессмертный ангел вдохновенья.
P00847	poem	Николай Языков: Н.Д.Киселеву (Скажи, как жить...)	Скажи, как жить мне без тебя? Чем врачеваться мне от скуки? Любя немецкие науки И немцев вовсе не любя, Кому, собою недовольный, Поверю я мои стихи, Мечты души небогомольной И запрещенные грехи? В стране, где юность странным жаром Невольной вольности кипит, Где жизнь идет, а не летит, Где любят в долг, дарят не даром, Где редки русские умы, Где редки искры вдохновенья,- Где царь и глупость - две чумы - Еше не портят просвещенья,- Любили вместе мы делить Веселой младости досуги И страсть правительство бранить За всероссийские недуги.- Мелькали быстро дни мои: Я знал не купленное счастье В раю мечтательной любви И в идеальном сладострастье; Но я предвижу, милый мой, Что скоро сбудется со мной. Живя одним воспоминаньем, Я лучших дней не призову,- И отягчит мою главу Тоска с несбыточным желаньем. Мои свободные мечты И песни музы горделивой Заменит мне покой сонливый, И жизни глупой суеты Меня прельстят утехой лживой,- И прочь прекрасное! Но ты - Свидетель милой наготы Моей поэзии шутливой... Пускай тебе сии мечты В веселый час представят живо Лихие шалости любви... О! вспомни вольного собрата И важной дланью дипломата Моих стихов не изорви!
P00848	poem	Николай Языков: Слава богу	О, слава богу, слава богу! Я не влюблен, свободен я; Я выбрал лучшую дорогу На скучной степи бытия: Не занят светом и молвою, Я знаю тихие мечты, И не поклонник красоты, И не обманут красотою!
P00849	poem	Николай Языков: Элегия (Еще молчит гроза народа...)	Еще молчит гроза народа, Еще окован русский ум, И угнетенная свобода Таит порывы смелых дум. О! долго цепи вековые С рамен отчизны не спадут, Столетья грозно протекут,- И не пробудится Россия!
P00850	poem	Николай Языков: Элегия (Зачем божественной хариты...)	Зачем божественной хариты В ней расцветает красота? Зачем так пурпурны ланиты? Зачем так сладостны уста? Она в душе не пробуждает Святых желаний, светлых дум; При ней безумье не скучает И пламенный хладеет ум. Стихов гармония живая Невнятно, дико ей звучит: Она очами не сверкая Поэта имя говорит. Кто хочет, жди ее награды... Но, гордый славою своей, Поэт не склонит перед ней Свои возвышенные взгляды! Так след убогого челна Струя бессильная лобзает, Когда могучая волна Через него перелетает.
P00851	poem	Николай Языков: Элегия (Не улетай...)	Не улетай, не улетай, Живой мечты очарованье! Ты возвратило сердцу рай — Минувших дней воспоминанье. Прошел, прошел их милый сон, Но все душа за ним стремится И ждет: быть может, снова он Хотя однажды ей приснится... Так путник в ранние часы, Застигнут ужасами бури, С надеждой смотрит на красы Где-где светлеющей лазури!
P00852	poem	Николай Языков: Элегия (Поэту радости и хмеля...)	Поэту радости и хмеля, И мне судил могучий рок Нравоучительного Леля Полезный вытвердить урок: Я испытал любви желанье, Ее я пел, ее я ждал; Безумно было ожиданье, Бездушен был мой идеал. Моей тоски, моих приветов Не понял слепок божества - И все пропали без ответов Мои влюбленные слова. Но был во мне - и слава богу!- Избыток мужественных сил: Я на прекрасную дорогу Опять свой ум поворотил; Я разгулялся понемногу - И глупость страсти роковой В душе исчезла молодой... Так с пробудившейся поляны Слетают темные туманы; Так, слыша выстрел, кулики На воздух мечутся с реки.
P00853	poem	Николай Языков: Элегия (Свободы гордой вдохновенье...)	Свободы гордой вдохновенье! Тебя не слушает народ: Оно молчит, святое мщенье, И на царя не восстает. Пред адской силой самовластья, Покорны вечному ярму, Сердца не чувствуют несчастья И ум не верует уму. Я видел рабскую Россию: Перед святыней алтаря, Гремя цепьми, склонивши выю, Она молилась за царя.
P00854	poem	Николай Языков: А.Н.Вульфу (Мой брат...)	Мой брат по вольности и хмелю! С тобой согласен я: годна В усладу пламенному Лелю Твоя Мария Дирина. Порой горят ее ланиты, Порой цветут ее уста, И грудь роскошна и чиста, И томен взор полузакрытый! В ней много жизни и огня; В игре заманчивого танца Она пленяет и меня, И белобрысого лифляндца; Она чувствительна, добра И знает бога песнопений; Ей не годится и для тени Вся молодая немчура. Все хорошо, мой друг, но то ли Моя красавица? Она — Завоевательница воли И для поэтов создана! Она меня обворожила: Какая сладость на устах, Какая царственная сила В ее блистательных очах! Она мне всё. Ее творенья — Мои живые вдохновенья, Мой пламень в сердце и стихах. И я ль один, ездок Пегаса, Скачу и жду ее наград? Разнобоярщина Парнаса Ее поет наперехват — И тайный Глинка, и Евгений, И много всяческих имен... О! слава Богу! я влюблен В звезду любви и вдохновений!
P00855	poem	Николай Языков: В альбом Ш. К. (Доверчивый, простосердеч	Доверчивый, простосердечный, Безумно следуя мечте, Дается юноша беспечно В неволю хитрой красоте; Кипит, ликует, возвышается Его надежда; перед ним Мир очарованный является Безбрежным, ясным и святым. Он долго рабствует прекрасной, Он богом идола зовет; Но сон проходит сладострастный И в то же сердце не придет! Счастлив, когда любви волнение Он своевольно усмирил И стыд, и гордость, и презрение Для ней во нраве сохранил.
P00856	poem	Николай Языков: Гений	Когда, гремя и пламенея, Пророк на небо улетал - Огонь могучий проникал Живую душу Елисея: Святыми чувствами полна, Мужала, крепла, возвышалась, И вдохновеньем озарялась, И бога слышала она! Так гений радостно трепещет, Свое величье познает, Когда пред ним гремит и блещет Иного гения полет; Его воскреснувшая сила Мгновенно зреет для чудес... И миру новые светила - Дела избранника небес!
P00857	poem	Николай Языков: Две картины	Прекрасно озеро Чудское, Когда над ним светило дня Из синих вод, как шар огня, Встает в торжественном покое: Его красой озарена, Цветами радуги играя, Лежит равнина водяная, Необозрима и пышна; Прохлада утренняя веет, Едва колышутся леса; Как блестки золота, светлеет Их переливная роса; У пробудившегося брега Стоят, готовые для бега, И тихо плещут паруса; На лодку мрежи собирая, Рыбак взывает и поет, И песня русская, живая Разносится по глади вод. Прекрасно озеро Чудское, Когда блистательным столбом Светило искрится ночное В его кристалле голубом: Как тень, отброшенная тучей, Вдоль искривленных берегов Чернеют образы лесов, И кое-где огонь плавучий Горит на челнах рыбаков; Безмолвна синяя пучина, В дубровах мрак и тишина, Небес далекая равнина Сиянья мирного полна; Лишь изредка, с богатым ловом Подъемля сети из воды, Рыбак живит веселым словом Своих товарищей труды; Или путем дугообразным С небесных падая высот, Звезда над озером блеснет, Огнем рассыплется алмазным И в отдаленьи пропадет.
P00858	poem	Николай Языков: Извиненье	Я не исполнил обещанья: Не всё и плохо написал; Но я прекрасного желал, Но я имею оправданья Во глубине моей души, Они довольно хороши. Я жажду славы и свободы, А что пророчат мне мечты? Предвижу царство пустоты И прозаические годы... Во имя бога и природы, Не веря сердцу и уму, Уже сбегаются народы К позолоченному ярму; Награда вам — и корм и ласки, А служба скромная легка: Не беспокоить седока И верно слушаться указки! Жестоки наши времена, На троне глупость боевая! Прощай, поэзия святая, И здравствуй, рабства тишина!
P00859	poem	Николай Языков: Молитва	Молю святое провиденье: Оставь мне тягостные дни, Но дай железное терпенье, Но сердце мне окамени. Пусть, неизменен, жизни новой Приду к таинственным вратам, Как Волги вал белоголовый Доходит целый к берегам.
P00860	poem	Николай Языков: Настоящее (Вчера гуляла непогода...)	Элегия Вчера гуляла непогода, Сегодня то же, что вчера,- И я от утра до утра Уныл и мрачен, как природа. Не то, не то в душе моей, Что восхитительно и мило, Что сердце юноше сулило Для головы и для очей: Болезнь встревоженного духа Мне дум высоких не дает, И, как сибирская пищуха, Моя поэзия поет.
P00861	poem	Николай Языков: Поэт свободен. Что награда...	Поэт свободен. Что награда Его высокого труда? Не милость царственного взгляда, Не золото и не звезда! Служа несозданному богу, Он даст ли нашим божествам Назначить мету и дорогу Своим торжественным мечтам? Он даст ли творческий свой гений В земные цепи заковать, Его ль на подвиг вдохновений Коварной лаской вызывать?
P00862	poem	Николай Языков: Сон (Все негой сладостной объемлет...)	Все негой сладостной объемлет Царица сумрака и сна - Зачем душа моя не дремлет, Зачем тревожится она? Я сам себя не понимаю: Чего-то жажду, что-то есть, В чем сердце я разуверяю, Чего ему не перенесть. Опять тоска, опять волненье! Надолго взор ее очей Зажег мое воображенье И погасил в груди моей К любви давнишнее презренье. Морфей! Слети на Трубадура, Дай мне спасительную ночь, И богородицу Амура, И думы тягостные прочь. NB. Не всякому слуху веруйте; но испытуйте духи; есть бо дух божий и дух льстечь. Сибирская летопись
P00863	poem	Николай Языков: Элегия (Она меня очаровала...)	Она меня очаровала, Я в ней нашел все красоты, Все совершенства идеала Моей возвышенной мечты. Напрасно я простую долю У небожителей просил И мир души и сердца волю Как драгоценности хранил. Любви чарующая сила, Как искра Зевсова огня, Всего меня воспламенила, Всего проникнула меня. Пускай не мне ее награды; Она мой рай, моя звезда В часы вакхической отрады, В часы покоя и труда. Я бескорыстно повинуюсь Порывам страсти молодой И восхищаюсь и любуюсь Непобедимою красой.
P00864	poem	Николай Языков: Элегия (Счастлив, кто с юношеских дней..	Счастлив, кто с юношеских дней, Живыми чувствами убогой, Идет проселочной дорогой К мете таинственной своей! Кто рассудительной душою Без горьких опытов узнал Всю бедность жизни под луною, И ничему не доверял! Зачем не мне такую долю Определили небеса? Идя по жизненному полю, Твержу: мой рай, моя краса, А вижу лишь мою неволю!
P00865	poem	Николай Языков: Эпилог (Когда-нибудь, порою скуки...)	Когда-нибудь, порою скуки, Бродя очами по листам, Где сердца радости и муки Я бескорыстно славил вам, Где жаром страсти небывалой Я песни сонные живил, Когда мне чувств недоставало, А ум и в ум не приходил,— Над безобразными строками Вы бегло вспомните о мне, Поэте, созданном лишь вами В непоэтической стране. Прошу стихи мои улыбкой, Их не читая, наградить: В них музы нет, не может быть, Они написаны ошибкой. Теперь прощайте — бог дороги Пусть вас покоит и хранит И лошадей чухонских ноги Проворным бегом одарит; Не видя туч, не слыша грома, Стрелой неситесь по полям И будьте веселы, как дома,— А впрочем, как угодно вам!
P00866	poem	Николай Языков: Аделаиде	Ланит и персей жар и нега, Живые груди, блеск очей, И волны ветреных кудрей... О друг! ты Альфа и Омега Любви возвышенной моей! С минуты нашего свиданья Мои пророческие сны, Мои кипучие желанья Все на тебя устремлены. Предайся мне: любви забавы И песнью громкой воспою И окружу лучами славы Младую голову твою.
P00867	poem	Николай Языков: К няне А. С. Пушкина	Свет Родионовна, забуду ли тебя? В те дни, как, сельскую свободу возлюбя, Я покидал для ней и славу, и науки, И немцев, и сей град профессоров и скуки,- Ты, благодатная хозяйка сени той, Где Пушкин, не сражен суровою судьбой, Презрев людей, молву, их ласки, их измены, Священнодействовал при алтаре Камены,- Всегда приветами сердечной доброты Встречала ты меня, мне здравствовала ты, Когда чрез длинный ряд полей, под зноем лета, Ходил я навещать изгнанника-поэта, И мне сопутствовал приятель давний твой, Ареевых наук питомец молодой. Как сладостно твое святое хлебосольство Нам баловало вкус и жажды своевольство! С каким радушием - красою древних лет - Ты набирала нам затейливый обед! Сама и водку нам и брашна подавала, И соты, и плоды, и вина уставляла На милой тесноте старинного стола! Ты занимала нас - добра и весела - Про стародавних бар пленительным рассказом: Мы удивлялися почтенным их проказам, Мы верили тебе - и смех не прерывал Твоих бесхитростных суждений и похвал; Свободно говорил язык словоохотный, И легкие часы летали беззаботно! См. Пушкин.
P00868	poem	Николай Языков: Песня (Всему человечеству...)	Всему человечеству Заздравный стакан, Два полных - отечеству И славе славян, Свободе божественной, Лелеющей нас, Кругом и торжественно По троице в раз! Поэзии сладостной, И миру наук, И буйности радостной, И удали рук, Труду и безделию, Любви пировать, Вину и веселию Четыре да пять! Очам возмутительным И персям живым, Красоткам чувствительным, Красоткам лихим, С природою пылкою, С дешевой красой, Последней бутылкою - И всё из одной! Кружится, склоняется Моя голова, Но дух возвышается, Но громки слова! Восторгами пьяными Разнежился я. Стучите стаканами И пойте, друзья!
P00869	poem	Николай Языков: Песня (Из страны, страны далекой...)	Из страны, страны далекой, С Волги-матушки широкой, Ради сладкого труда, Ради вольности высокой Собралися мы сюда. Помним холмы, помним долы, Наши храмы, наши села, И в краю, краю чужом Мы пируем пир веселый И за родину мы пьем. Благодетельною силой С нами немцев подружило Откровенное вино; Шумно, пламенно и мило Мы гуляем заодно. И с надеждою чудесной Мы стакан, и полновесный, Нашей Руси - будь она Первым царством в поднебесной, И счастлива и сильна!
P00870	poem	Николай Языков: К... (Милы очи ваши ясны...)	Милы очи ваши ясны И огнем души полны, Вы божественно прекрасны, Вы умно просвещены; Всеобъемлющего Гете Понимаете вполне, А не в пору вы цветете В этой бедной стороне. Ни ко вздохам вещей груди, Ни к словам разумных уст Нечувствительны здесь люди — Человек здесь груб и пуст: Много вам тоски и скуки. Дай же Бог вам долго жить — Мир умнеет: наши внуки Будут вас боготворить.
P00871	poem	Николай Языков: Пловец (Нелюдимо наше море...)	Нелюдимо наше море, День и ночь шумит оно; В роковом его просторе Много бед погребено. Смело, братья! Ветром полный Парус мой направил я: Полетит на скользки волны Быстрокрылая ладья! Облака бегут над морем, Крепнет ветер, зыбь черней, Будет буря: мы поспорим И помужествуем с ней. Смело, братья! Туча грянет, Закипит громада вод, Выше вал сердитый встанет, Глубже бездна упадет! Там, за далью непогоды, Есть блаженная страна: Не темнеют неба своды, Не проходит тишина. Но туда выносят волны Только сильного душой!.. Смело, братья, бурей полный Прям и крепок парус мой.
P00872	poem	Николай Языков: Водопад	Море блеска, гул, удары, И земля потрясена; То стеклянная стена О скалы раздроблена, То бегут чрез крутояры Многоводной Ниагары Ширина и глубина! Вон пловец! Его от брега Быстриною унесло; В синий сумрак водобега Упирает он весло... Тщетно! бурную стремнину Он не силен оттолкнуть; Далеко его в пучину Бросит каменная круть! Мирно гибели послушный, Убрал он свое весло; Он потупил равнодушно Безнадежное чело; Он глядит спокойным оком... И к пучине волн и скал Роковым своим потоком Водопад его помчал. Море блеска, гул, удары, И земля потрясена; То стеклянная стена О скалы раздроблена, То бегут чрез крутояры Многоводной Ниагары Ширина и глубина!
P00873	poem	Николай Языков: Бессонница	Что мечты мои волнует На привычном ложе сна? На лицо и грудь мне дует Свежим воздухом весна, Тихо очи мне целует Полуночная луна. Ты ль, приют восторгам нежным, Радость юности моей, Ангел взором безмятежным, Ангел прелестью очей, Персей блеском белоснежным, Мягких золотом кудрей! Ты ли мне любви мечтами Прогоняешь мирны сны? Ты ли свежими устами Навеваешь свет луны, Скрыта легкими тенями Соблазнительной весны? Благодатное виденье, Тихий ангел! успокой, Усыпи души волненье, Чувства жаркие напой И даруй мне утомленье, Освященное тобой!
P00874	poem	Николай Языков: И. В. Киреевскому (Щеки нежно пурпуровы.	Щеки нежно пурпуровы У прелестницы моей; Золотисты и шелковы Пряди легкие кудрей; Взор приветливо сияет, Разговорчивы уста; В ней красуется, играет Юной жизни полнота! Но ее на ложе ночи, Мой товарищ, не зови! Не целуй в лазурны очи Поцелуями любви: В них огонь очарований Носит дева-красота; Упоительных лобзаний Не впивай в свои уста: Ими негу в сердце вдует, Мглу на разум наведет, Зацелует, околдует И далеко унесет!
P00875	poem	Николай Языков: Им	Много вашими устами Пил я меду и вина; Вдохновенными стихами Пел я ваши имена! И в разгульном хоре звуков, Целы, счастливы, они Будут жить у дальних внуков, Прославляя наши дни: Там на юношеском пире Слово молвится подчас В похвалу и гордой лире, Веселившейся о вас,— И при громе восклицаний В честь увенчанных имен, Сбереженных без прозваний Умной людскостью времен, Кстати вместе возгласится Имя доброе мое И поэту наградится Всё подлунное житье!
P00876	poem	Николай Языков: К. К. Яниш (Вы, чьей душе...)	Вы, чьей душе во цвете лучших лет Небесные знакомы откровенья, Всё, чем высок полет воображенья, Чем горд и пламенен поэт,— И два венка, один другого краше, На голове свилися молодой, Зеленый лавр поэзии чужой И бриллианты музы вашей! Вы силою волшебной дум своих Прекрасную торжественность мне дали, Вы на златых струнах переиграли Простые звуки струн моих. И снова мне и ярче воссияла Минувших дней счастливая звезда, И жаждою священною труда Живее грудь затрепетала. Я чувствую: завиден жребий мой, Есть и во мне благословенье бога, И праведна житейская дорога, Беспечно выбранная мной. Не кланяюсь пустому блеску мира, Не слушаю слепой его молвы: Я выше их... Да здравствуйте же вы И ваша творческая лира!
P00877	poem	Николай Языков: Конь	Жадно, весело он дышит Свежим воздухом полей: Сизый пар кипит и пышет Из пылающих ноздрей. Полон сил, удал на воле, Громким голосом заржал, Встрепенулся конь - и в поле Бурноногий поскакал! Скачет, блещущий глазами, Дико голову склонил; Вдоль по ветру он волнами Черну гриву распустил. Сам как ветер: круть ли встанет На пути? Отважный прянет - И на ней уж! Ляжет ров И поток клубится?- Мигом Он широким перепрыгом Через них - и был таков! Веселися, конь ретивый! Щеголяй избытком сил! Ненадолго волны гривы Вдоль по ветру ты пустил! Ненадолго жизнь и воля Разом бурному даны, И холодный воздух поля, И отважны крутизны, И стремнины роковые,- Скоро, скоро под замок! Тешь копыта удалые, Свой могучий бег и скок! Снова в дело, конь ретивый! В сбруе легкой и красивой, И блистающий седлом, И бренчащий поводами, Стройно-верными шагами Ты пойдешь под седоком.
P00878	poem	Николай Языков: Мечтания	Поэта пламенных созданий Не бойся, дева; сила их Не отучнит твоих желаний И не понизит дум твоих. Когда в воздушные соблазны И безграничные мечты, В тот мир, всегда разнообразный И полный свежей красоты, Тебя, из тягостного мира Телесных мыслей и забот, Его пророческая лира На крыльях звуков унесет, Ты беззаботно предавайся Очарованью твоему, Им сладострастно упивайся И гордо радуйся ему: В тот час, как ты вполне забылась Сим творческим, высоким сном, Ты в божество преобразилась, Живешь небесным бытием!
P00879	poem	Николай Языков: Пловец (Воют волны...)	Воют волны, скачут волны! Под тяжелым плеском волн Прям стоит наш парус полный, Быстро мчится легкий челн, И расталкивает волны, И скользит по склонам волн! Их, порывами вздувая, Буря гонит ряд на ряд; Разгулялась волновая; Буйны головы шумят, Друг на друга набегая, Отшибаяся назад! Но глядите: перед нами, Вдоль по темным облакам, Разноцветными зарями Отливаясь там и там, Золотыми полосами День и небо светят нам. Пронесися, мрак ненастный! Воссияй, лазурный свод! Разверни свой день прекрасный Надо всем простором вод: Смолкнут бездны громогласны, Их волнение падет! Блещут волны, плещут волны! Под стеклянным брызгом волн Прям стоит наш парус полный, Быстро мчится легкий челн, Раздвигая сини волны И скользя по склонам волн!
P00880	poem	Николай Языков: Поэту (Когда с тобой сроднилось вдохнове	Когда с тобой сроднилось вдохновенье, И сильно им твоя трепещет грудь, И видишь ты свое предназначенье, И знаешь свой благословенный путь; Когда тебе на подвиг всё готово, В чем на земле небесный явен дар, Могучей мысли свет и жар И огнедышащее слово,- Иди ты в мир - да слышит он пророка, Но в мире будь величествен и свят: Не лобызай сахарных уст порока И не проси и не бери наград. Приветно ли сияет багряница? Ужасен ли венчанный произвол? Невинен будь, как голубица, Смел и отважен, как орел! И стройные, и сладостные звуки Поднимутся с гремящих струн твоих; В тех звуках раб свои забудет муки, И царь Саул заслушается их; И жизнию торжественно-высокой Ты процветешь - и будет век светло Твое открытое чело И зорко пламенное око! Но если ты похвал и наслаждений Исполнился желанием земным,- Не собирай богатых приношений На жертвенник пред господом твоим: Он на тебя немилосердно взглянет, Не примет жертв лукавых; дым и гром Размечут их - и жрец отпрянет, Дрожащий страхом и стыдом!
P00881	poem	Николай Языков: Утро	Пурпурово-золотое На лазурный неба свод Солнце в царственном покое Лучезарно восстает; Ночь сняла свои туманы С пробудившейся земли; Блеском утренним поляны, Лес и холмы расцвели. Чу! как ярко и проворно, Вон за этою рекой, Повторяет отзыв горный Звук волынки полевой! Чу! скрыпят уж воротами, Выезжая из села, И дробится над водами Плеск рыбачьего весла. Ранний свет луча дневного Озарил мой тайный путь; Сладко воздуха лесного Холод мне струится в грудь: Молодая трепетала, Новым пламенем полна, Нежно, быстро замирала - Утомилася она! Скоро ль в царственном покое За далекий синий лес Пурпурово-золотое Солнце скатится с небес? Серебристыми лучами Изукрасит их луна, И в селе, и над водами Снова тень и тишина!
P00882	poem	Николай Языков: Элегия (Блажен, кто мог на ложе ночи...)	Т. Д. Блажен, кто мог на ложе ночи Тебя руками обогнуть; Челом в чело, очами в очи, Уста в уста и грудь на грудь! Кто соблазнительный твой лепет Лобзаньем пылким прерывал И смуглых персей дикий трепет То усыплял, то пробуждал!.. Но тот блаженней, дева ночи, Кто в упоении любви Глядит на огненные очи, На брови дивные твои, На свежесть уст твоих пурпурных, На черноту младых кудрей, Забыв и жар восторгов бурных, И силы юности своей!
P00883	poem	Николай Языков: Элегия (Ночь безлунная звездами...)	Ночь безлунная звездами Убирала синий свод; Тихи были зыби вод; Под зелеными кустами Сладко, дева-красота, Я сжимал тебя руками; Я горячими устами Целовал тебя в уста; Страстным жаром подымались Перси полные твои; Разлетаясь, развивались Черных локонов струи; Закрывала, открывала Ты лазурь своих очей; Трепетала и вздыхала Грудь, прижатая к моей. Под ночными небесами Сладко, дева-красота, Я горячими устами Целовал тебя в уста... Небесам благодаренье! Здравствуй, дева-красота! То играло сновиденье, Бестелесная мечта!
P00884	poem	Петр Вяземский: 	Наш свет - театр; жизнь - драма; содержатель - Судьба; у ней в руке всех лиц запас: Министр, богач, монах, завоеватель В условный срок выходит напоказ. Простая чернь, отброшенная знатью, В последний ряд отталкивают нас. Но платим мы издержки их проказ, И уж зато подчас, без дальних справок, Когда у них в игре оплошность есть, Даем себе потеху с задних лавок За свой алтын освистывать их честь.
P00885	poem	Петр Вяземский: Наш свет - театр; жизнь - драма...	Наш свет - театр; жизнь - драма; содержатель - Судьба; у ней в руке всех лиц запас: Министр, богач, монах, завоеватель В условный срок выходит напоказ. Простая чернь, отброшенная знатью, В последний ряд отталкивают нас. Но платим мы издержки их проказ, И уж зато подчас, без дальних справок, Когда у них в игре оплошность есть, Даем себе потеху с задних лавок За свой алтын освистывать их честь.
P00886	poem	Петр Вяземский: Вписавшись в цех зоилов строгих...	Вписавшись в цех зоилов строгих, Будь и к себе ты судия. Жуковский пишет для немногих, А ты для одного себя.
P00887	poem	Петр Вяземский: Два живописца	В столицу съехались портретны мастера, Петр плох, но с деньгами; соперник Рафаэлю — Иван, но без гроша. От утра до утра То женщин, то мужчин малюет кисть Петра; Иван едва ли кисть и раз возьмет в неделю. За что ж им от судьбы не равен так дележ? Портрет Петра был льстив, портрет Ивана — схож.
P00888	poem	Петр Вяземский: Василий Львович милый! здравствуй!..	Василий Львович милый! здравствуй! Я бью челом на новый год! Веселье, мир с тобою царствуй, Подагру черт пусть поберет. Пусть смотрят на тебя красотки Как за двадцать смотрели лет, И говорят — на зов твой ходки — Что не стареется поэт. Пусть цедится рукою Вакха В бокал твой лучший виноград, И будешь пить с Толстым без страха, Что за плечами Гиппократ. Пусть Феб умножит в двадцать первый На рифмы у тебя расход, И кляп наложится Минервой Всем русским Вральманам на рот. Пусть Вестник, будто бы Европы, По-европейски говорит, И разных глупостей потопы Рассудка солнце осушит. Пусть нашим ценсорам дозволят Дозволить мысли вход в печать; Пусть баре варварства не холят И не невежничает знать. Будь в этот год, другим не равный: Все наши умники умны, Менандры невские забавны, А Еврипиды не смешны, Исправники в судах исправны, Полковники не палачи, Министры не самодержавны, А стражи света не сычи. Пусть щук поболе народится, Чтоб не дремали караси; Пусть белых негров прекратится Продажа на святой Руси. Но как ни будь и в слове прыток, Всего нельзя спустить с пера; Будь в этот год нам в зле убыток И прибыль в бюджете добра.
P00889	poem	Петр Вяземский: Пусть остряков союзных тупость...	Пусть остряков союзных тупость Готовит на меня свой нож: Против меня глупцы!— так что ж? Да за меня их глупость.
P00890	poem	Петр Вяземский: Простоволосая головка	Простоволосая головка, Улыбчивость лазурных глаз, И своенравная уловка, И блажь затейливых проказ - Все в ней так молодо, так живо, Так не похоже на других, Так поэтически игриво, Как Пушкина веселый стих. Пусть спесь губернской прозы трезвой, Чинясь, косится на нее, Поэзий живой и резвой Она всегда возьмет свое. Она пылит, она чудесит, Играет жизнью, и шутя, Она влечет к себе и бесит, Как своевольное дитя. Она дитя, резвушка, мальчик, Но мальчик, всем знакомый нам, Которого лукавый пальчик Грозит и смертным и богам. У них во всем одни приемы, В сердца играют заодно; Кому глаза ее знакомы, Того уж сглазили давно. Ее игрушка - сердцеловка, Поймает сердце и швырнет; Простоголовая головка Всех поголовно поберет!
P00891	poem	Петр Вяземский: Русский бог	Нужно ль вам истолкованье, Что такое русский бог? Вот его вам начертанье, Сколько я заметить мог. Бог метелей, бог ухабов, Бог мучительных дорог, Станций - тараканьих штабов, Вот он, вот он, русский бог. Бог голодных, бог холодных, Нищих вдоль и поперек, Бог имений недоходных, Вот он, вот он, русский бог. Бог грудей и ... отвислых, Бог лаптей и пухлых ног, Горьких лиц и сливок кислых, Вот он, вот он, русский бог. Бог наливок, бог рассолов, Душ, представленных в залог, Бригадирш обоих полов, Вот он, вот он, русский бог. Бог всех с анненской на шеях, Бог дворовых без сапог, Бог в санях при двух лакеях, Вот он, вот он, русский бог. К глупым полон благодати, К умным беспощадно строг, Бог всего, что есть некстати, Вот он, вот он, русский бог. Бог всего, что из границы, Не к лицу, не под итог, Бог по ужине горчицы, Вот он, вот он, русский бог. Бог бродяжных иноземцев, К нам зашедших за порог, Бог в особенности немцев, Вот он, вот он, русский бог.
P00892	poem	Петр Вяземский: Черные очи	Южные звезды! Черные очи! Неба чужого огни! Вас ли встречают взоры мои На небе хладном бледной полночи? Юга созвездье! Сердца зенит! Сердце, любуяся вами, Южною негой, южными снами Бьется, томится, кипит. Тайным восторгом сердце объято, В вашем сгорая огне; Звуков Петрарки, песней Торквато Ищешь в немой глубине. Тщетны порывы! Глухи напевы! В сердце нет песней, увы! Южные очи северной девы, Нежных и страстных, как вы!
P00893	poem	Петр Вяземский: Дорожная дума	Колокольчик однозвучный, Крик протяжный ямщика, Зимней степи сумрак скучный, Саван неба, облака! И простертый саван снежный На холодный труп земли! Вы в какой-то мир безбрежный Ум и сердце занесли. И в бесчувственности праздной, Между бдения и сна, В глубь тоски однообразной Мысль моя погружена. Мне не скучно, мне не грустно,- Будто роздых бытия! Но не выразить изустно, Чем так смутно полон я.
P00894	poem	Петр Вяземский: На Н.А.Полевого	Есть Карамзин, есть Полевой,— В семье не без урода. Вот вам в строке одной Исторья русского народа. Что пользы в том, что ты речист, Что корчишь важную осанку? Историк ты и журналист, Панегирист и пародист, Ты — все... и все ты наизнанку! Бессильный враг, ты тупо жалишь; Раздолье, смех твоим врагам; Бездушный друг, ты глупо хвалишь: Беда и страх твоим друзьям.
P00895	poem	Петр Вяземский: Осень 1830 года (Творец зеленых нив...)	Il faisait beau en effet. Comment une idee sinistre aurait elle pu poindre parmi tant de gracieuses sensations? Rien ne m'apparaissait plus sous le meme aspect qu'auparavant. Ce beau soleil, ce ciel si pur, cette jolie freur, tout cela etait blanc et pale de la couleur d'un linceul. Le dernier jour d'un condamne Творец зеленых нив и голубого свода! Как верить тяжело, чтобы твоя природа, Чтобы тот светлый мир, который создал ты, Который ты облек величьем красоты, Могли быть смертному таинственно враждебны; Чтоб воздух, наших сил питатель сей целебный, Внезапно мог на нас предательски дохнуть И язвой лютою проникнуть в нашу грудь; Чтобы земля могла, в благом твоем законе, Заразой нас питать на материнском лоне! Как осень хороша! как чисты небеса! Как блещут и горят янтарные леса В оттенках золотых, в багряных переливах! Как солнце светится в волнах, на свежих нивах! Как сердцу радостно раскрыться и дышать, Любуяся кругом на божью благодать. Средь пиршества земли, за трапезой осенней, Прощальной трапезой, тем смертным драгоценней, Что зимней ночи мрак последует за ней, Как веселы сердца доверчивых гостей. Но горе! тайный враг, незримый, неизбежный, Средь празднества потряс хоругвию мятежной. На ней начертано из букв кровавых: Мор. И что вчера еще увеселяло взор, Что негу чистую по сердцу разливало: Улыбчивых небес лазурное зерцало, Воздушной синевы прозрачность, и лугов Последней зеленью играющий покров, И полные еще дыханьем благовонным Леса, облитые как золотом червонным,— Весь этот пышный храм, святилище красот, Не изменившийся, сегодня уж не тот; Не в радость пестрый лес и ярких гор вершина, Печальным облаком омрачена картина: Тень грозной истины лежит на ней. Она В хладеющую грудь проникнула до дна. Из истин, истина единая живая, Смерть воцарилась, жизнь во лжи изобличая, И сердце, сжатое боязнью и тоской, Слабеет и падет под мыслью роковой. Не верьте небесам: им чувство доверялось, Но сардонически и небо улыбалось. Есть солнце на небе, а бедствует земля. Сияньем праздничным одеяны поля, И никогда пышней не зрелся нам мир божий; Но светлых сих полей владетель и прохожий, Земного царства царь, в владении своем, Один под бич поник униженным челом, Один, среди богатств цветущего наследства, Он предан на земле в добычу зла и бедства. Скорбь в разных образах грозит ему. В борьбе С Протеем нет ему убежища в себе. Один в минувшем он и в будущем несчастен, Один предвидит зло и забывать не властен, Один не страждущий, он страждет о других; То слез своих родник, то в доле слез чужих; Иль жертвой падает, иль из своих объятий На лютый жертвенник он отпускает братий. Во дни кровавые народных непогод, Когда предускорён природы мерный ход, Когда с небес падет карательная клятва, И смерти алчущей сторицей зреет жатва Под знойной яростью убийственных страстей,— Так в жертвах, преданных секирам палачей, Последняя стоит, в живой кончине страха, И очереди ждет, чтоб упразднилась плаха. Отсрочка ей не жизнь, судьбы коварный дар; И вместо, чтоб пресек в ней жизнь один удар, Над нею смерть, свои удары помножая, Страданий лестницей ведет на край от края.
P00896	poem	Петр Вяземский: Тоска	В. И. Бухариной Не знаю я — кого, чего ищу, Не разберу, чем мысли тайно полны; Но что-то есть, о чем везде грущу, Но снов, но слез, но дум, желаний волны Текут, кипят в болезненной груди, И цели я не вижу впереди. Когда смотрю, как мчатся облака, Гонимые невидимою силой,— Я трепещу, меня берет тоска, И мыслю я: «Прочь от земли постылой! Зачем нельзя мне к облакам прильнуть И с ними вдаль лететь куда-нибудь?» Шумит ли ветр? мне на ухо души Он темные нашептывает речи Про чудный край, где кто-то из глуши Манит меня приветом тайной встречи; И сих речей отзывы, как во сне, Твердит душа с собой наедине. Когда под гром оркестра пляски зной Всех обдает веселостью безумной, Обвитая невидимой рукой, Из духоты существенности шумной, Я рвусь в простор иного бытия, И до земли уж не касаюсь я. При блеске звезд в таинственный тот час, Как ночи сон мир видимый объемлет И бодрствует то, что не наше в нас, Что жизнь души,— а жизнь земная дремлет,— В тот час один сдается мне: живу, И сны одни я вижу наяву. Весь мир, вся жизнь загадка для меня, Который нет обещанного слова. Всё мнится мне: я накануне дня, Который жизнь покажет без покрова; Но настает обетованный день, И предо мной всё та же, та же тень.
P00897	poem	Петр Вяземский: К старому гусару	Эй да служба! эй да дядя! Распотешил старина! На тебя, гусар мой, глядя, Сердце вспыхнуло до дна. Молодые ночи наши Разгорелись в ярких снах; Будто пиршеские чаши Снова сохнут на губах. Будто мы не устарели - Вьется локон вновь в кольцо; Будто дружеской артели Все ребята налицо. Про вино ли, про свой ус ли, Или прочие грехи Речь заводишь - словно гусли, Разыграются стихи. Так и скачут, так и льются, Крупно, звонко, горячо, Кровь кипит, ушки смеются, И задергало плечо. Подмывают, как волною. Душу грешника, прости! Подпоясавшись, с тобою Гаркнуть, топнуть и пройти. Черт ли в тайнах идеала, В романтизме и луне - Как усатый запевала Запоет о старине. Буйно рвется стих твой пылкий, Словно пробка в потолок, Иль Моэта из бутылки Брызжет хладный кипяток! С одного хмельного духа Закружится голова, И мерещится старуха, Наша сверстница Москва. Не Москва, что ныне чинно, В шапке, в теплых сапогах, Убивает дни невинно На воде и на водах,- Но Двенадцатого года Веселая голова, Как сбиралась непогода, А ей было трын-трава! Но пятнадцатого года В шумных кликах торжества Свой пожар и блеск похода Запивавшая Москва! Весь тот мир, вся эта шайка Беззаботных молодцов Ожили, мой ворожайка! От твоих волшебных слов. Силой чар и зелий тайных, Ты из старого кремня Высек несколько случайных Искр остывшего огня. Бью челом, спасибо, дядя! Спой еще когда-нибудь, Чтобы мне, тебе подладя, Стариной опять тряхнуть.
P00898	poem	Петр Вяземский: Еще тройка	Тройка мчится, тройка скачет, Вьется пыль из-под копыт, Колокольчик звонко плачет, И хохочет, и визжит. По дороге голосисто Раздается яркий звон, То вдали отбрякнет чисто То застонет глухо он. Словно леший ведьме вторит И аукается с ней, Иль русалка тараторит В роще звучных камышей. Русской степи, ночи темной Поэтическая весть! Много в ней и думы томной, И раздолья много есть. Прянул месяц из-за тучи, Обогнул свое кольцо И посыпал блеск зыбучий Прямо путнику в лицо. Кто сей путник? И отколе, И далек ли путь ему? По неволи иль по воле Мчится он в ночную тьму? На веселье иль кручину, К ближним ли под кров родной Или в грустную чужбину Он спешит, голубчик мой? Сердце в нем ретиво рвется В путь обратный или вдаль? Встречи ль ждет он не дождется Иль покинутого жаль? Ждет ли перстень обручальный, Ждут ли путника пиры Или факел погребальный Над могилою сестры? Как узнать? Уж он далеко! Месяц в облако нырнул, И в пустой дали глубоко Колокольчик уж заснул.
P00899	poem	Петр Вяземский: Ты светлая звезда	Ты светлая звезда таинственного мира, Куда я возношусь из тесноты земной, Где ждет меня тобой настроенная лира, Где ждут меня мечты, согретые тобой. Ты облако мое, которым день мой мрачен, Когда задумчиво я мыслю о тебе, Иль измеряю путь, который нам назначен, И где судьба моя чужда твоей судьбе. Ты тихий сумрак мой, которым грудь свежеет, Когда на западе заботливого дня Мой отдыхает ум и сердце вечереет, И тени смертные снисходят на меня.
P00900	poem	Фридрих Шиллер: Восхищение Лаурой	О Лаура! Я парю над миром, Я небесным осиян эфиром: То в глаза мне заглянула ты. Упиваюсь ароматом рая,- Это взор твой вспыхнул, отражая В яркой бирюзе мои черты. Я внимаю пенью лир надзвездных, Гимну сфер, вращающихся в безднах, С музой сочетаюсь в забытьи,- Это, медля, как в блаженной муке, Неохотно покидают звуки Губы сладострастные твои. Вот амуры над тобой взлетели, Опьянев от песни, пляшут ели, Словно душу в них вдохнул Орфей. Полюсы вращаются быстрее,- Это ты, подобна легкой фее, Увлекла их пляскою своей. Ты с невольной лаской улыбнулась,- И в граните, в мраморе проснулась Жизни теплая струя. Дивной явью стал мой сон заветный: Это мне Лауры взор ответный Молвил: "Я твоя!"
P00901	poem	Фридрих Шиллер: Руссо	Монумент, возникший злым укором Нашим дням и Франции позором, Гроб Руссо! Склоняюсь пред тобой! Мир тебе, мудрец, уже безгласный! Мира в жизни ты искал напрасно,- Мир нашел ты, но в земле сырой. Язвы мира век не заживали: Встарь был мрак - и мудрых убивали, Нынче - свет, а меньше ль палачей? Пал Сократ от рук невежд суровых, Пал Руссо... но от рабов Христовых, За порыв создать из них людей!
P00902	poem	Фридрих Шиллер: Прошение	Мой дар иссяк, в мозгу свинец, И докурилась трубка. Желудок пуст. О мой творец! Как вдохновенье хрупко! Перо скребет и на листе Кроит стихи без чувства. Где взять в сердечной пустоте Священный жар исскуства? Как высечь мерзнущей рукой Стих из огня и света? О Феб, ты враг стряпни такой, Приди согрей поэта! За дверью стирка. В сотый раз Кухарка заворчала. А я - меня зовет Пегас К садам Эскуриала. В Мадрид, мой конь!- И вот Мадрид. О, смелых дум свобода! Дворец Филипппа мне открыт, Я спешился у входа. Иду и вижу: там, вдали, Моей мечты созданье, Спешит принцесса Эболи На тайное свиданье. Спешит в объятья принца пасть, Блаженство предвкушая. В ее глазах - восторг и страсть, В его - печаль немая. Уже триумф пьянит ее, Уже он ей в угоду... О дьявол! Мокрое белье Вдруг шлепается в воду! И нет блистательного сна, И скрыла тьма принцессу. Мой бог! Пусть пишет сатана Во время стирки пьесу! Перевод В.Левика.
P00903	poem	Фридрих Шиллер: Вечер	По одной картине. Бог лучезарный, спустись! жаждут долины Вновь освежиться росой, люди томятся, Медлят усталые кони,- Спустись в золотой колеснице! Кто, посмотри, там манит из светлого моря Милой улыбкой тебя! узнало ли сердце? Кони помчались быстрее: Манит Фетида тебя. Быстро в объятия к ней, вожжи покинув, Спрянул возничий; Эрот держит за уздцы; Будто вкопаны, кони Пьют прохладную влагу. Ночь по своду небес, прохладою вея, Легкой стопою идет с подругой-любовью. Люди, покойтесь, любите: Феб влюбленный почил. Пер. А.Фета.
P00904	poem	Фридрих Шиллер: Власть песнопения	Вот, грохоча по кручам горным, Потоки ливня пролились, Деревья вырывая с корнем И скалы скатывая вниз. И, страхом сладостным объятый, Внимает путник шуму вод. Он слышит громкие раскаты, Но где исток их - не поймет. Так льются волны песнопенья, Но тайной скрыто их рожденье. Кто из покорных вещим девам, Что тянут жизни нить в тиши, К волшебным не склонял напевам Певцом разбуженной души. Одной лишь силой вдохновенья Он, как божественным жезлом, Свергает в адские селенья, Возносит к небу с торжеством, Сердцами чуткими играя Меж скорбью и блаженством рая. Как в мир ликующих нежданно, Виденьем страшным, на порог Стопою тяжкой великана Необоримый всходит рок, И вмиг смолкают гул и крики Под грозным взором пришлеца, И ниц склоняются владыки, И маски падают с лица, И перед правдой непреложной Бледнеет мир пустой и ложный,- Так человек: едва лишь слуха Коснется песни властный зов, Он воспаряет в царство духа, Вседневных отрешась оков. Там, вечным божествам подобный, Земных не знает он забот, И рок ему не страшен злобный, И власть земная не гнетет, И расправляются морщины - Следы раздумий и кручины. Как сын, изведав боль разлуки И совершив обратный путь, В слезах протягивает руки, Чтоб к сердцу матери прильнуть,- Так странник, песнею ведомый, Спешит, покинув чуждый свет, Под тихий кров родного дома, К отрадам юношеских лет, От леденящих правил моды В объятья жаркие природы.
P00905	poem	Фридрих Шиллер: Пегас в ярме	На конные торги в местечко Хаймаркет, Где продавали всё - и жен законных даже,- Изголодавшийся поэт Привел Пегаса для продажи. Нетерпеливый гиппогриф И ржет и пляшет, на дыбы вставая. И все кругом дивятся, рот раскрыв: «Какой отличный конь! И масть какая! Вот крылья б только снять! Такого, брат, конька Хоть с фонарем тогда ищи по белу свету! Порода, говоришь, редка? А вдруг под облака он занесет карету? Нет, лучше придержать монету!» Но, глядь, подходит откупщик. «Хоть крылья,- молвит он,- конечно, портят дело, Но их обрезать можно смело, Мне коновал спроворит это вмиг, И станет конь как конь. Пять золотых, приятель!» Обрадован, что вдруг нашелся покупатель, Тот молвит: «По рукам!» И вот С довольным видом Ганс коня домой ведет. Ни дать ни взять тяжеловоз, Крылатый конь впряжен в телегу, Он рвется, он взлететь пытается с разбегу И в благородном гневе под откос Швыряет и хозяина и воз. «Добро,- подумал Ганс,- такой скакун бедовый Не может воз тащить. Но ничего! Я завтра еду на почтовой, Попробую туда запрячь его. Проказник мне трех кляч заменит разом, А там, глядишь, войдет он в разум». Сперва пошло на лад. От груза облегчен, Всю четверню взбодрил рысак неосторожный. Карета мчит стрелой. Но вдруг забылся он И, не приучен бить копытом прах дорожный, Воззрился ввысь, покинул колею И, вновь являя мощь свою, Понес через луга, ручьи, болота, нивы. Все лошади взбесились тут, Не помогают ни узда, ни кнут, От страха путники чуть живы. Спустилась ночь, и вот, уже во тьме, Карета стала на крутом холме. «Ну,- размышляет Ганс,- не знал же я заботы! Как видно, дурня тянет в небеса. Чтоб он забыл свои полеты, Вперед поменьше класть ему овса, Зато побольше дать работы!» Сказал - и сделал. Конь, лишенный корма вдруг, Стал за четыре дня худее старой клячи. Наш Ганс ликует, радуясь удаче: «Теперь летать не станешь, друг! Впрягите-ка его с быком сильнейшим в плуг!» И вот, позорной обреченный доле, Крылатый конь с быком выходит в поле. Напрасно землю бьет копытом гриф, Напрасно рвется ввысь, в простор родного неба,- Сосед его бредет, рога склонив, И гнется под ярмом скакун могучий Феба. И, вырваться не в силах из оков, Лишь обломав бесплодно крылья, На землю падает - он! вскормленник богов!- И корчится от боли и бессилья. «Проклятый зверь!- прорвало Ганса вдруг, И он, ругаясь, бьет невиданную лошадь.- Его не запряжешь и в плуг! Сумел меня мошенник облапошить!» Пока он бьет коня, тропинкою крутой С горы спускается красавец молодой, На цитре весело играя. Открытый взор сияет добротой, В кудрях блестит повязка золотая, И радостен веселой цитры звон. «Приятель! Что ж без толку злиться?- Крестьянину с улыбкой молвит он.- Ты родом из каких сторон? Где ты видал, чтоб зверь и птица В одной упряжке стали бы трудиться? Доверь мне твоего коня. Он чудеса покажет у меня!» И конь был отпряжен тотчас. С улыбкой юноша взлетел ему на спину. И руку мастера почувствовал Пегас И, молнии метнув из глаз, Веселым ржанием ответил господину. Где жалкий пленник? Он, как встарь, Могучий дух, он бог, он царь, Он прянул, как на крыльях бури, Стрелой взвился в безоблачный простор И вмиг, опережая взор, Исчез в сияющей лазури. Пер. В.Левика.
P00906	poem	Фридрих Шиллер: Раздел земли	Зевс молвил людям: «Забирайте землю! Ее дарю вам в щедрости своей, Чтоб вы, в наследство высший дар приемля, Как братья стали жить на ней!» Тут всё засуетилось торопливо, И стар и млад поспешно поднялся. Взял земледелец золотую ниву, Охотник - темные леса, Аббат - вино, купец - товар в продажу, Король забрал торговые пути, Закрыл мосты, везде расставил стражу: «Торгуешь - пошлину плати!» А в поздний час издалека явился, Потупив взор, задумчивый поэт. Все роздано. Раздел земли свершился, И для поэта места нет. «О, горе мне! Ужели обделенным Лишь я остался - твой вернейший сын?» - Воскликнул он и рухнул ниц пред троном. Но рек небесный властелин: «Коль ты ушел в бесплодных грез пределы, То не тревожь меня своей мольбой! Где был ты в час великого раздела?» - «Я был,- сказал поэт,- с тобой! Мой взор твоим пленился светлым ликом, К твоим словам мой слух прикован был. Прости ж того, кто в думах о великом Юдоль земную позабыл!» И Зевс сказал: «Так как же быть с тобою? Нет у меня ни городов, ни сел. Но для тебя я небеса открою - Будь принят в них, когда б ты ни пришел!» Пер. Л.Гинзбурга.
P00907	poem	Фридрих Шиллер: Кубок	«Кто, рыцарь ли знатный иль латник простой, В ту бездну прыгнет с вышины? Бросаю мой кубок туда золотой: Кто сыщет во тьме глубины Мой кубок и с ним возвратится безвредно, Тому он и будет наградой победной». Так царь возгласил, и с высокой скалы, Висевшей над бездной морской, В пучину бездонной, зияющей мглы Он бросил свой кубок златой. «Кто, смелый, на подвиг опасный решится? Кто сыщет мой кубок и с ним возвратится?» Но рыцарь и латник недвижно стоят; Молчанье — на вызов ответ; В молчанье на грозное море глядят; За кубком отважного нет. И в третий раз царь возгласил громогласно: «Отыщется ль смелый на подвиг опасный?» И все безответны... вдруг паж молодой Смиренно и дерзко вперед; Он снял епанчу, и снял пояс он свой; Их молча на землю кладет... И дамы и рыцари мыслят, безгласны: «Ах! юноша, кто ты? Куда ты, прекрасный?» И он подступает к наклону скалы И взор устремил в глубину... Из чрева пучины бежали валы, Шумя и гремя, в вышину; И волны спирались, и пена кипела: Как будто гроза, наступая, ревела. И воет, и свищет, и бьет, и шипит, Как влага, мешаясь с огнем, Волна за волною; и к небу летит Дымящимся пена столбом; Пучина бунтует, пучина клокочет... Не море ль из моря извергнуться хочет? И вдруг, успокоясь, волненье легло; И грозно из пены седой Разинулось черною щелью жерло; И воды обратно толпой Помчались во глубь истощенного чрева; И глубь застонала от грома и рева. И он, упредя разъяренный прилив, Спасителя-бога призвал, И дрогнули зрители, все возопив,— Уж юноша в бездне пропал. И бездна таинственно зев свой закрыла: Его не спасет никакая уж сила. Над бездной утихло... в ней глухо шумит... И каждый, очей отвести Не смея от бездны, печально твердит: «Красавец отважный, прости!» Все тише и тише на дне ее воет... И сердце у всех ожиданием ноет. «Хоть брось ты туда свой венец золотой, Сказав: кто венец возвратит, Тот с ним и престол мой разделит со мной!— Меня твой престол не прельстит. Того, что скрывает та бездна немая, Ничья здесь душа не расскажет живая. Немало судов, закруженных волной, Глотала ее глубина: Все мелкой назад вылетали щепой С ее неприступного дна...» Но слышится снова в пучине глубокой Как будто роптанье грозы недалекой. И воет, и свищет, и бьет, и шипит, Как влага, мешаясь с огнем, Волна за волною; и к небу летит Дымящимся пена столбом... И брызнул поток с оглушительным ревом, Извергнутый бездны зияющим зевом. Вдруг... что-то сквозь пену седой глубины Мелькнуло живой белизной... Мелькнула рука и плечо из волны... И борется, спорит с волной... И видят — весь берег потрясся от клича — Он левою правит, а в правой добыча. И долго дышал он, и тяжко дышал, И божий приветствовал свет... И каждый с весельем: «Он жив!— повторял.— Чудеснее подвига нет! Из темного гроба, из пропасти влажной Спас душу живую красавец отважный». Он на берег вышел; он встречен толпой; К царевым ногам он упал; И кубок у ног положил золотой; И дочери царь приказал: Дать юноше кубок с струей винограда; И в сладость была для него та награда. «Да здравствует царь! Кто живет на земле, Тот жизнью земной веселись! Но страшно в подземной таинственной мгле... И смертный пред богом смирись: И мыслью своей не желай дерзновенно Знать тайны, им мудро от нас сокровенной. Стрелою стремглав полетел я туда... И вдруг мне навстречу поток; Из трещины камня лилася вода; И вихорь ужасный повлек Меня в глубину с непонятною силой... И страшно меня там кружило и било. Но богу молитву тогда я принес, И он мне спасителем был: Торчащий из мглы я увидел утес И крепко его обхватил; Висел там и кубок на ветви коралла: В бездонное влага его не умчала. И смутно все было внизу подо мной В пурпуровом сумраке там; Все спало для слуха в той бездне глухой; Но виделось страшно очам, Как двигались в ней безобразные груды, Морской глубины несказанные чуды. Я видел, как в черной пучине кипят, В громадный свиваяся клуб, И млат водяной, и уродливый скат, И ужас морей однозуб; И смертью грозил мне, зубами сверкая, Мокой ненасытный, гиена морская. И был я один с неизбежной судьбой, От взора людей далеко; Один, меж чудовищ, с любящей душой, Во чреве земли, глубоко Под звуком живым человечьего слова, Меж страшных жильцов подземелья немова. И я содрогался... вдруг слышу: ползет Стоногое грозно из мглы, И хочет схватить, и разинулся рот... Я в ужасе прочь от скалы!.. То было спасеньем: я схвачен приливом И выброшен вверх водомета порывом». Чудесен рассказ показался царю: «Мой кубок возьми золотой; Но с ним я и перстень тебе подарю, В котором алмаз дорогой, Когда ты на подвиг отважишься снова И тайны все дна перескажешь морскова». То слыша, царевна с волненьем в груди, Краснея, царю говорит: «Довольно, родитель, его пощади! Подобное кто совершит? И если уж должно быть опыту снова, То рыцаря вышли, не пажа младова». Но царь, не внимая, свой кубок златой В пучину швырнул с высоты: «И будешь здесь рыцарь любимейший мой, Когда с ним воротишься, ты; И дочь моя, ныне твоя предо мною Заступница, будет твоею женою». В нем жизнью небесной душа зажжена; Отважность сверкнула в очах; Он видит: краснеет, бледнеет она; Он видит: в ней жалость и страх... Тогда, неописанной радостью полный, На жизнь и погибель он кинулся в волны... Утихнула бездна... и снова шумит... И пеною снова полна... И с трепетом в бездну царевна глядит... И бьет за волною волна... Приходит, уходит волна быстротечно: А юноши нет и не будет уж вечно. Перевод В.Жуковского
P00908	poem	Фридрих Шиллер: Надовесский похоронный плач	Вот сидит он на циновке, Выстлавшей вигвам, Как живой, посажен ловко, Величав и прям. Но кулак уж не сожмется, На устах — замок. К горним духам не взовьется Трубочный дымок. Где, скажите, взор соколий, Что, на след напав, Не терял его в раздолье, В колыханье трав. Ноги скрещены покорно — Не пуститься в бег С быстротой косули горной Сквозь буран и снег. Жизнь ушла из этих вяло Свесившихся рук, Не согнуть уж, как бывало, Им упругий лук. Он ушел для лучшей доли В край бесснежный тот, Где маис на тучном поле Сам собой растет, Где леса богаты дичью, Реки рыб полны, С каждой ветки песни птичьи Звонкие слышны. Духи с ним пируют вместе В солнечной дали. Нас оставил он, чтоб с честью Тело погребли! Все, что может быть отрадой Воину в пути, С похоронным плачем надо В дар ему снести. Сложим здесь, у изголовья,— Путь его далек,— Мы топор, облитый кровью, И медвежий бок. Острый нож положим с краю. Он сверкал не раз, С головы врага сдирая Скальп в возмездья час. Горстку краски в руку вложим,— С нею погребен, Пусть предстанет краснокожим В мире духов он.
P00909	poem	Фридрих Шиллер: Поликратов перстень	На кровле он стоял высоко И на Самос богатый око С весельем гордым преклонял: «Сколь щедро взыскан я богами! Сколь счастлив я между царями!»— Царю Египта он сказал. «Тебе благоприятны боги; Они к твоим врагам лишь строги И всех их предали тебе; Но жив один, опасный мститель; Пока он дышит... победитель, Не доверяй своей судьбе». Еще не кончил он ответа, Как из союзного Милета Явился присланный гонец: «Победой ты украшен новой; Да обовьет опять лавровый Главу властителя венец; Твой враг постигнут строгой местью; Меня послал к вам с этой вестью Наш полководец Полидор». Рука гонца сосуд держала: В сосуде голова лежала; Врага узнал в ней царский взор. И гость воскликнул с содроганьем: «Страшись! Судьба очарованьем Тебя к погибели влечет. Неверные морские волны Обломков корабельных полны: Еще не в пристани твой флот». Еще слова его звучали... А клики брег уж оглашали, Народ на пристани кипел; И в пристань, царь морей крылатый, Дарами дальних стран богатый, Флот торжествующий влетел. И гость, увидя то, бледнеет. «Тебе Фортуна благодеет... Но ты не верь, здесь хитрый ков, Здесь тайная погибель скрыта: Разбойники морские Крита От здешних близко берегов». И только выронил он слово, Гонец вбегает с вестью новой: «Победа, царь! Судьбе хвала! Мы торжествуем над врагами: Флот критский истреблен богами; Его их буря пожрала». Испуган гость нежданной вестью... «Ты счастлив; но судьбины лестью Такое счастье мнится мне: Здесь вечны блага не бывали, И никогда нам без печали Не доставалися оне. И мне все в жизни улыбалось; Неизменяемо, казалось, Я силой вышней был храним; Все блага прочил я для сына... Его, его взяла судьбина; Я долг мой сыном заплатил. Чтоб верной избежать напасти, Моли невидимые власти Подлить печали в твой фиал. Судьба и в милостях мздоимец: Какой, какой ее любимец Свой век не бедственно кончал? Когда ж в несчастье рок откажет, Исполни то, что друг твой скажет: Ты призови несчастье сам. Твои сокровища несметны: Из них скорей, как дар заветный, Отдай любимое богам». Он гостю внемлет с содроганьем: «Моим избранным достояньем Доныне этот перстень был; Но я готов властям незримым Добром пожертвовать любимым...» И перстень в море он пустил. Наутро, только луч денницы Озолотил верхи столицы, К царю является рыбарь: «Я рыбу, пойманную мною, Чудовище величиною, Тебе принес в подарок, царь!» Царь изъявил благоволенье... Вдруг царский повар в исступленье С нежданной вестию бежит: «Найден твой перстень драгоценный, Огромной рыбой поглощенный, Он в ней ножом моим открыт». Тут гость, как пораженный громом, Сказал: «Беда над этим домом! Нельзя мне другом быть твоим; На смерть ты обречен судьбою: Бегу, чтоб здесь не пасть с тобою...» Сказал и разлучился с ним.
ON.1.p001	stanza	Онегин 1.1	«Мой дядя самых честных правил, Когда не в шутку занемог, Он уважать себя заставил И лучше выдумать не мог; Его пример другим наука; Но, Боже мой, какая скука С больным сидеть и день и ночь, Не отходя ни шагу прочь! Какое низкое коварство Полуживого забавлять, Ему подушки поправлять, Печально подносить лекарство, Вздыхать и думать про себя: Когда же чёрт возьмет тебя!»
ON.1.p002	stanza	Онегин 1.2	Так думал молодой повеса, Летя в пыли на почтовых, Всевышней волею Зевеса Наследник всех своих родных. Друзья Людмилы и Руслана! С героем моего романа Без предисловий сей же час Позвольте познакомить вас: Онегин, добрый мой приятель, Родился на брегах Невы, Где, может быть, родились вы Или блистали, мой читатель! Там некогда гулял и я: Но вреден север для меня.
ON.1.p003	stanza	Онегин 1.3	Служив отлично, благородно, Долгами жил его отец, Давал три бала ежегодно И промотался наконец. Судьба Евгения хранила: Сперва Madame за ним ходила, Потом Monsieur её сменил. Ребёнок был резов, но мил. Monsieur l’Abbé, француз убогой, Чтоб не измучилось дитя, Учил его всему шутя, Не докучал моралью строгой, Слегка за шалости бранил И в Летний сад гулять водил.
ON.1.p004	stanza	Онегин 1.4	Когда же юности мятежной Пришла Евгению пора, Пора надежд и грусти нежной, Monsieur прогнали со двора. Вот мой Онегин на свободе; Острижен по последней моде; Как dandy лондонский одет — И наконец увидел свет. Он по-французски совершенно Мог изъясняться и писал; Легко мазурку танцевал И кланялся непринужденно; Чего ж вам больше? Свет решил, Что он умён и очень мил.
ON.1.p005	stanza	Онегин 1.5	Мы все учились понемногу, Чему-нибудь и как-нибудь; Так воспитаньем, слава Богу, У нас немудрено блеснуть. Онегин был, по мненью многих (Судей решительных и строгих), Учёный малый, но педант. Имел он счастливый талант Без принужденья в разговоре Коснуться до всего слегка, С учёным видом знатока Хранить молчанье в важном споре И возбуждать улыбку дам Огнём нежданных эпиграмм.
ON.1.p006	stanza	Онегин 1.6	Латынь из моды вышла ныне: Так, если правду вам сказать, Он знал довольно по-латыне, Чтоб эпиграфы разбирать, Потолковать об Ювенале, В конце письма поставить vale, Да помнил, хоть не без греха, Из Энеиды два стиха. Он рыться не имел охоты В хронологической пыли Бытописания земли; Но дней минувших анекдоты, От Ромула до наших дней, Хранил он в памяти своей.
ON.1.p007	stanza	Онегин 1.7	Высокой страсти не имея Для звуков жизни не щадить, Не мог он ямба от хорея, Как мы ни бились, отличить. Бранил Гомера, Феокрита; Зато читал Адама Смита И был глубокий эконом, То есть умел судить о том, Как государство богатеет, И чем живёт, и почему Не нужно золота ему, Когда простой продукт имеет. Отец понять его не мог И земли отдавал в залог.
ON.1.p008	stanza	Онегин 1.8	Всего, что знал ещё Евгений, Пересказать мне недосуг; Но в чём он истинный был гений, Что знал он твёрже всех наук, Что было для него измлада И труд, и мука, и отрада, Что занимало целый день Его тоскующую лень, — Была наука страсти нежной, Которую воспел Назон, За что страдальцем кончил он Свой век блестящий и мятежной В Молдавии, в глуши степей, Вдали Италии своей. {{poem-section|. строфа имеется только в рукописи А (ПБ 8), где она зачеркнута и вместо неё поставлен один номер и строка точек:
ON.1.p010	stanza	Онегин 1.9	Нас пыл сердечный рано мучит. Очаровательный обман, Любви нас не природа учит А Сталь или Шатобриан. Мы алчем жизнь узнать заране, Мы узнаем её в романе Мы всё узнали, между тем Не насладились мы ни чем — Природы глас предупреждая Мы только счастию вредим И поздно, поздно вслед за ним Летит горячность молодая. Онегин это испытал За то как женщин он узнал. По рукописи ЛБ 69. л. 8 об.:
ON.1.p010	stanza	Онегин 1.9	Нас пыл сердечный рано мучит И говорит Шатобриан Любви нас не природа учит А первый пакостный роман — Мы алчем жизнь узнать заране И узнаем её в романе [Лета] придут, а между тем Не насладились мы ничем — Прелестный опыт упреждая Мы только счастию вредим — Незнанье скроется, а с ним Уйдет горячность молодая Онегин это испытал За то как женщин понимал —
ON.1.p011	stanza	Онегин 1.10	Как рано мог он лицемерить, Таить надежду, ревновать, Разуверять, заставить верить, Казаться мрачным, изнывать, Являться гордым и послушным, Внимательным иль равнодушным! Как томно был он молчалив, Как пламенно красноречив, В сердечных письмах как небрежен! Одним дыша, одно любя, Как он умел забыть себя! Как взор его был быстр и нежен, Стыдлив и дерзок, а порой Блистал послушною слезой!
ON.1.p012	stanza	Онегин 1.11	Как он умел казаться новым, Шутя невинность изумлять, Пугать отчаяньем готовым, Приятной лестью забавлять, Ловить минуту умиленья, Невинных лет предубежденья Умом и страстью побеждать, Невольной ласки ожидать, Молить и требовать признанья, Подслушать сердца первый звук, Преследовать любовь — и вдруг Добиться тайного свиданья, И после ей наедине Давать уроки в тишине!
ON.1.p013	stanza	Онегин 1.12	Как рано мог уж он тревожить Сердца кокеток записных! Когда ж хотелось уничтожить Ему соперников своих, Как он язвительно злословил! Какие сети им готовил! Но вы, блаженные мужья, С ним оставались вы друзья: Его ласкал супруг лукавый, Фобласа давний ученик, И недоверчивый старик, И рогоносец величавый, Всегда довольный сам собой, Своим обедом и женой. {{poem-section|. .Черновик (2369 – ЛБ 369, лл. 8, 7 об. и 8 об.):
ON.1.p014	stanza	Онегин 1.13	Как он умел вдовы смиренной Привлечь благочестивый взор И с нею скромный и смятенный Начать краснея Пленять неопытностью нежной и верностью надежной [Любви] которой [в мире] нет — И пылкостью невинных лет Как он умел с любою дамой О платонизме рассуждать [И в куклы с дурочкой играть] И вдруг нежданой эпиграмой Ее смутить и наконец Сорвать торжественный венец.
ON.1.p015	stanza	Онегин 1.14	Так резвый баловень служанки Анбара страж усатый кот За мышью крадется с лежанки Протянется, идёт, идёт Полузажмурясь, [подступает] Свернется в ком хвостом играет Расширит когти хитрых лап И вдруг бедняжку цап-царап — Так хищный волк томясь от глада Выходит из глуши лесов И рыщет близ беспечных псов Вокруг неопытного стада Всё спит — и вдруг свирепый вор Ягненка мчит в дремучий бор.
ON.1.p016	stanza	Онегин 1.15	Бывало, он еще в постеле: К нему записочки несут. Что? Приглашенья? В самом деле, Три дома на вечер зовут: Там будет бал, там детский праздник. Куда ж поскачет мой проказник? С кого начнет он? Всё равно: Везде поспеть немудрено. Покамест в утреннем уборе, Надев широкий боливар, Онегин едет на бульвар И там гуляет на просторе, Пока недремлющий брегет Не прозвонит ему обед.
ON.1.p017	stanza	Онегин 1.16	Уж тёмно: в санки он садится. «Поди! поди!» — раздался крик; Морозной пылью серебрится Его бобровый воротник. К Talonпомчался: он уверен, Что там уж ждет его ***. Вошел: и пробка в потолок, Вина кометы брызнул ток, Пред ним Rost-beef окровавленный, И трюфли — роскошь юных лет, Французской кухни лучший цвет, — И Стразбурга пирог нетленный Меж сыром Лимбургским живым И ананасом золотым.
ON.1.p018	stanza	Онегин 1.17	Ещё бокалов жажда просит Залить горячий жир котлет; Но звон брегета им доносит, Что новый начался балет. Театра злой законодатель, Непостоянный обожатель Очаровательных актрис, Почетный гражданин кулис, Онегин полетел к театру, Где каждый, критикой дыша, Готов охлопать Entrechat, Обшикать Федру, Клеопатру, Моину вызвать для того, Чтоб только слышали его.
ON.1.p019	stanza	Онегин 1.18	Волшебный край! Там в стары годы, Сатиры смелой властелин, Блистал Фонвизин, друг свободы, И переимчивый Княжнин; Там Озеров невольны дани Народных слез, рукоплесканий С младой Семеновой делил; Там наш Катенин воскресил Корнеля гений величавой; Там вывел колкий Шаховской Своих комедий шумный рой; Там и Дидло венчался славой: Там, там, под сению кулис, Младые дни мои неслись.
ON.1.p020	stanza	Онегин 1.19	Мои богини! Что вы? Где вы? Внемлите мой печальный глас: Все те же ль вы? Другие ль девы, Сменив, не заменили вас? Услышу ль вновь я ваши хоры? Узрю ли русской Терпсихоры Душой исполненный полет? Иль взор унылый не найдет Знакомых лиц на сцене скучной, И, устремив на чуждый свет Разочарованный лорнет, Веселья зритель равнодушной, Безмолвно буду я зевать И о былом воспоминать?
ON.1.p021	stanza	Онегин 1.20	Театр уж полон; ложи блещут; Партер и кресла, всё кипит; В райке нетерпеливо плещут, И, взвившись, занавес шумит. Блистательна, полувоздушна, Смычку волшебному послушна, Толпою нимф окружена, Стоит Истомина; она, Одной ногой касаясь пола, Другою медленно кружит, И вдруг прыжок, и вдруг летит, Летит, как пух от уст Эола; То стан совьет, то разовьет, И быстрой ножкой ножку бьет.
ON.1.p022	stanza	Онегин 1.21	Всё хлопает. Онегин входит: Идет меж кресел по ногам, Двойной лорнет, скосясь, наводит На ложи незнакомых дам; Все ярусы окинул взором, Всё видел: лицами, убором Ужасно недоволен он; С мужчинами со всех сторон Раскланялся, потом на сцену В большом рассеяньи взглянул, Отворотился, и зевнул, И молвил: «всех пора на смену; Балеты долго я терпел, Но и Дидло мне надоел».
ON.1.p023	stanza	Онегин 1.22	Еще амуры, черти, змеи На сцене скачут и шумят, Еще усталые лакеи На шубах у подъезда спят; Еще не перестали топать, Сморкаться, кашлять, шикать, хлопать; Еще снаружи и внутри Везде блистают фонари; Еще, прозябнув, бьются кони, Наскуча упряжью своей, И кучера, вокруг огней, Бранят господ и бьют в ладони: А уж Онегин вышел вон; Домой одеться едет он.
ON.1.p024	stanza	Онегин 1.23	Изображу ль в картине верной Уединенный кабинет, Где мод воспитанник примерной Одет, раздет и вновь одет? Всё, чем для прихоти обильной Торгует Лондон щепетильной И по Балтическим волнам За лес и сало возит нам, Всё, что в Париже вкус голодной, Полезный промысел избрав, Изобретает для забав, Для роскоши, для неги модной, — Всё украшало кабинет Философа в осьмнадцать лет.
ON.1.p025	stanza	Онегин 1.24	Янтарь на трубках Цареграда, Фарфор и бронза на столе, И, чувств изнеженных отрада, Духи в граненом хрустале; Гребенки, пилочки стальные, Прямые ножницы, кривые, И щетки тридцати родов — И для ногтей, и для зубов. Руссо (замечу мимоходом) Не мог понять, как важный Грим Смел чистить ногти перед ним, Красноречивым сумасбродом: Защитник вольности и прав В сем случае совсем неправ.
ON.1.p026	stanza	Онегин 1.25	Быть можно дельным человеком И думать о красе ногтей: К чему бесплодно спорить с веком? Обычай деспот меж людей. Второй ***, мой Евгений, Боясь ревнивых осуждений, В своей одежде был педант И то, что мы назвали франт. Он три часа, по крайней мере, Пред зеркалами проводил И из уборной выходил Подобный ветреной Венере, Когда, надев мужской наряд, Богиня едет в маскарад.
ON.1.p027	stanza	Онегин 1.26	В последнем вкусе туалетом Заняв ваш любопытный взгляд, Я мог бы пред ученым светом Здесь описать его наряд; Конечно б это было смело, Описывать мое же дело: Но панталоны, фрак, жилет, Всех этих слов на русском нет, А вижу я, винюсь пред вами, Что уж и так мой бедный слог Пестреть гораздо меньше б мог Иноплеменными словами, Хоть и заглядывал я встарь В Академический Словарь.
ON.1.p028	stanza	Онегин 1.27	У нас теперь не то в предмете: Мы лучше поспешим на бал, Куда стремглав в ямской карете Уж мой Онегин поскакал. Перед померкшими домами Вдоль сонной улицы рядами Двойные фонари карет Веселый изливают свет И радуги на снег наводят; Усеян плошками кругом, Блестит великолепный дом; По цельным окнам тени ходят, Мелькают профили голов И дам, и модных чудаков.
ON.1.p029	stanza	Онегин 1.28	Вот наш герой подъехал к сеням; Швейцара мимо, он стрелой Взлетел по мраморным ступеням, Расправил волоса рукой, Вошел. Полна народу зала; Музыка уж греметь устала; Толпа мазуркой занята; Кругом и шум, и теснота; Бренчат кавалергарда шпоры; Летают ножки милых дам; По их пленительным следам Летают пламенные взоры, И ревом скрыпок заглушен Ревнивый шепот модных жен.
ON.1.p030	stanza	Онегин 1.29	Во дни веселий и желаний Я был от балов без ума: Верней нет места для признаний И для вручения письма. О вы, почтенные супруги! Вам предложу свои услуги; Прошу мою заметить речь: Я вас хочу предостеречь. Вы также, маменьки, построже За дочерьми смотрите вслед: Держите прямо свой лорнет! Не то… не то избави, Боже! Я это потому пишу, Что уж давно я не грешу.
ON.1.p031	stanza	Онегин 1.30	Увы, на разные забавы Я много жизни погубил! Но если б не страдали нравы, Я балы б до сих пор любил. Люблю я бешеную младость, И тесноту, и блеск, и радость, И дам обдуманный наряд; Люблю их ножки: только вряд Найдете вы в России целой Три пары стройных женских ног. Ах, долго я забыть не мог Две ножки!.. Грустный, охладелой, Я всё их помню, и во сне Они тревожат сердце мне.
ON.1.p032	stanza	Онегин 1.31	Когда ж, и где, в какой пустыне, Безумец, их забудешь ты? Ах, ножки, ножки! Где вы ныне? Где мнете вешние цветы? Взлелеяны в восточной неге, На северном, печальном снеге Вы не оставили следов: Любили мягких вы ковров Роскошное прикосновенье. Давно ль для вас я забывал И жажду славы, и похвал, И край отцев, и заточенье? Исчезло счастье юных лет — Как на лугах ваш легкий след.
ON.1.p033	stanza	Онегин 1.32	Дианы грудь, ланиты Флоры Прелестны, милые друзья! Однако ножка Терпсихоры Прелестней чем-то для меня. Она, пророчествуя взгляду Неоцененную награду, Влечет условною красой Желаний своевольный рой. Люблю ее, мой друг Эльвина, Под длинной скатертью столов, Весной на мураве лугов, Зимой на чугуне камина, На зеркальном паркете зал, У моря на граните скал.
ON.1.p034	stanza	Онегин 1.33	Я помню море пред грозою: Как я завидовал волнам, Бегущим бурной чередою С любовью лечь к ее ногам! Как я желал тогда с волнами Коснуться милых ног устами! Нет, никогда средь пылких дней Кипящей младости моей Я не желал с таким мученьем Лобзать уста младых Армид, Иль розы пламенных ланит, Иль перси, полные томленьем; Нет, никогда порыв страстей Так не терзал души моей!
ON.1.p035	stanza	Онегин 1.34	Мне памятно другое время: В заветных иногда мечтах Держу я счастливое стремя И ножку чувствую в руках; Опять кипит воображенье, Опять ее прикосновенье Зажгло в увядшем сердце кровь, Опять тоска, опять любовь… Но полно прославлять надменных Болтливой лирою своей: Они не стоят ни страстей, Ни песен, ими вдохновенных: Слова и взор волшебниц сих Обманчивы, как ножки их.
ON.1.p036	stanza	Онегин 1.35	Что ж мой Онегин? Полусонный В постелю с бала едет он: А Петербург неугомонный Уж барабаном пробужден. Встает купец, идет разносчик, На биржу тянется извозчик, С кувшином охтенка спешит, Под ней снег утренний хрустит. Проснулся утра шум приятный, Открыты ставни, трубный дым Столбом восходит голубым, И хлебник, немец аккуратный, В бумажном колпаке, не раз Уж отворял свой васисдас.
ON.1.p037	stanza	Онегин 1.36	Но, шумом бала утомленной И утро в полночь обратя, Спокойно спит в тени блаженной Забав и роскоши дитя. Проснется за полдень, и снова До утра жизнь его готова, Однообразна и пестра, И завтра то же, что вчера. Но был ли счастлив мой Евгений, Свободный, в цвете лучших лет, Среди блистательных побед, Среди вседневных наслаждений? Вотще ли был он средь пиров Неосторожен и здоров?
ON.1.p038	stanza	Онегин 1.37	Нет: рано чувства в нем остыли; Ему наскучил света шум; Красавицы не долго были Предмет его привычных дум: Измены утомить успели; Друзья и дружба надоели, Затем, что не всегда же мог Beef-steaks и стразбургский пирог Шампанской обливать бутылкой И сыпать острые слова, Когда болела голова; И хоть он был повеса пылкой, Но разлюбил он наконец И брань, и саблю, и свинец.
ON.1.p039	stanza	Онегин 1.38	Недуг, которого причину Давно бы отыскать пора, Подобный английскому сплину, Короче: русская хандра Им овладела понемногу; Он застрелиться, слава Богу, Попробовать не захотел, Но к жизни вовсе охладел. Как Child-Harold, угрюмый, томный В гостиных появлялся он; Ни сплетни света, ни бостон, Ни милый взгляд, ни вздох нескромный, Ничто не трогало его, Не замечал он ничего.
ON.1.p040	stanza	Онегин 1.42	Причудницы большого света! Всех прежде вас оставил он. И правда то, что в наши лета Довольно скучен высший тон. Хоть, может быть, иная дама Толкует Сея и Бентама; Но вообще их разговор Несносный, хоть невинный вздор. К тому ж они так непорочны, Так величавы, так умны, Так благочестия полны, Так осмотрительны, так точны, Так неприступны для мужчин, Что вид их уж рождает сплин.
ON.1.p041	stanza	Онегин 1.43	И вы, красотки молодые, Которых позднею порой Уносят дрожки удалые По петербургской мостовой, И вас покинул мой Евгений. Отступник бурных наслаждений, Онегин дома заперся, Зевая, за перо взялся, Хотел писать — но труд упорный Ему был тошен; ничего Не вышло из пера его, И не попал он в цех задорный Людей, о коих не сужу, Затем, что к ним принадлежу.
ON.1.p042	stanza	Онегин 1.44	И снова преданный безделью, Томясь душевной пустотой, Уселся он с похвальной целью Себе присвоить ум чужой; Отрядом книг уставил полку, Читал, читал, а всё без толку: Там скука, там обман и бред; В том совести, в том смысла нет; На всех различные вериги; И устарела старина, И старым бредит новизна. Как женщин, он оставил книги, И полку, с пыльной их семьей, Задернул траурной тафтой.
ON.1.p043	stanza	Онегин 1.45	Условий света свергнув бремя, Как он, отстав от суеты, С ним подружился я в то время. Мне нравились его черты, Мечтам невольная преданность, Неподражательная странность И резкий, охлажденный ум. Я был озлоблен, он угрюм; Страстей игру мы знали оба: Томила жизнь обоих нас; В обоих сердца жар погас; Обоих ожидала злоба Слепой Фортуны и людей На самом утре наших дней.
ON.1.p044	stanza	Онегин 1.46	Кто жил и мыслил, тот не может В душе не презирать людей; Кто чувствовал, того тревожит Призрак невозвратимых дней: Тому уж нет очарований. Того змия воспоминаний, Того раскаянье грызет. Всё это часто придает Большую прелесть разговору. Сперва Онегина язык Меня смущал; но я привык К его язвительному спору, И к шутке, с желчью пополам, И злости мрачных эпиграмм.
ON.1.p045	stanza	Онегин 1.47	Как часто летнею порою, Когда прозрачно и светло Ночное небо над Невою, И вод веселое стекло Не отражает лик Дианы, Воспомня прежних лет романы, Воспомня прежнюю любовь, Чувствительны, беспечны вновь, Дыханьем ночи благосклонной Безмолвно упивались мы! Как в лес зеленый из тюрьмы Перенесен колодник сонной, Так уносились мы мечтой К началу жизни молодой.
ON.1.p046	stanza	Онегин 1.48	С душою, полной сожалений, И опершися на гранит, Стоял задумчиво Евгений, Как описал себя Пиит. Всё было тихо; лишь ночные Перекликались часовые; Да дрожек отдаленный стук С Мильонной раздавался вдруг; Лишь лодка, веслами махая, Плыла по дремлющей реке: И нас пленяли вдалеке Рожок и песня удалая. Но слаще, средь ночных забав, Напев Торкватовых октав!
ON.1.p047	stanza	Онегин 1.49	Адриатические волны, О, Брента! нет, увижу вас, И, вдохновенья снова полный, Услышу ваш волшебный глас! Он свят для внуков Аполлона; По гордой лире Альбиона Он мне знаком, он мне родной. Ночей Италии златой Я негой наслажусь на воле, С венециянкою младой, То говорливой, то немой, Плывя в таинственной гондоле, — С ней обретут уста мои Язык Петрарки и любви.
ON.1.p048	stanza	Онегин 1.50	Придет ли час моей свободы? Пора, пора! — взываю к ней; Брожу над морем, жду погоды, Маню ветрила кораблей. Под ризой бурь, с волнами споря, По вольному распутью моря Когда ж начну я вольный бег? Пора покинуть скучный брег Мне неприязненной стихии, И средь полуденных зыбей, Под небом Африки моей, Вздыхать о сумрачной России, Где я страдал, где я любил, Где сердце я похоронил.
ON.1.p049	stanza	Онегин 1.51	Онегин был готов со мною Увидеть чуждые страны; Но скоро были мы судьбою На долгий срок разведены. Отец его тогда скончался. Перед Онегиным собрался Заимодавцев жадный полк. У каждого свой ум и толк: Евгений, тяжбы ненавидя, Довольный жребием своим, Наследство предоставил им, Большой потери в том не видя Иль предузнав издалека Кончину дяди старика.
ON.1.p050	stanza	Онегин 1.52	Вдруг получил он в самом деле От управителя доклад, Что дядя при смерти в постеле И с ним проститься был бы рад. Прочтя печальное посланье, Евгений тотчас на свиданье Стремглав по почте поскакал И уж заранее зевал, Приготовляясь, денег ради, На вздохи, скуку и обман (И тем я начал мой роман); Но, прилетев в деревню дяди, Его нашел уж на столе, Как дань, готовую земле.
ON.1.p051	stanza	Онегин 1.53	Нашел он полон двор услуги; К покойному со всех сторон Съезжались недруги и други, Охотники до похорон. Покойника похоронили. Попы и гости ели, пили, И после важно разошлись, Как будто делом занялись. Вот наш Онегин сельский житель, Заводов, вод, лесов, земель Хозяин полный, а досель Порядка враг и расточитель, И очень рад, что прежний путь Переменил на что-нибудь.
ON.1.p052	stanza	Онегин 1.54	Два дня ему казались новы Уединенные поля, Прохлада сумрачной дубровы, Журчанье тихого ручья; На третий роща, холм и поле Его не занимали боле, Потом уж наводили сон; Потом увидел ясно он, Что и в деревне скука та же, Хоть нет ни улиц, ни дворцов, Ни карт, ни балов, ни стихов. Хандра ждала его на страже И бегала за ним она, Как тень иль верная жена.
ON.1.p053	stanza	Онегин 1.55	Я был рожден для жизни мирной, Для деревенской тишины: В глуши звучнее голос лирной, Живее творческие сны. Досугам посвятясь невинным, Брожу над озером пустынным, И far nienteмой закон. Я каждым утром пробужден Для сладкой неги и свободы: Читаю мало, много сплю, Летучей славы не ловлю. Не так ли я в былые годы Провел в бездействии, в тени Мои счастливейшие дни?
ON.1.p054	stanza	Онегин 1.56	Цветы, любовь, деревня, праздность, Поля! я предан вам душой. Всегда я рад заметить разность Между Онегиным и мной, Чтобы насмешливый читатель Или какой-нибудь издатель Замысловатой клеветы, Сличая здесь мои черты, Не повторял потом безбожно, Что намарал я свой портрет, Как Байрон, гордости поэт, — Как будто нам уж невозможно Писать поэмы о другом, Как только о себе самом?
ON.1.p055	stanza	Онегин 1.57	Замечу кстати: все поэты — Любви мечтательной друзья. Бывало, милые предметы Мне снились, и душа моя Их образ тайный сохранила; Их после Муза оживила: Так я, беспечен, воспевал И деву гор, мой идеал, И пленниц берегов Салгира. Теперь от вас, мои друзья, Вопрос нередко слышу я: «О ком твоя вздыхает лира? Кому, в толпе ревнивых дев, Ты посвятил ее напев?
ON.1.p056	stanza	Онегин 1.58	Чей взор, волнуя вдохновенье, Умильной лаской наградил Твое задумчивое пенье? Кого твой стих боготворил?» — И, други, никого, ей-богу! Любви безумную тревогу Я безотрадно испытал. Блажен, кто с нею сочетал Горячку рифм: он тем удвоил Поэзии священный бред, Петрарке шествуя вослед, А муки сердца успокоил, Поймал и славу между тем; Но я, любя, был глуп и нем.
ON.1.p057	stanza	Онегин 1.59	Прошла любовь, явилась Муза, И прояснился темный ум. Свободен, вновь ищу союза Волшебных звуков, чувств и дум; Пишу, и сердце не тоскует; Перо, забывшись, не рисует, Близ неоконченных стихов, Ни женских ножек, ни голов; Погасший пепел уж не вспыхнет, Я всё грущу; но слез уж нет, И скоро, скоро бури след В душе моей совсем утихнет: Тогда-то я начну писать Поэму, песен в двадцать пять.
ON.1.p058	stanza	Онегин 1.60	Я думал уж о форме плана, И как героя назову. Покамест моего романа Я кончил первую главу; Пересмотрел всё это строго: Противоречий очень много, Но их исправить не хочу. Ценсуре долг свой заплачу, И журналистам на съеденье Плоды трудов моих отдам: Иди же к невским берегам, Новорожденное творенье! И заслужи мне славы дань — Кривые толки, шум и брань.
ON.2.p001	stanza	Онегин 2.1	Деревня, где скучал Евгений, Была прелестный уголок; Там друг невинных наслаждений Благословить бы Небо мог. Господский дом, уединенный, Горой от ветров огражденный, Стоял над речкою; вдали Пред ним пестрели и цвели Луга и нивы золотые. Мелькали сёла здесь и там, Стада бродили по лугам, И сени расширял густые Огромный, запущенный сад, Приют задумчивых Дриад.
ON.2.p002	stanza	Онегин 2.2	Почтенный замок был построен, Как замки строиться должны: Отменно прочен и спокоен Во вкусе умной старины. Везде высокие покои, В гостиной штофные обои, Портреты дедов на стенах, И печи в пестрых изразцах. Всё это ныне обветшало, Не знаю, право, почему; Да, впрочем, другу моему В том нужды было очень мало, Затем что он равно зевал Средь модных и старинных зал.
ON.2.p003	stanza	Онегин 2.3	Он в том покое поселился, Где деревенский старожил Лет сорок с ключницей бранился, В окно смотрел и мух давил. Всё было просто: пол дубовый, Два шкафа, стол, диван пуховый, Нигде ни пятнышка чернил. Онегин шкафы отворил: В одном нашел тетрадь расхода, В другом наливок целый строй, Кувшины с яблочной водой И календарь осьмого года; Старик, имея много дел, В иные книги не глядел.
ON.2.p004	stanza	Онегин 2.4	Один среди своих владений, Чтоб только время проводить, Сперва задумал наш Евгений Порядок новый учредить. В своей глуши мудрец пустынный, Ярем он барщины старинной Оброком легким заменил; Мужик судьбу благословил. Зато в углу своем надулся, Увидя в этом страшный вред, Его расчетливый сосед. Другой лукаво улыбнулся, И в голос все решили так, Что он опаснейший чудак.
ON.2.p005	stanza	Онегин 2.5	Сначала все к нему езжали, Но так как с заднего крыльца Обыкновенно подавали Ему донского жеребца, Лишь только вдоль большой дороги Заслышит их домашни дроги, — Поступком оскорбясь таким, Все дружбу прекратили с ним. «Сосед наш неуч, сумасбродит, Он фармасон; он пьет одно Стаканом красное вино; Он дамам к ручке не подходит; Всё да да нет, не скажет да-с Иль нет-с». Таков был общий глас.
ON.2.p006	stanza	Онегин 2.6	В свою деревню в ту же пору Помещик новый прискакал И столь же строгому разбору В соседстве повод подавал. По имени Владимир Ленский, С душою прямо геттингенской, Красавец, в полном цвете лет, Поклонник Канта и поэт. Он из Германии туманной Привез учености плоды: Вольнолюбивые мечты, Дух пылкий и довольно странный, Всегда восторженную речь И кудри черные до плеч.
ON.2.p007	stanza	Онегин 2.7	От хладного разврата света Еще увянуть не успев, Его душа была согрета Приветом друга, лаской дев. Он сердцем милый был невежда; Его лелеяла надежда, И мира новый блеск и шум Еще пленяли юный ум. Он забавлял мечтою сладкой Сомненья сердца своего. Цель жизни нашей для него Была заманчивой загадкой; Над ней он голову ломал И чудеса подозревал.
ON.2.p008	stanza	Онегин 2.8	Он верил, что душа родная Соединиться с ним должна; Что, безотрадно изнывая, Его вседневно ждет она; Он верил, что друзья готовы За честь его принять оковы И что не дрогнет их рука Разбить сосуд клеветника: Что есть избранные судьбою
ON.2.p009	stanza	Онегин 2.9	Негодованье, сожаленье, Ко благу чистая любовь И славы сладкое мученье В нем рано волновали кровь. Он с лирой странствовал на свете; Под небом Шиллера и Гете Их поэтическим огнем Душа воспламенилась в нем. И Муз возвышенных искусства, Счастливец, он не постыдил; Он в песнях гордо сохранил Всегда возвышенные чувства, Порывы девственной мечты И прелесть важной простоты.
ON.2.p010	stanza	Онегин 2.10	Он пел любовь, любви послушный, И песнь его была ясна, Как мысли девы простодушной, Как сон младенца, как луна В пустынях неба безмятежных, Богиня тайн и вздохов нежных. Он пел разлуку и печаль, И нечто, и туманну даль, И романтические розы; Он пел те дальные страны, Где долго в лоно тишины Лились его живые слезы; Он пел поблеклый жизни цвет Без малого в осьмнадцать лет.
ON.2.p011	stanza	Онегин 2.11	В пустыне, где один Евгений Мог оценить его дары, Господ соседственных селений Ему не нравились пиры; Бежал он их беседы шумной. Их разговор благоразумной О сенокосе, о вине, О псарне, о своей родне, Конечно, не блистал ни чувством, Ни поэтическим огнем, Ни остротою, ни умом, Ни общежития искусством; Но разговор их милых жен Гораздо меньше был умен.
ON.2.p012	stanza	Онегин 2.12	Богат, хорош собою, Ленский Везде был принят как жених: Таков обычай деревенский; Все дочек прочили своих За полурусского соседа; Взойдет ли он — тотчас беседа Заводит слово стороной О скуке жизни холостой; Зовут соседа к самовару, А Дуня разливает чай, Ей шепчут: «Дуня, примечай!» Потом приносят и гитару: И запищит она (Бог мой!): Приди в чертог ко мне златой!..
ON.2.p013	stanza	Онегин 2.13	Но Ленский, не имев, конечно, Охоты узы брака несть, С Онегиным желал сердечно Знакомство покороче свесть. Они сошлись: волна и камень, Стихи и проза, лед и пламень Не столь различны меж собой. Сперва взаимной разнотой Они друг другу были скучны; Потом понравились; потом Съезжались каждый день верхом, И скоро стали неразлучны. Так люди — первый каюсь я — От делать нечего — друзья.
ON.2.p014	stanza	Онегин 2.14	Но дружбы нет и той меж нами; Все предрассудки истребя, Мы почитаем всех нулями, А единицами — себя; Мы все глядим в Наполеоны; Двуногих тварей миллионы Для нас орудие одно; Нам чувство дико и смешно. Сноснее многих был Евгений; Хоть он людей, конечно, знал И вообще их презирал; Но правил нет без исключений: Иных он очень отличал И вчуже чувство уважал.
ON.2.p015	stanza	Онегин 2.15	Он слушал Ленского с улыбкой: Поэта пылкий разговор, И ум, еще в сужденьях зыбкой, И вечно вдохновенный взор — Онегину всё было ново; Он охладительное слово В устах старался удержать И думал: глупо мне мешать Его минутному блаженству; И без меня пора придет; Пускай покамест он живет Да верит мира совершенству; Простим горячке юных лет И юный жар, и юный бред.
ON.2.p016	stanza	Онегин 2.16	Меж ними всё рождало споры И к размышлению влекло: Племен минувших договоры, Плоды наук, добро и зло, И предрассудки вековые, И гроба тайны роковые, Судьба и жизнь в свою чреду, Всё подвергалось их суду. Поэт в жару своих суждений Читал, забывшись, между тем Отрывки северных поэм; И снисходительный Евгений, Хоть их не много понимал, Прилежно юноше внимал.
ON.2.p017	stanza	Онегин 2.17	Но чаще занимали страсти Умы пустынников моих. Ушед от их мятежной власти, Онегин говорил об них С невольным вздохом сожаленья. Блажен, кто ведал их волненья И наконец от них отстал; Блаженней тот, кто их не знал, Кто охлаждал любовь разлукой, Вражду злословием; порой Зевал с друзьями и женой, Ревнивой не тревожась мукой, И дедов верный капитал Коварной двойке не вверял!
ON.2.p018	stanza	Онегин 2.18	Когда прибегнем мы под знамя Благоразумной тишины, Когда страстей угаснет пламя И нам становятся смешны Их своевольство иль порывы И запоздалые отзывы, — Смиренные не без труда, Мы любим слушать иногда Страстей чужих язык мятежный, И нам он сердце шевелит; Так точно старый инвалид Охотно клонит слух прилежный Рассказам юных усачей, Забытый в хижине своей.
ON.2.p019	stanza	Онегин 2.19	Зато и пламенная младость Не может ничего скрывать: Вражду, любовь, печаль и радость Она готова разболтать. В любви считаясь инвалидом, Онегин слушал с важным видом, Как, сердца исповедь любя, Поэт высказывал себя; Свою доверчивую совесть Он простодушно обнажал. Евгений без труда узнал Его любви младую повесть, Обильный чувствами рассказ Давно не новыми для нас.
ON.2.p020	stanza	Онегин 2.20	Ах, он любил, как в наши лета Уже не любят; как одна Безумная душа поэта Еще любить осуждена: Всегда, везде одно мечтанье, Одно привычное желанье, Одна привычная печаль! Ни охлаждающая даль, Ни долгие лета разлуки, Ни музам данные часы, Ни чужеземные красы, Ни шум веселий, ни науки Души не изменили в нем, Согретой девственным огнем.
ON.2.p021	stanza	Онегин 2.21	Чуть отрок, Ольгою плененный, Сердечных мук еще не знав, Он был свидетель умиленный Ее младенческих забав; В тени хранительной дубравы Он разделял ее забавы, И детям прочили венцы Друзья-соседи, их отцы. В глуши, под сению смиренной, Невинной прелести полна, В глазах родителей, она Цвела как ландыш потаенный, Не знаемый в траве глухой Ни мотыльками, ни пчелой.
ON.2.p022	stanza	Онегин 2.22	Она поэту подарила Младых восторгов первый сон, И мысль об ней одушевила Его цевницы первый стон. Простите, игры золотые! Он рощи полюбил густые, Уединенье, тишину, И ночь, и звезды, и луну — Луну, небесную лампаду, Которой посвящали мы Прогулки средь вечерней тмы, И слезы, тайных мук отраду… Но нынче видим только в ней Замену тусклых фонарей.
ON.2.p023	stanza	Онегин 2.23	Всегда скромна, всегда послушна, Всегда как утро весела, Как жизнь поэта простодушна, Как поцелуй любви мила, Глаза как небо голубые, Улыбка, локоны льняные, Движенья, голос, легкий стан, Всё в Ольге… но любой роман Возьмите и найдете верно Ее портрет: он очень мил; Я прежде сам его любил, Но надоел он мне безмерно. Позвольте мне, читатель мой, Заняться старшею сестрой.
ON.2.p024	stanza	Онегин 2.24	Ее сестра звалась Татьяна… Впервые именем таким Страницы нежные романа Мы своевольно освятим. И что ж? оно приятно, звучно, Но с ним, я знаю, неразлучно Воспоминанье старины Иль девичьей. Мы все должны Признаться, вкуса очень мало У нас и в наших именах (Не говорим уж о стихах); Нам просвещенье не пристало И нам досталось от него Жеманство — больше ничего.
ON.2.p025	stanza	Онегин 2.25	Итак, она звалась Татьяной. Ни красотой сестры своей, Ни свежестью ее румяной Не привлекла б она очей. Дика, печальна, молчалива, Как лань лесная боязлива, Она в семье своей родной Казалась девочкой чужой. Она ласкаться не умела К отцу, ни к матери своей; Дитя сама, в толпе детей Играть и прыгать не хотела И часто, целый день одна, Сидела молча у окна.
ON.2.p026	stanza	Онегин 2.26	Задумчивость, ее подруга От самых колыбельных дней, Теченье сельского досуга Мечтами украшала ей. Ее изнеженные пальцы Не знали игл; склонясь на пяльцы, Узором шелковым она Не оживляла полотна. Охоты властвовать примета: С послушной куклою, дитя Приготовляется шутя К приличию, закону света, И важно повторяет ей Уроки маменьки своей.
ON.2.p027	stanza	Онегин 2.27	Но куклы, даже в эти годы, Татьяна в руки не брала; Про вести города, про моды Беседы с нею не вела. И были детские проказы Ей чужды; страшные рассказы Зимою, в темноте ночей, Пленяли больше сердце ей. Когда же няня собирала Для Ольги, на широкий луг, Всех маленьких ее подруг, Она в горелки не играла, Ей скучен был и звонкий смех, И шум их ветреных утех.
ON.2.p028	stanza	Онегин 2.28	Она любила на балконе Предупреждать зари восход, Когда на бледном небосклоне Звезд исчезает хоровод, И тихо край земли светлеет, И вестник утра, ветер веет, И всходит постепенно день. Зимой, когда ночная тень Полмиром доле обладает, И доле в праздной тишине, При отуманенной луне, Восток ленивый почивает, В привычный час пробуждена, Вставала при свечах она.
ON.2.p029	stanza	Онегин 2.29	Ей рано нравились романы; Они ей заменяли всё; Она влюбилася в обманы И Ричардсона и Руссо. Отец ее был добрый малый, В прошедшем веке запоздалый; Но в книгах не видал вреда; Он, не читая никогда, Их почитал пустой игрушкой И не заботился о том, Какой у дочки тайный том Дремал до утра под подушкой. Жена ж его была сама От Ричардсона без ума.
ON.2.p030	stanza	Онегин 2.30	Она любила Ричардсона Не потому, чтобы прочла, Не потому, чтоб Грандисона Она Ловласу предпочла; Но в старину княжна Алина, Ее московская кузина, Твердила часто ей об них. В то время был еще жених Ее супруг; но по неволе; Она вздыхала по другом, Который сердцем и умом Ей нравился гораздо боле; Сей Грандисон был славный франт, Игрок и гвардии сержант.
ON.2.p031	stanza	Онегин 2.31	Как он, она была одета, Всегда по моде и к лицу. Но, не спросясь ее совета, Девицу повезли к венцу, И чтоб ее рассеять горе, Разумный муж уехал вскоре В свою деревню, где она, Бог знает кем окружена, Рвалась и плакала сначала, С супругом чуть не развелась; Потом хозяйством занялась, Привыкла и довольна стала. Привычка свыше нам дана: Замена счастию она.
ON.2.p032	stanza	Онегин 2.32	Привычка усладила горе, Неотразимое ничем; Открытие большое вскоре Ее утешило совсем. Она меж делом и досугом Открыла тайну, как супругом Единовластно управлять, И всё тогда пошло на стать. Она езжала по работам, Солила на зиму грибы, Вела расходы, брила лбы, Ходила в баню по субботам, Служанок била осердясь — Всё это мужа не спросясь.
ON.2.p033	stanza	Онегин 2.33	Бывало, писывала кровью Она в альбомы нежных дев, Звала Полиною Прасковью И говорила нараспев; Корсет носила очень узкий, И русский Н как N французский Произносить умела в нос; Но скоро всё перевелось: Корсет, альбом, княжну Алину, Стишков чувствительных тетрадь Она забыла — стала звать Акулькой прежнюю Селину И обновила наконец На вате шлафор и чепец.
ON.2.p034	stanza	Онегин 2.34	Но муж любил ее сердечно, В ее затеи не входил, Во всем ей веровал беспечно, А сам в халате ел и пил. Покойно жизнь его катилась; Под вечер иногда сходилась Соседей добрая семья, Нецеремонные друзья, И потужить, и позлословить, И посмеяться кой о чем. Проходит время; между тем Прикажут Ольге чай готовить; Там ужин, там и спать пора, И гости едут со двора.
ON.2.p035	stanza	Онегин 2.35	Они хранили в жизни мирной Привычки милой старины; У них на масленице жирной Водились русские блины Им квас как воздух был потребен, И за столом у них гостям Носили блюда по чинам.
ON.2.p036	stanza	Онегин 2.36	И так они старели оба. И отворились наконец Перед супругом двери гроба, И новый он приял венец. Он умер в час перед обедом, Оплаканный своим соседом, Детьми и верною женой, Чистосердечней чем иной. Он был простой и добрый барин, И там, где прах его лежит, Надгробный памятник гласит: Смиренный грешник, Дмитрий Ларин, Господний раб и бригадир Под камнем сим вкушает мир.
ON.2.p037	stanza	Онегин 2.37	Своим пенатам возвращенный, Владимир Ленский посетил Соседа памятник смиренный, И вздох он пеплу посвятил; И долго сердцу грустно было. «Poor Yorick! — молвил он уныло, — Он на руках меня держал. Как часто в детстве я играл Его Очаковской медалью! Он Ольгу прочил за меня, Он говорил: дождусь ли дня?..» И, полный искренней печалью, Владимир тут же начертал Ему надгробный мадригал.
ON.2.p038	stanza	Онегин 2.38	И там же надписью печальной Отца и матери, в слезах, Почтил он прах патриархальной… Увы! на жизненных браздах Мгновенной жатвой поколенья, По тайной воле провиденья, Восходят, зреют и падут; Другие им вослед идут… Так наше ветреное племя Растет, волнуется, кипит И к гробу прадедов теснит. Придет, придет и наше время, И наши внуки в добрый час Из мира вытеснят и нас!
ON.2.p039	stanza	Онегин 2.39	Покамест упивайтесь ею, Сей легкой жизнию, друзья! Ее ничтожность разумею, И мало к ней привязан я; Для призраков закрыл я вежды; Но отдаленные надежды Тревожат сердце иногда: Без неприметного следа Мне было б грустно мир оставить. Живу, пишу не для похвал; Но я бы, кажется, желал Печальный жребий свой прославить, Чтоб обо мне, как верный друг, Напомнил хоть единый звук.
ON.2.p040	stanza	Онегин 2.40	И чье-нибудь он сердце тронет; И, сохраненная судьбой, Быть может, в Лете не потонет Строфа, слагаемая мной; Быть может — лестная надежда! — Укажет будущий невежда На мой прославленный портрет И молвит: то-то был Поэт! Прими ж мое благодаренье, Поклонник мирных Аонид, О ты, чья память сохранит Мои летучие творенья, Чья благосклонная рука Потреплет лавры старика! |
ON.3.p001	stanza	Онегин 3.1	«Куда? Уж эти мне поэты!» — Прощай, Онегин, мне пора. «Я не держу тебя; но где ты Свои проводишь вечера?» — У Лариных. — «Вот это чудно. Помилуй! и тебе не трудно Там каждый вечер убивать?» — Ни мало. — «Не могу понять. Отселе вижу, что такое: Во-первых (слушай, прав ли я?), Простая, русская семья, К гостям усердие большое, Варенье, вечный разговор Про дождь, про лён, про скотный двор…».
ON.3.p002	stanza	Онегин 3.2	— Я тут еще беды не вижу. «Да, скука, вот беда, мой друг». — Я модный свет ваш ненавижу; Милее мне домашний круг, Где я могу… — «Опять эклога! Да полно, милый, ради бога. Ну что ж? ты едешь: очень жаль. Ах, слушай, Ленской; да нельзя ль Увидеть мне Филлиду эту, Предмет и мыслей, и пера, И слез, и рифм et cetera?.. Представь меня». — Ты шутишь. — «Нету». — Я рад. — «Когда же?» — Хоть сейчас. Они с охотой примут нас.
ON.3.p003	stanza	Онегин 3.3	Поедем. — Поскакали други, Явились; им расточены Порой тяжелые услуги Гостеприимной старины. Обряд известный угощенья: Несут на блюдечках варенья, На столик ставят вощаной Кувшин с брусничною водой, (В деревне день есть цепь обеда. Поджавши руки, у дверей Сбежались девушки скорей Взглянуть на нового соседа, И на дворе толпа людей Критиковала их коней.)
ON.3.p004	stanza	Онегин 3.4	Они дорогой самой краткой Домой летят во весь опор. Теперь послушаем украдкой Героев наших разговор: — Ну что ж, Онегин? ты зеваешь. — — «Привычка, Ленской». — Но скучаешь Ты как-то больше. — «Нет, равно. Однако в поле уж темно; Скорей! пошел, пошел, Андрюшка! Какие глупые места! А кстати: Ларина проста, Но очень милая старушка, Боюсь: брусничная вода Мне не наделала б вреда.
ON.3.p005	stanza	Онегин 3.5	Скажи: которая Татьяна?» — Да та, которая грустна И молчалива, как Светлана, Вошла и села у окна. — «Неужто ты влюблен в меньшую?» — А что? — «Я выбрал бы другую, Когда б я был, как ты, поэт. В чертах у Ольги жизни нет. Точь-в-точь в Вандиковой Мадоне: Кругла, красна лицом она, Как эта глупая луна На этом глупом небосклоне». Владимир сухо отвечал И после во весь путь молчал.
ON.3.p006	stanza	Онегин 3.6	Меж тем Онегина явленье У Лариных произвело На всех большое впечатленье И всех соседей развлекло. Пошла догадка за догадкой. Все стали толковать украдкой, Шутить, судить не без греха, Татьяне прочить жениха; Иные даже утверждали, Что свадьба слажена совсем, Но остановлена затем, Что модных колец не достали. O свадьбе Ленского давно У них уж было решено.
ON.3.p007	stanza	Онегин 3.7	Татьяна слушала с досадой Такие сплетни; но тайком С неизъяснимою отрадой Невольно думала о том; И в сердце дума заронилась; Пора пришла, она влюбилась. Так в землю падшее зерно Весны огнем оживлено. Давно ее воображенье, Сгорая негой и тоской, Алкало пищи роковой; Давно сердечное томленье Теснило ей младую грудь; Душа ждала… кого-нибудь,
ON.3.p008	stanza	Онегин 3.8	И дождалась… Открылись очи; Она сказала: это он! Увы! теперь и дни и ночи, И жаркий одинокий сон, Всё полно им; всё деве милой Без умолку волшебной силой Твердит о нем. Докучны ей И звуки ласковых речей, И взор заботливой прислуги. В уныние погружена, Гостей не слушает она И проклинает их досуги, Их неожиданный приезд И продолжительный присест.
ON.3.p009	stanza	Онегин 3.9	Теперь с каким она вниманьем Читает сладостный роман, С каким живым очарованьем Пьет обольстительный обман! Счастливой силою мечтанья Одушевленные созданья, Любовник Юлии Вольмар, Малек-Адель и де Линар, И Вертер, мученик мятежный, И бесподобный Грандисон, Который нам наводит сон, — Все для мечтательницы нежной В единый образ облеклись, В одном Онегине слились.
ON.3.p010	stanza	Онегин 3.10	Воображаясь героиней Своих возлюбленных творцов, Кларисой, Юлией, Дельфиной, Татьяна в тишине лесов Одна с опасной книгой бродит, Она в ней ищет и находит Свой тайный жар, свои мечты, Плоды сердечной полноты, Вздыхает и, себе присвоя Чужой восторг, чужую грусть, В забвенье шепчет наизусть Письмо для милого героя… Но наш герой, кто б ни был он, Уж верно был не Грандисон.
ON.3.p011	stanza	Онегин 3.11	Свой слог на важный лад настроя, Бывало, пламенный творец Являл нам своего героя Как совершенства образец. Он одарял предмет любимый, Всегда неправедно гонимый, Душой чувствительной, умом И привлекательным лицом. Питая жар чистейшей страсти, Всегда восторженный герой Готов был жертвовать собой, И при конце последней части Всегда наказан был порок, Добру достойный был венок.
ON.3.p012	stanza	Онегин 3.12	А нынче все умы в тумане, Мораль на нас наводит сон, Порок любезен — и в романе, И там уж торжествует он. Британской музы небылицы Тревожат сон отроковицы, И стал теперь ее кумир Или задумчивый Вампир, Или Мельмот, бродяга мрачный, Иль Вечный Жид, или Корсар, Или таинственный Сбогар. Лорд Байрон прихотью удачной Облек в унылый романтизм И безнадежный эгоизм.
ON.3.p013	stanza	Онегин 3.13	Друзья мои, что ж толку в этом? Быть может, волею небес, Я перестану быть поэтом, В меня вселится новый бес, И, Фебовы презрев угрозы, Унижусь до смиренной прозы; Тогда роман на старый лад Займет веселый мой закат. Не муки тайные злодейства Я грозно в нем изображу, Но просто вам перескажу Преданья русского семейства, Любви пленительные сны Да нравы нашей старины.
ON.3.p014	stanza	Онегин 3.14	Перескажу простые речи Отца иль дяди старика, Детей условленные встречи У старых лип, у ручейка; Несчастной ревности мученья, Разлуку, слезы примиренья, Поссорю вновь, и наконец Я поведу их под венец… Я вспомню речи неги страстной, Слова тоскующей любви, Которые в минувши дни У ног любовницы прекрасной Мне приходили на язык, От коих я теперь отвык.
ON.3.p015	stanza	Онегин 3.15	Татьяна, милая Татьяна! С тобой теперь я слезы лью; Ты в руки модного тирана Уж отдала судьбу свою. Погибнешь, милая; но прежде Ты в ослепительной надежде Блаженство темное зовешь, Ты негу жизни узнаешь, Ты пьешь волшебный яд желаний, Тебя преследуют мечты: Везде воображаешь ты Приюты счастливых свиданий; Везде, везде перед тобой Твой искуситель роковой.
ON.3.p016	stanza	Онегин 3.16	Тоска любви Татьяну гонит, И в сад идет она грустить, И вдруг недвижны очи клонит, И лень ей далее ступить. Приподнялася грудь, ланиты Мгновенным пламенем покрыты, Дыханье замерло в устах, И в слухе шум, и блеск в очах… Настанет ночь; луна обходит Дозором дальный свод небес, И соловей во мгле древес Напевы звучные заводит. Татьяна в темноте не спит И тихо с няней говорит:
ON.3.p017	stanza	Онегин 3.17	«Не спится, няня: здесь так душно! Открой окно да сядь ко мне». — Что, Таня, что с тобой? — «Мне скучно, Поговорим о старине». — О чем же, Таня? Я, бывало, Хранила в памяти не мало Старинных былей, небылиц Про злых духов и про девиц; А нынче всё мне тёмно, Таня: Что знала, то забыла. Да, Пришла худая череда! Зашибло… — «Расскажи мне, няня, Про ваши старые года: Была ты влюблена тогда?»
ON.3.p018	stanza	Онегин 3.18	— И, полно, Таня! В эти лета Мы не слыхали про любовь; А то бы согнала со света Меня покойница свекровь. — «Да как же ты венчалась, няня?» — Так, видно, бог велел. Мой Ваня Моложе был меня, мой свет, А было мне тринадцать лет. Недели две ходила сваха К моей родне, и наконец Благословил меня отец. Я горько плакала со страха, Мне с плачем косу расплели, Да с пеньем в церковь повели.
ON.3.p019	stanza	Онегин 3.19	И вот ввели в семью чужую… Да ты не слушаешь меня… — «Ах, няня, няня, я тоскую, Мне тошно, милая моя: Я плакать, я рыдать готова!..» — Дитя мое, ты нездорова; Господь помилуй и спаси! Чего ты хочешь, попроси… Дай окроплю святой водою, Ты вся горишь… — «Я не больна: Я… знаешь, няня… влюблена» — Дитя мое, господь с тобою! — И няня девушку с мольбой Крестила дряхлою рукой.
ON.3.p020	stanza	Онегин 3.20	«Я влюблена», — шептала снова Старушке с горестью она. — Сердечный друг, ты нездорова. — «Оставь меня: я влюблена». И между тем луна сияла И томным светом озаряла Татьяны бледные красы, И распущенные власы, И капли слез, и на скамейке Пред героиней молодой, С платком на голове седой, Старушку в длинной телогрейке И все дремало в тишине При вдохновительной луне.
ON.3.p021	stanza	Онегин 3.21	И сердцем далеко носилась Татьяна, смотря на луну… Вдруг мысль в уме ее родилась… «Поди, оставь меня одну. Дай, няня, мне перо, бумагу, Да стол подвинь; я скоро лягу; Прости». И вот она одна. Всё тихо. Светит ей луна. Облокотясь, Татьяна пишет. И всё Евгений на уме, И в необдуманном письме Любовь невинной девы дышет. Письмо готово, сложено… Татьяна! для кого ж оно?
ON.3.p022	stanza	Онегин 3.22	Я знал красавиц недоступных, Холодных, чистых, как зима, Неумолимых, неподкупных, Непостижимых для ума; Дивился я их спеси модной, Их добродетели природной, И, признаюсь, от них бежал, И, мнится, с ужасом читал Над их бровями надпись ада: Оставь надежду навсегда. Внушать любовь для них беда, Пугать людей для них отрада. Быть может, на брегах Невы Подобных дам видали вы.
ON.3.p023	stanza	Онегин 3.23	Среди поклонников послушных Других причудниц я видал, Самолюбиво равнодушных Для вздохов страстных и похвал. И что ж нашел я с изумленьем? Они, суровым поведеньем Пугая робкую любовь, Ее привлечь умели вновь, По крайней мере, сожаленьем, По крайней мере, звук речей Казался иногда нежней, И с легковерным ослепленьем Опять любовник молодой Бежал за милой суетой.
ON.3.p024	stanza	Онегин 3.24	За что ж виновнее Татьяна? За то ль, что в милой простоте Она не ведает обмана И верит избранной мечте? За то ль, что любит без искусства, Послушная влеченью чувства, Что так доверчива она, Что от небес одарена Воображением мятежным, Умом и волею живой, И своенравной головой, И сердцем пламенным и нежным? Ужели не простите ей Вы легкомыслия страстей?
ON.3.p025	stanza	Онегин 3.25	Кокетка судит хладнокровно, Татьяна любит не шутя И предается безусловно Любви, как милое дитя. Не говорит она: отложим — Любви мы цену тем умножим, Вернее в сети заведем; Сперва тщеславие кольнем Надеждой, там недоуменьем Измучим сердце, а потом Ревнивым оживим огнем; А то, скучая наслажденьем, Невольник хитрый из оков Всечасно вырваться готов.
ON.3.p026	stanza	Онегин 3.26	Еще предвижу затрудненья: Родной земли спасая честь, Я должен буду, без сомненья, Письмо Татьяны перевесть. Она по-русски плохо знала, Журналов наших не читала, И выражалася с трудом На языке своем родном, Итак, писала по-французски… Что делать! повторяю вновь: Доныне дамская любовь Не изъяснялася по-русски, Доныне гордый наш язык К почтовой прозе не привык.
ON.3.p027	stanza	Онегин 3.27	Я знаю: дам хотят заставить Читать по-русски. Право, страх! Могу ли их себе представить С «Благонамеренным»в руках! Я шлюсь на вас, мои поэты; Не правда ль: милые предметы, Которым, за свои грехи, Писали втайне вы стихи, Которым сердце посвящали, Не все ли, русским языком Владея слабо и с трудом, Его так мило искажали, И в их устах язык чужой Не обратился ли в родной?
ON.3.p028	stanza	Онегин 3.28	Не дай мне бог сойтись на бале Иль при разъезде на крыльце С семинаристом в желтой шале Иль с академиком в чепце! Как уст румяных без улыбки, Без грамматической ошибки Я русской речи не люблю. Быть может, на беду мою, Красавиц новых поколенье, Журналов вняв молящий глас, К грамматике приучит нас; Стихи введут в употребленье; Но я… какое дело мне? Я верен буду старине.
ON.3.p029	stanza	Онегин 3.29	Неправильный, небрежный лепет, Неточный выговор речей По прежнему сердечный трепет Произведут в груди моей; Раскаяться во мне нет силы, Мне галлицизмы будут милы, Как прошлой юности грехи, Как Богдановича стихи. Но полно. Мне пора заняться Письмом красавицы моей; Я слово дал, и что ж? ей-ей Теперь готов уж отказаться. Я знаю: нежного Парни Перо не в моде в наши дни.
ON.3.p030	stanza	Онегин 3.30	Певец Пиров и грусти томной , Когда б еще ты был со мной, Я стал бы просьбою нескромной Тебя тревожить, милый мой: Чтоб на волшебные напевы Переложил ты страстной девы Иноплеменные слова. Где ты? приди: свои права Передаю тебе с поклоном… Но посреди печальных скал, Отвыкнув сердцем от похвал, Один, под финским небосклоном, Он бродит, и душа его Не слышит горя моего.
ON.3.p031	stanza	Онегин 3.31	Письмо Татьяны предо мною; Его я свято берегу, Читаю с тайною тоскою И начитаться не могу. Кто ей внушал и эту нежность, И слов любезную небрежность? Кто ей внушал умильный вздор, Безумный сердца разговор, И увлекательный и вредный? Я не могу понять. Но вот Неполный, слабый перевод, С живой картины список бледный, Или разыгранный Фрейшиц Перстами робких учениц: Я к вам пишу – чего же боле? Что я могу еще сказать? Теперь, я знаю, в вашей воле Меня презреньем наказать. Но вы, к моей несчастной доле Хоть каплю жалости храня, Вы не оставите меня. Сначала я молчать хотела; Поверьте: моего стыда Вы не узнали б никогда, Когда б надежду я имела Хоть редко, хоть в неделю раз В деревне нашей видеть вас, Чтоб только слышать ваши речи, Вам слово молвить, и потом Все думать, думать об одном И день и ночь до новой встречи. Но говорят, вы нелюдим; В глуши, в деревне всё вам скучно, А мы… ничем мы не блестим, Хоть вам и рады простодушно. Зачем вы посетили нас? В глуши забытого селенья Я никогда не знала б вас, Не знала б горького мученья. Души неопытной волненья Смирив со временем (как знать?), По сердцу я нашла бы друга, Была бы верная супруга И добродетельная мать. Другой!.. Нет, никому на свете Не отдала бы сердца я! То в вышнем суждено совете… То воля неба: я твоя; Вся жизнь моя была залогом Свиданья верного с тобой; Я знаю, ты мне послан Богом, До гроба ты хранитель мой… Ты в сновиденьях мне являлся, Незримый, ты мне был уж мил, Твой чудный взгляд меня томил, В душе твой голос раздавался Давно… нет, это был не сон! Ты чуть вошел, я вмиг узнала, Вся обомлела, запылала И в мыслях молвила: вот он! Не правда ль? я тебя слыхала: Ты говорил со мной в тиши, Когда я бедным помогала Или молитвой услаждала Тоску волнуемой души? И в это самое мгновенье Не ты ли, милое виденье, В прозрачной темноте мелькнул, Приникнул тихо к изголовью? Не ты ль, с отрадой и любовью, Слова надежды мне шепнул? Кто ты, мой ангел ли хранитель, Или коварный искуситель: Мои сомненья разреши. Быть может, это всё пустое, Обман неопытной души! И суждено совсем иное… Но так и быть! Судьбу мою Отныне я тебе вручаю, Перед тобою слезы лью, Твоей защиты умоляю… Вообрази: я здесь одна, Никто меня не понимает, Рассудок мой изнемогает, И молча гибнуть я должна. Я жду тебя: единым взором Надежды сердца оживи, Иль сон тяжелый перерви, Увы, заслуженным укором! Кончаю! Страшно перечесть… Стыдом и страхом замираю… Но мне порукой ваша честь, И смело ей себя вверяю…
ON.3.p032	stanza	Онегин 3.32	Татьяна то вздохнет, то охнет; Письмо дрожит в ее руке; Облатка розовая сохнет На воспаленном языке. К плечу головушкой склонилась. Сорочка легкая спустилась С ее прелестного плеча… Но вот уж лунного луча Сиянье гаснет. Там долина Сквозь пар яснеет. Там поток Засеребрился; там рожок Пастуший будит селянина. Вот утро: встали все давно, Моей Татьяне всё равно.
ON.3.p033	stanza	Онегин 3.33	Она зари не замечает, Сидит с поникшею главой И на письмо не напирает Своей печати вырезной. Но, дверь тихонько отпирая, Уж ей Филипьевна седая Приносит на подносе чай. «Пора, дитя мое, вставай: Да ты, красавица, готова! О пташка ранняя моя! Вечор уж как боялась я! Да, слава богу, ты здорова! Тоски ночной и следу нет, Лицо твое как маков цвет».
ON.3.p034	stanza	Онегин 3.34	— Ах! няня, сделай одолженье. — «Изволь, родная, прикажи». — Не думай… право… подозренье… Но видишь… ах! не откажи. — «Мой друг, вот бог тебе порука». — Итак, пошли тихонько внука С запиской этой к О… к тому… К соседу… да велеть ему — Чтоб он не говорил ни слова, Чтоб он не называл меня… — «Кому же, милая моя? Я нынче стала бестолкова. Кругом соседей много есть; Куда мне их и перечесть».
ON.3.p035	stanza	Онегин 3.35	— Как недогадлива ты, няня! — «Сердечный друг, уж я стара, Стара: тупеет разум, Таня; А то, бывало, я востра, Бывало, слово барской воли…» — Ах, няня, няня! до того ли? Что нужды мне в твоем уме? Ты видишь, дело о письме К Онегину. — «Ну, дело, дело, Не гневайся, душа моя, Ты знаешь, непонятна я… Да что ж ты снова побледнела?» — Так, няня, право ничего. Пошли же внука своего. —
ON.3.p036	stanza	Онегин 3.36	Но день протек, и нет ответа. Другой настал: все нет, как нет. Бледна как тень, с утра одета, Татьяна ждет: когда ж ответ? Приехал Ольгин обожатель. «Скажите: где же ваш приятель?» Ему вопрос хозяйки был. «Он что-то нас совсем забыл». Татьяна, вспыхнув, задрожала. — Сегодня быть он обещал, Старушке Ленской отвечал: Да, видно, почта задержала. — Татьяна потупила взор, Как будто слыша злой укор.
ON.3.p037	stanza	Онегин 3.37	Смеркалось; на столе блистая Шипел вечерний самовар. Китайский чайник нагревая; Под ним клубился легкий пар. Разлитый Ольгиной рукою, По чашкам темною струею Уже душистый чай бежал, И сливки мальчик подавал; Татьяна пред окном стояла, На стекла хладные дыша, Задумавшись, моя душа, Прелестным пальчиком писала На отуманенном стекле Заветный вензель О да Е.
ON.3.p038	stanza	Онегин 3.38	И между тем душа в ней ныла, И слез был полон томный взор. Вдруг топот!.. кровь ее застыла. Вот ближе! скачут… и на двор Евгений! «Ах!» — и легче тени Татьяна прыг в другие сени, С крыльца на двор, и прямо в сад, Летит, летит; взглянуть назад Не смеет; мигом обежала Куртины, мостики, лужок, Аллею к озеру, лесок, Кусты сирен переломала, По цветникам летя к ручью, И задыхаясь на скамью
ON.3.p039	stanza	Онегин 3.39	Упала… «Здесь он! здесь Евгений! О боже! что подумал он!» В ней сердце, полное мучений, Хранит надежды темный сон; Она дрожит и жаром пышет, И ждет: нейдет ли? Но не слышит. В саду служанки, на грядах, Сбирали ягоды в кустах И хором по наказу пели (Наказ, основанный на том, Чтоб барской ягоды тайком Уста лукавые не ели, И пеньем были заняты: Затея сельской остроты!). Девицы, красавицы, Душеньки, подруженьки, Разыграйтесь, девицы, Разгуляйтесь, милые! Затяните песенку, Песенку заветную, Заманите молодца К хороводу нашему. Как заманим молодца, Как завидим издали, Разбежимтесь, милые, Закидаем вишеньем, Вишеньем, малиною, Красною смородиной. Не ходи подслушивать Песенки заветные, Не ходи подсматривать Игры наши девичьи.
ON.3.p040	stanza	Онегин 3.40	Они поют, и с небреженьем Внимая звонкий голос их, Ждала Татьяна с нетерпеньем, Чтоб трепет сердца в ней затих, Чтобы прошло ланит пыланье. Но в персях то же трепетанье, И не проходит жар ланит, Но ярче, ярче лишь горит… Так бедный мотылек и блещет И бьется радужным крылом, Плененный школьным шалуном Так зайчик в озиме трепещет, Увидя вдруг издалека В кусты припадшего стрелка.
ON.3.p041	stanza	Онегин 3.41	Но наконец она вздохнула И встала со скамьи своей; Пошла, но только повернула В аллею, прямо перед ней, Блистая взорами, Евгений Стоит подобно грозной тени, И, как огнем обожжена, Остановилася она. Но следствия нежданной встречи Сегодня, милые друзья, Пересказать не в силах я; Мне должно после долгой речи И погулять и отдохнуть: Докончу после как-нибудь. |
ON.4.p001	stanza	Онегин 4.1	В начале жизни мною правил Прелестный, хитрый, слабый пол; Тогда в закон себе я ставил Его единый произвол. Душа лишь только разгоралась, И сердцу женщина являлась Каким-то чистым божеством. Владея чувствами, умом, Она сияла совершенством. Пред ней я таял в тишине: Ее любовь казалась мне Недосягаемым блаженством. Жить, умереть у милых ног — Иного я желать не мог.
ON.4.p002	stanza	Онегин 4.2	То вдруг её я ненавидел, И трепетал, и слезы лил, С тоской и ужасом в ней видел Созданье злобных, тайных сил; Её пронзительные взоры, Улыбка, голос, разговоры — Всё было в ней отравлено, Изменой злой напоено, Всё в ней алкало слез и стона, Питалось кровию моей… То вдруг я мрамор видел в ней, Перед мольбой Пигмалиона Еще холодный и немой, Но вскоре жаркий и живой.
ON.4.p003	stanza	Онегин 4.3	Словами вещего поэта Сказать и мне позволено: Темира, Дафна и Лилета — Как сон забыты мной давно. Но есть одна меж их толпою… Я долго был пленен одною — Но был ли я любим, и кем, И где, и долго ли?.. зачем Вам это знать? не в этом дело! Что было, то прошло, то вздор; А дело в том, что с этих пор Во мне уж сердце охладело, Закрылось для любви оно, И всё в нем пусто и темно.
ON.4.p004	stanza	Онегин 4.4	Дознался я, что дамы сами, Душевной тайне изменя, Не могут надивиться нами, Себя по совести ценя. Восторги наши своенравны Им очень кажутся забавны; И, право, с нашей стороны Мы непростительно смешны. Закабалясь неосторожно, Мы их любви в награду ждём. Любовь в безумии зовём, Как будто требовать возможно От мотыльков иль от лилей И чувств глубоких и страстей!
ON.4.p005	stanza	Онегин 4.5	Признаться ль вам, я наслажденье В то время лишь одно имел, Мне было мило ослепленье, Об нем я после пожалел. Но я заманчивой загадкой Не долго мучился украдкой… И сами помогли оне, Шепнули сами слово мне, Оно известно было свету, И даже никому давно Уж не казалось и смешно. Так разгадав загадку эту, Сказал я: только-то, друзья, Куда как недогадлив я.
ON.4.p006	stanza	Онегин 4.6	Страстей мятежные заботы Прошли, не возвратятся вновь! Души бесчувственной дремоты Не возмутит уже любовь. Пустая красота порока Блестит и нравится до срока. Пора проступки юных дней Загладить жизнию моей! Молва, играя, очернила Мои начальные лета. Ей подмогала клевета И дружбу только что смешила, Но, к счастью, суд молвы слепой Опровергается порой!..
ON.4.p007	stanza	Онегин 4.7	Чем меньше женщину мы любим, Тем легче нравимся мы ей, И тем ее вернее губим Средь обольстительных сетей. Разврат, бывало, хладнокровный Наукой славился любовной, Сам о себе везде трубя И наслаждаясь не любя. Но эта важная забава Достойна старых обезьян Хваленых дедовских времян: Ловласов обветшала слава Со славой красных каблуков И величавых париков.
ON.4.p008	stanza	Онегин 4.8	Кому не скучно лицемерить, Различно повторять одно, Стараться важно в том уверить, В чем все уверены давно, Всё те же слышать возраженья, Уничтожать предрассужденья, Которых не было и нет У девочки в тринадцать лет! Кого не утомят угрозы, Моленья, клятвы, мнимый страх, Записки на шести листах, Обманы, сплетни, кольца, слезы, Надзоры теток, матерей, И дружба тяжкая мужей!
ON.4.p009	stanza	Онегин 4.9	Так точно думал мой Евгений. Он в первой юности своей Был жертвой бурных заблуждений И необузданных страстей. Привычкой жизни избалован, Одним на время очарован, Разочарованный другим, Желаньем медленно томим, Томим и ветреным успехом, Внимая в шуме и в тиши Роптанье вечное души, Зевоту подавляя смехом: Вот как убил он восемь лет, Утратя жизни лучший цвет.
ON.4.p010	stanza	Онегин 4.10	В красавиц он уж не влюблялся, А волочился как-нибудь; Откажут — мигом утешался; Изменят — рад был отдохнуть. Он их искал без упоенья, А оставлял без сожаленья, Чуть помня их любовь и злость. Так точно равнодушный гость На вист вечерний приезжает, Садится; кончилась игра: Он уезжает со двора, Спокойно дома засыпает И сам не знает поутру, Куда поедет ввечеру.
ON.4.p011	stanza	Онегин 4.11	Но, получив посланье Тани, Онегин живо тронут был: Язык девических мечтаний В нем думы роем возмутил; И вспомнил он Татьяны милой И бледный цвет и вид унылый; И в сладостный, безгрешный сон Душою погрузился он, Быть может, чувствий пыл старинный Им на минуту овладел; Но обмануть он не хотел Доверчивость души невинной. Теперь мы в сад перелетим, Где встретилась Татьяна с ним.
ON.4.p012	stanza	Онегин 4.12	Минуты две они молчали, Но к ней Онегин подошел И молвил: «вы ко мне писали, Не отпирайтесь. Я прочел Души доверчивой признанья, Любви невинной излиянья; Мне ваша искренность мила; Она в волненье привела Давно умолкнувшие чувства; Но вас хвалить я не хочу; Я за нее вам отплачу Признаньем также без искусства; Примите исповедь мою: Себя на суд вам отдаю.
ON.4.p013	stanza	Онегин 4.13	Когда бы жизнь домашним кругом Я ограничить захотел; Когда б мне быть отцом, супругом Приятный жребий повелел; Когда б семейственной картиной Пленился я хоть миг единый, — То верно б, кроме вас одной, Невесты не искал иной. Скажу без блесток мадригальных: Нашед мой прежний идеал, Я верно б вас одну избрал В подруги дней моих печальных, Всего прекрасного в залог, И был бы счастлив… сколько мог!
ON.4.p014	stanza	Онегин 4.14	Но я не создан для блаженства; Ему чужда душа моя; Напрасны ваши совершенства: Их вовсе недостоин я. Поверьте (совесть в том порукой), Супружество нам будет мукой. Я, сколько ни любил бы вас, Привыкнув, разлюблю тотчас; Начнете плакать: ваши слезы Не тронут сердца моего, А будут лишь бесить его. Судите ж вы, какие розы Нам заготовит Гименей И, может быть, на много дней.
ON.4.p015	stanza	Онегин 4.15	Что может быть на свете хуже Семьи, где бедная жена Грустит о недостойном муже И днем и вечером одна; Где скучный муж, ей цену зная (Судьбу, однако ж, проклиная), Всегда нахмурен, молчалив, Сердит и холодно-ревнив! Таков я. И того ль искали Вы чистой, пламенной душой, Когда с такою простотой, С таким умом ко мне писали? Ужели жребий вам такой Назначен строгою судьбой?
ON.4.p016	stanza	Онегин 4.16	Мечтам и годам нет возврата; Не обновлю души моей… Я вас люблю любовью брата И, может быть, еще нежней. Послушайте ж меня без гнева: Сменит не раз младая дева Мечтами легкие мечты; Так деревцо свои листы Меняет с каждою весною. Так, видно, небом суждено. Полюбите вы снова: но… Учитесь властвовать собою; Не всякий вас, как я, поймет; К беде неопытность ведет».
ON.4.p017	stanza	Онегин 4.17	Так проповедовал Евгений. Сквозь слез не видя ничего, Едва дыша, без возражений, Татьяна слушала его. Он подал руку ей. Печально (Как говорится, машинально) Татьяна, молча, оперлась, Головкой томною склонясь; Пошли домой вкруг огорода; Явились вместе, и никто Не вздумал им пенять на то: Имеет сельская свобода Свои счастливые права, Как и надменная Москва.
ON.4.p018	stanza	Онегин 4.18	Вы согласитесь, мой читатель, Что очень мило поступил С печальной Таней наш приятель; Не в первый раз он тут явил Души прямое благородство, Хотя людей недоброхотство В нем не щадило ничего: Враги его, друзья его (Что, может быть, одно и то же) Его честили так и сяк. Врагов имеет в мире всяк, Но от друзей спаси нас, боже! Уж эти мне друзья, друзья! Об них недаром вспомнил я.
ON.4.p019	stanza	Онегин 4.19	А что? Да так. Я усыпляю Пустые, черные мечты; Я только в скобках замечаю, Что нет презренной клеветы, На чердаке вралем рожденной И светской чернью ободренной, Что нет нелепицы такой, Ни эпиграммы площадной, Которой бы ваш друг с улыбкой, В кругу порядочных людей, Без всякой злобы и затей, Не повторил сто крат ошибкой; А впрочем, он за вас горой: Он вас так любит… как родной!
ON.4.p020	stanza	Онегин 4.20	Гм! гм! Читатель благородный, Здорова ль ваша вся родня? Позвольте: может быть, угодно Теперь узнать вам от меня, Что значит именно родные. Родные люди вот какие: Мы их обязаны ласкать, Любить, душевно уважать И, по обычаю народа, О Рождестве их навещать, Или по почте поздравлять, Чтоб остальное время года Не думали о нас они… И так, дай бог им долги дни!
ON.4.p021	stanza	Онегин 4.21	Зато любовь красавиц нежных Надежней дружбы и родства: Над нею и средь бурь мятежных Вы сохраняете права. Конечно так. Но вихорь моды, Но своенравие природы, Но мненья светского поток… А милый пол, как пух, легок. К тому ж и мнения супруга Для добродетельной жены Всегда почтенны быть должны; Так ваша верная подруга Бывает вмиг увлечена: Любовью шутит сатана.
ON.4.p022	stanza	Онегин 4.22	Кого ж любить? Кому же верить? Кто не изменит нам один? Кто все дела, все речи мерит Услужливо на наш аршин? Кто клеветы про нас не сеет? Кто нас заботливо лелеет? Кому порок наш не беда? Кто не наскучит никогда? Призрака суетный искатель, Трудов напрасно не губя, Любите самого себя, Достопочтенный мой читатель! Предмет достойный: ничего Любезней верно нет его.
ON.4.p023	stanza	Онегин 4.23	Что было следствием свиданья? Увы, не трудно угадать! Любви безумные страданья Не перестали волновать Младой души, печали жадной; Нет, пуще страстью безотрадной Татьяна бедная горит; Ее постели сон бежит; Здоровье, жизни цвет и сладость, Улыбка, девственный покой, Пропало все, что звук пустой, И меркнет милой Тани младость: Так одевает бури тень Едва рождающийся день.
ON.4.p024	stanza	Онегин 4.24	Увы, Татьяна увядает, Бледнеет, гаснет и молчит! Ничто ее не занимает, Ее души не шевелит. Качая важно головою, Соседи шепчут меж собою: Пора, пора бы замуж ей!.. Но полно. Надо мне скорей Развеселить воображенье Картиной счастливой любви. Невольно, милые мои, Меня стесняет сожаленье; Простите мне: я так люблю Татьяну милую мою!
ON.4.p025	stanza	Онегин 4.25	Час от часу плененный боле Красами Ольги молодой, Владимир сладостной неволе Предался полною душой. Он вечно с ней. В ее покое Они сидят в потемках двое; Они в саду, рука с рукой, Гуляют утренней порой; И что ж? Любовью упоенный, В смятенье нежного стыда, Он только смеет иногда, Улыбкой Ольги ободренный, Развитым локоном играть Иль край одежды целовать.
ON.4.p026	stanza	Онегин 4.26	Он иногда читает Оле Нравоучительный роман, В котором автор знает боле Природу, чем Шатобриан, А между тем две, три страницы (Пустые бредни, небылицы, Опасные для сердца дев) Он пропускает, покраснев. Уединясь от всех далеко, Они над шахматной доской, На стол облокотясь, порой Сидят, задумавшись глубоко, И Ленской пешкою ладью Берет в рассеяньи свою.
ON.4.p027	stanza	Онегин 4.27	Поедет ли домой; и дома Он занят Ольгою своей. Летучие листки альбома Прилежно украшает ей: То в них рисует сельски виды, Надгробный камень, храм Киприды, Или на лире голубка Пером и красками слегка; То на листках воспоминанья Пониже подписи других Он оставляет нежный стих, Безмолвный памятник мечтанья, Мгновенной думы долгий след, Все тот же после многих лет.
ON.4.p028	stanza	Онегин 4.28	Конечно, вы не раз видали Уездной барышни альбом, Что все подружки измарали С конца, с начала и кругом. Сюда, назло правописанью, Стихи без меры, по преданью В знак дружбы верной внесены, Уменьшены, продолжены. На первом листике встречаешь Qu’écrirez-vous sur ces tablettes; И подпись: t. à v. Annette; А на последнем прочитаешь: «Кто любит более тебя, Пусть пишет далее меня».
ON.4.p029	stanza	Онегин 4.29	Тут непременно вы найдете Два сердца, факел и цветки; Тут верно клятвы вы прочтете В любви до гробовой доски; Какой-нибудь пиит армейской Тут подмахнул стишок злодейской. В такой альбом, мои друзья, Признаться, рад писать и я, Уверен будучи душою, Что всякий мой усердный вздор Заслужит благосклонный взор, И что потом с улыбкой злою Не станут важно разбирать, Остро иль нет я мог соврать.
ON.4.p030	stanza	Онегин 4.30	Но вы, разрозненные томы Из библиотеки чертей, Великолепные альбомы, Мученье модных рифмачей, Вы, украшенные проворно Толстого кистью чудотворной Иль Баратынского пером, Пускай сожжет вас божий гром! Когда блистательная дама Мне свой in-quarto подает, И дрожь и злость меня берет, И шевелится эпиграмма Во глубине моей души, А мадригалы им пиши!
ON.4.p031	stanza	Онегин 4.31	Не мадригалы Ленской пишет В альбоме Ольги молодой; Его перо любовью дышет, Не хладно блещет остротой; Что ни заметит, ни услышит Об Ольге, он про то и пишет: И полны истины живой Текут элегии рекой. Так ты, Языков вдохновенный, В порывах сердца своего, Поёшь, бог ведает, кого, И свод элегий драгоценный Представит некогда тебе Всю повесть о твоей судьбе.
ON.4.p032	stanza	Онегин 4.32	Но тише! Слышишь? Критик строгой Повелевает сбросить нам Элегии венок убогой, И нашей братье рифмачам Кричит: «да перестаньте плакать, И все одно и то же квакать, Жалеть о прежнем, о былом: Довольно, пойте о другом!» — Ты прав, и верно нам укажешь Трубу, личину и кинжал, И мыслей мертвый капитал Отвсюду воскресить прикажешь: Не так ли, друг? — Ничуть. Куда! «Пишите оды, господа,
ON.4.p033	stanza	Онегин 4.33	Как их писали в мощны годы, Как было встарь заведено…» — Одни торжественные оды! И, полно, друг; не все ль равно? Припомни, что сказал сатирик! Чужого толка хитрый лирик Ужели для тебя сносней Унылых наших рифмачей? — «Но все в элегии ничтожно; Пустая цель ее жалка; Меж тем цель оды высока И благородна…» Тут бы можно Поспорить нам, но я молчу; Два века ссорить не хочу.
ON.4.p034	stanza	Онегин 4.34	Поклонник славы и свободы, В волненьи бурных дум своих Владимир и писал бы оды, Да Ольга не читала их. Случалось ли поэтам слезным Читать в глаза своим любезным Свои творенья? Говорят, Что в мире выше нет наград. И впрямь, блажен любовник скромный, Читающий мечты свои Предмету песен и любви, Красавице приятно-томной! Блажен… хоть, может быть, она Совсем иным развлечена.
ON.4.p035	stanza	Онегин 4.35	Но я плоды моих мечтаний И гармонических затей Читаю только старой няне, Подруге юности моей, Да после скучного обеда Ко мне забредшего соседа, Поймав нежданно за полу, Душу трагедией в углу, Или (но это кроме шуток), Тоской и рифмами томим, Бродя над озером моим, Пугаю стадо диких уток: Вняв пенью сладкозвучных строф, Они слетают с берегов. А что ж Онегин? Кстати, братья! Терпенья вашего прошу: Его вседневные занятья Я вам подробно опишу. Онегин жил анахоретом; В седьмом часу вставал он летом И отправлялся налегке К бегущей под горой реке; Певцу Гюльнары подражая, Сей Геллеспонт переплывал, Потом свой кофе выпивал, Плохой журнал перебирая, И одевался… Прогулки, чтенье, сон глубокий, Лесная тень, журчанье струй, Порой белянки черноокой Младой и свежий поцелуй, Узде послушный конь ретивый, Обед довольно прихотливый, Бутылка светлого вина, Уединенье, тишина: Вот жизнь Онегина святая; И нечувствительно он ей Предался, красных летних дней В беспечной неге не считая, Забыв и город, и друзей, И скуку праздничных затей.
ON.4.p036	stanza	Онегин 4.40	Но наше северное лето, Карикатура южных зим, Мелькнет и нет: известно это, Хоть мы признаться не хотим. Уж небо осенью дышало, Уж реже солнышко блистало, Короче становился день, Лесов таинственная сень С печальным шумом обнажалась, Ложился на поля туман, Гусей крикливых караван Тянулся к югу: приближалась Довольно скучная пора; Стоял ноябрь уж у двора.
ON.4.p037	stanza	Онегин 4.41	Встает заря во мгле холодной; На нивах шум работ умолк; С своей волчихою голодной Выходит на дорогу волк; Его почуя, конь дорожный Храпит — и путник осторожный Несется в гору во весь дух; На утренней заре пастух Не гонит уж коров из хлева, И в час полуденный в кружок Их не зовет его рожок; В избушке распевая, дева Прядет, и, зимних друг ночей, Трещит лучинка перед ней.
ON.4.p038	stanza	Онегин 4.42	И вот уже трещат морозы И серебрятся средь полей… (Читатель ждет уж рифмы розы; На, вот возьми ее скорей!) Опрятней модного паркета Блистает речка, льдом одета. Мальчишек радостный народ Коньками звучно режет лед; На красных лапках гусь тяжелый, Задумав плыть по лону вод, Ступает бережно на лед, Скользит и падает; веселый Мелькает, вьется первый снег, Звездами падая на брег.
ON.4.p039	stanza	Онегин 4.43	В глуши что делать в эту пору? Гулять? Деревня той порой Невольно докучает взору Однообразной наготой. Скакать верхом в степи суровой? Но конь, притупленной подковой Неверный зацепляя лед, Того и жди, что упадет. Сиди под кровлею пустынной, Читай: вот Прадт, вот W. Scott. Не хочешь? — поверяй расход, Сердись иль пей, и вечер длинный Кой-как пройдет, и завтра тож, И славно зиму проведешь.
ON.4.p040	stanza	Онегин 4.44	Прямым Онегин Чильд Гарольдом Вдался в задумчивую лень: Со сна садится в ванну со льдом, И после, дома целый день, Один, в расчеты погруженный, Тупым кием вооруженный, Он на бильярде в два шара Играет с самого утра. Настанет вечер деревенский: Бильярд оставлен, кий забыт, Перед камином стол накрыт, Евгений ждет: вот едет Ленской На тройке чалых лошадей; Давай обедать поскорей!
ON.4.p041	stanza	Онегин 4.45	Вдовы Клико или Моэта Благословенное вино В бутылке мерзлой для поэта На стол тотчас принесено. Оно сверкает Ипокреной; Оно своей игрой и пеной (Подобием того-сего) Меня пленяло: за него Последний бедный лепт, бывало, Давал я. Помните ль, друзья? Его волшебная струя Рождала глупостей не мало, А сколько шуток и стихов, И споров, и веселых снов!
ON.4.p042	stanza	Онегин 4.46	Но изменяет пеной шумной Оно желудку моему, И я Бордо благоразумный Уж нынче предпочел ему. К Аи я больше не способен; Аи любовнице подобен Блестящей, ветреной, живой, И своенравной, и пустой… Но ты, Бордо, подобен другу, Который, в горе и в беде, Товарищ завсегда, везде, Готов нам оказать услугу Иль тихий разделить досуг. Да здравствует Бордо, наш друг!
ON.4.p043	stanza	Онегин 4.47	Огонь потух; едва золою Подернут уголь золотой; Едва заметною струею Виется пар, и теплотой Камин чуть дышит. Дым из трубок В трубу уходит. Светлый кубок Еще шипит среди стола. Вечерняя находит мгла… (Люблю я дружеские враки И дружеский бокал вина Порою той, что названа Пора меж волка и собаки, А почему, не вижу я.) Теперь беседуют друзья:
ON.4.p044	stanza	Онегин 4.48	«Ну, что соседки? Что Татьяна? Что Ольга резвая твоя?» — Налей еще мне полстакана… Довольно, милый… Вся семья Здорова; кланяться велели. Ах, милый, как похорошели У Ольги плечи, что за грудь! Что за душа!.. Когда-нибудь Заедем к ним; ты их обяжешь; А то, мой друг, суди ты сам: Два раза заглянул, а там Уж к ним и носу не покажешь. Да вот… какой же я болван! Ты к ним на той неделе зван. —
ON.4.p045	stanza	Онегин 4.49	«Я?» — Да, Татьяны именины В субботу. Олинька и мать Велели звать, и нет причины Тебе на зов не приезжать. — «Но куча будет там народу И всякого такого сброду…» — И, никого, уверен я! Кто будет там? своя семья. Поедем, сделай одолженье! Ну, что ж? — «Согласен». — Как ты мил! — При сих словах он осушил Стакан, соседке приношенье, Потом разговорился вновь Про Ольгу: такова любовь!
ON.4.p046	stanza	Онегин 4.50	Он весел был. Чрез две недели Назначен был счастливый срок. И тайна брачныя постели И сладостной любви венок Его восторгов ожидали. Гимена хлопоты, печали, Зевоты хладная чреда Ему не снились никогда. Меж тем как мы, враги Гимена, В домашней жизни зрим один Ряд утомительных картин, Роман во вкусе Лафонтена… Мой бедный Ленский, сердцем он Для оной жизни был рожден.
ON.4.p047	stanza	Онегин 4.51	Он был любим… по крайней мере Так думал он, и был счастлив. Стократ блажен, кто предан вере, Кто, хладный ум угомонив, Покоится в сердечной неге, Как пьяный путник на ночлеге, Или, нежней, как мотылек, В весенний впившийся цветок; Но жалок тот, кто всё предвидит, Чья не кружится голова, Кто все движенья, все слова В их переводе ненавидит, Чье сердце опыт остудил И забываться запретил! |
ON.5.p001	stanza	Онегин 5.1	В тот год осенняя погода Стояла долго на дворе, Зимы ждала, ждала природа. Снег выпал только в январе На третье в ночь. Проснувшись рано, В окно увидела Татьяна Поутру побелевший двор, Куртины, кровли и забор, На стеклах легкие узоры, Деревья в зимнем серебре, Сорок веселых на дворе И мягко устланные горы Зимы блистательным ковром. Все ярко, все бело кругом.
ON.5.p002	stanza	Онегин 5.2	Зима!.. Крестьянин, торжествуя, На дровнях обновляет путь; Его лошадка, снег почуя, Плетется рысью как-нибудь; Бразды пушистые взрывая, Летит кибитка удалая; Ямщик сидит на облучке В тулупе, в красном кушаке. Вот бегает дворовый мальчик, В салазки жучку посадив, Себя в коня преобразив; Шалун уж заморозил пальчик: Ему и больно и смешно, А мать грозит ему в окно…
ON.5.p003	stanza	Онегин 5.3	Но, может быть, такого рода Картины вас не привлекут: Всё это низкая природа; Изящного не много тут. Согретый вдохновенья богом, Другой поэт роскошным слогом Живописал нам первый снег И все оттенки зимних нег; Он вас пленит, я в том уверен, Рисуя в пламенных стихах Прогулки тайные в санях; Но я бороться не намерен Ни с ним покамест, ни с тобой, Певец Финляндки молодой!
ON.5.p004	stanza	Онегин 5.4	Татьяна (русская душою, Сама не зная, почему) С ее холодною красою Любила русскую зиму, На солнце иней в день морозный, И сани, и зарею поздной Сиянье розовых снегов, И мглу крещенских вечеров. По старине торжествовали В их доме эти вечера: Служанки со всего двора Про барышень своих гадали И им сулили каждый год Мужьев военных и поход.
ON.5.p005	stanza	Онегин 5.5	Татьяна верила преданьям Простонародной старины, И снам, и карточным гаданьям, И предсказаниям луны. Ее тревожили приметы; Таинственно ей все предметы Провозглашали что-нибудь, Предчувствия теснили грудь. Жеманный кот, на печке сидя, Мурлыча, лапкой рыльце мыл: То несомненный знак ей был, Что едут гости. Вдруг увидя Младой двурогий лик луны На небе с левой стороны,
ON.5.p006	stanza	Онегин 5.6	Она дрожала и бледнела. Когда ж падучая звезда По небу темному летела И рассыпалася, — тогда В смятенье Таня торопилась, Пока звезда еще катилась, Желанье сердца ей шепнуть. Когда случалось где-нибудь Ей встретить черного монаха Иль быстрый заяц меж полей Перебегал дорогу ей, Не зная, что начать со страха, Предчувствий горестных полна, Ждала несчастья уж она.
ON.5.p007	stanza	Онегин 5.7	Что ж? Тайну прелесть находила И в самом ужасе она: Так нас природа сотворила, К противуречию склонна. Настали святки. То-то радость! Гадает ветреная младость, Которой ничего не жаль, Перед которой жизни даль Лежит светла, необозрима; Гадает старость сквозь очки У гробовой своей доски, Всё потеряв невозвратимо; И всё равно: надежда им Лжет детским лепетом своим.
ON.5.p008	stanza	Онегин 5.8	Татьяна любопытным взором На воск потопленный глядит: Он чудно-вылитым узором Ей что-то чудное гласит; Из блюда, полного водою, Выходят кольца чередою; И вынулось колечко ей Под песенку старинных дней: «Там мужички-то всё богаты, Гребут лопатой серебро; Кому поем, тому добро И слава!» Но сулит утраты Сей песни жалостный напев; Милей кошурка сердцу дев.
ON.5.p009	stanza	Онегин 5.9	Морозна ночь; всё небо ясно; Светил небесных дивный хор Течет так тихо, так согласно… Татьяна на широкий двор В открытом платьице выходит, На месяц зеркало наводит; Но в темном зеркале одна Дрожит печальная луна… Чу… снег хрустит… прохожий; дева К нему на цыпочках летит И голосок ее звучит Нежней свирельного напева: Как ваше имя? Смотрит он И отвечает: Агафон.
ON.5.p010	stanza	Онегин 5.10	Татьяна, по совету няни Сбираясь ночью ворожить, Тихонько приказала в бане На два прибора стол накрыть; Но стало страшно вдруг Татьяне… И я — при мысли о Светлане Мне стало страшно — так и быть… С Татьяной нам не ворожить. Татьяна поясок шелковый Сняла, разделась и в постель Легла. Над нею вьется Лель, А под подушкою пуховой Девичье зеркало лежит. Утихло все. Татьяна спит.
ON.5.p011	stanza	Онегин 5.11	И снится чудный сон Татьяне. Ей снится, будто бы она Идет по снеговой поляне, Печальной мглой окружена; В сугробах снежных перед нею Шумит, клубит волной своею Кипучий, темный и седой Поток, не скованный зимой; Две жордочки, склеены льдиной, Дрожащий, гибельный мосток, Положены через поток: И пред шумящею пучиной, Недоумения полна, Остановилася она.
ON.5.p012	stanza	Онегин 5.12	Как на досадную разлуку, Татьяна ропщет на ручей; Не видит никого, кто руку С той стороны подал бы ей; Но вдруг сугроб зашевелился, И кто ж из-под него явился? Большой, взъерошенный медведь; Татьяна ах! а он реветь, И лапу с острыми когтями Ей протянул; она скрепясь Дрожащей ручкой оперлась И боязливыми шагами Перебралась через ручей; Пошла — и что ж? медведь за ней!
ON.5.p013	stanza	Онегин 5.13	Она, взглянуть назад не смея, Поспешный ускоряет шаг; Но от косматого лакея Не может убежать никак; Кряхтя, валит медведь несносный; Пред ними лес; недвижны сосны В своей нахмуренной красе; Отягчены их ветви все Клоками снега; сквозь вершины Осин, берез и лип нагих Сияет луч светил ночных; Дороги нет; кусты, стремнины Метелью все занесены, Глубоко в снег погружены.
ON.5.p014	stanza	Онегин 5.14	Татьяна в лес; медведь за нею; Снег рыхлый по колено ей; То длинный сук ее за шею Зацепит вдруг, то из ушей Златые серьги вырвет силой; То в хрупком снеге с ножки милой Увязнет мокрый башмачок; То выронит она платок; Поднять ей некогда; боится, Медведя слышит за собой, И даже трепетной рукой Одежды край поднять стыдится; Она бежит, он всё вослед: И сил уже бежать ей нет.
ON.5.p015	stanza	Онегин 5.15	Упала в снег; медведь проворно Ее хватает и несет; Она бесчувственно-покорна, Не шевельнется, не дохнет; Он мчит ее лесной дорогой; Вдруг меж дерев шалаш убогой; Кругом всё глушь; отвсюду он Пустынным снегом занесен, И ярко светится окошко, И в шалаше и крик, и шум; Медведь промолвил: здесь мой кум: Погрейся у него немножко! И в сени прямо он идет, И на порог ее кладет.
ON.5.p016	stanza	Онегин 5.16	Опомнилась, глядит Татьяна: Медведя нет; она в сенях; За дверью крик и звон стакана, Как на больших похоронах; Не видя тут ни капли толку, Глядит она тихонько в щелку, И что же видит?.. за столом Сидят чудовища кругом: Один в рогах с собачьей мордой, Другой с петушьей головой, Здесь ведьма с козьей бородой, Тут остов чопорный и гордый, Там карла с хвостиком, а вот Полу-журавль и полу-кот.
ON.5.p017	stanza	Онегин 5.17	Еще страшней, еще чуднее: Вот рак верьхом на пауке, Вот череп на гусиной шее Вертится в красном колпаке, Вот мельница вприсядку пляшет И крыльями трещит и машет: Лай, хохот, пенье, свист и хлоп, Людская молвь и конский топ! Но что подумала Татьяна, Когда узнала меж гостей Того, кто мил и страшен ей, Героя нашего романа! Онегин за столом сидит И в дверь украдкою глядит.
ON.5.p018	stanza	Онегин 5.18	Он знак подаст: и все хлопочут; Он пьет: все пьют и все кричат; Он засмеется: все хохочут; Нахмурит брови: все молчат; Он там хозяин, это ясно: И Тане уж не так ужасно, И любопытная теперь Немного растворила дверь… Вдруг ветер дунул, загашая Огонь светильников ночных; Смутилась шайка домовых; Онегин, взорами сверкая, Из-за стола гремя встает; Все встали; он к дверям идет.
ON.5.p019	stanza	Онегин 5.19	И страшно ей; и торопливо Татьяна силится бежать: Нельзя никак; нетерпеливо Метаясь, хочет закричать: Не может; дверь толкнул Евгений: И взорам адских привидений Явилась дева; ярый смех Раздался дико; очи всех, Копыта, хоботы кривые, Хвосты хохлатые, клыки, Усы, кровавы языки, Рога и пальцы костяные, Всё указует на нее, И все кричат: мое! мое!
ON.5.p020	stanza	Онегин 5.20	Мое! — сказал Евгений грозно, И шайка вся сокрылась вдруг; Осталася во тьме морозной. Младая дева с ним сам-друг; Онегин тихо увлекает Татьяну в угол и слагает Ее на шаткую скамью И клонит голову свою К ней на плечо; вдруг Ольга входит, За нею Ленской; свет блеснул; Онегин руку замахнул, И дико он очами бродит, И незваных гостей бранит; Татьяна чуть жива лежит.
ON.5.p021	stanza	Онегин 5.21	Спор громче, громче; вдруг Евгений Хватает длинный нож, и вмиг Повержен Ленской; страшно тени Сгустились; нестерпимый крик Раздался… хижина шатнулась… И Таня в ужасе проснулась… Глядит, уж в комнате светло; В окне сквозь мерзлое стекло Зари багряный луч играет; Дверь отворилась. Ольга к ней, Авроры северной алей И легче ласточки, влетает; «Ну, — говорит, — скажи ж ты мне, Кого ты видела во сне?»
ON.5.p022	stanza	Онегин 5.22	Но та, сестры не замечая, В постеле с книгою лежит, За листом лист перебирая, И ничего не говорит. Хоть не являла книга эта Ни сладких вымыслов поэта, Ни мудрых истин, ни картин; Но ни Виргилий, ни Расин, Ни Скотт, ни Байрон, ни Сенека, Ни даже Дамских Мод Журнал Так никого не занимал: То был, друзья, Мартын Задека, Глава халдейских мудрецов, Гадатель, толкователь снов.
ON.5.p023	stanza	Онегин 5.23	Сие глубокое творенье Завез кочующий купец Однажды к ним в уединенье И для Татьяны наконец Его с разрозненной Мальвиной Он уступил за три с полтиной, В придачу взяв еще за них Собранье басен площадных, Грамматику, две Петриады, Да Мармонтеля третий том. Мартин Задека стал потом Любимец Тани… Он отрады Во всех печалях ей дарит И безотлучно с нею спит.
ON.5.p024	stanza	Онегин 5.24	Ее тревожит сновиденье. Не зная, как его понять, Мечтанья страшного значенье Татьяна хочет отыскать. Татьяна в оглавленье кратком Находит азбучным порядком Слова: бор, буря, ведьма, ель, Еж, мрак, мосток, медведь, мятель И прочая. Ее сомнений Мартын Задека не решит; Но сон зловещий ей сулит Печальных много приключений. Дней несколько она потом Все беспокоилась о том.
ON.5.p025	stanza	Онегин 5.25	Но вот багряною рукою Заря от утренних долин Выводит с солнцем за собою Веселый праздник имянин.. С утра дом Лариных гостями Весь полон; целыми семьями Соседи съехались в возках, В кибитках, в бричках и в санях. В передней толкотня, тревога; В гостиной встреча новых лиц, Лай мосек, чмоканье девиц, Шум, хохот, давка у порога, Поклоны, шарканье гостей, Кормилиц крик и плач детей.
ON.5.p026	stanza	Онегин 5.26	С своей супругою дородной Приехал толстый Пустяков; Гвоздин, хозяин превосходный, Владелец нищих мужиков; Скотинины, чета седая, С детьми всех возрастов, считая От тридцати до двух годов; Уездный франтик Петушков, Мой брат двоюродный, Буянов, В пуху, в картузе с козырьком (Как вам, конечно, он знаком), И отставной советник Флянов, Тяжелый сплетник, старый плут, Обжора, взяточник и шут.
ON.5.p027	stanza	Онегин 5.27	С семьей Панфила Харликова Приехал и мосье Трике, Остряк, недавно из Тамбова, В очках и в рыжем парике. Как истинный француз, в кармане Трике привез куплет Татьяне На голос, знаемый детьми: Réveillez-vous, belle endormie. Меж ветхих песен альманаха Был напечатан сей куплет; Трике, догадливый поэт, Его на свет явил из праха, И смело вместо belle Nina Поставил belle Tatiana.
ON.5.p028	stanza	Онегин 5.28	И вот из ближнего посада Созревших барышень кумир, Уездных матушек отрада, Приехал ротный командир; Вошел… Ах, новость, да какая! Музыка будет полковая! Полковник сам ее послал. Какая радость: будет бал! Девчонки прыгают заране; Но кушать подали. Четой Идут за стол рука с рукой. Теснятся барышни к Татьяне; Мужчины против; и, крестясь, Толпа жужжит, за стол садясь.
ON.5.p029	stanza	Онегин 5.29	На миг умолкли разговоры; Уста жуют. Со всех сторон Гремят тарелки и приборы Да рюмок раздается звон. Но вскоре гости понемногу Подъемлют общую тревогу. Никто не слушает, кричат, Смеются, спорят и пищат. Вдруг двери настежь. Ленской входит, И с ним Онегин. «Ах, творец! — Кричит хозяйка: — Наконец!» Теснятся гости, всяк отводит Приборы, стулья поскорей; Зовут, сажают двух друзей.
ON.5.p030	stanza	Онегин 5.30	Сажают прямо против Тани, И, утренней луны бледней И трепетней гонимой лани, Она темнеющих очей Не подымает: пышет бурно В ней страстный жар; ей душно, дурно; Она приветствий двух друзей Не слышит, слезы из очей Хотят уж капать; уж готова Бедняжка в обморок упасть; Но воля и рассудка власть Превозмогли. Она два слова Сквозь зубы молвила тишком И усидела за столом.
ON.5.p031	stanza	Онегин 5.31	Траги-нервических явлений, Девичьих обмороков, слез Давно терпеть не мог Евгений: Довольно их он перенес. Чудак, попав на пир огромный, Уж был сердит. Но, девы томной Заметя трепетный порыв, С досады взоры опустив, Надулся он и, негодуя, Поклялся Ленского взбесить И уж порядком отомстить. Теперь, заране торжествуя, Он стал чертить в душе своей Каррикатуры всех гостей.
ON.5.p032	stanza	Онегин 5.32	Конечно, не один Евгений Смятенье Тани видеть мог; Но целью взоров и суждений В то время жирный был пирог (К несчастию, пересоленный) Да вот в бутылке засмоленной, Между жарким и блан-манже, Цимлянское несут уже; За ним строй рюмок узких, длинных, Подобно талии твоей, Зизи, кристалл души моей, Предмет стихов моих невинных, Любви приманчивый фиял, Ты, от кого я пьян бывал!
ON.5.p033	stanza	Онегин 5.33	Освободясь от пробки влажной, Бутылка хлопнула; вино Шипит; и вот с осанкой важной, Куплетом мучимый давно, Трике встает; пред ним собранье Хранит глубокое молчанье. Татьяна чуть жива; Трике, К ней обратясь с листком в руке, Запел, фальшивя. Плески, клики Его приветствуют. Она Певцу присесть принуждена; Поэт же скромный, хоть великий, Ее здоровье первый пьет И ей куплет передает.
ON.5.p034	stanza	Онегин 5.34	Пошли приветы, поздравленья; Татьяна всех благодарит. Когда же дело до Евгенья Дошло, то девы томный вид, Ее смущение, усталость В его душе родили жалость: Он молча поклонился ей, Но как-то взор его очей Был чудно нежен. Оттого ли, Что он и вправду тронут был, Иль он, кокетствуя, шалил, Невольно ль иль из доброй воли, Но взор сей нежность изъявил: Он сердце Тани оживил.
ON.5.p035	stanza	Онегин 5.35	Гремят отдвинутые стулья; Толпа в гостиную валит: Так пчел из лакомого улья На ниву шумный рой летит. Довольный праздничным обедом Сосед сопит перед соседом; Подсели дамы к камельку; Девицы шепчут в уголку; Столы зеленые раскрыты: Зовут задорных игроков Бостон и ломбер стариков, И вист, доныне знаменитый, Однообразная семья, Все жадной скуки сыновья.
ON.5.p036	stanza	Онегин 5.36	Уж восемь робертов сыграли Герои виста; восемь раз Они места переменяли; И чай несут. Люблю я час Определять обедом, чаем И ужином. Мы время знаем В деревне без больших сует: Желудок — верный наш брегет; И к стате я замечу в скобках, Что речь веду в моих строфах Я столь же часто о пирах, О разных кушаньях и пробках, Как ты, божественный Омир, Ты, тридцати веков кумир! Но чай несут: девицы чинно Едва за блюдечки взялись, Вдруг из-за двери в зале длинной Фагот и флейта раздались. Обрадован музыки громом, Оставя чашку чаю с ромом, Парис окружных городков, Подходит к Ольге Петушков, К Татьяне Ленский; Харликову, Невесту переспелых лет, Берет тамбовский мой поэт, Умчал Буянов Пустякову, И в залу высыпали все, И бал блестит во всей красе.
ON.5.p037	stanza	Онегин 5.40	В начале моего романа (Смотрите первую тетрадь) Хотелось вроде мне Альбана Бал петербургский описать; Но, развлечен пустым мечтаньем, Я занялся воспоминаньем О ножках мне знакомых дам. По вашим узеньким следам, О ножки, полно заблуждаться! С изменой юности моей Пора мне сделаться умней, В делах и в слоге поправляться, И эту пятую тетрадь От отступлений очищать.
ON.5.p038	stanza	Онегин 5.41	Однообразный и безумный, Как вихорь жизни молодой, Кружится вальса вихорь шумный; Чета мелькает за четой. К минуте мщенья приближаясь, Онегин, втайне усмехаясь, Подходит к Ольге. Быстро с ней Вертится около гостей, Потом на стул ее сажает, Заводит речь о том, о сем; Спустя минуты две потом Вновь с нею вальс он продолжает; Все в изумленье. Ленский сам Не верит собственным глазам.
ON.5.p039	stanza	Онегин 5.42	Мазурка раздалась. Бывало, Когда гремел мазурки гром, В огромной зале всё дрожало, Паркет трещал под каблуком, Тряслися, дребезжали рамы; Теперь не то: и мы, как дамы, Скользим по лаковым доскам. Но в городах, по деревням Еще мазурка сохранила Первоначальные красы: Припрыжки, каблуки, усы Всё те же: их не изменила Лихая мода, наш тиран, Недуг новейших россиян. Буянов, братец мой задорный, К герою нашему подвел Татьяну с Ольгою; проворно Онегин с Ольгою пошел; Ведет ее, скользя небрежно, И наклонясь ей шепчет нежно Какой-то пошлый мадригал, И руку жмет — и запылал В ее лице самолюбивом Румянец ярче. Ленский мой Всё видел: вспыхнул, сам не свой; В негодовании ревнивом Поэт конца мазурки ждет И в котильон ее зовет.
ON.5.p040	stanza	Онегин 5.45	Но ей нельзя. Нельзя? Но что же? Да Ольга слово уж дала Онегину. О боже, боже! Что слышит он? Она могла… Возможно ль? Чуть лишь из пеленок, Кокетка, ветреный ребенок! Уж хитрость ведает она, Уж изменять научена! Не в силах Ленский снесть удара; Проказы женские кляня, Выходит, требует коня И скачет. Пистолетов пара, Две пули — больше ничего — Вдруг разрешат судьбу его. |
ON.6.p001	stanza	Онегин 6.1	Заметив, что Владимир скрылся, Онегин, скукой вновь гоним, Близ Ольги в думу погрузился, Довольный мщением своим. За ним и Оленька зевала, Глазами Ленского искала, И бесконечный котильон Ее томил, как тяжкий сон. Но кончен он. Идут за ужин. Постели стелют; для гостей Ночлег отводят от сеней До самой девичьи. Всем нужен Покойный сон. Онегин мой Один уехал спать домой.
ON.6.p002	stanza	Онегин 6.2	Всё успокоилось: в гостиной Храпит тяжелый Пустяков С своей тяжелой половиной. Гвоздин, Буянов, Петушков И Флянов, не совсем здоровый, На стульях улеглись в столовой, А на полу мосье Трике, В фуфайке, в старом колпаке. Девицы в комнатах Татьяны И Ольги все объяты сном. Одна, печальна под окном Озарена лучом Дианы, Татьяна бедная не спит И в поле темное глядит.
ON.6.p003	stanza	Онегин 6.3	Его нежданным появленьем, Мгновенной нежностью очей И странным с Ольгой поведеньем До глубины души своей Она проникнута; не может Никак понять его; тревожит Ее ревнивая тоска, Как будто хладная рука Ей сердце жмет, как будто бездна Под ней чернеет и шумит… «Погибну», Таня говорит, «Но гибель от него любезна. Я не ропщу: зачем роптать? Не может он мне счастья дать».
ON.6.p004	stanza	Онегин 6.4	Вперед, вперед, моя исторья! Лицо нас новое зовет. В пяти верстах от Красногорья, Деревни Ленского, живет И здравствует еще доныне В философической пустыне Зарецкий, некогда буян, Картежной шайки атаман, Глава повес, трибун трактирный, Теперь же добрый и простой Отец семейства холостой, Надежный друг, помещик мирный И даже честный человек: Так исправляется наш век!
ON.6.p005	stanza	Онегин 6.5	Бывало, льстивый голос света В нем злую храбрость выхвалял: Он, правда, в туз из пистолета В пяти саженях попадал, И то сказать, что и в сраженье Раз в настоящем упоенье Он отличился, смело в грязь С коня калмыцкого свалясь, Как зюзя пьяный, и французам Достался в плен: драгой залог! Новейший Регул, чести бог, Готовый вновь предаться узам, Чтоб каждым утром у Вери В долг осушать бутылки три.
ON.6.p006	stanza	Онегин 6.6	Бывало, он трунил забавно, Умел морочить дурака И умного дурачить славно, Иль явно, иль исподтишка, Хоть и ему иные штуки Не проходили без науки, Хоть иногда и сам впросак Он попадался, как простак. Умел он весело поспорить, Остро и тупо отвечать, Порой расчетливо смолчать, Порой расчетливо повздорить, Друзей поссорить молодых И на барьер поставить их,
ON.6.p007	stanza	Онегин 6.7	Иль помириться их заставить, Дабы позавтракать втроем, И после тайно обесславить Веселой шуткою, враньем. Удалость (Как сон любви, другая шалость) Проходит с юностью живой. Как я сказал, Зарецкий мой, Под сень черемух и акаций От бурь укрывшись наконец, Живет, как истинный мудрец, Капусту садит, как Гораций, Разводит уток и гусей И учит азбуке детей.
ON.6.p008	stanza	Онегин 6.8	Он был не глуп; и мой Евгений, Не уважая сердца в нем, Любил и дух его суждений, И здравый толк о том, о сем. Он с удовольствием, бывало, Видался с ним, и так нимало Поутру не был удивлен, Когда его увидел он. Тот после первого привета, Прервав начатый разговор, Онегину, осклабя взор, Вручил записку от поэта. К окну Онегин подошел И про себя ее прочел.
ON.6.p009	stanza	Онегин 6.9	То был приятный, благородный, Короткий вызов, иль картель: Учтиво, с ясностью холодной Звал друга Ленский на дуэль. Онегин с первого движенья, К послу такого порученья Оборотясь, без лишних слов Сказал, что он всегда готов. Зарецкий встал без объяснений; Остаться доле не хотел, Имея дома много дел, И тотчас вышел; но Евгений Наедине с своей душой Был недоволен сам собой.
ON.6.p010	stanza	Онегин 6.10	И поделом: в разборе строгом, На тайный суд себя призвав, Он обвинял себя во многом: Во-первых, он уж был неправ, Что над любовью робкой, нежной Так подшутил вечор небрежно. А во-вторых: пускай поэт Дурачится; в осьмнадцать лет Оно простительно. Евгений, Всем сердцем юношу любя, Был должен оказать себя Не мячиком предрассуждений, Не пылким мальчиком, бойцом, Но мужем с честью и с умом.
ON.6.p011	stanza	Онегин 6.11	Он мог бы чувства обнаружить, А не щетиниться, как зверь; Он должен был обезоружить Младое сердце. «Но теперь Уж поздно; время улетело… К тому ж — он мыслит — в это дело Вмешался старый дуэлист; Он зол, он сплетник, он речист… Конечно, быть должно презренье Ценой его забавных слов, Но шепот, хохотня глупцов…» И вот общественное мненье! Пружина чести, наш кумир! И вот на чем вертится мир!
ON.6.p012	stanza	Онегин 6.12	Кипя враждой нетерпеливой, Ответа дома ждет поэт; И вот сосед велеречивый Привез торжественно ответ. Теперь ревнивцу то-то праздник! Он всё боялся, чтоб проказник Не отшутился как-нибудь, Уловку выдумав и грудь Отворотив от пистолета. Теперь сомненья решены: Они на мельницу должны Приехать завтра до рассвета, Взвести друг на́ друга курок И метить в ляжку иль в висок.
ON.6.p013	stanza	Онегин 6.13	Решась кокетку ненавидеть, Кипящий Ленский не хотел Пред поединком Ольгу видеть, На солнце, на часы смотрел, Махнул рукою напоследок — И очутился у соседок. Он думал Оленьку смутить, Своим приездом поразить; Не тут-то было: как и прежде, На встречу бедного певца Прыгнула Оленька с крыльца, Подобна ветреной надежде, Резва, беспечна, весела, Ну точно та же, как была.
ON.6.p014	stanza	Онегин 6.14	«Зачем вечор так рано скрылись?» Был первый Оленькин вопрос. Все чувства в Ленском помутились, И молча он повесил нос. Исчезла ревность и досада Пред этой ясностию взгляда, Пред этой нежной простотой, Пред этой резвою душой!.. Он смотрит в сладком умиленье; Он видит: он еще любим; Уж он, раскаяньем томим, Готов просить у ней прощенье, Трепещет, не находит слов, Он счастлив, он почти здоров… И вновь задумчивый, унылый Пред милой Ольгою своей, Владимир не имеет силы Вчерашний день напомнить ей; Он мыслит: «Буду ей спаситель. Не потерплю, чтоб развратитель Огнем и вздохов и похвал Младое сердце искушал; Чтоб червь презренный, ядовитый Точил лилеи стебелек; Чтобы двухутренний цветок Увял еще полураскрытый». Всё это значило, друзья: С приятелем стреляюсь я.
ON.6.p015	stanza	Онегин 6.18	Когда б он знал, какая рана Моей Татьяны сердце жгла! Когда бы ведала Татьяна, Когда бы знать она могла, Что завтра Ленский и Евгений Заспорят о могильной сени; Ах, может быть, ее любовь Друзей соединила б вновь! Но этой страсти и случайно Еще никто не открывал. Онегин обо всем молчал; Татьяна изнывала тайно; Одна бы няня знать могла, Да недогадлива была.
ON.6.p016	stanza	Онегин 6.19	Весь вечер Ленский был рассеян, То молчалив, то весел вновь; Но тот, кто музою взлелеян, Всегда таков: нахмуря бровь, Садился он за клавикорды И брал на них одни аккорды, То, к Ольге взоры устремив, Шептал: не правда ль? я счастлив. Но поздно; время ехать. Сжалось В нем сердце, полное тоской; Прощаясь с девой молодой, Оно как будто разрывалось. Она глядит ему в лицо. «Что с вами?» — Так.— И на крыльцо.
ON.6.p017	stanza	Онегин 6.20	Домой приехав, пистолеты Он осмотрел, потом вложил Опять их в ящик и, раздетый, При свечке, Шиллера открыл; Но мысль одна его объемлет; В нем сердце грустное не дремлет: С неизъяснимою красой Он видит Ольгу пред собой. Владимир книгу закрывает, Берет перо; его стихи, Полны любовной чепухи, Звучат и льются. Их читает Он вслух, в лирическом жару, Как Дельвиг пьяный на пиру.
ON.6.p018	stanza	Онегин 6.21	Стихи на случай сохранились, Я их имею; вот они: «Куда, куда вы удалились, Весны моей златые дни? Что день грядущий мне готовит? Его мой взор напрасно ловит, В глубокой мгле таится он. Нет нужды; прав судьбы закон. Паду ли я, стрелой пронзенный, Иль мимо пролетит она, Всё благо: бдения и сна Приходит час определенный; Благословен и день забот, Благословен и тьмы приход!
ON.6.p019	stanza	Онегин 6.22	«Блеснет заутра луч денницы И заиграет яркий день; А я, быть может, я гробницы Сойду в таинственную сень, И память юного поэта Поглотит медленная Лета, Забудет мир меня; но ты Придешь ли, дева красоты, Слезу пролить над ранней урной И думать: он меня любил, Он мне единой посвятил Рассвет печальный жизни бурной!.. Сердечный друг, желанный друг, Приди, приди: я твой супруг!..»
ON.6.p020	stanza	Онегин 6.23	Так он писал темно и вяло (Что романтизмом мы зовем, Хоть романтизма тут нимало Не вижу я; да что нам в том?) И наконец перед зарею, Склонясь усталой головою, На модном слове идеал Тихонько Ленский задремал; Но только сонным обаяньем Он позабылся, уж сосед В безмолвный входит кабинет И будит Ленского воззваньем: «Пора вставать: седьмой уж час. Онегин, верно, ждет уж нас».
ON.6.p021	stanza	Онегин 6.24	Но ошибался он: Евгений Спал в это время мертвым сном. Уже редеют ночи тени И встречен Веспер петухом; Онегин спит себе глубоко. Уж солнце катится высоко, И перелетная метель Блестит и вьется; но постель Еще Евгений не покинул, Еще над ним летает сон. Вот наконец проснулся он И полы завеса раздвинул; Глядит — и видит, что пора Давно уж ехать со двора.
ON.6.p022	stanza	Онегин 6.25	Он поскорей звонит. Вбегает К нему слуга француз Гильо, Халат и туфли предлагает И подает ему белье. Спешит Онегин одеваться, Слуге велит приготовляться С ним вместе ехать и с собой Взять также ящик боевой. Готовы санки беговые. Он сел, на мельницу летит. Примчались. Он слуге велит Лепажа стволы роковые Нести за ним, а лошадям Отъехать в поле к двум дубкам.
ON.6.p023	stanza	Онегин 6.26	Опершись на плотину, Ленский Давно нетерпеливо ждал; Меж тем, механик деревенский, Зарецкий жернов осуждал. Идет Онегин с извиненьем. «Но где же,— молвил с изумленьем Зарецкий,— где ваш секундант?» В дуэлях классик и педант, Любил методу он из чувства, И человека растянуть Он позволял — не как-нибудь, Но в строгих правилах искусства, По всем преданьям старины (Что похвалить мы в нем должны).
ON.6.p024	stanza	Онегин 6.27	«Мой секундант? — сказал Евгений,— Вот он: мой друг, Я не предвижу возражений На представление мое: Хоть человек он неизвестный, Но уж конечно малый честный». Зарецкий губу закусил. Онегин Ленского спросил: «Что ж, начинать?» — Начнем, пожалуй, Сказал Владимир. И пошли За мельницу. Пока вдали Зарецкий наш и честный малый Вступили в важный договор, Враги стоят, потупя взор.
ON.6.p025	stanza	Онегин 6.28	Враги! Давно ли друг от друга Их жажда крови отвела? Давно ль они часы досуга, Трапезу, мысли и дела Делили дружно? Ныне злобно, Врагам наследственным подобно, Как в страшном, непонятном сне, Они друг другу в тишине Готовят гибель хладнокровно… Не засмеяться ль им, пока Не обагрилась их рука, Не разойтиться ль полюбовно?.. Но дико светская вражда Боится ложного стыда.
ON.6.p026	stanza	Онегин 6.29	Вот пистолеты уж блеснули, Гремит о шомпол молоток. В граненый ствол уходят пули, И щелкнул в первый раз курок. Вот порох струйкой сероватой На полку сыплется. Зубчатый, Надежно ввинченный кремень Взведен еще. За ближний пень Становится Гильо смущенный. Плащи бросают два врага. Зарецкий тридцать два шага Отмерил с точностью отменной, Друзей развел по крайний след, И каждый взял свой пистолет.
ON.6.p027	stanza	Онегин 6.30	«Теперь сходитесь». Еще не целя, два врага Походкой твердой, тихо, ровно Четыре перешли шага, Четыре смертные ступени. Свой пистолет тогда Евгений, Не преставая наступать, Стал первый тихо подымать. Вот пять шагов еще ступили, И Ленский, жмуря левый глаз, Стал также целить — но как раз Онегин выстрелил… Пробили Часы урочные: поэт Роняет молча пистолет,
ON.6.p028	stanza	Онегин 6.31	На грудь кладет тихонько руку И падает. Туманный взор Изображает смерть, не муку. Так медленно по скату гор, На солнце искрами блистая, Спадает глыба снеговая. Мгновенным холодом облит, Онегин к юноше спешит, Глядит, зовет его… напрасно: Его уж нет. Младой певец Нашел безвременный конец! Дохнула буря, цвет прекрасный Увял на утренней заре, Потух огонь на алтаре!..
ON.6.p029	stanza	Онегин 6.32	Недвижим он лежал, и странен Был томный мир его чела. Под грудь он был навылет ранен; Дымясь, из раны кровь текла. Тому назад одно мгновенье В сем сердце билось вдохновенье, Вражда, надежда и любовь, Играла жизнь, кипела кровь: Теперь, как в доме опустелом, Всё в нем и тихо и темно; Замолкло навсегда оно. Закрыты ставни, окна мелом Забелены. Хозяйки нет. А где, бог весть. Пропал и след.
ON.6.p030	stanza	Онегин 6.33	Приятно дерзкой эпиграммой Взбесить оплошного врага; Приятно зреть, как он, упрямо Склонив бодливые рога, Невольно в зеркало глядится И узнавать себя стыдится; Приятней, если он, друзья, Завоет сдуру: это я! Еще приятнее в молчанье Ему готовить честный гроб И тихо целить в бледный лоб На благородном расстоянье; Но отослать его к отцам Едва ль приятно будет вам.
ON.6.p031	stanza	Онегин 6.34	Что ж, если вашим пистолетом Сражен приятель молодой, Нескромным взглядом, иль ответом, Или безделицей иной Вас оскорбивший за бутылкой, Иль даже сам в досаде пылкой Вас гордо вызвавший на бой, Скажите: вашею душой Какое чувство овладеет, Когда недвижим, на земле Пред вами с смертью на челе, Он постепенно костенеет, Когда он глух и молчалив На ваш отчаянный призыв?
ON.6.p032	stanza	Онегин 6.35	В тоске сердечных угрызений, Рукою стиснув пистолет, Глядит на Ленского Евгений. «Ну, что ж? убит»,— решил сосед. Убит!.. Сим страшным восклицаньем Сражен, Онегин с содроганьем Отходит и людей зовет. Зарецкий бережно кладет На сани труп оледенелый; Домой везет он страшный клад. Почуя мертвого, храпят И бьются кони, пеной белой Стальные мочат удила, И полетели как стрела.
ON.6.p033	stanza	Онегин 6.36	Друзья мои, вам жаль поэта: Во цвете радостных надежд, Их не свершив еще для света, Чуть из младенческих одежд, Увял! Где жаркое волненье, Где благородное стремленье И чувств и мыслей молодых, Высоких, нежных, удалых? Где бурные любви желанья, И жажда знаний и труда, И страх порока и стыда, И вы, заветные мечтанья, Вы, призрак жизни неземной, Вы, сны поэзии святой!
ON.6.p034	stanza	Онегин 6.37	Быть может, он для блага мира Иль хоть для славы был рожден; Его умолкнувшая лира Гремучий, непрерывный звон В веках поднять могла. Поэта, Быть может, на ступенях света Ждала высокая ступень. Его страдальческая тень, Быть может, унесла с собою Святую тайну, и для нас Погиб животворящий глас, И за могильною чертою К ней не домчится гимн времен, Благословение племен. А может быть и то: поэта Обыкновенный ждал удел. Прошли бы юношества лета: В нем пыл души бы охладел. Во многом он бы изменился, Расстался б с музами, женился, В деревне счастлив и рогат Носил бы стеганый халат; Узнал бы жизнь на самом деле, Подагру б в сорок лет имел, Пил, ел, скучал, толстел, хирел, И наконец в своей постеле Скончался б посреди детей, Плаксивых баб и лекарей.
ON.6.p035	stanza	Онегин 6.40	Но что бы ни было, читатель, Увы, любовник молодой, Поэт, задумчивый мечтатель, Убит приятельской рукой! Есть место: влево от селенья, Где жил питомец вдохновенья, Две сосны корнями срослись; Под ними струйки извились Ручья соседственной долины. Там пахарь любит отдыхать, И жницы в волны погружать Приходят звонкие кувшины; Там у ручья в тени густой Поставлен памятник простой.
ON.6.p036	stanza	Онегин 6.41	Под ним (как начинает капать Весенний дождь на злак полей) Пастух, плетя свой пестрый лапоть, Поет про волжских рыбарей; И горожанка молодая, В деревне лето провождая, Когда стремглав верхом она Несется по полям одна, Коня пред ним остановляет, Ремянный повод натянув, И, флер от шляпы отвернув, Глазами беглыми читает Простую надпись — и слеза Туманит нежные глаза.
ON.6.p037	stanza	Онегин 6.42	И шагом едет в чистом поле, В мечтанья погрузясь, она; Душа в ней долго поневоле Судьбою Ленского полна; И мыслит: «Что-то с Ольгой стало? В ней сердце долго ли страдало, Иль скоро слез прошла пора? И где теперь ее сестра? И где ж беглец людей и света, Красавиц модных модный враг, Где этот пасмурный чудак, Убийца юного поэта?» Со временем отчет я вам Подробно обо всем отдам,
ON.6.p038	stanza	Онегин 6.43	Но не теперь. Хоть я сердечно Люблю героя моего, Хоть возвращусь к нему, конечно, Но мне теперь не до него. Лета к суровой прозе клонят, Лета шалунью рифму гонят, И я — со вздохом признаюсь — За ней ленивей волочусь. Перу старинной нет охоты Марать летучие листы; Другие, хладные мечты, Другие, строгие заботы И в шуме света и в тиши Тревожат сон моей души.
ON.6.p039	stanza	Онегин 6.44	Познал я глас иных желаний, Познал я новую печаль; Для первых нет мне упований, А старой мне печали жаль. Мечты, мечты! где ваша сладость? Где, вечная к ней рифма, младость? Ужель и вправду наконец Увял, увял ее венец? Ужель и впрямь и в самом деле Без элегических затей Весна моих промчалась дней (Что я шутя твердил доселе)? И ей ужель возврата нет? Ужель мне скоро тридцать лет?
ON.6.p040	stanza	Онегин 6.45	Так, полдень мой настал, и нужно Мне в том сознаться, вижу я. Но так и быть: простимся дружно, О юность легкая моя! Благодарю за наслажденья, За грусть, за милые мученья, За шум, за бури, за пиры, За все, за все твои дары; Благодарю тебя. Тобою, Среди тревог и в тишине, Я насладился… и вполне; Довольно! С ясною душою Пускаюсь ныне в новый путь От жизни прошлой отдохнуть.
ON.6.p041	stanza	Онегин 6.46	Дай оглянусь. Простите ж, сени, Где дни мои текли в глуши, Исполнены страстей и лени И снов задумчивой души. А ты, младое вдохновенье, Волнуй мое воображенье, Дремоту сердца оживляй, В мой угол чаще прилетай, Не дай остыть душе поэта, Ожесточиться, очерстветь И наконец окаменеть В мертвящем упоенье света, В сем омуте, где с вами я Купаюсь, милые друзья! |
ON.7.p001	stanza	Онегин 7.1	Гонимы вешними лучами, С окрестных гор уже снега Сбежали мутными ручьями На потопленные луга. Улыбкой ясною природа Сквозь сон встречает утро года; Синея блещут небеса. Еще прозрачные, леса Как будто пухом зеленеют. Пчела за данью полевой Летит из кельи восковой. Долины сохнут и пестреют; Стада шумят, и соловей Уж пел в безмолвии ночей.
ON.7.p002	stanza	Онегин 7.2	Как грустно мне твое явленье, Весна, весна! пора любви! Какое томное волненье В моей душе, в моей крови! С каким тяжелым умиленьем Я наслаждаюсь дуновеньем В лицо мне веющей весны На лоне сельской тишины! Или мне чуждо наслажденье, И всё, что радует, живит, Всё, что ликует и блестит, Наводит скуку и томленье На душу мертвую давно, И всё ей кажется темно?
ON.7.p003	stanza	Онегин 7.3	Или, не радуясь возврату Погибших осенью листов, Мы помним горькую утрату, Внимая новый шум лесов; Или с природой оживленной Сближаем думою смущенной Мы увяданье наших лет, Которым возрожденья нет? Быть может, в мысли к нам приходит Средь поэтического сна Иная, старая весна И в трепет сердце нам приводит Мечтой о дальней стороне, О чудной ночи, о луне…
ON.7.p004	stanza	Онегин 7.4	Вот время: добрые ленивцы, Эпикурейцы-мудрецы, Вы, равнодушные счастливцы, Вы, школы Лёвшина птенцы, Вы, деревенские Приамы, И вы, чувствительные дамы, Весна в деревню вас зовет, Пора тепла, цветов, работ, Пора гуляний вдохновенных И соблазнительных ночей. В поля, друзья! скорей, скорей, В каретах, тяжко нагруженных, На долгих иль на почтовых Тянитесь из застав градских.
ON.7.p005	stanza	Онегин 7.5	И вы, читатель благосклонный, В своей коляске выписной Оставьте град неугомонный, Где веселились вы зимой; С моею музой своенравной Пойдемте слушать шум дубравный Над безыменною рекой В деревне, где Евгений мой, Отшельник праздный и унылый, Еще недавно жил зимой В соседстве Тани молодой, Моей мечтательницы милой; Но где его теперь уж нет… Где грустный он оставил след.
ON.7.p006	stanza	Онегин 7.6	Меж гор, лежащих полукругом, Пойдем туда, где ручеек Виясь бежит зеленым лугом К реке сквозь липовый лесок. Там соловей, весны любовник, Всю ночь поет; цветет шиповник, И слышен говор ключевой, — Там виден камень гробовой В тени двух сосен устарелых. Пришельцу надпись говорит: «Владимир Ленской здесь лежит, Погибший рано смертью смелых, В такой-то год, таких-то лет. Покойся, юноша-поэт!»
ON.7.p007	stanza	Онегин 7.7	На ветви сосны преклоненной, Бывало, ранний ветерок Над этой урною смиренной Качал таинственный венок. Бывало, в поздние досуги Сюда ходили две подруги. И на могиле при луне, Обнявшись, плакали оне. Но ныне… памятник унылый Забыт. К нему привычный след Заглох. Венка на ветви нет; Один, под ним, седой и хилый Пастух по-прежнему поет И обувь бедную плетет. Мой бедный Ленской! изнывая, Не долго плакала она. Увы! невеста молодая Своей печали неверна. Другой увлек ее вниманье, Другой успел ее страданье Любовной лестью усыпить, Улан умел ее пленить, Улан любим ее душою… И вот уж с ним пред алтарем Она стыдливо под венцом Стоит с поникшей головою, С огнем в потупленных очах, С улыбкой легкой на устах.
ON.7.p008	stanza	Онегин 7.11	Мой бедный Ленской! за могилой В пределах вечности глухой Смутился ли, певец унылый, Измены вестью роковой, Или над Летой усыпленный Поэт, бесчувствием блаженный, Уж не смущается ничем, И мир ему закрыт и нем?.. Так! равнодушное забвенье За гробом ожидает нас. Врагов, друзей, любовниц глас Вдруг молкнет. Про одно именье Наследников сердитый хор Заводит непристойный спор.
ON.7.p009	stanza	Онегин 7.12	И скоро звонкий голос Оли В семействе Лариных умолк. Улан, своей невольник доли, Был должен с нею ехать в полк. Слезами горько обливаясь, Старушка, с дочерью прощаясь, Казалось, чуть жива была, Но Таня плакать не могла; Лишь смертной бледностью покрылось Ее печальное лицо. Когда все вышли на крыльцо, И всё, прощаясь, суетилось Вокруг кареты молодых, Татьяна проводила их.
ON.7.p010	stanza	Онегин 7.13	И долго, будто сквозь тумана, Она глядела им вослед… И вот одна, одна Татьяна! Увы! подруга стольких лет, Ее голубка молодая, Ее наперсница родная, Судьбою вдаль занесена, С ней навсегда разлучена. Как тень она без цели бродит, То смотрит в опустелый сад… Нигде, ни в чем ей нет отрад, И облегченья не находит Она подавленным слезам — И сердце рвется пополам.
ON.7.p011	stanza	Онегин 7.14	И в одиночестве жестоком Сильнее страсть ее горит, И об Онегине далеком Ей сердце громче говорит. Она его не будет видеть; Она должна в нем ненавидеть Убийцу брата своего; Поэт погиб… но уж его Никто не помнит, уж другому Его невеста отдалась. Поэта память пронеслась Как дым по небу голубому, О нем два сердца, может быть, Еще грустят… На что грустить?
ON.7.p012	stanza	Онегин 7.15	Был вечер. Небо меркло. Воды Струились тихо. Жук жужжал. Уж расходились хороводы; Уж за рекой, дымясь, пылал Огонь рыбачий. В поле чистом, Луны при свете серебристом В свои мечты погружена, Татьяна долго шла одна. Шла, шла. И вдруг перед собою С холма господский видит дом, Селенье, рощу под холмом И сад над светлою рекою. Она глядит — и сердце в ней Забилось чаще и сильней.
ON.7.p013	stanza	Онегин 7.16	Ее сомнения смущают: «Пойду ль вперед, пойду ль назад?.. Его здесь нет. Меня не знают… Взгляну на дом, на этот сад». И вот с холма Татьяна сходит, Едва дыша; кругом обводит Недоуменья полный взор… И входит на пустынный двор. К ней, лая, кинулись собаки. На крик испуганный ея Ребят дворовая семья Сбежалась шумно. Не без драки Мальчишки разогнали псов, Взяв барышню под свой покров.
ON.7.p014	stanza	Онегин 7.17	«Увидеть барский дом нельзя ли?» — Спросила Таня. Поскорей К Анисье дети побежали У ней ключи взять от сеней; Анисья тотчас к ней явилась, И дверь пред ними отворилась, И Таня входит в дом пустой, Где жил недавно наш герой. Она глядит: забытый в зале Кий на бильярде отдыхал, На смятом канапе лежал Манежный хлыстик. Таня дале; Старушка ей: «а вот камин; Здесь барин сиживал один.
ON.7.p015	stanza	Онегин 7.18	Здесь с ним обедывал зимою Покойный Ленский, наш сосед. Сюда пожалуйте, за мною. Вот это барский кабинет; Здесь почивал он, кофей кушал, Приказчика доклады слушал И книжку поутру читал… И старый барин здесь живал; Со мной, бывало, в воскресенье, Здесь под окном, надев очки, Играть изволил в дурачки. Дай бог душе его спасенье, А косточкам его покой В могиле, в мать-земле сырой!»
ON.7.p016	stanza	Онегин 7.19	Татьяна взором умиленным Вокруг себя на всё глядит, И всё ей кажется бесценным, Всё душу томную живит Полу-мучительной отрадой: И стол с померкшею лампадой, И груда книг, и под окном Кровать, покрытая ковром, И вид в окно сквозь сумрак лунный, И этот бледный полусвет, И лорда Байрона портрет, И столбик с куклою чугунной Под шляпой с пасмурным челом, С руками, сжатыми крестом.
ON.7.p017	stanza	Онегин 7.20	Татьяна долго в келье модной Как очарована стоит. Но поздно. Ветер встал холодный. Темно в долине. Роща спит Над отуманенной рекою; Луна сокрылась за горою, И пилигримке молодой Пора, давно пора домой. И Таня, скрыв свое волненье, Не без того, чтоб не вздохнуть, Пускается в обратный путь. Но прежде просит позволенья Пустынный замок навещать, Чтоб книжки здесь одной читать.
ON.7.p018	stanza	Онегин 7.21	Татьяна с ключницей простилась За воротами. Через день Уж утром рано вновь явилась Она в оставленную сень, И в молчаливом кабинете, Забыв на время всё на свете, Осталась наконец одна, И долго плакала она. Потом за книги принялася. Сперва ей было не до них, Но показался выбор их Ей странен. Чтенью предалася Татьяна жадною душой; И ей открылся мир иной.
ON.7.p019	stanza	Онегин 7.22	Хотя мы знаем, что Евгений Издавна чтенье разлюбил, Однако ж несколько творений Он из опалы исключил: Певца Гяура и Жуана, Да с ним еще два-три романа, В которых отразился век, И современный человек Изображен довольно верно С его безнравственной душой, Себялюбивой и сухой, Мечтанью преданной безмерно, С его озлобленным умом, Кипящим в действии пустом.
ON.7.p020	stanza	Онегин 7.23	Хранили многие страницы Отметку резкую ногтей; Глаза внимательной девицы Устремлены на них живей. Татьяна видит с трепетаньем, Какою мыслью, замечаньем Бывал Онегин поражен, В чем молча соглашался он. На их полях она встречает Черты его карандаша. Везде Онегина душа Себя невольно выражает То кратким словом, то крестом, То вопросительным крючком.
ON.7.p021	stanza	Онегин 7.24	И начинает понемногу Моя Татьяна понимать Теперь яснее — слава богу — Того, по ком она вздыхать Осуждена судьбою властной: Чудак печальный и опасный, Созданье ада иль небес, Сей ангел, сей надменный бес, Что ж он? Ужели подражанье, Ничтожный призрак, иль еще Москвич в Гарольдовом плаще, Чужих причуд истолкованье, Слов модных полный лексикон?.. Уж не пародия ли он?
ON.7.p022	stanza	Онегин 7.25	Ужель загадку разрешила? Ужели слово найдено? Часы бегут; она забыла, Что дома ждут ее давно, Где собралися два соседа И где об ней идет беседа. — Как быть? Татьяна не дитя, — Старушка молвила кряхтя. — Ведь Олинька ее моложе. Пристроить девушку, ей-ей, Пора; а что мне делать с ней? Всем наотрез одно и то же: Нейду. И всё грустит она Да бродит по лесам одна. —
ON.7.p023	stanza	Онегин 7.26	«Не влюблена ль она?» — В кого же? Буянов сватался: отказ. Ивану Петушкову — тоже. Гусар Пыхтин гостил у нас; Уж как он Танею прельщался, Как мелким бесом рассыпался! Я думала: пойдет авось; Куда! и снова дело врозь. — «Что ж, матушка? за чем же стало? В Москву, на ярманку невест! Там, слышно, много праздных мест». — Ох, мой отец! доходу мало. — «Довольно для одной зимы, Не то уж дам я хоть взаймы».
ON.7.p024	stanza	Онегин 7.27	Старушка очень полюбила Совет разумный и благой; Сочлась — и тут же положила В Москву отправиться зимой. И Таня слышит новость эту. На суд взыскательному свету Представить ясные черты Провинцияльной простоты, И запоздалые наряды, И запоздалый склад речей; Московских франтов и цирцей Привлечь насмешливые взгляды!.. О страх! нет, лучше и верней В глуши лесов остаться ей.
ON.7.p025	stanza	Онегин 7.28	Вставая с первыми лучами, Теперь в поля она спешит И, умиленными очами Их озирая, говорит: «Простите, милые долины, И вы, знакомых гор вершины, И вы, знакомые леса; Прости, небесная краса, Прости, веселая природа; Меняю милый, тихий свет На шум блистательных сует… Прости ж и ты, моя свобода! Куда, зачем стремлюся я? Что мне сулит судьба моя?»
ON.7.p026	stanza	Онегин 7.29	Ее прогулки длятся доле. Теперь то холмик, то ручей Остановляют поневоле Татьяну прелестью своей. Она, как с давними друзьями, С своими рощами, лугами Еще беседовать спешит. Но лето быстрое летит. Настала осень золотая. Природа трепетна, бледна, Как жертва, пышно убрана… Вот север, тучи нагоняя, Дохнул, завыл — и вот сама Идет волшебница зима.
ON.7.p027	stanza	Онегин 7.30	Пришла, рассыпалась; клоками Повисла на суках дубов; Легла волнистыми коврами Среди полей, вокруг холмов; Брега с недвижною рекою Сравняла пухлой пеленою; Блеснул мороз. И рады мы Проказам матушки зимы. Не радо ей лишь сердце Тани. Нейдет она зиму встречать, Морозной пылью подышать И первым снегом с кровли бани Умыть лицо, плеча и грудь: Татьяне страшен зимний путь.
ON.7.p028	stanza	Онегин 7.31	Отъезда день давно просрочен, Проходит и последний срок. Осмотрен, вновь обит, упрочен Забвенью брошенный возок. Обоз обычный, три кибитки Везут домашние пожитки, Кастрюльки, стулья, сундуки, Варенье в банках, тюфяки, Перины, клетки с петухами, Горшки, тазы et cetera, Ну, много всякого добра. И вот в избе между слугами Поднялся шум, прощальный плач: Ведут на двор осьмнадцать кляч,
ON.7.p029	stanza	Онегин 7.32	В возок боярский их впрягают, Готовят завтрак повара, Горой кибитки нагружают, Бранятся бабы, кучера. На кляче тощей и косматой Сидит форейтор бородатый, Сбежалась челядь у ворот Прощаться с барами. И вот Уселись, и возок почтенный, Скользя, ползет за ворота. «Простите, мирные места! Прости, приют уединенный! Увижу ль вас?..» И слез ручей У Тани льется из очей.
ON.7.p030	stanza	Онегин 7.33	Когда благому просвещенью Отдвинем более границ, Со временем (по расчисленью Философических таблиц, Лет чрез пятьсот) дороги верно У нас изменятся безмерно: Шоссе Россию здесь и тут, Соединив, пересекут. Мосты чугунные чрез воды Шагнут широкою дугой, Раздвинем горы, под водой Пророем дерзостные своды, И заведет крещеный мир На каждой станции трактир.
ON.7.p031	stanza	Онегин 7.34	Теперь у нас дороги плохи, Мосты забытые гниют, На станциях клопы да блохи Заснуть минуты не дают; Трактиров нет. В избе холодной Высокопарный, но голодный Для виду прейскурант висит И тщетный дразнит аппетит, Меж тем, как сельские циклопы Перед медлительным огнем Российским лечат молотком Изделье легкое Европы, Благословляя колеи И рвы отеческой земли.
ON.7.p032	stanza	Онегин 7.35	Зато зимы порой холодной Езда приятна и легка. Как стих без мысли в песне модной Дорога зимняя гладка. Автомедоны наши бойки, Неутомимы наши тройки, И версты, теша праздный взор, В глазах мелькают как забор. К несчастью, Ларина тащилась, Боясь прогонов дорогих, Не на почтовых, на своих, И наша дева насладилась Дорожной скукою вполне: Семь суток ехали оне.
ON.7.p033	stanza	Онегин 7.36	Но вот уж близко. Перед ними Уж белокаменной Москвы, Как жар, крестами золотыми Горят старинные главы. Ах, братцы! как я был доволен, Когда церквей и колоколен Садов, чертогов полукруг Открылся предо мною вдруг! Как часто в горестной разлуке, В моей блуждающей судьбе, Москва, я думал о тебе! Москва… как много в этом звуке Для сердца русского слилось! Как много в нем отозвалось!
ON.7.p034	stanza	Онегин 7.37	Вот, окружен своей дубравой, Петровский замок. Мрачно он Недавнею гордится славой. Напрасно ждал Наполеон, Последним счастьем упоенный, Москвы коленопреклоненной С ключами старого Кремля: Нет, не пошла Москва моя К нему с повинной головою. Не праздник, не приемный дар, Она готовила пожар Нетерпеливому герою. Отселе, в думу погружен, Глядел на грозный пламень он.
ON.7.p035	stanza	Онегин 7.38	Прощай, свидетель падшей славы, Петровский замок. Ну! не стой, Пошел! Уже столпы заставы Белеют; вот уж по Тверской Возок несется чрез ухабы. Мелькают мимо бутки, бабы, Мальчишки, лавки, фонари, Дворцы, сады, монастыри, Бухарцы, сани, огороды, Купцы, лачужки, мужики, Бульвары, башни, казаки, Аптеки, магазины моды, Балконы, львы на воротах И стаи галок на крестах. В сей утомительной прогулке Проходит час-другой, и вот У Харитонья в переулке Возок пред домом у ворот Остановился. К старой тетке, Четвертый год больной в чахотке, Они приехали теперь. Им настежь отворяет дверь В очках, в изорванном кафтане, С чулком в руке, седой калмык. Встречает их в гостиной крик Княжны, простертой на диване. Старушки с плачем обнялись, И восклицанья полились.
ON.7.p036	stanza	Онегин 7.41	— Княжна, mon ange! — «Pachette!» — Алина! — «Кто б мог подумать? — Как давно! Надолго ль? — Милая! Кузина! Садись — как это мудрено! Ей-богу, сцена из романа…» — А это дочь моя, Татьяна. — «Ах, Таня! подойди ко мне — Как будто брежу я во сне… Кузина, помнишь Грандисона?» — Как, Грандисон?.. а, Грандисон! Да, помню, помню. Где же он? — «В Москве, живет у Симеона; Меня в сочельник навестил; Недавно сына он женил.
ON.7.p037	stanza	Онегин 7.42	А тот… но после всё расскажем, Не правда ль? Всей ее родне Мы Таню завтра же покажем. Жаль, разъезжать нет мочи мне; Едва, едва таскаю ноги. Но вы замучены с дороги; Пойдемте вместе отдохнуть… Ох, силы нет… устала грудь… Мне тяжела теперь и радость, Не только грусть… душа моя, Уж никуда не годна я… Под старость жизнь такая гадость…» И тут, совсем утомлена, В слезах раскашлялась она.
ON.7.p038	stanza	Онегин 7.43	Больной и ласки и веселье Татьяну трогают; но ей Не хорошо на новоселье, Привыкшей к горнице своей. Под занавескою шелковой Не спится ей в постеле новой, И ранний звон колоколов, Предтеча утренних трудов, Ее с постели подымает. Садится Таня у окна. Редеет сумрак; но она Своих полей не различает: Пред нею незнакомый двор, Конюшня, кухня и забор.
ON.7.p039	stanza	Онегин 7.44	И вот: по родственным обедам Развозят Таню каждый день Представить бабушкам и дедам Ее рассеянную лень. Родне, прибывшей издалеча, Повсюду ласковая встреча, И восклицанья, и хлеб-соль. «Как Таня выросла! Давно ль Я, кажется, тебя крестила? А я так на руки брала! А я так за уши драла! А я так пряником кормила!» И хором бабушки твердят: «Как наши годы-то летят!»
ON.7.p040	stanza	Онегин 7.45	Но в них не видно перемены; Всё в них на старый образец: У тетушки княжны Елены Всё тот же тюлевый чепец; Всё белится Лукерья Львовна, Всё то же лжет Любовь Петровна, Иван Петрович также глуп, Семен Петрович также скуп, У Пелагеи Николавны Всё тот же друг мосьё Финмуш, И тот же шпиц, и тот же муж; А он, всё клуба член исправный, Всё так же смирен, так же глух, И так же ест и пьет за двух.
ON.7.p041	stanza	Онегин 7.46	Их дочки Таню обнимают. Младые грации Москвы Сначала молча озирают Татьяну с ног до головы; Ее находят что-то странной, Провинциальной и жеманной, И что-то бледной и худой, А впрочем, очень недурной; Потом, покорствуя природе, Дружатся с ней, к себе ведут, Цалуют, нежно руки жмут, Взбивают кудри ей по моде И поверяют нараспев Сердечны тайны, тайны дев,
ON.7.p042	stanza	Онегин 7.47	Чужие и свои победы, Надежды, шалости, мечты. Текут невинные беседы С прикрасой легкой клеветы. Потом, в отплату лепетанья, Ее сердечного признанья Умильно требуют оне. Но Таня, точно как во сне, Их речи слышит без участья, Не понимает ничего, И тайну сердца своего, Заветный клад и слез и счастья, Хранит безмолвно между тем И им не делится ни с кем.
ON.7.p043	stanza	Онегин 7.48	Татьяна вслушаться желает В беседы, в общий разговор; Но всех в гостиной занимает Такой бессвязный, пошлый вздор; Всё в них так бледно равнодушно; Они клевещут даже скучно; В бесплодной сухости речей, Расспросов, сплетен и вестей Не вспыхнет мысли в целы сутки, Хоть невзначай, хоть наобум; Не улыбнется томный ум, Не дрогнет сердце, хоть для шутки. И даже глупости смешной В тебе не встретишь, свет пустой.
ON.7.p044	stanza	Онегин 7.49	Архивны юноши толпою На Таню чопорно глядят И про нее между собою Неблагосклонно говорят. Один какой-то шут печальный Ее находит идеальной, И, прислонившись у дверей, Элегию готовит ей. У скучной тетки Таню встретя, К ней как-то Вяземский подсел И душу ей занять успел. И, близ него ее заметя, Об ней, поправя свой парик, Осведомляется старик.
ON.7.p045	stanza	Онегин 7.50	Но там, где Мельпомены бурной Протяжный раздается вой, Где машет мантию мишурной Она пред хладною толпой, Где Талия тихонько дремлет И плескам дружеским не внемлет, Где Терпсихоре лишь одной Дивится зритель молодой (Что было также в прежни леты, Во время ваше и мое), Не обратились на нее Ни дам ревнивые лорнеты, Ни трубки модных знатоков Из лож и кресельных рядов.
ON.7.p046	stanza	Онегин 7.51	Ее привозят и в Собранье. Там теснота, волненье, жар, Музыки грохот, свеч блистанье, Мельканье, вихорь быстрых пар, Красавиц легкие уборы, Людьми пестреющие хоры, Невест обширный полукруг, Всё чувства поражает вдруг. Здесь кажут франты записные Свое нахальство, свой жилет И невнимательный лорнет. Сюда гусары отпускные Спешат явиться, прогреметь, Блеснуть, пленить и улететь.
ON.7.p047	stanza	Онегин 7.52	У ночи много звезд прелестных, Красавиц много на Москве. Но ярче всех подруг небесных Луна в воздушной синеве. Но та, которую не смею Тревожить лирою моею, Как величавая луна, Средь жен и дев блестит одна. С какою гордостью небесной Земли касается она! Как негой грудь ее полна! Как томен взор ее чудесный!.. Но полно, полно; перестань: Ты заплатил безумству дань.
ON.7.p048	stanza	Онегин 7.53	Шум, хохот, беготня, поклоны, Галоп, мазурка, вальс… Меж тем, Между двух теток, у колоны, Не замечаема никем, Татьяна смотрит и не видит, Волненье света ненавидит; Ей душно здесь… она мечтой Стремится к жизни полевой, В деревню, к бедным поселянам, В уединенный уголок, Где льется светлый ручеек, К своим цветам, к своим романам И в сумрак липовых аллей, Туда, где он являлся ей.
ON.7.p049	stanza	Онегин 7.54	Так мысль ее далече бродит: Забыт и свет и шумный бал, А глаз меж тем с нее не сводит Какой-то важный генерал. Друг другу тетушки мигнули И локтем Таню враз толкнули, И каждая шепнула ей: — Взгляни налево поскорей. — «Налево? где? что там такое?» — Ну, что бы ни было, гляди… В той кучке, видишь? впереди, Там, где еще в мундирах двое… Вот отошел… вот боком стал… «Кто? толстый этот генерал?»
ON.7.p050	stanza	Онегин 7.55	Но здесь с победою поздравим Татьяну милую мою, И в сторону свой путь направим, Чтоб не забыть, о ком пою… Да, кстати, здесь о том два слова: Пою приятеля младого И множество его причуд. Благослови мой долгий труд, О ты, эпическая муза! И верный посох мне вручив, Не дай блуждать мне вкось и вкривь. Довольно. С плеч долой обуза! Я классицизму отдал честь: Хоть поздно, а вступленье есть. |
