target_id	source_id	llm_score	цитата_романа	цитата_стиха	raw
CP.P1.VI.15	b.ACT.9.36	2	тысячи добрых дел и начинаний	исполнена добрых дел	'{"score": 2, "цитата_из_романа": "тысячи добрых дел и начинаний", "цитата_из_стиха": "исполнена добрых дел"}'
CP.P1.VI.15	b.2KI.18.21	0			'{"score": 0, "цитата_из_романа": "", "цитата_из_стиха": ""}'
CP.P1.VI.15	b.PRO.2.18	2	смерть, гниение, разложение, жизнь заедает	к смерти, к мертвецам	'{"score": 2, "цитата_из_романа": "смерть, гниение, разложение, жизнь заедает", "цитата_из_стиха": "к смерти, к мертвецам"}'
CP.P1.VI.15	b.EZE.41.19	0			'{"score": 0, "цитата_из_романа": "", "цитата_из_стиха": ""}'
CP.P1.VI.15	b.MAT.25.7	0			'{"score": 0, "цитата_из_романа": "", "цитата_из_стиха": ""}'
CP.P1.VI.15	b.GEN.12.19	0			'{"score": 0, "цитата_из_романа": "", "цитата_из_стиха": ""}'
CP.P1.VI.15	b.MAT.23.5	0			'{"score": 0, "цитата_из_романа": "", "цитата_из_стиха": ""}'
CP.P1.VI.15	b.LEV.11.2	0			'{"score": 0, "цитата_из_романа": "", "цитата_из_стиха": ""}'
CP.P1.VI.15	b.ROM.8.38	0			'{"score": 0, "цитата_из_романа": "", "цитата_из_стиха": ""}'
CP.P1.VI.15	b.EZE.40.39	0			'{"score": 0, "цитата_из_романа": "", "цитата_из_стиха": ""}'
CP.P1.VI.15	b.EZE.40.12	0			'{"score": 0, "цитата_из_романа": "", "цитата_из_стиха": ""}'
CP.P1.VI.15	b.MAT.5.16	2	тысячи добрых дел	добрые дела	'{"score": 2, "цитата_из_романа": "тысячи добрых дел", "цитата_из_стиха": "добрые дела"}'
CP.P1.VI.15	b.1SA.26.16	0			'{"score": 0, "цитата_из_романа": "", "цитата_из_стиха": ""}'
CP.P1.VI.15	b.JOB.6.26	0			'{"score": 0, "цитата_из_романа": "", "цитата_из_стиха": ""}'
CP.P1.VI.15	b.JER.3.2	0			'{"score": 0, "цитата_из_романа": "", "цитата_из_стиха": ""}'
CP.P1.VI.15	b.JER.22.15	0			'{"score": 0, "цитата_из_романа": "", "цитата_из_стиха": ""}'
CP.P1.VI.15	b.EXO.17.12	0			'{"score": 0, "цитата_из_романа": "", "цитата_из_стиха": ""}'
CP.P1.VI.15	b.EZE.16.4	0			'{"score": 0, "цитата_из_романа": "", "цитата_из_стиха": ""}'
CP.P1.VI.15	b.LUK.2.23	0			'{"score": 0, "цитата_из_романа": "", "цитата_из_стиха": ""}'
CP.P1.VI.15	b.ROM.11.20	0			'{"score": 0, "цитата_из_романа": "", "цитата_из_стиха": ""}'
CP.P1.VI.15	b.EZE.41.2	0			'{"score": 0, "цитата_из_романа": "", "цитата_из_стиха": ""}'
CP.P1.VI.15	b.ISA.47.15	0			'{"score": 0, "цитата_из_романа": "", "цитата_из_стиха": ""}'
CP.P1.VI.15	b.NUM.6.2	0			'{"score": 0, "цитата_из_романа": "", "цитата_из_стиха": ""}'
CP.P1.VI.15	b.1TI.5.25	0			'{"score": 0, "цитата_из_романа": "", "цитата_из_стиха": ""}'
CP.P1.VI.15	b.EXO.29.1	0			'{"score": 0, "цитата_из_романа": "", "цитата_из_стиха": ""}'
CP.P1.VI.15	b.NUM.6.6	0			'{"score": 0, "цитата_из_романа": "", "цитата_из_стиха": ""}'
CP.P1.VI.15	b.2CH.31.18	0			'{"score": 0, "цитата_из_романа": "", "цитата_из_стиха": ""}'
CP.P1.VI.15	b.LUK.10.36	0			'{"score": 0, "цитата_из_романа": "", "цитата_из_стиха": ""}'
CP.P1.VI.15	b.HEB.10.24	2	тысячи добрых дел	добрым делам	'{"score": 2, "цитата_из_романа": "тысячи добрых дел", "цитата_из_стиха": "добрым делам"}'
CP.P1.VI.15	b.1CO.16.15	0			'{"score": 0, "цитата_из_романа": "", "цитата_из_стиха": ""}'
CP.P1.VI.15	b.NUM.22.24	0			'{"score": 0, "цитата_из_романа": "", "цитата_из_стиха": ""}'
CP.P1.VI.15	b.1PE.5.12	0			'{"score": 0, "цитата_из_романа": "", "цитата_из_стиха": ""}'
CP.P1.VI.15	b.1JO.2.7	0			'{"score": 0, "цитата_из_романа": "", "цитата_из_стиха": ""}'
CP.P1.VI.15	b.EZE.41.1	0			'{"score": 0, "цитата_из_романа": "", "цитата_из_стиха": ""}'
CP.P1.VI.15	b.2SA.10.3	0			'{"score": 0, "цитата_из_романа": "", "цитата_из_стиха": ""}'
CP.P1.VI.15	b.EZE.40.37	0			'{"score": 0, "цитата_из_романа": "", "цитата_из_стиха": ""}'
CP.P1.VI.15	b.PRO.31.29	0			'{"score": 0, "цитата_из_романа": "", "цитата_из_стиха": ""}'
CP.P1.VI.15	b.ACT.28.19	0			'{"score": 0, "цитата_из_романа": "", "цитата_из_стиха": ""}'
CP.P1.VI.15	b.EZE.40.41	0			'{"score": 0, "цитата_из_романа": "", "цитата_из_стиха": ""}'
CP.P1.VI.15	b.2TI.2.7	0			'{"score": 0, "цитата_из_романа": "", "цитата_из_стиха": ""}'
CP.P1.VI.15	b.LUK.12.7	0			'{"score": 0, "цитата_из_романа": "", "цитата_из_стиха": ""}'
CP.P1.VI.15	b.2CO.8.6	0			'{"score": 0, "цитата_из_романа": "", "цитата_из_стиха": ""}'
CP.P1.VI.15	b.NAH.2.10	0			'{"score": 0, "цитата_из_романа": "", "цитата_из_стиха": ""}'
CP.P1.VI.15	b.ISA.36.6	0			'{"score": 0, "цитата_из_романа": "", "цитата_из_стиха": ""}'
CP.P1.VI.15	b.NAH.3.19	0			'{"score": 0, "цитата_из_романа": "", "цитата_из_стиха": ""}'
CP.P1.VI.15	b.DEU.33.17	0			'{"score": 0, "цитата_из_романа": "", "цитата_из_стиха": ""}'
CP.P1.VI.15	b.LUK.17.10	0			'{"score": 0, "цитата_из_романа": "", "цитата_из_стиха": ""}'
CP.P1.VI.15	b.1SA.17.3	0			'{"score": 0, "цитата_из_романа": "", "цитата_из_стиха": ""}'
CP.P1.VI.15	b.MAT.9.13	2	тысячи добрых дел, спасенных от гниения и разложения	милости хочу, а не жертвы	'{"score": 2, "цитата_из_романа": "тысячи добрых дел, спасенных от гниения и разложения", "цитата_из_стиха": "милости хочу, а не жертвы"}'
CP.P1.VI.15	b.MAT.27.33	0			'{"score": 0, "цитата_из_романа": "", "цитата_из_стиха": ""}'
CP.P1.VI.15	b.DAN.4.35	0			'{"score": 0, "цитата_из_романа": "", "цитата_из_стиха": ""}'
CP.P1.VI.15	b.LUK.3.23	0			'{"score": 0, "цитата_из_романа": "", "цитата_из_стиха": ""}'
CP.P1.VI.15	b.ISA.57.10	0			'{"score": 0, "цитата_из_романа": "", "цитата_из_стиха": ""}'
CP.P1.VI.15	b.2CH.29.31	0			'{"score": 0, "цитата_из_романа": "", "цитата_из_стиха": ""}'
CP.P1.VI.15	b.ROM.6.23	0			'{"score": 0, "цитата_из_романа": "", "цитата_из_стиха": ""}'
CP.P1.VI.15	b.NAH.3.4	2	старушонка вредна. Она чужую жизнь заедает	развратницы приятной наружности, искусной в чародеянии	'{"score": 2, "цитата_из_романа": "старушонка вредна. Она чужую жизнь заедает", "цитата_из_стиха": "развратницы приятной наружности, искусной в чародеянии"}'
CP.P1.VI.15	b.2CH.17.16	0			'{"score": 0, "цитата_из_романа": "", "цитата_из_стиха": ""}'
CP.P1.VI.15	b.PRO.18.21	0			'{"score": 0, "цитата_из_романа": "", "цитата_из_стиха": ""}'
CP.P1.VI.15	b.NUM.6.5	0			'{"score": 0, "цитата_из_романа": "", "цитата_из_стиха": ""}'
CP.P1.VI.15	b.1SA.11.2	0			'{"score": 0, "цитата_из_романа": "", "цитата_из_стиха": ""}'
CP.P1.VI.15	b.GAL.3.4	0			'{"score": 0, "цитата_из_романа": "", "цитата_из_стиха": ""}'
CP.P1.VI.15	b.JER.2.33	0			'{"score": 0, "цитата_из_романа": "", "цитата_из_стиха": ""}'
CP.P1.VI.15	b.LEV.18.6	0			'{"score": 0, "цитата_из_романа": "", "цитата_из_стиха": ""}'
CP.P1.VI.15	b.1SA.3.14	2	одна смерть и сто жизней взамен	одна жизнь	'{"score": 2, "цитата_из_романа": "одна смерть и сто жизней взамен", "цитата_из_стиха": "одна жизнь"}'
CP.P1.VI.15	b.ECC.7.26	2	заедает чужую жизнь	она – сеть, и сердце ее – силки, руки ее – оковы	'{"score": 2, "цитата_из_романа": "заедает чужую жизнь", "цитата_из_стиха": "она – сеть, и сердце ее – силки, руки ее – оковы"}'
CP.P1.VI.15	b.1CO.1.28	0			'{"score": 0, "цитата_из_романа": "", "цитата_из_стиха": ""}'
CP.P1.VI.15	b.EXO.26.13	0			'{"score": 0, "цитата_из_романа": "", "цитата_из_стиха": ""}'
CP.P1.VI.15	b.1JO.3.12	2	убил брата своего	убил брата своего	'{"score": 2, "цитата_из_романа": "убил брата своего", "цитата_из_стиха": "убил брата своего"}'
CP.P1.VI.15	b.1TI.5.10	2	тысячи добрых дел и начинаний, спасенных от нищеты, от разложения, от гибели, от разврата	помогала бедствующим и была усердна ко всякому доброму делу	'{"score": 2, "цитата_из_романа": "тысячи добрых дел и начинаний, спасенных от нищеты, от разложения, от гибели, от разврата", "цитата_из_стиха": "помогала бедствующим и была усердна ко всякому доброму'
CP.P1.VI.15	b.ACT.2.15	0			'{"score": 0, "цитата_из_романа": "", "цитата_из_стиха": ""}'
CP.P1.VI.15	b.JDG.20.10	0			'{"score": 0, "цитата_из_романа": "", "цитата_из_стиха": ""}'
CP.P1.VI.15	b.1CH.19.3	0			'{"score": 0, "цитата_из_романа": "", "цитата_из_стиха": ""}'
CP.P1.VI.15	b.1CO.7.35	0			'{"score": 0, "цитата_из_романа": "", "цитата_из_стиха": ""}'
CP.P1.VI.15	b.PSA.61.4	0			'{"score": 0, "цитата_из_романа": "", "цитата_из_стиха": ""}'
CP.P2.III.116	b.1SA.15.27	0			'{"score": 0, "цитата_из_романа": "", "цитата_из_стиха": ""}'
CP.P2.III.116	b.1SA.28.8	0			'{"score": 0, "цитата_из_романа": "", "цитата_из_стиха": ""}'
CP.P2.III.116	b.ACT.4.31	0			'{"score": 0, "цитата_из_романа": "", "цитата_из_стиха": ""}'
CP.P2.III.116	b.DEU.29.19	0			'{"score": 0, "цитата_из_романа": "", "цитата_из_стиха": ""}'
CP.P2.III.116	b.GEN.43.29	0			'{"score": 0, "цитата_из_романа": "", "цитата_из_стиха": ""}'
CP.P2.III.116	b.MAT.27.14	2	не говорил ни слова	не отвечал ему ни на одно слово	'{"score": 2, "цитата_из_романа": "не говорил ни слова", "цитата_из_стиха": "не отвечал ему ни на одно слово"}'
CP.P2.III.116	b.JOH.15.22	0			'{"score": 0, "цитата_из_романа": "", "цитата_из_стиха": ""}'
CP.P2.III.116	b.GEN.20.13	0			'{"score": 0, "цитата_из_романа": "", "цитата_из_стиха": ""}'
CP.P2.III.116	b.ISA.63.3	2	топтал сапоги	топтал точило	'{"score": 2, "цитата_из_романа": "топтал сапоги", "цитата_из_стиха": "топтал точило"}'
CP.P2.III.116	b.DEU.31.1	0			'{"score": 0, "цитата_из_романа": "", "цитата_из_стиха": ""}'
CP.P2.III.116	b.1SA.19.24	0			'{"score": 0, "цитата_из_романа": "", "цитата_из_стиха": ""}'
CP.P2.III.116	b.GEN.37.29	0			'{"score": 0, "цитата_из_романа": "", "цитата_из_стиха": ""}'
CP.P2.III.116	b.JOH.16.26	0			'{"score": 0, "цитата_из_романа": "", "цитата_из_стиха": ""}'
CP.P2.III.116	b.JDG.16.9	0			'{"score": 0, "цитата_из_романа": "", "цитата_из_стиха": ""}'
CP.P2.III.116	b.ROM.11.20	0			'{"score": 0, "цитата_из_романа": "", "цитата_из_стиха": ""}'
CP.P2.III.116	b.ACT.5.20	0			'{"score": 0, "цитата_из_романа": "", "цитата_из_стиха": ""}'
CP.P2.III.116	b.JOH.6.62	0			'{"score": 0, "цитата_из_романа": "", "цитата_из_стиха": ""}'
CP.P2.III.116	b.JOB.2.13	2	не говорил ни слова	никто не говорил ему ни слова	'{"score": 2, "цитата_из_романа": "не говорил ни слова", "цитата_из_стиха": "никто не говорил ему ни слова"}'
CP.P2.III.116	b.2KI.18.36	0	не говорил ни слова	не отвечали ему ни слова	'{"score": 0, "цитата_из_романа": "не говорил ни слова", "цитата_из_стиха": "не отвечали ему ни слова"}'
CP.P2.III.116	b.2CH.25.16	0			'{"score": 0, "цитата_из_романа": "", "цитата_из_стиха": ""}'
CP.P2.III.116	b.GEN.31.35	0			'{"score": 0, "цитата_из_романа": "", "цитата_из_стиха": ""}'
CP.P2.III.116	b.ISA.36.21	0	не говорил ни слова	не отвечали ему ни слова	'{"score": 0, "цитата_из_романа": "не говорил ни слова", "цитата_из_стиха": "не отвечали ему ни слова"}'
CP.P2.III.116	b.2CH.32.17	0			'{"score": 0, "цитата_из_романа": "", "цитата_из_стиха": ""}'
CP.P2.III.116	b.DAN.10.17	0			'{"score": 0, "цитата_из_романа": "", "цитата_из_стиха": ""}'
CP.P2.III.116	b.JER.2.34	0			'{"score": 0, "цитата_из_романа": "", "цитата_из_стиха": ""}'
CP.P2.III.116	b.PRO.18.9	0			'{"score": 0, "цитата_из_романа": "", "цитата_из_стиха": ""}'
CP.P2.III.116	b.MAT.27.4	0			'{"score": 0, "цитата_из_романа": "", "цитата_из_стиха": ""}'
CP.P2.III.116	b.LUK.9.36	0			'{"score": 0, "цитата_из_романа": "", "цитата_из_стиха": ""}'
CP.P2.III.116	b.RUT.4.8	0			'{"score": 0, "цитата_из_романа": "", "цитата_из_стиха": ""}'
CP.P2.III.116	b.JOH.16.29	0			'{"score": 0, "цитата_из_романа": "", "цитата_из_стиха": ""}'
CP.P2.III.116	b.2CO.12.15	0			'{"score": 0, "цитата_из_романа": "", "цитата_из_стиха": ""}'
CP.P2.III.116	b.ACT.7.60	0			'{"score": 0, "цитата_из_романа": "", "цитата_из_стиха": ""}'
CP.P2.III.116	b.EXO.4.7	0			'{"score": 0, "цитата_из_романа": "", "цитата_из_стиха": ""}'
CP.P2.III.116	b.1KI.13.18	0			'{"score": 0, "цитата_из_романа": "", "цитата_из_стиха": ""}'
CP.P2.III.116	b.ZEC.3.4	0			'{"score": 0, "цитата_из_романа": "", "цитата_из_стиха": ""}'
CP.P2.III.116	b.JDG.8.19	0			'{"score": 0, "цитата_из_романа": "", "цитата_из_стиха": ""}'
CP.P2.III.116	b.ISA.47.9	0			'{"score": 0, "цитата_из_романа": "", "цитата_из_стиха": ""}'
CP.P2.III.116	b.EXO.4.6	0			'{"score": 0, "цитата_из_романа": "", "цитата_из_стиха": ""}'
CP.P2.III.116	b.1SA.17.30	0			'{"score": 0, "цитата_из_романа": "", "цитата_из_стиха": ""}'
CP.P2.III.116	b.1CH.19.12	0			'{"score": 0, "цитата_из_романа": "", "цитата_из_стиха": ""}'
CP.P2.III.116	b.1KI.18.21	0			'{"score": 0, "цитата_из_романа": "", "цитата_из_стиха": ""}'
CP.P2.III.116	b.MAT.22.12	2	повалился на изголовье и минуты две не говорил ни слова	Он же молчал	'{"score": 2, "цитата_из_романа": "повалился на изголовье и минуты две не говорил ни слова", "цитата_из_стиха": "Он же молчал"}'
CP.P2.III.116	b.ECC.8.17	0			'{"score": 0, "цитата_из_романа": "", "цитата_из_стиха": ""}'
CP.P2.III.116	b.1SA.17.39	0			'{"score": 0, "цитата_из_романа": "", "цитата_из_стиха": ""}'
CP.P2.III.116	b.2CO.11.21	1	не стыдитесь	стыду говорю	'{"score": 1, "цитата_из_романа": "не стыдитесь", "цитата_из_стиха": "стыду говорю"}'
CP.P2.III.116	b.1SA.17.23	0			'{"score": 0, "цитата_из_романа": "", "цитата_из_стиха": ""}'
CP.P2.III.116	b.MAT.13.34	0			'{"score": 0, "цитата_из_романа": "", "цитата_из_стиха": ""}'
CP.P2.III.116	b.JOH.7.26	0			'{"score": 0, "цитата_из_романа": "", "цитата_из_стиха": ""}'
CP.P2.III.116	b.LUK.16.3	0			'{"score": 0, "цитата_из_романа": "", "цитата_из_стиха": ""}'
CP.P2.III.116	b.JER.23.38	0			'{"score": 0, "цитата_из_романа": "", "цитата_из_стиха": ""}'
CP.P2.III.116	b.EZE.2.7	0			'{"score": 0, "цитата_из_романа": "", "цитата_из_стиха": ""}'
CP.P2.III.116	b.JOH.18.20	0			'{"score": 0, "цитата_из_романа": "", "цитата_из_стиха": ""}'
CP.P2.III.116	b.MAR.2.2	0			'{"score": 0, "цитата_из_романа": "", "цитата_из_стиха": ""}'
CP.P2.III.116	b.JOS.11.15	0			'{"score": 0, "цитата_из_романа": "", "цитата_из_стиха": ""}'
CP.P2.III.116	b.EZR.1.4	0			'{"score": 0, "цитата_из_романа": "", "цитата_из_стиха": ""}'
CP.P2.III.116	b.MAT.6.31	0			'{"score": 0, "цитата_из_романа": "", "цитата_из_стиха": ""}'
CP.P2.III.116	b.1CO.1.5	0			'{"score": 0, "цитата_из_романа": "", "цитата_из_стиха": ""}'
CP.P3.III.98	b.GEN.31.30	0			'{"score": 0, "цитата_из_романа": "", "цитата_из_стиха": ""}'
CP.P3.III.98	b.MIC.4.9	0			'{"score": 0, "цитата_из_романа": "", "цитата_из_стиха": ""}'
CP.P3.III.98	b.1CH.12.22	0			'{"score": 0, "цитата_из_романа": "", "цитата_из_стиха": ""}'
CP.P3.III.98	b.ISA.47.7	0			'{"score": 0, "цитата_из_романа": "", "цитата_из_стиха": ""}'
CP.P3.III.98	b.ISA.1.21	0	гроб	блудницею	'{"score": 0, "цитата_из_романа": "гроб", "цитата_из_стиха": "блудницею"}'
CP.P3.III.98	b.PRO.9.16	0			'{"score": 0, "цитата_из_романа": "", "цитата_из_стиха": ""}'
CP.P3.III.98	b.ROM.6.17	0			'{"score": 0, "цитата_из_романа": "", "цитата_из_стиха": ""}'
CP.P3.III.98	b.EZE.16.8	0			'{"score": 0, "цитата_из_романа": "", "цитата_из_стиха": ""}'
CP.P3.III.98	b.JOB.26.3	0	гроб	немудрому	'{"score": 0, "цитата_из_романа": "гроб", "цитата_из_стиха": "немудрому"}'
CP.P3.III.98	b.GEN.24.23	0			'{"score": 0, "цитата_из_романа": "", "цитата_из_стиха": ""}'
CP.P3.III.98	b.LUK.8.49	0			'{"score": 0, "цитата_из_романа": "", "цитата_из_стиха": ""}'
CP.P3.III.98	b.ISA.14.10	0	гроб	бессильным	'{"score": 0, "цитата_из_романа": "гроб", "цитата_из_стиха": "бессильным"}'
CP.P3.III.98	b.EST.4.13	0			'{"score": 0, "цитата_из_романа": "", "цитата_из_стиха": ""}'
CP.P3.III.98	b.ACT.5.8	0			'{"score": 0, "цитата_из_романа": "", "цитата_из_стиха": ""}'
CP.P3.III.98	b.ROM.6.21	0	гроб	конец их – смерть	'{"score": 0, "цитата_из_романа": "гроб", "цитата_из_стиха": "конец их – смерть"}'
CP.P3.III.98	b.DEU.9.21	2	меловик	стал мелок	'{"score": 2, "цитата_из_романа": "меловик", "цитата_из_стиха": "стал мелок"}'
CP.P3.III.98	b.GEN.28.17	0	гроб	дом Божий	'{"score": 0, "цитата_из_романа": "гроб", "цитата_из_стиха": "дом Божий"}'
CP.P3.III.98	b.HAG.2.3	0	гроб	дом	'{"score": 0, "цитата_из_романа": "гроб", "цитата_из_стиха": "дом"}'
CP.P3.III.98	b.GEN.26.13	0	гроб	великим	'{"score": 0, "цитата_из_романа": "гроб", "цитата_из_стиха": "великим"}'
CP.P3.III.98	b.JOH.1.15	0			'{"score": 0, "цитата_из_романа": "", "цитата_из_стиха": ""}'
CP.P3.III.98	b.EXO.34.29	0			'{"score": 0, "цитата_из_романа": "", "цитата_из_стиха": ""}'
CP.P3.III.98	b.JER.4.30	0	гроб	пустошенная	'{"score": 0, "цитата_из_романа": "гроб", "цитата_из_стиха": "пустошенная"}'
CP.P3.III.98	b.2CH.25.20	0			'{"score": 0, "цитата_из_романа": "", "цитата_из_стиха": ""}'
CP.P3.III.98	b.DEU.28.20	0	гроб	проклятие, смятение и несчастье	'{"score": 0, "цитата_из_романа": "гроб", "цитата_из_стиха": "проклятие, смятение и несчастье"}'
CP.P3.III.98	b.ISA.57.10	0	гроб	долгого пути	'{"score": 0, "цитата_из_романа": "гроб", "цитата_из_стиха": "долгого пути"}'
CP.P3.III.98	b.2SA.19.28	0	гроб	между ядущими за столом твоим	'{"score": 0, "цитата_из_романа": "гроб", "цитата_из_стиха": "между ядущими за столом твоим"}'
CP.P3.III.98	b.MAR.5.39	0			'{"score": 0, "цитата_из_романа": "", "цитата_из_стиха": ""}'
CP.P3.III.98	b.JOB.5.3	0	гроб	дом его	'{"score": 0, "цитата_из_романа": "гроб", "цитата_из_стиха": "дом его"}'
CP.P3.III.98	b.NUM.12.12	2	как гроб	мертворожденный младенец	'{"score": 2, "цитата_из_романа": "как гроб", "цитата_из_стиха": "мертворожденный младенец"}'
CP.P3.III.98	b.JDG.21.3	0			'{"score": 0, "цитата_из_романа": "", "цитата_из_стиха": ""}'
CP.P3.III.98	b.ACT.5.9	0			'{"score": 0, "цитата_из_романа": "", "цитата_из_стиха": ""}'
CP.P3.III.98	b.EZE.31.10	0			'{"score": 0, "цитата_из_романа": "", "цитата_из_стиха": ""}'
CP.P3.III.98	b.PRO.7.27	3	гроб	пути в преисподнюю	'{"score": 3, "цитата_из_романа": "гроб", "цитата_из_стиха": "пути в преисподнюю"}'
CP.P3.III.98	b.JOB.31.14	0	гроб	Бог восстал	'{"score": 0, "цитата_из_романа": "гроб", "цитата_из_стиха": "Бог восстал"}'
CP.P3.III.98	b.ISA.36.12	0			'{"score": 0, "цитата_из_романа": "", "цитата_из_стиха": ""}'
CP.P4.IV.114	b.JER.23.18	0			'{"score": 0, "цитата_из_романа": "", "цитата_из_стиха": ""}'
CP.P4.IV.114	b.GEN.20.7	0			'{"score": 0, "цитата_из_романа": "", "цитата_из_стиха": ""}'
CP.P4.IV.114	b.ISA.48.6	0			'{"score": 0, "цитата_из_романа": "", "цитата_из_стиха": ""}'
CP.P4.IV.114	b.1KI.1.15	0			'{"score": 0, "цитата_из_романа": "", "цитата_из_стиха": ""}'
CP.P4.IV.114	b.2KI.7.13	0			'{"score": 0, "цитата_из_романа": "", "цитата_из_стиха": ""}'
CP.P4.IV.114	b.LUK.4.17	0	Новый завет	пророка Исаии	'{"score": 0, "цитата_из_романа": "Новый завет", "цитата_из_стиха": "пророка Исаии"}'
CP.P4.IV.114	b.LUK.22.20	3	Новый завет	Новый Завет	'{"score": 3, "цитата_из_романа": "Новый завет", "цитата_из_стиха": "Новый Завет"}'
CP.P4.IV.114	b.MAR.14.24	2	Новый завет	Новый Завет	'{"score": 2, "цитата_из_романа": "Новый завет", "цитата_из_стиха": "Новый Завет"}'
CP.P4.IV.114	b.1SA.2.22	0			'{"score": 0, "цитата_из_романа": "", "цитата_из_стиха": ""}'
CP.P4.IV.114	b.GEN.25.31	0			'{"score": 0, "цитата_из_романа": "", "цитата_из_стиха": ""}'
CP.P4.IV.114	b.MAT.26.28	3	Новый завет	Новый Завет	'{"score": 3, "цитата_из_романа": "Новый завет", "цитата_из_стиха": "Новый Завет"}'
CP.P4.IV.114	b.LEV.24.8	0			'{"score": 0, "цитата_из_романа": "", "цитата_из_стиха": ""}'
CP.P4.IV.114	b.2SA.19.32	0			'{"score": 0, "цитата_из_романа": "", "цитата_из_стиха": ""}'
CP.P4.IV.114	b.JER.31.31	0			'{"score": 0, "цитата_из_романа": "", "цитата_из_стиха": ""}'
CP.P4.IV.114	b.HEB.8.8	0			'{"score": 0, "цитата_из_романа": "", "цитата_из_стиха": ""}'
CP.P4.IV.114	b.1KI.10.5	0			'{"score": 0, "цитата_из_романа": "", "цитата_из_стиха": ""}'
CP.P4.IV.114	b.HOS.7.9	0			'{"score": 0, "цитата_из_романа": "", "цитата_из_стиха": ""}'
CP.P4.IV.114	b.HEB.12.24	2	Новый завет	нового завета	'{"score": 2, "цитата_из_романа": "Новый завет", "цитата_из_стиха": "нового завета"}'
CP.P4.IV.114	b.EZE.2.9	2	книга	книжный свиток	'{"score": 2, "цитата_из_романа": "книга", "цитата_из_стиха": "книжный свиток"}'
CP.P4.IV.114	b.1SA.10.27	0			'{"score": 0, "цитата_из_романа": "", "цитата_из_стиха": ""}'
CP.P4.IV.114	b.NUM.18.19	0			'{"score": 0, "цитата_из_романа": "", "цитата_из_стиха": ""}'
CP.P4.IV.114	b.2KI.4.35	2	проходил взад и вперед	проходил по горнице взад и вперед	'{"score": 2, "цитата_из_романа": "проходил взад и вперед", "цитата_из_стиха": "проходил по горнице взад и вперед"}'
CP.P4.IV.114	b.MAL.2.5	0	Новый завет	Завет Мой	'{"score": 0, "цитата_из_романа": "Новый завет", "цитата_из_стиха": "Завет Мой"}'
CP.P4.IV.114	b.1JO.2.7	0	Новый завет	заповедь древняя	'{"score": 0, "цитата_из_романа": "Новый завет", "цитата_из_стиха": "заповедь древняя"}'
CP.P4.IV.114	b.ISA.34.16	0	Новый завет	Книга Господняя	'{"score": 0, "цитата_из_романа": "Новый завет", "цитата_из_стиха": "Книга Господняя"}'
CP.P4.IV.114	b.HEB.9.15	0	Новый завет	новый завет	'{"score": 0, "цитата_из_романа": "Новый завет", "цитата_из_стиха": "новый завет"}'
CP.P4.IV.114	b.MAR.6.25	0			'{"score": 0, "цитата_из_романа": "", "цитата_из_стиха": ""}'
CP.P4.IV.114	b.2CH.9.4	0			'{"score": 0, "цитата_из_романа": "", "цитата_из_стиха": ""}'
CP.P4.IV.114	b.2KI.23.3	0			'{"score": 0, "цитата_из_романа": "", "цитата_из_стиха": ""}'
CP.P4.IV.114	b.EZE.37.26	0			'{"score": 0, "цитата_из_романа": "", "цитата_из_стиха": ""}'
CP.P4.IV.114	b.JOB.42.5	0			'{"score": 0, "цитата_из_романа": "", "цитата_из_стиха": ""}'
CP.P4.IV.114	b.REV.10.2	0	книга	книжка	'{"score": 0, "цитата_из_романа": "книга", "цитата_из_стиха": "книжка"}'
CP.P4.IV.114	b.GEN.24.1	0			'{"score": 0, "цитата_из_романа": "", "цитата_из_стиха": ""}'
CP.P4.IV.114	b.HEB.2.8	0			'{"score": 0, "цитата_из_романа": "", "цитата_из_стиха": ""}'
CP.P4.IV.114	b.GEN.27.36	0			'{"score": 0, "цитата_из_романа": "", "цитата_из_стиха": ""}'
CP.P4.IV.114	b.2CH.34.31	0	Новый завет	заповеди Его	'{"score": 0, "цитата_из_романа": "Новый завет", "цитата_из_стиха": "заповеди Его"}'
CP.P4.IV.114	b.GEN.27.3	0			'{"score": 0, "цитата_из_романа": "", "цитата_из_стиха": ""}'
CP.P4.IV.114	b.MAT.13.52	0			'{"score": 0, "цитата_из_романа": "", "цитата_из_стиха": ""}'
CP.P4.IV.114	b.JOB.14.21	0			'{"score": 0, "цитата_из_романа": "", "цитата_из_стиха": ""}'
CP.P4.IV.114	b.GAL.4.24	0	Новый завет	два завета	'{"score": 0, "цитата_из_романа": "Новый завет", "цитата_из_стиха": "два завета"}'
CP.P4.IV.114	b.1SA.4.18	0			'{"score": 0, "цитата_из_романа": "", "цитата_из_стиха": ""}'
CP.P4.IV.114	b.2CO.3.6	0	Новый завет	Новый Завет	'{"score": 0, "цитата_из_романа": "Новый завет", "цитата_из_стиха": "Новый Завет"}'
CP.P4.IV.114	b.2KI.22.11	0			'{"score": 0, "цитата_из_романа": "", "цитата_из_стиха": ""}'
CP.P4.IV.114	b.LUK.4.20	0			'{"score": 0, "цитата_из_романа": "", "цитата_из_стиха": ""}'
CP.P4.IV.114	b.NUM.22.29	0			'{"score": 0, "цитата_из_романа": "", "цитата_из_стиха": ""}'
CP.P4.IV.114	b.1CO.11.25	3	Новый завет	Новый завет	'{"score": 3, "цитата_из_романа": "Новый завет", "цитата_из_стиха": "Новый завет"}'
CP.P4.IV.114	b.JER.32.10	0			'{"score": 0, "цитата_из_романа": "", "цитата_из_стиха": ""}'
CP.P4.IV.114	b.GEN.35.29	0			'{"score": 0, "цитата_из_романа": "", "цитата_из_стиха": ""}'
CP.P4.IV.114	b.ACT.8.32	0			'{"score": 0, "цитата_из_романа": "", "цитата_из_стиха": ""}'
CP.P4.IV.114	b.REV.5.1	0	Книга	книгу	'{"score": 0, "цитата_из_романа": "Книга", "цитата_из_стиха": "книгу"}'
CP.P4.IV.114	b.EZE.40.3	0			'{"score": 0, "цитата_из_романа": "", "цитата_из_стиха": ""}'
CP.P4.IV.114	b.REV.21.5	0			'{"score": 0, "цитата_из_романа": "", "цитата_из_стиха": ""}'
CP.P4.IV.114	b.JOH.3.4	0			'{"score": 0, "цитата_из_романа": "", "цитата_из_стиха": ""}'
CP.P4.IV.114	b.GEN.25.33	0			'{"score": 0, "цитата_из_романа": "", "цитата_из_стиха": ""}'
CP.P4.IV.114	b.ROM.6.9	0			'{"score": 0, "цитата_из_романа": "", "цитата_из_стиха": ""}'
CP.P3.IV.115	b.ECC.2.1	0	натуральнее всего ничего бы не петь	испытаю я тебя весельем	'{"score": 0, "цитата_из_романа": "натуральнее всего ничего бы не петь", "цитата_из_стиха": "испытаю я тебя весельем"}'
CP.P3.IV.115	b.MIC.4.9	0			'{"score": 0, "цитата_из_романа": "", "цитата_из_стиха": ""}'
CP.P3.IV.115	b.JOH.16.16	2	ничего не петь	не увидите Меня	'{"score": 2, "цитата_из_романа": "ничего не петь", "цитата_из_стиха": "не увидите Меня"}'
CP.P3.IV.115	b.PSA.87.7	0			'{"score": 0, "цитата_из_романа": "", "цитата_из_стиха": ""}'
CP.P3.IV.115	b.ROM.11.11	0			'{"score": 0, "цитата_из_романа": "", "цитата_из_стиха": ""}'
CP.P3.IV.115	b.ECC.10.11	0			'{"score": 0, "цитата_из_романа": "", "цитата_из_стиха": ""}'
CP.P3.IV.115	b.1SA.1.8	0			'{"score": 0, "цитата_из_романа": "", "цитата_из_стиха": ""}'
CP.P3.IV.115	b.GEN.28.20	0			'{"score": 0, "цитата_из_романа": "", "цитата_из_стиха": ""}'
CP.P3.IV.115	b.JOB.6.26	0			'{"score": 0, "цитата_из_романа": "", "цитата_из_стиха": ""}'
CP.P3.IV.115	b.2KI.5.12	0			'{"score": 0, "цитата_из_романа": "", "цитата_из_стиха": ""}'
CP.P3.IV.115	b.1KI.19.4	0			'{"score": 0, "цитата_из_романа": "", "цитата_из_стиха": ""}'
CP.P3.IV.115	b.JOH.8.22	0			'{"score": 0, "цитата_из_романа": "", "цитата_из_стиха": ""}'
CP.P3.IV.115	b.1CO.4.18	0			'{"score": 0, "цитата_из_романа": "", "цитата_из_стиха": ""}'
CP.P3.IV.115	b.LEV.26.41	0			'{"score": 0, "цитата_из_романа": "", "цитата_из_стиха": ""}'
CP.P3.IV.115	b.1CO.14.15	2	петь	петь	'{"score": 2, "цитата_из_романа": "петь", "цитата_из_стиха": "петь"}'
CP.P3.IV.115	b.2KI.4.23	0			'{"score": 0, "цитата_из_романа": "", "цитата_из_стиха": ""}'
CP.P3.IV.115	b.JOH.16.10	0			'{"score": 0, "цитата_из_романа": "", "цитата_из_стиха": ""}'
CP.P3.IV.115	b.2CO.11.11	0			'{"score": 0, "цитата_из_романа": "", "цитата_из_стиха": ""}'
CP.P3.IV.115	b.ACT.22.5	0			'{"score": 0, "цитата_из_романа": "", "цитата_из_стиха": ""}'
CP.P3.IV.115	b.ACT.11.12	0			'{"score": 0, "цитата_из_романа": "", "цитата_из_стиха": ""}'
CP.P3.IV.115	b.JER.2.25	0			'{"score": 0, "цитата_из_романа": "", "цитата_из_стиха": ""}'
CP.P3.IV.115	b.2CH.35.21	0			'{"score": 0, "цитата_из_романа": "", "цитата_из_стиха": ""}'
CP.P3.IV.115	b.ISA.38.14	2	ничего не петь	тихо смотреть	'{"score": 2, "цитата_из_романа": "ничего не петь", "цитата_из_стиха": "тихо смотреть"}'
CP.P3.IV.115	b.1CO.11.17	0			'{"score": 0, "цитата_из_романа": "", "цитата_из_стиха": ""}'
CP.P3.IV.115	b.NEH.2.2	1	сердце стучит	сердце	'{"score": 1, "цитата_из_романа": "сердце стучит", "цитата_из_стиха": "сердце"}'
CP.P3.IV.115	b.JOB.23.8	2	идти	я иду	'{"score": 2, "цитата_из_романа": "идти", "цитата_из_стиха": "я иду"}'
CP.P3.IV.115	b.JOH.11.11	2	Лазарь	Лазарь, друг наш, уснул	'{"score": 2, "цитата_из_романа": "Лазарь", "цитата_из_стиха": "Лазарь, друг наш, уснул"}'
CP.P3.IV.115	b.JAM.5.13	2	ничего не петь	поет псалмы	'{"score": 2, "цитата_из_романа": "ничего не петь", "цитата_из_стиха": "поет псалмы"}'
CP.P3.IV.115	b.ISA.17.12	0			'{"score": 0, "цитата_из_романа": "", "цитата_из_стиха": ""}'
CP.P3.IV.115	b.ZEC.14.19	0			'{"score": 0, "цитата_из_романа": "", "цитата_из_стиха": ""}'
CP.P3.IV.115	b.JER.31.15	2	Бабочка сама на свечку летит	Рахиль плачет о детях своих	'{"score": 2, "цитата_из_романа": "Бабочка сама на свечку летит", "цитата_из_стиха": "Рахиль плачет о детях своих"}'
CP.P3.IV.115	b.JOH.11.43	2	Лазарь	Лазарь	'{"score": 2, "цитата_из_романа": "Лазарь", "цитата_из_стиха": "Лазарь"}'
CP.P3.IV.115	b.JOB.3.7	0			'{"score": 0, "цитата_из_романа": "", "цитата_из_стиха": ""}'
CP.P3.IV.115	b.1SA.21.11	0			'{"score": 0, "цитата_из_романа": "", "цитата_из_стиха": ""}'
CP.P3.IV.115	b.LUK.16.25	2	натуральнее всего ничего бы не петь	ни ныне, ни вовеки	'{"score": 2, "цитата_из_романа": "натуральнее всего ничего бы не петь", "цитата_из_стиха": "ни ныне, ни вовеки"}'
CP.P3.IV.115	b.JOH.13.36	1	идти	идешь	'{"score": 1, "цитата_из_романа": "идти", "цитата_из_стиха": "идешь"}'
CP.P3.IV.115	b.EZE.3.14	0			'{"score": 0, "цитата_из_романа": "", "цитата_из_стиха": ""}'
CP.P3.IV.115	b.REV.15.3	0			'{"score": 0, "цитата_из_романа": "", "цитата_из_стиха": ""}'
CP.P3.IV.115	b.JOH.14.4	0			'{"score": 0, "цитата_из_романа": "", "цитата_из_стиха": ""}'
CP.P3.IV.115	b.ISA.16.10	2	не поют	не поют	'{"score": 2, "цитата_из_романа": "не поют", "цитата_из_стиха": "не поют"}'
CP.P3.IV.115	b.ACT.20.22	2	не зная, что там встретится со мною	не зная, что там встретится со мною	'{"score": 2, "цитата_из_романа": "не зная, что там встретится со мною", "цитата_из_стиха": "не зная, что там встретится со мною"}'
CP.P3.IV.115	b.DEU.30.12	0			'{"score": 0, "цитата_из_романа": "", "цитата_из_стиха": ""}'
CP.P3.IV.115	b.ROM.15.9	2	петь	петь	'{"score": 2, "цитата_из_романа": "петь", "цитата_из_стиха": "петь"}'
CP.P3.IV.115	b.GEN.2.18	2	не хорошо	не хорошо	'{"score": 2, "цитата_из_романа": "не хорошо", "цитата_из_стиха": "не хорошо"}'
CP.P3.IV.115	b.DEU.30.13	0			'{"score": 0, "цитата_из_романа": "", "цитата_из_стиха": ""}'
CP.P3.IV.115	b.PSA.92.1	1	петь	петь	'{"score": 1, "цитата_из_романа": "петь", "цитата_из_стиха": "петь"}'
CP.P3.IV.115	b.1SA.29.6	0			'{"score": 0, "цитата_из_романа": "", "цитата_из_стиха": ""}'
CP.P3.IV.115	b.REV.5.9	0			'{"score": 0, "цитата_из_романа": "", "цитата_из_стиха": ""}'
CP.P3.IV.115	b.NUM.14.3	0			'{"score": 0, "цитата_из_романа": "", "цитата_из_стиха": ""}'
CP.P3.IV.115	b.LAM.5.14	0			'{"score": 0, "цитата_из_романа": "", "цитата_из_стиха": ""}'
CP.P3.IV.115	b.ZEP.2.15	0			'{"score": 0, "цитата_из_романа": "", "цитата_из_стиха": ""}'
CP.P3.IV.115	b.LUK.16.24	0			'{"score": 0, "цитата_из_романа": "", "цитата_из_стиха": ""}'
CP.P3.IV.115	b.REV.18.22	0	не петь	не слышно будет	'{"score": 0, "цитата_из_романа": "не петь", "цитата_из_стиха": "не слышно будет"}'
CP.P3.IV.115	b.AMO.6.2	0			'{"score": 0, "цитата_из_романа": "", "цитата_из_стиха": ""}'
CP.P3.IV.115	b.NEH.2.4	0			'{"score": 0, "цитата_из_романа": "", "цитата_из_стиха": ""}'
CP.P3.IV.115	b.1SA.17.45	0			'{"score": 0, "цитата_из_романа": "", "цитата_из_стиха": ""}'
CP.P3.IV.115	b.JOH.16.17	0			'{"score": 0, "цитата_из_романа": "", "цитата_из_стиха": ""}'
CP.P3.IV.115	b.ROM.15.25	0			'{"score": 0, "цитата_из_романа": "", "цитата_из_стиха": ""}'
CP.P3.IV.115	b.PSA.98.4	0	петь	пойте	'{"score": 0, "цитата_из_романа": "петь", "цитата_из_стиха": "пойте"}'
CP.P3.IV.115	b.JAM.1.18	0			'{"score": 0, "цитата_из_романа": "", "цитата_из_стиха": ""}'
CP.P5.IV.22	b.JOH.9.30	0			'{"score": 0, "цитата_из_романа": "", "цитата_из_стиха": ""}'
CP.P5.IV.22	b.MAT.10.26	0			'{"score": 0, "цитата_из_романа": "", "цитата_из_стиха": ""}'
CP.P5.IV.22	b.MIC.4.9	0			'{"score": 0, "цитата_из_романа": "", "цитата_из_стиха": ""}'
CP.P5.IV.22	b.2KI.17.41	0			'{"score": 0, "цитата_из_романа": "", "цитата_из_стиха": ""}'
CP.P5.IV.22	b.ROM.11.11	2	кто из них умереть	кому из них умереть	'{"score": 2, "цитата_из_романа": "кто из них умереть", "цитата_из_стиха": "кому из них умереть"}'
CP.P5.IV.22	b.ISA.47.7	0			'{"score": 0, "цитата_из_романа": "", "цитата_из_стиха": ""}'
CP.P5.IV.22	b.1CO.7.28	0			'{"score": 0, "цитата_из_романа": "", "цитата_из_стиха": ""}'
CP.P5.IV.22	b.JOB.6.26	0			'{"score": 0, "цитата_из_романа": "", "цитата_из_стиха": ""}'
CP.P5.IV.22	b.MAT.12.7	2	если бы вы знали	если бы вы знали	'{"score": 2, "цитата_из_романа": "если бы вы знали", "цитата_из_стиха": "если бы вы знали"}'
CP.P5.IV.22	b.JOH.11.13	0			'{"score": 0, "цитата_из_романа": "", "цитата_из_стиха": ""}'
CP.P5.IV.22	b.LEV.18.29	2	делать мерзости	делать мерзости	'{"score": 2, "цитата_из_романа": "делать мерзости", "цитата_из_стиха": "делать мерзости"}'
CP.P5.IV.22	b.1SA.28.18	0			'{"score": 0, "цитата_из_романа": "", "цитата_из_стиха": ""}'
CP.P5.IV.22	b.LEV.18.27	2	делать мерзости	делать мерзости	'{"score": 2, "цитата_из_романа": "делать мерзости", "цитата_из_стиха": "делать мерзости"}'
CP.P5.IV.22	b.ROM.10.6	0			'{"score": 0, "цитата_из_романа": "", "цитата_из_стиха": ""}'
CP.P5.IV.22	b.1TH.4.6	0			'{"score": 0, "цитата_из_романа": "", "цитата_из_стиха": ""}'
CP.P5.IV.22	b.ROM.9.6	0			'{"score": 0, "цитата_из_романа": "", "цитата_из_стиха": ""}'
CP.P5.IV.22	b.EZE.18.12	2	делать мерзости	делает мерзость	'{"score": 2, "цитата_из_романа": "делать мерзости", "цитата_из_стиха": "делает мерзость"}'
CP.P5.IV.22	b.1CO.3.3	0			'{"score": 0, "цитата_из_романа": "", "цитата_из_стиха": ""}'
CP.P5.IV.22	b.1CO.6.7	0			'{"score": 0, "цитата_из_романа": "", "цитата_из_стиха": ""}'
CP.P5.IV.22	b.2CH.25.16	2	перестаньте	перестань, чтобы не убили тебя	'{"score": 2, "цитата_из_романа": "перестаньте", "цитата_из_стиха": "перестань, чтобы не убили тебя"}'
CP.P5.IV.22	b.ROM.9.19	0			'{"score": 0, "цитата_из_романа": "", "цитата_из_стиха": ""}'
CP.P5.IV.22	b.EZE.44.6	2	делать мерзости	делать мерзости	'{"score": 2, "цитата_из_романа": "делать мерзости", "цитата_из_стиха": "делать мерзости"}'
CP.P5.IV.22	b.ISA.37.34	1	по той же дороге	по той же дороге	'{"score": 1, "цитата_из_романа": "по той же дороге", "цитата_из_стиха": "по той же дороге"}'
CP.P5.IV.22	b.EXO.1.17	0			'{"score": 0, "цитата_из_романа": "", "цитата_из_стиха": ""}'
CP.P5.IV.22	b.NUM.31.47	0			'{"score": 0, "цитата_из_романа": "", "цитата_из_стиха": ""}'
CP.P5.IV.22	b.DEU.25.5	0			'{"score": 0, "цитата_из_романа": "", "цитата_из_стиха": ""}'
CP.P5.IV.22	b.2CO.1.17	0	вопрос	намерение	'{"score": 0, "цитата_из_романа": "вопрос", "цитата_из_стиха": "намерение"}'
CP.P5.IV.22	b.JER.8.12	2	делать мерзости	делать мерзости	'{"score": 2, "цитата_из_романа": "делать мерзости", "цитата_из_стиха": "делать мерзости"}'
CP.P5.IV.22	b.JER.7.10	2	делать мерзости	делать мерзости	'{"score": 2, "цитата_из_романа": "делать мерзости", "цитата_из_стиха": "делать мерзости"}'
CP.P5.IV.22	b.JER.6.15	2	делать мерзости	делать мерзости	'{"score": 2, "цитата_из_романа": "делать мерзости", "цитата_из_стиха": "делать мерзости"}'
CP.P5.IV.22	b.JER.32.35	0	мерзости	мерзость	'{"score": 0, "цитата_из_романа": "мерзости", "цитата_из_стиха": "мерзость"}'
CP.P5.IV.22	b.ZEC.8.12	0			'{"score": 0, "цитата_из_романа": "", "цитата_из_стиха": ""}'
CP.P5.IV.22	b.ACT.12.9	0			'{"score": 0, "цитата_из_романа": "", "цитата_из_стиха": ""}'
CP.P5.IV.22	b.NUM.31.30	0			'{"score": 0, "цитата_из_романа": "", "цитата_из_стиха": ""}'
CP.P5.IV.22	b.EZE.18.24	2	делать мерзости	делать мерзости	'{"score": 2, "цитата_из_романа": "делать мерзости", "цитата_из_стиха": "делать мерзости"}'
CP.P5.IV.22	b.JOH.8.19	0			'{"score": 0, "цитата_из_романа": "", "цитата_из_стиха": ""}'
CP.P5.IV.22	b.JAM.5.13	0			'{"score": 0, "цитата_из_романа": "", "цитата_из_стиха": ""}'
CP.P5.IV.22	b.2TI.2.7	0			'{"score": 0, "цитата_из_романа": "", "цитата_из_стиха": ""}'
CP.P5.IV.22	b.EZE.33.26	2	делать мерзости	делать мерзости	'{"score": 2, "цитата_из_романа": "делать мерзости", "цитата_из_стиха": "делать мерзости"}'
CP.P5.IV.22	b.1KI.3.26	2	кому из них умереть	не умерщвляйте его	'{"score": 2, "цитата_из_романа": "кому из них умереть", "цитата_из_стиха": "не умерщвляйте его"}'
CP.P5.IV.22	b.EZE.16.50	2	делать мерзости	делать мерзости	'{"score": 2, "цитата_из_романа": "делать мерзости", "цитата_из_стиха": "делать мерзости"}'
CP.P5.IV.22	b.NUM.22.37	0			'{"score": 0, "цитата_из_романа": "", "цитата_из_стиха": ""}'
CP.P5.IV.22	b.ISA.53.4	0			'{"score": 0, "цитата_из_романа": "", "цитата_из_стиха": ""}'
CP.P5.IV.22	b.1KI.14.24	2	делать мерзости	делать все мерзости	'{"score": 2, "цитата_из_романа": "делать мерзости", "цитата_из_стиха": "делать все мерзости"}'
CP.P5.IV.22	b.1CO.4.8	0			'{"score": 0, "цитата_из_романа": "", "цитата_из_стиха": ""}'
CP.P5.IV.22	b.EXO.22.10	2	отдать на решение	отдаст ближнему своему	'{"score": 2, "цитата_из_романа": "отдать на решение", "цитата_из_стиха": "отдаст ближнему своему"}'
CP.P5.IV.22	b.EZE.18.13	2	делать мерзости	делать мерзости	'{"score": 2, "цитата_из_романа": "делать мерзости", "цитата_из_стиха": "делать мерзости"}'
CP.P5.IV.22	b.1JO.2.21	0			'{"score": 0, "цитата_из_романа": "", "цитата_из_стиха": ""}'
CP.P5.IV.22	b.LEV.18.26	2	делать мерзости	делать мерзости	'{"score": 2, "цитата_из_романа": "делать мерзости", "цитата_из_стиха": "делать мерзости"}'
CP.P5.IV.22	b.JOB.34.33	2	решить: кому из них умереть	избирать	'{"score": 2, "цитата_из_романа": "решить: кому из них умереть", "цитата_из_стиха": "избирать"}'
CP.P5.IV.22	b.JER.35.10	0			'{"score": 0, "цитата_из_романа": "", "цитата_из_стиха": ""}'
CP.P5.IV.22	b.PSA.73.16	0			'{"score": 0, "цитата_из_романа": "", "цитата_из_стиха": ""}'
CP.P5.IV.22	b.GEN.18.5	0			'{"score": 0, "цитата_из_романа": "", "цитата_из_стиха": ""}'
CP.P5.IV.22	b.SON.1.1	0			'{"score": 0, "цитата_из_романа": "", "цитата_из_стиха": ""}'
CP.P5.IV.22	b.ROM.14.8	0	жить на свете	жить или умирать	'{"score": 0, "цитата_из_романа": "жить на свете", "цитата_из_стиха": "жить или умирать"}'
CP.P5.IV.22	b.2CO.11.5	0			'{"score": 0, "цитата_из_романа": "", "цитата_из_стиха": ""}'
CP.P5.IV.22	b.ISA.1.5	0			'{"score": 0, "цитата_из_романа": "", "цитата_из_стиха": ""}'
CP.P5.IV.22	b.ISA.44.7	0			'{"score": 0, "цитата_из_романа": "", "цитата_из_стиха": ""}'
CP.P5.IV.22	b.RUT.1.13	0			'{"score": 0, "цитата_из_романа": "", "цитата_из_стиха": ""}'
CP.P5.IV.22	b.JOH.14.7	0			'{"score": 0, "цитата_из_романа": "", "цитата_из_стиха": ""}'
CP.P5.IV.22	b.1JO.3.12	0			'{"score": 0, "цитата_из_романа": "", "цитата_из_стиха": ""}'
CP.P5.IV.22	b.MAT.26.66	0			'{"score": 0, "цитата_из_романа": "", "цитата_из_стиха": ""}'
CP.P5.IV.22	b.1CO.4.9	0			'{"score": 0, "цитата_из_романа": "", "цитата_из_стиха": ""}'
CP.P5.IV.22	b.1CO.7.40	0			'{"score": 0, "цитата_из_романа": "", "цитата_из_стиха": ""}'
CP.P5.IV.22	b.LUK.15.10	0			'{"score": 0, "цитата_из_романа": "", "цитата_из_стиха": ""}'
CP.EP.II.26	b.DAN.5.8	0			'{"score": 0, "цитата_из_романа": "", "цитата_из_стиха": ""}'
CP.EP.II.26	b.GEN.21.27	0			'{"score": 0, "цитата_из_романа": "", "цитата_из_стиха": ""}'
CP.EP.II.26	b.MAR.6.19	2	не могли	не могла	'{"score": 2, "цитата_из_романа": "не могли", "цитата_из_стиха": "не могла"}'
CP.EP.II.26	b.ISA.44.18	0			'{"score": 0, "цитата_из_романа": "", "цитата_из_стиха": ""}'
CP.EP.II.26	b.DAN.5.15	1	не могли	не могли	'{"score": 1, "цитата_из_романа": "не могли", "цитата_из_стиха": "не могли"}'
CP.EP.II.26	b.JER.5.22	0			'{"score": 0, "цитата_из_романа": "", "цитата_из_стиха": ""}'
CP.EP.II.26	b.ACT.28.27	2	воскресила любовь	воскресение	'{"score": 2, "цитата_из_романа": "воскресила любовь", "цитата_из_стиха": "воскресение"}'
CP.EP.II.26	b.LEV.20.11	0			'{"score": 0, "цитата_из_романа": "", "цитата_из_стиха": ""}'
CP.EP.II.26	b.JER.46.5	0	воскресила любовь	обратились назад	'{"score": 0, "цитата_из_романа": "воскресила любовь", "цитата_из_стиха": "обратились назад"}'
CP.EP.II.26	b.JON.1.13	0			'{"score": 0, "цитата_из_романа": "", "цитата_из_стиха": ""}'
CP.EP.II.26	b.1SA.9.26	2	заря обновленного будущего	когда взошла заря	'{"score": 2, "цитата_из_романа": "заря обновленного будущего", "цитата_из_стиха": "когда взошла заря"}'
CP.EP.II.26	b.MAR.7.24	0			'{"score": 0, "цитата_из_романа": "", "цитата_из_стиха": ""}'
CP.EP.II.26	b.RUT.1.19	0			'{"score": 0, "цитата_из_романа": "", "цитата_из_стиха": ""}'
CP.EP.II.26	b.JDG.19.6	0	воскресила любовь	пусть повеселится сердце твое	'{"score": 0, "цитата_из_романа": "воскресила любовь", "цитата_из_стиха": "пусть повеселится сердце твое"}'
CP.EP.II.26	b.ISA.7.1	0	не могли	не могли	'{"score": 0, "цитата_из_романа": "не могли", "цитата_из_стиха": "не могли"}'
CP.EP.II.26	b.LEV.20.12	0			'{"score": 0, "цитата_из_романа": "", "цитата_из_стиха": ""}'
CP.EP.II.26	b.ZEP.1.18	0			'{"score": 0, "цитата_из_романа": "", "цитата_из_стиха": ""}'
CP.EP.II.26	b.ROM.11.20	0	воскресила любовь	отломились неверием	'{"score": 0, "цитата_из_романа": "воскресила любовь", "цитата_из_стиха": "отломились неверием"}'
CP.EP.II.26	b.NEH.7.61	0			'{"score": 0, "цитата_из_романа": "", "цитата_из_стиха": ""}'
CP.EP.II.26	b.JDG.1.19	0			'{"score": 0, "цитата_из_романа": "", "цитата_из_стиха": ""}'
CP.EP.II.26	b.1SA.14.11	0			'{"score": 0, "цитата_из_романа": "", "цитата_из_стиха": ""}'
CP.EP.II.26	b.SON.5.6	2	воскресила любовь	возлюбленный мой	'{"score": 2, "цитата_из_романа": "воскресила любовь", "цитата_из_стиха": "возлюбленный мой"}'
CP.EP.II.26	b.PSA.21.11	0	не могли	не могли выполнить их	'{"score": 0, "цитата_из_романа": "не могли", "цитата_из_стиха": "не могли выполнить их"}'
CP.EP.II.26	b.MAR.9.34	1	не могли говорить	молчали	'{"score": 1, "цитата_из_романа": "не могли говорить", "цитата_из_стиха": "молчали"}'
CP.EP.II.26	b.JDG.19.8	0			'{"score": 0, "цитата_из_романа": "", "цитата_из_стиха": ""}'
CP.EP.II.26	b.PRO.29.13	1	воскресила любовь	свет глазам того и другого дает Господь	'{"score": 1, "цитата_из_романа": "воскресила любовь", "цитата_из_стиха": "свет глазам того и другого дает Господь"}'
CP.EP.II.26	b.1SA.25.43	0			'{"score": 0, "цитата_из_романа": "", "цитата_из_стиха": ""}'
CP.EP.II.26	b.ZEC.1.21	0			'{"score": 0, "цитата_из_романа": "", "цитата_из_стиха": ""}'
CP.EP.II.26	b.JDG.21.18	0			'{"score": 0, "цитата_из_романа": "", "цитата_из_стиха": ""}'
CP.EP.II.26	b.JOH.16.12	2	не могли	не можете вместить	'{"score": 2, "цитата_из_романа": "не могли", "цитата_из_стиха": "не можете вместить"}'
CP.EP.II.26	b.JOS.15.63	0			'{"score": 0, "цитата_из_романа": "", "цитата_из_стиха": ""}'
CP.EP.II.26	b.ROM.8.8	0			'{"score": 0, "цитата_из_романа": "", "цитата_из_стиха": ""}'
CP.EP.II.26	b.DAN.11.27	0	любовь	лгать	'{"score": 0, "цитата_из_романа": "любовь", "цитата_из_стиха": "лгать"}'
CP.EP.II.26	b.ISA.13.8	2	сияла заря обновленного будущего	с изумлением смотрят друг на друга	'{"score": 2, "цитата_из_романа": "сияла заря обновленного будущего", "цитата_из_стиха": "с изумлением смотрят друг на друга"}'
CP.EP.II.26	b.MAR.9.10	2	воскресила любовь	воскреснуть из мертвых	'{"score": 2, "цитата_из_романа": "воскресила любовь", "цитата_из_стиха": "воскреснуть из мертвых"}'
CP.EP.II.26	b.JOB.13.3	0	не могли говорить	хотел бы говорить	'{"score": 0, "цитата_из_романа": "не могли говорить", "цитата_из_стиха": "хотел бы говорить"}'
CP.EP.II.26	b.EZE.21.19	0			'{"score": 0, "цитата_из_романа": "", "цитата_из_стиха": ""}'
CP.EP.II.26	b.LUK.8.36	0			'{"score": 0, "цитата_из_романа": "", "цитата_из_стиха": ""}'
CP.EP.II.26	b.REV.10.4	2	хотели было говорить, но не могли	хотели было писать	'{"score": 2, "цитата_из_романа": "хотели было говорить, но не могли", "цитата_из_стиха": "хотели было писать"}'
CP.EP.II.26	b.NAH.2.10	0	воскресила любовь	разграблена, опустошена и разорена	'{"score": 0, "цитата_из_романа": "воскресила любовь", "цитата_из_стиха": "разграблена, опустошена и разорена"}'
CP.EP.II.26	b.MAT.13.15	2	воскресила любовь	воскресение	'{"score": 2, "цитата_из_романа": "воскресила любовь", "цитата_из_стиха": "воскресение"}'
CP.EP.II.26	b.EXO.8.18	0	не могли	не могли	'{"score": 0, "цитата_из_романа": "не могли", "цитата_из_стиха": "не могли"}'
CP.EP.II.26	b.LUK.1.6	1	воскресила любовь	праведны пред Богом	'{"score": 1, "цитата_из_романа": "воскресила любовь", "цитата_из_стиха": "праведны пред Богом"}'
CP.EP.II.26	b.JOB.29.24	0			'{"score": 0, "цитата_из_романа": "", "цитата_из_стиха": ""}'
CP.EP.II.26	b.LUK.19.3	0			'{"score": 0, "цитата_из_романа": "", "цитата_из_стиха": ""}'
CP.EP.II.26	b.MAT.12.22	3	воскресила любовь	исцелил его, так что слепой и немой стал и говорить и видеть	'{"score": 3, "цитата_из_романа": "воскресила любовь", "цитата_из_стиха": "исцелил его, так что слепой и немой стал и говорить и видеть"}'
CP.EP.II.26	b.GEN.21.31	0			'{"score": 0, "цитата_из_романа": "", "цитата_из_стиха": ""}'
CP.EP.II.26	b.EZE.46.18	0			'{"score": 0, "цитата_из_романа": "", "цитата_из_стиха": ""}'
CP.EP.II.26	b.HOS.5.13	0			'{"score": 0, "цитата_из_романа": "", "цитата_из_стиха": ""}'
CP.EP.II.26	b.GEN.45.3	2	не могли	не могли	'{"score": 2, "цитата_из_романа": "не могли", "цитата_из_стиха": "не могли"}'
CP.EP.II.26	b.1SA.2.34	0			'{"score": 0, "цитата_из_романа": "", "цитата_из_стиха": ""}'
CP.EP.II.26	b.2PE.2.14	0	любовь	любострастия	'{"score": 0, "цитата_из_романа": "любовь", "цитата_из_стиха": "любострастия"}'
CP.EP.II.26	b.2KI.2.7	0			'{"score": 0, "цитата_из_романа": "", "цитата_из_стиха": ""}'
CP.EP.II.26	b.MAR.3.5	0	воскресила любовь	протяни руку твою	'{"score": 0, "цитата_из_романа": "воскресила любовь", "цитата_из_стиха": "протяни руку твою"}'
CP.EP.II.26	b.1SA.21.13	0	слезы	слюну	'{"score": 0, "цитата_из_романа": "слезы", "цитата_из_стиха": "слюну"}'
CP.EP.II.26	b.GEN.19.19	0			'{"score": 0, "цитата_из_романа": "", "цитата_из_стиха": ""}'
CP.EP.II.26	b.NUM.12.5	0			'{"score": 0, "цитата_из_романа": "", "цитата_из_стиха": ""}'
CP.EP.II.26	b.1TH.2.17	0			'{"score": 0, "цитата_из_романа": "", "цитата_из_стиха": ""}'
CP.EP.II.26	b.GEN.41.21	0	бледны и худы	так же худы видом	'{"score": 0, "цитата_из_романа": "бледны и худы", "цитата_из_стиха": "так же худы видом"}'
CP.EP.II.26	b.DAN.6.4	0			'{"score": 0, "цитата_из_романа": "", "цитата_из_стиха": ""}'
CP.EP.II.26	b.LEV.20.13	0			'{"score": 0, "цитата_из_романа": "", "цитата_из_стиха": ""}'
CP.EP.II.26	b.PSA.83.17	0			'{"score": 0, "цитата_из_романа": "", "цитата_из_стиха": ""}'
CP.P5.I.6	b.DEU.29.19	0			'{"score": 0, "цитата_из_романа": "", "цитата_из_стиха": ""}'
CP.P5.I.6	b.NUM.20.19	0			'{"score": 0, "цитата_из_романа": "", "цитата_из_стиха": ""}'
CP.P5.I.6	b.2KI.17.33	0			'{"score": 0, "цитата_из_романа": "", "цитата_из_стиха": ""}'
CP.P5.I.6	b.EZE.44.19	0			'{"score": 0, "цитата_из_романа": "", "цитата_из_стиха": ""}'
CP.P5.I.6	b.EZE.44.11	0			'{"score": 0, "цитата_из_романа": "", "цитата_из_стиха": ""}'
CP.P5.I.6	b.ROM.8.18	0			'{"score": 0, "цитата_из_романа": "", "цитата_из_стиха": ""}'
CP.P5.I.6	b.JER.28.14	0			'{"score": 0, "цитата_из_романа": "", "цитата_из_стиха": ""}'
CP.P5.I.6	b.ACT.21.3	0			'{"score": 0, "цитата_из_романа": "", "цитата_из_стиха": ""}'
CP.P5.I.6	b.NEH.9.35	0			'{"score": 0, "цитата_из_романа": "", "цитата_из_стиха": ""}'
CP.P5.I.6	b.DEU.12.2	0			'{"score": 0, "цитата_из_романа": "", "цитата_из_стиха": ""}'
CP.P5.I.6	b.HEB.3.3	0			'{"score": 0, "цитата_из_романа": "", "цитата_из_стиха": ""}'
CP.P5.I.6	b.EZE.27.22	0			'{"score": 0, "цитата_из_романа": "", "цитата_из_стиха": ""}'
CP.P5.I.6	b.2CH.33.16	0			'{"score": 0, "цитата_из_романа": "", "цитата_из_стиха": ""}'
CP.P5.I.6	b.GAL.1.5	0			'{"score": 0, "цитата_из_романа": "", "цитата_из_стиха": ""}'
CP.P5.I.6	b.OBA.1.11	0			'{"score": 0, "цитата_из_романа": "", "цитата_из_стиха": ""}'
CP.P5.I.6	b.1KI.10.5	0			'{"score": 0, "цитата_из_романа": "", "цитата_из_стиха": ""}'
CP.P5.I.6	b.REV.9.7	0			'{"score": 0, "цитата_из_романа": "", "цитата_из_стиха": ""}'
CP.P5.I.6	b.PRO.3.35	2	глуповат	глупые	'{"score": 2, "цитата_из_романа": "глуповат", "цитата_из_стиха": "глупые"}'
CP.P5.I.6	b.LAM.1.1	0			'{"score": 0, "цитата_из_романа": "", "цитата_из_стиха": ""}'
CP.P5.I.6	b.PRO.17.7	2	было довольно мягкое сердце, но речь весьма самоуверенная, а иной раз чрезвычайно даже заносчивая	важная речь	'{"score": 2, "цитата_из_романа": "было довольно мягкое сердце, но речь весьма самоуверенная, а иной раз чрезвычайно даже заносчивая", "цитата_из_стиха": "важная речь"}'
CP.P5.I.6	b.JER.2.34	0			'{"score": 0, "цитата_из_романа": "", "цитата_из_стиха": ""}'
CP.P5.I.6	b.1CH.16.37	0			'{"score": 0, "цитата_из_романа": "", "цитата_из_стиха": ""}'
CP.P5.I.6	b.ACT.13.2	0			'{"score": 0, "цитата_из_романа": "", "цитата_из_стиха": ""}'
CP.P5.I.6	b.JOB.12.12	0			'{"score": 0, "цитата_из_романа": "", "цитата_из_стиха": ""}'
CP.P5.I.6	b.2CO.12.15	0			'{"score": 0, "цитата_из_романа": "", "цитата_из_стиха": ""}'
CP.P5.I.6	b.PRO.31.29	0			'{"score": 0, "цитата_из_романа": "", "цитата_из_стиха": ""}'
CP.P5.I.6	b.LUK.12.7	0			'{"score": 0, "цитата_из_романа": "", "цитата_из_стиха": ""}'
CP.P5.I.6	b.NUM.26.43	0			'{"score": 0, "цитата_из_романа": "", "цитата_из_стиха": ""}'
CP.P5.I.6	b.JOH.12.6	0			'{"score": 0, "цитата_из_романа": "", "цитата_из_стиха": ""}'
CP.P5.I.6	b.2CO.12.11	2	прикомандировался же он к прогрессу и к "молодым поколения нашим" -- по страсти	Я дошел до неразумия, хвалясь; вы меня к сему принудили	'{"score": 2, "цитата_из_романа": "прикомандировался же он к прогрессу и к \\"молодым поколения нашим\\" -- по страсти", "цитата_из_стиха": "Я дошел до неразумия, хвалясь; вы меня к сему принудили"}'
CP.P5.I.6	b.GEN.20.10	0			'{"score": 0, "цитата_из_романа": "", "цитата_из_стиха": ""}'
CP.P5.I.6	b.PRO.14.24	0			'{"score": 0, "цитата_из_романа": "", "цитата_из_стиха": ""}'
CP.P5.I.6	b.1KI.7.17	0			'{"score": 0, "цитата_из_романа": "", "цитата_из_стиха": ""}'
CP.P5.I.6	b.EZE.44.12	0			'{"score": 0, "цитата_из_романа": "", "цитата_из_стиха": ""}'
CP.P5.I.6	b.JOB.22.18	0			'{"score": 0, "цитата_из_романа": "", "цитата_из_стиха": ""}'
CP.P5.I.6	b.ISA.47.9	0			'{"score": 0, "цитата_из_романа": "", "цитата_из_стиха": ""}'
CP.P5.I.6	b.2CO.11.21	0			'{"score": 0, "цитата_из_романа": "", "цитата_из_стиха": ""}'
CP.P5.I.6	b.1CO.3.18	0			'{"score": 0, "цитата_из_романа": "", "цитата_из_стиха": ""}'
CP.P5.I.6	b.PRO.31.25	0			'{"score": 0, "цитата_из_романа": "", "цитата_из_стиха": ""}'
CP.P5.I.6	b.1PE.5.11	0			'{"score": 0, "цитата_из_романа": "", "цитата_из_стиха": ""}'
CP.P5.I.6	b.JOB.12.3	0			'{"score": 0, "цитата_из_романа": "", "цитата_из_стиха": ""}'
CP.P5.I.6	b.PSA.102.18	0			'{"score": 0, "цитата_из_романа": "", "цитата_из_стиха": ""}'
CP.P5.I.6	b.2CO.8.8	0			'{"score": 0, "цитата_из_романа": "", "цитата_из_стиха": ""}'
CP.P5.I.6	b.PSA.23.5	0			'{"score": 0, "цитата_из_романа": "", "цитата_из_стиха": ""}'
CP.P5.I.6	b.PRO.24.34	0			'{"score": 0, "цитата_из_романа": "", "цитата_из_стиха": ""}'
CP.P5.I.6	b.MAT.15.11	0			'{"score": 0, "цитата_из_романа": "", "цитата_из_стиха": ""}'
CP.P5.I.6	b.NUM.3.6	0			'{"score": 0, "цитата_из_романа": "", "цитата_из_стиха": ""}'
CP.P5.I.6	b.1CO.9.22	0			'{"score": 0, "цитата_из_романа": "", "цитата_из_стиха": ""}'
CP.P5.I.6	b.JDG.1.30	0			'{"score": 0, "цитата_из_романа": "", "цитата_из_стиха": ""}'
CP.P5.I.6	b.1CH.6.32	0			'{"score": 0, "цитата_из_романа": "", "цитата_из_стиха": ""}'
CP.P5.I.6	b.2TI.4.14	0			'{"score": 0, "цитата_из_романа": "", "цитата_из_стиха": ""}'
CP.P5.I.6	b.PSA.59.15	0			'{"score": 0, "цитата_из_романа": "", "цитата_из_стиха": ""}'
CP.P1.V.62	b.GEN.24.21	2	в изумлении осмотрелся кругом	смотрел на нее с изумлением	'{"score": 2, "цитата_из_романа": "в изумлении осмотрелся кругом", "цитата_из_стиха": "смотрел на нее с изумлением"}'
CP.P1.V.62	b.ACT.8.27	0	встал на ноги	он встал	'{"score": 0, "цитата_из_романа": "встал на ноги", "цитата_из_стиха": "он встал"}'
CP.P1.V.62	b.GEN.24.10	0			'{"score": 0, "цитата_из_романа": "", "цитата_из_стиха": ""}'
CP.P1.V.62	b.MAT.22.19	0	покажи мне путь мой	покажите Мне монету	'{"score": 0, "цитата_из_романа": "покажи мне путь мой", "цитата_из_стиха": "покажите Мне монету"}'
CP.P1.V.62	b.ISA.21.2	0			'{"score": 0, "цитата_из_романа": "", "цитата_из_стиха": ""}'
CP.P1.V.62	b.EXO.33.18	3	Господи! -- покажи мне путь мой	покажи мне славу Твою	'{"score": 3, "цитата_из_романа": "Господи! -- покажи мне путь мой", "цитата_из_стиха": "покажи мне славу Твою"}'
CP.P1.V.62	b.2KI.13.21	2	встал на ноги	встал на ноги свои	'{"score": 2, "цитата_из_романа": "встал на ноги", "цитата_из_стиха": "встал на ноги свои"}'
CP.P1.V.62	b.NUM.22.22	0			'{"score": 0, "цитата_из_романа": "", "цитата_из_стиха": ""}'
CP.P1.V.62	b.LAM.1.16	0	Господи! покажи мне путь мой	око мое, око мое изливает воды	'{"score": 0, "цитата_из_романа": "Господи! покажи мне путь мой", "цитата_из_стиха": "око мое, око мое изливает воды"}'
CP.P1.V.62	b.ROM.11.20	0	Господи! покажи мне путь мой	не гордись, но бойся	'{"score": 0, "цитата_из_романа": "Господи! покажи мне путь мой", "цитата_из_стиха": "не гордись, но бойся"}'
CP.P1.V.62	b.MAT.2.14	2	встал на ноги	Он встал	'{"score": 2, "цитата_из_романа": "встал на ноги", "цитата_из_стиха": "Он встал"}'
CP.P1.V.62	b.LUK.5.25	2	встал на ноги	встал перед ними	'{"score": 2, "цитата_из_романа": "встал на ноги", "цитата_из_стиха": "встал перед ними"}'
CP.P1.V.62	b.REV.22.1	0			'{"score": 0, "цитата_из_романа": "", "цитата_из_стиха": ""}'
CP.P1.V.62	b.1KI.19.3	0	встал на ноги	встал	'{"score": 0, "цитата_из_романа": "встал на ноги", "цитата_из_стиха": "встал"}'
CP.P1.V.62	b.TIT.1.16	2	отрекаюсь от этой проклятой... мечты моей	отрекаются	'{"score": 2, "цитата_из_романа": "отрекаюсь от этой проклятой... мечты моей", "цитата_из_стиха": "отрекаются"}'
CP.P1.V.62	b.JOB.4.16	0	встал на ноги	Он стал	'{"score": 0, "цитата_из_романа": "встал на ноги", "цитата_из_стиха": "Он стал"}'
CP.P1.V.62	b.DAN.11.19	0			'{"score": 0, "цитата_из_романа": "", "цитата_из_стиха": ""}'
CP.P1.V.62	b.2KI.4.30	1	встал на ноги	и он встал	'{"score": 1, "цитата_из_романа": "встал на ноги", "цитата_из_стиха": "и он встал"}'
CP.P1.V.62	b.JOB.13.23	2	Господи! -- молил он, -- покажи мне путь мой	покажи мне беззаконие мое и грех мой	'{"score": 2, "цитата_из_романа": "Господи! -- молил он, -- покажи мне путь мой", "цитата_из_стиха": "покажи мне беззаконие мое и грех мой"}'
CP.P1.V.62	b.GEN.5.24	0			'{"score": 0, "цитата_из_романа": "", "цитата_из_стиха": ""}'
CP.P1.V.62	b.JOH.4.52	0	Господи! -- молил он, -- покажи мне путь мой, а я отрекаюсь от этой проклятой... мечты моей!	в котором часу стало ему легче?	'{"score": 0, "цитата_из_романа": "Господи! -- молил он, -- покажи мне путь мой, а я отрекаюсь от этой проклятой... мечты моей!", "цитата_из_стиха": "в котором часу стало ему легче?"}'
CP.P1.V.62	b.ACT.12.10	0			'{"score": 0, "цитата_из_романа": "", "цитата_из_стиха": ""}'
CP.P1.V.62	b.REV.21.10	0			'{"score": 0, "цитата_из_романа": "", "цитата_из_стиха": ""}'
CP.P1.V.62	b.LUK.18.13	3	Господи! -- молил он, -- покажи мне путь мой, а я отрекаюсь от этой проклятой... мечты моей!	Боже! будь милостив ко мне грешнику!	'{"score": 3, "цитата_из_романа": "Господи! -- молил он, -- покажи мне путь мой, а я отрекаюсь от этой проклятой... мечты моей!", "цитата_из_стиха": "Боже! будь милостив ко мне грешнику!"}'
CP.P1.V.62	b.EZE.16.6	0	Господи! -- молил он, -- покажи мне путь мой	в кровях твоих живи	'{"score": 0, "цитата_из_романа": "Господи! -- молил он, -- покажи мне путь мой", "цитата_из_стиха": "в кровях твоих живи"}'
CP.P1.V.62	b.1KI.17.10	0	встал на ноги	и встал он	'{"score": 0, "цитата_из_романа": "встал на ноги", "цитата_из_стиха": "и встал он"}'
CP.P1.V.62	b.JAM.2.18	0			'{"score": 0, "цитата_из_романа": "", "цитата_из_стиха": ""}'
CP.P1.V.62	b.GEN.19.2	0			'{"score": 0, "цитата_из_романа": "", "цитата_из_стиха": ""}'
CP.P1.V.62	b.ZEC.3.1	0			'{"score": 0, "цитата_из_романа": "", "цитата_из_стиха": ""}'
CP.P1.V.62	b.ACT.7.60	2	Господи! -- молил он	Господи!	'{"score": 2, "цитата_из_романа": "Господи! -- молил он", "цитата_из_стиха": "Господи!"}'
CP.P1.V.62	b.LAM.1.9	0	Господи! -- молил он, -- покажи мне путь мой	Воззри, Господи, на бедствие мое	'{"score": 0, "цитата_из_романа": "Господи! -- молил он, -- покажи мне путь мой", "цитата_из_стиха": "Воззри, Господи, на бедствие мое"}'
CP.P1.V.62	b.EZE.3.14	0			'{"score": 0, "цитата_из_романа": "", "цитата_из_стиха": ""}'
CP.P1.V.62	b.ACT.14.20	0	встал на ноги	встал	'{"score": 0, "цитата_из_романа": "встал на ноги", "цитата_из_стиха": "встал"}'
CP.P1.V.62	b.LUK.20.24	0	Господи! -- покажи мне путь мой	Покажите Мне динарий	'{"score": 0, "цитата_из_романа": "Господи! -- покажи мне путь мой", "цитата_из_стиха": "Покажите Мне динарий"}'
CP.P1.V.62	b.EZE.11.24	0			'{"score": 0, "цитата_из_романа": "", "цитата_из_стиха": ""}'
CP.P1.V.62	b.1CO.12.31	2	покажи мне путь мой	покажи вам путь еще превосходнейший	'{"score": 2, "цитата_из_романа": "покажи мне путь мой", "цитата_из_стиха": "покажи вам путь еще превосходнейший"}'
CP.P1.V.62	b.1KI.22.3	0			'{"score": 0, "цитата_из_романа": "", "цитата_из_стиха": ""}'
CP.P1.V.62	b.JDG.19.5	0	встал на ноги	встал, чтоб идти	'{"score": 0, "цитата_из_романа": "встал на ноги", "цитата_из_стиха": "встал, чтоб идти"}'
CP.P1.V.62	b.ZEC.1.20	0			'{"score": 0, "цитата_из_романа": "", "цитата_из_стиха": ""}'
CP.P1.V.62	b.JOB.30.11	3	сбросил с себя это страшное бремя	сбросили с себя узду	'{"score": 3, "цитата_из_романа": "сбросил с себя это страшное бремя", "цитата_из_стиха": "сбросили с себя узду"}'
CP.P1.V.62	b.RUT.4.1	0			'{"score": 0, "цитата_из_романа": "", "цитата_из_стиха": ""}'
CP.P1.V.62	b.2KI.8.21	0			'{"score": 0, "цитата_из_романа": "", "цитата_из_стиха": ""}'
CP.P1.V.62	b.DAN.11.1	0			'{"score": 0, "цитата_из_романа": "", "цитата_из_стиха": ""}'
CP.P1.V.62	b.JOB.42.6	3	отрекаюсь от этой проклятой... мечты моей	отрекаюсь	'{"score": 3, "цитата_из_романа": "отрекаюсь от этой проклятой... мечты моей", "цитата_из_стиха": "отрекаюсь"}'
CP.P1.V.62	b.MAR.10.50	3	сбросил с себя это страшное бремя	сбросил с себя верхнюю одежду	'{"score": 3, "цитата_из_романа": "сбросил с себя это страшное бремя", "цитата_из_стиха": "сбросил с себя верхнюю одежду"}'
CP.P1.V.62	b.ACT.9.18	3	вдруг стало дышать как бы легче	вдруг он прозрел	'{"score": 3, "цитата_из_романа": "вдруг стало дышать как бы легче", "цитата_из_стиха": "вдруг он прозрел"}'
CP.P1.V.62	b.LAM.1.20	2	Господи! покажи мне путь мой	Воззри, Господи	'{"score": 2, "цитата_из_романа": "Господи! покажи мне путь мой", "цитата_из_стиха": "Воззри, Господи"}'
CP.P1.V.62	b.DAN.5.6	0	бледен, глаза его горели, изнеможение было во всех его членах	связи чресл его ослабели	'{"score": 0, "цитата_из_романа": "бледен, глаза его горели, изнеможение было во всех его членах", "цитата_из_стиха": "связи чресл его ослабели"}'
CP.P1.V.62	b.HAB.3.16	0	Господи! -- молил он, -- покажи мне путь мой		'{"score": 0, "цитата_из_романа": "Господи! -- молил он, -- покажи мне путь мой", "цитата_из_стиха": ""}'
CP.P1.V.62	b.JOH.9.15	0			'{"score": 0, "цитата_из_романа": "", "цитата_из_стиха": ""}'
CP.P1.V.62	b.2CH.34.27	2	Господи! -- молил он, -- покажи мне путь мой	услышав слова Его о месте сем и о жителях его, – и ты смирился предо Мною	'{"score": 2, "цитата_из_романа": "Господи! -- молил он, -- покажи мне путь мой", "цитата_из_стиха": "услышав слова Его о месте сем и о жителях его, – и ты смирился предо Мною"}'
CP.P1.V.62	b.ISA.57.17	2	отрекаюсь от этой проклятой... мечты моей	отвратившись, пошел по пути своего сердца	'{"score": 2, "цитата_из_романа": "отрекаюсь от этой проклятой... мечты моей", "цитата_из_стиха": "отвратившись, пошел по пути своего сердца"}'
CP.P1.V.62	b.MAT.9.7	2	встал на ноги	встал	'{"score": 2, "цитата_из_романа": "встал на ноги", "цитата_из_стиха": "встал"}'
CP.P1.V.62	b.2KI.1.15	0	встал на ноги	встал	'{"score": 0, "цитата_из_романа": "встал на ноги", "цитата_из_стиха": "встал"}'
CP.P1.V.62	b.JER.24.1	0	Господи! -- молил он, -- покажи мне путь мой	Господь показал мне	'{"score": 0, "цитата_из_романа": "Господи! -- молил он, -- покажи мне путь мой", "цитата_из_стиха": "Господь показал мне"}'
CP.P1.V.62	b.PRO.22.8	0			'{"score": 0, "цитата_из_романа": "", "цитата_из_стиха": ""}'
CP.P1.V.62	b.DAN.8.17	2	Господи! -- молил он, -- покажи мне путь мой	знай, сын человеческий, что видение относится к концу времени	'{"score": 2, "цитата_из_романа": "Господи! -- молил он, -- покажи мне путь мой", "цитата_из_стиха": "знай, сын человеческий, что видение относится к концу времени"}'
CP.P1.V.62	b.2SA.15.9	0			'{"score": 0, "цитата_из_романа": "", "цитата_из_стиха": ""}'
CP.P1.V.62	b.REV.4.1	2	покажи мне путь мой	покажи тебе, чему надлежит быть после сего	'{"score": 2, "цитата_из_романа": "покажи мне путь мой", "цитата_из_стиха": "покажи тебе, чему надлежит быть после сего"}'
CP.P1.V.62	b.PRO.9.2	0			'{"score": 0, "цитата_из_романа": "", "цитата_из_стиха": ""}'
CP.P1.III.39	b.DEU.29.19	0			'{"score": 0, "цитата_из_романа": "", "цитата_из_стиха": ""}'
CP.P1.III.39	b.2SA.11.2	0			'{"score": 0, "цитата_из_романа": "", "цитата_из_стиха": ""}'
CP.P1.III.39	b.JON.4.2	0			'{"score": 0, "цитата_из_романа": "", "цитата_из_стиха": ""}'
CP.P1.III.39	b.JOS.14.10	2	уже сорок пять лет прошло	уже сорок пять лет прошло от того времени	'{"score": 2, "цитата_из_романа": "уже сорок пять лет прошло", "цитата_из_стиха": "уже сорок пять лет прошло от того времени"}'
CP.P1.III.39	b.RUT.2.13	2	Ты утешил меня и говорил по сердцу рабы твоей	Ты утешил меня и говорил по сердцу рабы твоей	'{"score": 2, "цитата_из_романа": "Ты утешил меня и говорил по сердцу рабы твоей", "цитата_из_стиха": "Ты утешил меня и говорил по сердцу рабы твоей"}'
CP.P1.III.39	b.GEN.12.19	0			'{"score": 0, "цитата_из_романа": "", "цитата_из_стиха": ""}'
CP.P1.III.39	b.DAN.2.9	0			'{"score": 0, "цитата_из_романа": "", "цитата_из_стиха": ""}'
CP.P1.III.39	b.ISA.63.18	0			'{"score": 0, "цитата_из_романа": "", "цитата_из_стиха": ""}'
CP.P1.III.39	b.EZE.17.18	0			'{"score": 0, "цитата_из_романа": "", "цитата_из_стиха": ""}'
CP.P1.III.39	b.DAN.7.28	0			'{"score": 0, "цитата_из_романа": "", "цитата_из_стиха": ""}'
CP.P1.III.39	b.JOH.21.16	0			'{"score": 0, "цитата_из_романа": "", "цитата_из_стиха": ""}'
CP.P1.III.39	b.MAT.10.28	0			'{"score": 0, "цитата_из_романа": "", "цитата_из_стиха": ""}'
CP.P1.III.39	b.EXO.13.8	0			'{"score": 0, "цитата_из_романа": "", "цитата_из_стиха": ""}'
CP.P1.III.39	b.GEN.31.41	0			'{"score": 0, "цитата_из_романа": "", "цитата_из_стиха": ""}'
CP.P1.III.39	b.ROM.8.27	0			'{"score": 0, "цитата_из_романа": "", "цитата_из_стиха": ""}'
CP.P1.III.39	b.LEV.5.4	0			'{"score": 0, "цитата_из_романа": "", "цитата_из_стиха": ""}'
CP.P1.III.39	b.EZE.47.5	0			'{"score": 0, "цитата_из_романа": "", "цитата_из_стиха": ""}'
CP.P1.III.39	b.JOH.3.19	0			'{"score": 0, "цитата_из_романа": "", "цитата_из_стиха": ""}'
CP.P1.III.39	b.1CO.6.7	2	тяжбы между собою	имеете тяжбы между собою	'{"score": 2, "цитата_из_романа": "тяжбы между собою", "цитата_из_стиха": "имеете тяжбы между собою"}'
CP.P1.III.39	b.DAN.5.16	0			'{"score": 0, "цитата_из_романа": "", "цитата_из_стиха": ""}'
CP.P1.III.39	b.NEH.9.17	0			'{"score": 0, "цитата_из_романа": "", "цитата_из_стиха": ""}'
CP.P1.III.39	b.ZEC.1.21	0			'{"score": 0, "цитата_из_романа": "", "цитата_из_стиха": ""}'
CP.P1.III.39	b.ACT.5.34	0			'{"score": 0, "цитата_из_романа": "", "цитата_из_стиха": ""}'
CP.P1.III.39	b.2KI.7.2	0			'{"score": 0, "цитата_из_романа": "", "цитата_из_стиха": ""}'
CP.P1.III.39	b.RUT.4.4	0			'{"score": 0, "цитата_из_романа": "", "цитата_из_стиха": ""}'
CP.P1.III.39	b.2KI.7.19	0			'{"score": 0, "цитата_из_романа": "", "цитата_из_стиха": ""}'
CP.P1.III.39	b.2KI.4.35	0	встать и пройти по горнице взад и вперед	встал и прошел по горнице взад и вперед	'{"score": 0, "цитата_из_романа": "встать и пройти по горнице взад и вперед", "цитата_из_стиха": "встал и прошел по горнице взад и вперед"}'
CP.P1.III.39	b.1KI.20.9	0			'{"score": 0, "цитата_из_романа": "", "цитата_из_стиха": ""}'
CP.P1.III.39	b.ISA.64.5	0			'{"score": 0, "цитата_из_романа": "", "цитата_из_стиха": ""}'
CP.P1.III.39	b.JER.2.34	0			'{"score": 0, "цитата_из_романа": "", "цитата_из_стиха": ""}'
CP.P1.III.39	b.DAN.7.19	0			'{"score": 0, "цитата_из_романа": "", "цитата_из_стиха": ""}'
CP.P1.III.39	b.2CO.12.15	0			'{"score": 0, "цитата_из_романа": "", "цитата_из_стиха": ""}'
CP.P1.III.39	b.RUT.1.12	0			'{"score": 0, "цитата_из_романа": "", "цитата_из_стиха": ""}'
CP.P1.III.39	b.2TI.2.7	0			'{"score": 0, "цитата_из_романа": "", "цитата_из_стиха": ""}'
CP.P1.III.39	b.RUT.2.11	0			'{"score": 0, "цитата_из_романа": "", "цитата_из_стиха": ""}'
CP.P1.III.39	b.1SA.10.16	0			'{"score": 0, "цитата_из_романа": "", "цитата_из_стиха": ""}'
CP.P1.III.39	b.REV.2.2	0			'{"score": 0, "цитата_из_романа": "", "цитата_из_стиха": ""}'
CP.P1.III.39	b.EZR.10.19	0			'{"score": 0, "цитата_из_романа": "", "цитата_из_стиха": ""}'
CP.P1.III.39	b.ROM.1.13	0			'{"score": 0, "цитата_из_романа": "", "цитата_из_стиха": ""}'
CP.P1.III.39	b.1PE.4.2	0			'{"score": 0, "цитата_из_романа": "", "цитата_из_стиха": ""}'
CP.P1.III.39	b.2JO.1.6	0			'{"score": 0, "цитата_из_романа": "", "цитата_из_стиха": ""}'
CP.P1.III.39	b.ISA.57.10	0			'{"score": 0, "цитата_из_романа": "", "цитата_из_стиха": ""}'
CP.P1.III.39	b.1CO.16.12	0			'{"score": 0, "цитата_из_романа": "", "цитата_из_стиха": ""}'
CP.P1.III.39	b.1CO.13.2	0			'{"score": 0, "цитата_из_романа": "", "цитата_из_стиха": ""}'
CP.P1.III.39	b.ISA.47.9	0			'{"score": 0, "цитата_из_романа": "", "цитата_из_стиха": ""}'
CP.P1.III.39	b.GAL.4.15	0			'{"score": 0, "цитата_из_романа": "", "цитата_из_стиха": ""}'
CP.P1.III.39	b.EZE.23.31	0			'{"score": 0, "цитата_из_романа": "", "цитата_из_стиха": ""}'
CP.P1.III.39	b.JOH.21.17	0			'{"score": 0, "цитата_из_романа": "", "цитата_из_стиха": ""}'
CP.P1.III.39	b.EXO.5.14	0			'{"score": 0, "цитата_из_романа": "", "цитата_из_стиха": ""}'
CP.P1.III.39	b.LUK.22.46	2	Дунечка не спала всю ночь и, полагая, что я уже сплю, встала с постели и всю ночь ходила взад и вперед по комнате; наконец стала на колени и долго и горячо молилась пред образом	что вы спите? встаньте и молитесь	'{"score": 2, "цитата_из_романа": "Дунечка не спала всю ночь и, полагая, что я уже сплю, встала с постели и всю ночь ходила взад и вперед по комнате; наконец стала на колени и долго и горячо молилась п'
CP.P1.III.39	b.LEV.5.3	0			'{"score": 0, "цитата_из_романа": "", "цитата_из_стиха": ""}'
CP.P1.III.39	b.MAR.14.38	1	молилась	молитесь	'{"score": 1, "цитата_из_романа": "молилась", "цитата_из_стиха": "молитесь"}'
CP.P1.III.39	b.DEU.15.2	0			'{"score": 0, "цитата_из_романа": "", "цитата_из_стиха": ""}'
CP.P1.III.39	b.JOS.10.20	0			'{"score": 0, "цитата_из_романа": "", "цитата_из_стиха": ""}'
CP.P1.III.39	b.EZE.13.11	0	проливной дождь	проливной дождь	'{"score": 0, "цитата_из_романа": "проливной дождь", "цитата_из_стиха": "проливной дождь"}'
CP.P1.III.39	b.2CO.11.21	0			'{"score": 0, "цитата_из_романа": "", "цитата_из_стиха": ""}'
CP.P1.III.39	b.NEH.6.19	0			'{"score": 0, "цитата_из_романа": "", "цитата_из_стиха": ""}'
CP.P1.III.39	b.DEU.22.28	0			'{"score": 0, "цитата_из_романа": "", "цитата_из_стиха": ""}'
CP.P1.III.39	b.PRO.28.3	0			'{"score": 0, "цитата_из_романа": "", "цитата_из_стиха": ""}'
CP.P1.III.39	b.EZE.13.13	0			'{"score": 0, "цитата_из_романа": "", "цитата_из_стиха": ""}'
CP.P1.III.39	b.1SA.22.15	0			'{"score": 0, "цитата_из_романа": "", "цитата_из_стиха": ""}'
CP.P1.III.39	b.1TH.2.17	0			'{"score": 0, "цитата_из_романа": "", "цитата_из_стиха": ""}'
CP.P1.III.39	b.2CO.8.5	0			'{"score": 0, "цитата_из_романа": "", "цитата_из_стиха": ""}'
CP.P1.III.39	b.RUT.1.13	2	можно ли вам медлить и не выходить замуж	можно ли вам медлить и не выходить замуж	'{"score": 2, "цитата_из_романа": "можно ли вам медлить и не выходить замуж", "цитата_из_стиха": "можно ли вам медлить и не выходить замуж"}'
CP.P1.III.39	b.RUT.4.6	0			'{"score": 0, "цитата_из_романа": "", "цитата_из_стиха": ""}'
CP.P1.III.39	b.2SA.13.26	0			'{"score": 0, "цитата_из_романа": "", "цитата_из_стиха": ""}'
CP.P1.III.39	b.1PE.4.19	2	предадут Ему, как верному Создателю, души свои	да предадут Ему, как верному Создателю, души свои	'{"score": 2, "цитата_из_романа": "предадут Ему, как верному Создателю, души свои", "цитата_из_стиха": "да предадут Ему, как верному Создателю, души свои"}'
CP.P1.III.39	b.1CO.9.22	0			'{"score": 0, "цитата_из_романа": "", "цитата_из_стиха": ""}'
CP.P1.III.39	b.DAN.4.18	0			'{"score": 0, "цитата_из_романа": "", "цитата_из_стиха": ""}'
CP.P1.III.39	b.1JO.5.11	0			'{"score": 0, "цитата_из_романа": "", "цитата_из_стиха": ""}'
CP.P1.III.39	b.2CH.14.7	0			'{"score": 0, "цитата_из_романа": "", "цитата_из_стиха": ""}'
CP.P1.III.39	b.MAT.26.41	2	молилась пред образом	молитесь	'{"score": 2, "цитата_из_романа": "молилась пред образом", "цитата_из_стиха": "молитесь"}'
CP.P1.III.39	b.ISA.50.1	2	продана за грехи ваши	проданы за грехи ваши	'{"score": 2, "цитата_из_романа": "продана за грехи ваши", "цитата_из_стиха": "проданы за грехи ваши"}'
CP.P1.III.39	b.NEH.2.6	0			'{"score": 0, "цитата_из_романа": "", "цитата_из_стиха": ""}'
CP.P1.III.39	b.LUK.1.7	0			'{"score": 0, "цитата_из_романа": "", "цитата_из_стиха": ""}'
CP.P1.III.39	b.ROM.3.27	0			'{"score": 0, "цитата_из_романа": "", "цитата_из_стиха": ""}'
CP.P4.II.82	b.PRO.19.10	0			'{"score": 0, "цитата_из_романа": "", "цитата_из_стиха": ""}'
CP.P4.II.82	b.PRO.23.10	0			'{"score": 0, "цитата_из_романа": "", "цитата_из_стиха": ""}'
CP.P4.II.82	b.DEU.6.1	0			'{"score": 0, "цитата_из_романа": "", "цитата_из_стиха": ""}'
CP.P4.II.82	b.LEV.11.5	0			'{"score": 0, "цитата_из_романа": "", "цитата_из_стиха": ""}'
CP.P4.II.82	b.DEU.31.13	0			'{"score": 0, "цитата_из_романа": "", "цитата_из_стиха": ""}'
CP.P4.II.82	b.1CO.9.26	0	камень бросаете	бьюсь	'{"score": 0, "цитата_из_романа": "камень бросаете", "цитата_из_стиха": "бьюсь"}'
CP.P4.II.82	b.LUK.4.11	3	камень бросаете	камень ногою Твоею	'{"score": 3, "цитата_из_романа": "камень бросаете", "цитата_из_стиха": "камень ногою Твоею"}'
CP.P4.II.82	b.1TI.3.3	0			'{"score": 0, "цитата_из_романа": "", "цитата_из_стиха": ""}'
CP.P4.II.82	b.LUK.7.46	0			'{"score": 0, "цитата_из_романа": "", "цитата_из_стиха": ""}'
CP.P4.II.82	b.1CO.11.17	0			'{"score": 0, "цитата_из_романа": "", "цитата_из_стиха": ""}'
CP.P4.II.82	b.DEU.4.14	0			'{"score": 0, "цитата_из_романа": "", "цитата_из_стиха": ""}'
CP.P4.II.82	b.PRO.4.14	0			'{"score": 0, "цитата_из_романа": "", "цитата_из_стиха": ""}'
CP.P4.II.82	b.DEU.29.10	0	не стоите мизинца	все вы стоите	'{"score": 0, "цитата_из_романа": "не стоите мизинца", "цитата_из_стиха": "все вы стоите"}'
CP.P4.II.82	b.EPH.5.3	0			'{"score": 0, "цитата_из_романа": "", "цитата_из_стиха": ""}'
CP.P4.II.82	b.EXO.8.2	0			'{"score": 0, "цитата_из_романа": "", "цитата_из_стиха": ""}'
CP.P4.II.82	b.MAT.10.9	0			'{"score": 0, "цитата_из_романа": "", "цитата_из_стиха": ""}'
CP.P4.II.82	b.DEU.32.47	0			'{"score": 0, "цитата_из_романа": "", "цитата_из_стиха": ""}'
CP.P4.II.82	b.EPH.3.13	0			'{"score": 0, "цитата_из_романа": "", "цитата_из_стиха": ""}'
CP.P4.II.82	b.MAT.24.34	0			'{"score": 0, "цитата_из_романа": "", "цитата_из_стиха": ""}'
CP.P4.II.82	b.JOS.10.11	2	камень бросаете	Господь бросал на них с небес большие камни	'{"score": 2, "цитата_из_романа": "камень бросаете", "цитата_из_стиха": "Господь бросал на них с небес большие камни"}'
CP.P4.II.82	b.LUK.10.19	0			'{"score": 0, "цитата_из_романа": "", "цитата_из_стиха": ""}'
CP.P4.II.82	b.EXO.20.26	0			'{"score": 0, "цитата_из_романа": "", "цитата_из_стиха": ""}'
CP.P4.II.82	b.DEU.4.5	0			'{"score": 0, "цитата_из_романа": "", "цитата_из_стиха": ""}'
CP.P4.II.82	b.LEV.11.6	0			'{"score": 0, "цитата_из_романа": "", "цитата_из_стиха": ""}'
CP.P4.II.82	b.MAT.12.31	0			'{"score": 0, "цитата_из_романа": "", "цитата_из_стиха": ""}'
CP.P4.II.82	b.DEU.11.8	0			'{"score": 0, "цитата_из_романа": "", "цитата_из_стиха": ""}'
CP.P4.II.82	b.EZE.16.15	2	камень бросаете	расточала блудодейство твое на всякого мимоходящего	'{"score": 2, "цитата_из_романа": "камень бросаете", "цитата_из_стиха": "расточала блудодейство твое на всякого мимоходящего"}'
CP.P4.II.82	b.1SA.1.16	0	не стоите мизинца	не считай	'{"score": 0, "цитата_из_романа": "не стоите мизинца", "цитата_из_стиха": "не считай"}'
CP.P4.II.82	b.DEU.11.11	0			'{"score": 0, "цитата_из_романа": "", "цитата_из_стиха": ""}'
CP.P4.II.82	b.JER.11.21	0			'{"score": 0, "цитата_из_романа": "", "цитата_из_стиха": ""}'
CP.P2.II.63	b.ROM.5.13	0			'{"score": 0, "цитата_из_романа": "", "цитата_из_стиха": ""}'
CP.P2.II.63	b.ZEC.14.18	0	никто не приходил	не поднимется в путь и не придет	'{"score": 0, "цитата_из_романа": "никто не приходил", "цитата_из_стиха": "не поднимется в путь и не придет"}'
CP.P2.II.63	b.ISA.7.17	0			'{"score": 0, "цитата_из_романа": "", "цитата_из_стиха": ""}'
CP.P2.II.63	b.AMO.3.5	0			'{"score": 0, "цитата_из_романа": "", "цитата_из_стиха": ""}'
CP.P2.II.63	b.MIC.4.9	2	кровь в тебе кричит	вопиешь	'{"score": 2, "цитата_из_романа": "кровь в тебе кричит", "цитата_из_стиха": "вопиешь"}'
CP.P2.II.63	b.HEB.9.20	2	кровь	кровь	'{"score": 2, "цитата_из_романа": "кровь", "цитата_из_стиха": "кровь"}'
CP.P2.II.63	b.ISA.14.8	0	никто не приходил	никто не приходит рубить нас	'{"score": 0, "цитата_из_романа": "никто не приходил", "цитата_из_стиха": "никто не приходит рубить нас"}'
CP.P2.II.63	b.AMO.3.4	2	кровь в тебе кричит	ревет ли лев	'{"score": 2, "цитата_из_романа": "кровь в тебе кричит", "цитата_из_стиха": "ревет ли лев"}'
CP.P2.II.63	b.ISA.47.3	0	кровь в тебе кричит	нагота твоя	'{"score": 0, "цитата_из_романа": "кровь в тебе кричит", "цитата_из_стиха": "нагота твоя"}'
CP.P2.II.63	b.PSA.7.2	2	кровь в тебе кричит	исторгнет... души моей	'{"score": 2, "цитата_из_романа": "кровь в тебе кричит", "цитата_из_стиха": "исторгнет... души моей"}'
CP.P2.II.63	b.1KI.10.10	0			'{"score": 0, "цитата_из_романа": "", "цитата_из_стиха": ""}'
CP.P2.II.63	b.ROM.11.20	0			'{"score": 0, "цитата_из_романа": "", "цитата_из_стиха": ""}'
CP.P2.II.63	b.JOH.14.6	0	никто не приходил	никто не приходит к Отцу	'{"score": 0, "цитата_из_романа": "никто не приходил", "цитата_из_стиха": "никто не приходит к Отцу"}'
CP.P2.II.63	b.JER.5.3	2	кровь в тебе кричит	кровь	'{"score": 2, "цитата_из_романа": "кровь в тебе кричит", "цитата_из_стиха": "кровь"}'
CP.P2.II.63	b.EZE.13.12	0			'{"score": 0, "цитата_из_романа": "", "цитата_из_стиха": ""}'
CP.P2.II.63	b.2KI.3.23	0	кровь	кровь	'{"score": 0, "цитата_из_романа": "кровь", "цитата_из_стиха": "кровь"}'
CP.P2.II.63	b.LUK.18.5	0	никто не приходил	не приходила больше докучать	'{"score": 0, "цитата_из_романа": "никто не приходил", "цитата_из_стиха": "не приходила больше докучать"}'
CP.P2.II.63	b.ACT.21.22	0			'{"score": 0, "цитата_из_романа": "", "цитата_из_стиха": ""}'
CP.P2.II.63	b.NEH.13.21	0			'{"score": 0, "цитата_из_романа": "", "цитата_из_стиха": ""}'
CP.P2.II.63	b.JOH.6.17	1	никто не приходил	Иисус не приходил к ним	'{"score": 1, "цитата_из_романа": "никто не приходил", "цитата_из_стиха": "Иисус не приходил к ним"}'
CP.P2.II.63	b.JER.46.17	0	кровь в тебе кричит	кричат	'{"score": 0, "цитата_из_романа": "кровь в тебе кричит", "цитата_из_стиха": "кричат"}'
CP.P2.II.63	b.EZE.21.7	0	кровь в тебе кричит	от слуха, что идет	'{"score": 0, "цитата_из_романа": "кровь в тебе кричит", "цитата_из_стиха": "от слуха, что идет"}'
CP.P2.II.63	b.ROM.6.21	2	кровь в тебе кричит	конец их – смерть	'{"score": 2, "цитата_из_романа": "кровь в тебе кричит", "цитата_из_стиха": "конец их – смерть"}'
CP.P2.II.63	b.NEH.2.2	0			'{"score": 0, "цитата_из_романа": "", "цитата_из_стиха": ""}'
CP.P2.II.63	b.JDG.21.8	0	никто не приходил	никто не приходил	'{"score": 0, "цитата_из_романа": "никто не приходил", "цитата_из_стиха": "никто не приходил"}'
CP.P2.II.63	b.1SA.13.8	0			'{"score": 0, "цитата_из_романа": "", "цитата_из_стиха": ""}'
CP.P2.II.63	b.2SA.23.17	2	кровь в тебе кричит	кровь ли это людей	'{"score": 2, "цитата_из_романа": "кровь в тебе кричит", "цитата_из_стиха": "кровь ли это людей"}'
CP.P2.II.63	b.2CO.2.1	0			'{"score": 0, "цитата_из_романа": "", "цитата_из_стиха": ""}'
CP.P2.II.63	b.NAH.3.19	0	кровь в тебе кричит	раны твоей	'{"score": 0, "цитата_из_романа": "кровь в тебе кричит", "цитата_из_стиха": "раны твоей"}'
CP.P2.II.63	b.JOH.7.52	0			'{"score": 0, "цитата_из_романа": "", "цитата_из_стиха": ""}'
CP.P2.II.63	b.LAM.2.11	3	кровь в тебе кричит	изливается на землю печень моя	'{"score": 3, "цитата_из_романа": "кровь в тебе кричит", "цитата_из_стиха": "изливается на землю печень моя"}'
CP.P2.II.63	b.JER.4.30	0	есть-то станешь	что станешь делать	'{"score": 0, "цитата_из_романа": "есть-то станешь", "цитата_из_стиха": "что станешь делать"}'
CP.P2.II.63	b.AMO.6.10	0	кровь в тебе кричит	молчи! ибо нельзя упоминать имени Господня	'{"score": 0, "цитата_из_романа": "кровь в тебе кричит", "цитата_из_стиха": "молчи! ибо нельзя упоминать имени Господня"}'
CP.P2.II.63	b.JOH.1.27	0			'{"score": 0, "цитата_из_романа": "", "цитата_из_стиха": ""}'
CP.P2.II.63	b.JOH.5.24	0			'{"score": 0, "цитата_из_романа": "", "цитата_из_стиха": ""}'
CP.P2.II.63	b.PRO.23.29	2	кровь в тебе кричит	кровь без причины	'{"score": 2, "цитата_из_романа": "кровь в тебе кричит", "цитата_из_стиха": "кровь без причины"}'
CP.P2.II.63	b.JOB.30.31	0			'{"score": 0, "цитата_из_романа": "", "цитата_из_стиха": ""}'
CP.P2.II.63	b.PRO.19.7	0			'{"score": 0, "цитата_из_романа": "", "цитата_из_стиха": ""}'
CP.P2.II.63	b.JAM.2.16	1	никто не приходил	а кто-нибудь из вас скажет им	'{"score": 1, "цитата_из_романа": "никто не приходил", "цитата_из_стиха": "а кто-нибудь из вас скажет им"}'
CP.P2.II.63	b.2CO.1.23	0			'{"score": 0, "цитата_из_романа": "", "цитата_из_стиха": ""}'
CP.P2.II.63	b.1SA.13.11	0			'{"score": 0, "цитата_из_романа": "", "цитата_из_стиха": ""}'
CP.P2.II.63	b.ACT.10.10	2	никто не приходил	между тем, как приготовляли, он пришел в исступление	'{"score": 2, "цитата_из_романа": "никто не приходил", "цитата_из_стиха": "между тем, как приготовляли, он пришел в исступление"}'
CP.P2.II.63	b.ISA.14.19	0			'{"score": 0, "цитата_из_романа": "", "цитата_из_стиха": ""}'
CP.P2.II.63	b.JER.47.6	0			'{"score": 0, "цитата_из_романа": "", "цитата_из_стиха": ""}'
CP.P2.II.63	b.ISA.1.5	2	кровь в тебе кричит	все сердце исчахло	'{"score": 2, "цитата_из_романа": "кровь в тебе кричит", "цитата_из_стиха": "все сердце исчахло"}'
CP.P2.II.63	b.ISA.65.14	2	кровь в тебе кричит	кричать от сердечной скорби	'{"score": 2, "цитата_из_романа": "кровь в тебе кричит", "цитата_из_стиха": "кричать от сердечной скорби"}'
CP.P2.II.63	b.RUT.1.13	0			'{"score": 0, "цитата_из_романа": "", "цитата_из_стиха": ""}'
CP.P2.II.63	b.JER.33.20	2	никто не приходил	чтобы день и ночь не приходили в свое время	'{"score": 2, "цитата_из_романа": "никто не приходил", "цитата_из_стиха": "чтобы день и ночь не приходили в свое время"}'
CP.P2.II.63	b.JOS.15.20	0			'{"score": 0, "цитата_из_романа": "", "цитата_из_стиха": ""}'
CP.P5.I.79	b.JOB.15.9	0			'{"score": 0, "цитата_из_романа": "", "цитата_из_стиха": ""}'
CP.P5.I.79	b.EXO.10.5	0			'{"score": 0, "цитата_из_романа": "", "цитата_из_стиха": ""}'
CP.P5.I.79	b.JOH.8.14	0			'{"score": 0, "цитата_из_романа": "", "цитата_из_стиха": ""}'
CP.P5.I.79	b.MIC.4.9	0			'{"score": 0, "цитата_из_романа": "", "цитата_из_стиха": ""}'
CP.P5.I.79	b.GEN.12.19	0			'{"score": 0, "цитата_из_романа": "", "цитата_из_стиха": ""}'
CP.P5.I.79	b.JOS.23.14	0			'{"score": 0, "цитата_из_романа": "", "цитата_из_стиха": ""}'
CP.P5.I.79	b.LUK.11.6	1	зашел ко мне	зашел ко мне	'{"score": 1, "цитата_из_романа": "зашел ко мне", "цитата_из_стиха": "зашел ко мне"}'
CP.P5.I.79	b.MAT.17.17	0			'{"score": 0, "цитата_из_романа": "", "цитата_из_стиха": ""}'
CP.P5.I.79	b.MAT.12.7	2	не знала о деньгах, а знали бы, например, только вы	не осудили бы невиновных	'{"score": 2, "цитата_из_романа": "не знала о деньгах, а знали бы, например, только вы", "цитата_из_стиха": "не осудили бы невиновных"}'
CP.P5.I.79	b.GEN.30.33	0			'{"score": 0, "цитата_из_романа": "", "цитата_из_стиха": ""}'
CP.P5.I.79	b.JOH.14.17	0			'{"score": 0, "цитата_из_романа": "", "цитата_из_стиха": ""}'
CP.P5.I.79	b.AMO.2.11	0			'{"score": 0, "цитата_из_романа": "", "цитата_из_стиха": ""}'
CP.P5.I.79	b.2KI.4.31	0			'{"score": 0, "цитата_из_романа": "", "цитата_из_стиха": ""}'
CP.P5.I.79	b.MAL.1.13	2	не имея... одной корки насущной пищи на завтрашний день	не имея... одной корки насущной пищи на завтрашний день	'{"score": 2, "цитата_из_романа": "не имея... одной корки насущной пищи на завтрашний день", "цитата_из_стиха": "не имея... одной корки насущной пищи на завтрашний день"}'
CP.P5.I.79	b.JOH.7.28	0			'{"score": 0, "цитата_из_романа": "", "цитата_из_стиха": ""}'
CP.P5.I.79	b.JOB.15.23	2	не имея, так сказать, одной корки насущной пищи на завтрашний день	за куском хлеба повсюду	'{"score": 2, "цитата_из_романа": "не имея, так сказать, одной корки насущной пищи на завтрашний день", "цитата_из_стиха": "за куском хлеба повсюду"}'
CP.P5.I.79	b.1JO.3.15	0			'{"score": 0, "цитата_из_романа": "", "цитата_из_стиха": ""}'
CP.P5.I.79	b.DEU.2.28	2	не имея, так сказать, одной корки насущной пищи на завтрашний день	пищу продавай мне за серебро	'{"score": 2, "цитата_из_романа": "не имея, так сказать, одной корки насущной пищи на завтрашний день", "цитата_из_стиха": "пищу продавай мне за серебро"}'
CP.P5.I.79	b.ISA.56.12	3	покупается сегодня ямайский ром и даже, кажется, мадера и-и-и кофе	я достану вина	'{"score": 3, "цитата_из_романа": "покупается сегодня ямайский ром и даже, кажется, мадера и-и-и кофе", "цитата_из_стиха": "я достану вина"}'
CP.P5.I.79	b.RUT.4.4	0			'{"score": 0, "цитата_из_романа": "", "цитата_из_стиха": ""}'
CP.P5.I.79	b.DEU.30.19	0			'{"score": 0, "цитата_из_романа": "", "цитата_из_стиха": ""}'
CP.P5.I.79	b.PRO.28.21	2	не имея... одной корки насущной пищи на завтрашний день	не имея... одной корки насущной пищи на завтрашний день	'{"score": 2, "цитата_из_романа": "не имея... одной корки насущной пищи на завтрашний день", "цитата_из_стиха": "не имея... одной корки насущной пищи на завтрашний день"}'
CP.P5.I.79	b.EZE.13.19	0			'{"score": 0, "цитата_из_романа": "", "цитата_из_стиха": ""}'
CP.P5.I.79	b.EZE.38.14	0			'{"score": 0, "цитата_из_романа": "", "цитата_из_стиха": ""}'
CP.P5.I.79	b.JOH.4.22	0			'{"score": 0, "цитата_из_романа": "", "цитата_из_стиха": ""}'
CP.P5.I.79	b.GEN.32.20	0			'{"score": 0, "цитата_из_романа": "", "цитата_из_стиха": ""}'
CP.P5.I.79	b.PRO.6.26	2	не имея, так сказать, одной корки насущной пищи на завтрашний день	обнищевают до куска хлеба	'{"score": 2, "цитата_из_романа": "не имея, так сказать, одной корки насущной пищи на завтрашний день", "цитата_из_стиха": "обнищевают до куска хлеба"}'
CP.P5.I.79	b.JOH.8.19	0			'{"score": 0, "цитата_из_романа": "", "цитата_из_стиха": ""}'
CP.P5.I.79	b.2TI.2.7	0			'{"score": 0, "цитата_из_романа": "", "цитата_из_стиха": ""}'
CP.P5.I.79	b.JDG.4.18	0			'{"score": 0, "цитата_из_романа": "", "цитата_из_стиха": ""}'
CP.P5.I.79	b.ACT.26.26	0			'{"score": 0, "цитата_из_романа": "", "цитата_из_стиха": ""}'
CP.P5.I.79	b.GEN.39.3	0			'{"score": 0, "цитата_из_романа": "", "цитата_из_стиха": ""}'
CP.P5.I.79	b.2PE.1.20	0			'{"score": 0, "цитата_из_романа": "", "цитата_из_стиха": ""}'
CP.P5.I.79	b.ROM.1.13	0			'{"score": 0, "цитата_из_романа": "", "цитата_из_стиха": ""}'
CP.P5.I.79	b.EPH.3.1	0	для сего-то	для сего-то	'{"score": 0, "цитата_из_романа": "для сего-то", "цитата_из_стиха": "для сего-то"}'
CP.P5.I.79	b.1SA.12.3	0	поминки	вола	'{"score": 0, "цитата_из_романа": "поминки", "цитата_из_стиха": "вола"}'
CP.P5.I.79	b.JER.50.31	0			'{"score": 0, "цитата_из_романа": "", "цитата_из_стиха": ""}'
CP.P5.I.79	b.EZR.6.8	0			'{"score": 0, "цитата_из_романа": "", "цитата_из_стиха": ""}'
CP.P5.I.79	b.JOH.14.4	0			'{"score": 0, "цитата_из_романа": "", "цитата_из_стиха": ""}'
CP.P5.I.79	b.MAT.5.47	0			'{"score": 0, "цитата_из_романа": "", "цитата_из_стиха": ""}'
CP.P5.I.79	b.2CO.12.14	0			'{"score": 0, "цитата_из_романа": "", "цитата_из_стиха": ""}'
CP.P5.I.79	b.REV.3.17	2	не имея... одной корки насущной пищи на завтрашний день	ни в чем не имею нужды	'{"score": 2, "цитата_из_романа": "не имея... одной корки насущной пищи на завтрашний день", "цитата_из_стиха": "ни в чем не имею нужды"}'
CP.P5.I.79	b.REV.13.17	0	начертание	начертание	'{"score": 0, "цитата_из_романа": "начертание", "цитата_из_стиха": "начертание"}'
CP.P5.I.79	b.1JO.2.19	0			'{"score": 0, "цитата_из_романа": "", "цитата_из_стиха": ""}'
CP.P5.I.79	b.NEH.13.18	0			'{"score": 0, "цитата_из_романа": "", "цитата_из_стиха": ""}'
CP.P5.I.79	b.LUK.24.26	0			'{"score": 0, "цитата_из_романа": "", "цитата_из_стиха": ""}'
CP.P5.I.79	b.JER.11.19	0			'{"score": 0, "цитата_из_романа": "", "цитата_из_стиха": ""}'
CP.P5.I.79	b.ACT.23.15	0			'{"score": 0, "цитата_из_романа": "", "цитата_из_стиха": ""}'
CP.P5.I.79	b.JDG.19.5	0			'{"score": 0, "цитата_из_романа": "", "цитата_из_стиха": ""}'
CP.P5.I.79	b.PRO.27.1	1	завтрашний день	завтрашним днем	'{"score": 1, "цитата_из_романа": "завтрашний день", "цитата_из_стиха": "завтрашним днем"}'
CP.P5.I.79	b.EXO.31.13	0			'{"score": 0, "цитата_из_романа": "", "цитата_из_стиха": ""}'
CP.P5.I.79	b.GEN.18.5	0			'{"score": 0, "цитата_из_романа": "", "цитата_из_стиха": ""}'
CP.P5.I.79	b.EZE.20.5	0			'{"score": 0, "цитата_из_романа": "", "цитата_из_стиха": ""}'
CP.P5.I.79	b.JOB.12.2	0			'{"score": 0, "цитата_из_романа": "", "цитата_из_стиха": ""}'
CP.P5.I.79	b.JOH.13.26	0			'{"score": 0, "цитата_из_романа": "", "цитата_из_стиха": ""}'
CP.P5.I.79	b.NUM.11.18	0	на завтрашний день	на завтрашний день	'{"score": 0, "цитата_из_романа": "на завтрашний день", "цитата_из_стиха": "на завтрашний день"}'
CP.P5.I.79	b.LEV.22.30	0			'{"score": 0, "цитата_из_романа": "", "цитата_из_стиха": ""}'
CP.P5.I.79	b.2TI.1.12	0			'{"score": 0, "цитата_из_романа": "", "цитата_из_стиха": ""}'
CP.P5.I.79	b.JOH.14.7	0			'{"score": 0, "цитата_из_романа": "", "цитата_из_стиха": ""}'
CP.P5.I.79	b.GEN.20.6	0			'{"score": 0, "цитата_из_романа": "", "цитата_из_стиха": ""}'
CP.P5.I.79	b.1JO.3.8	0	для сего-то	для сего-то	'{"score": 0, "цитата_из_романа": "для сего-то", "цитата_из_стиха": "для сего-то"}'
CP.P5.I.79	b.EPH.6.21	2	не знала о деньгах	не знали о моих обстоятельствах	'{"score": 2, "цитата_из_романа": "не знала о деньгах", "цитата_из_стиха": "не знали о моих обстоятельствах"}'
CP.P5.I.79	b.JOS.9.13	2	не имея... одной корки насущной пищи на завтрашний день и... ну, и обуви	и эта одежда наша и обувь наша обветшала	'{"score": 2, "цитата_из_романа": "не имея... одной корки насущной пищи на завтрашний день и... ну, и обуви", "цитата_из_стиха": "и эта одежда наша и обувь наша обветшала"}'
CP.P1.II.25	b.DEU.2.14	0	с тех пор	с тех пор	'{"score": 0, "цитата_из_романа": "с тех пор", "цитата_из_стиха": "с тех пор"}'
CP.P1.II.25	b.HEB.12.27	2	еще раз	еще раз	'{"score": 2, "цитата_из_романа": "еще раз", "цитата_из_стиха": "еще раз"}'
CP.P1.II.25	b.LUK.7.45	2	с тех пор	с тех пор как Я пришел	'{"score": 2, "цитата_из_романа": "с тех пор", "цитата_из_стиха": "с тех пор как Я пришел"}'
CP.P1.II.25	b.MIC.4.9	0			'{"score": 0, "цитата_из_романа": "", "цитата_из_стиха": ""}'
CP.P1.II.25	b.GEN.12.19	0			'{"score": 0, "цитата_из_романа": "", "цитата_из_стиха": ""}'
CP.P1.II.25	b.REV.16.18	0			'{"score": 0, "цитата_из_романа": "", "цитата_из_стиха": ""}'
CP.P1.II.25	b.1SA.11.9	0			'{"score": 0, "цитата_из_романа": "", "цитата_из_стиха": ""}'
CP.P1.II.25	b.2KI.5.27	0			'{"score": 0, "цитата_из_романа": "", "цитата_из_стиха": ""}'
CP.P1.II.25	b.ISA.14.8	0	с тех пор	с тех пор, как ты уснул	'{"score": 0, "цитата_из_романа": "с тех пор", "цитата_из_стиха": "с тех пор, как ты уснул"}'
CP.P1.II.25	b.JDG.3.19	0			'{"score": 0, "цитата_из_романа": "", "цитата_из_стиха": ""}'
CP.P1.II.25	b.ISA.36.11	0			'{"score": 0, "цитата_из_романа": "", "цитата_из_стиха": ""}'
CP.P1.II.25	b.EZE.43.7	0			'{"score": 0, "цитата_из_романа": "", "цитата_из_стиха": ""}'
CP.P1.II.25	b.1CO.2.11	0			'{"score": 0, "цитата_из_романа": "", "цитата_из_стиха": ""}'
CP.P1.II.25	b.1KI.2.40	0			'{"score": 0, "цитата_из_романа": "", "цитата_из_стиха": ""}'
CP.P1.II.25	b.ZEC.1.6	0			'{"score": 0, "цитата_из_романа": "", "цитата_из_стиха": ""}'
CP.P1.II.25	b.JOH.6.51	0			'{"score": 0, "цитата_из_романа": "", "цитата_из_стиха": ""}'
CP.P1.II.25	b.2PE.3.4	0	с тех пор	с тех пор	'{"score": 0, "цитата_из_романа": "с тех пор", "цитата_из_стиха": "с тех пор"}'
CP.P1.II.25	b.1KI.18.3	0			'{"score": 0, "цитата_из_романа": "", "цитата_из_стиха": ""}'
CP.P1.II.25	b.EZR.5.16	0			'{"score": 0, "цитата_из_романа": "", "цитата_из_стиха": ""}'
CP.P1.II.25	b.EST.2.13	0			'{"score": 0, "цитата_из_романа": "", "цитата_из_стиха": ""}'
CP.P1.II.25	b.EZE.43.9	0			'{"score": 0, "цитата_из_романа": "", "цитата_из_стиха": ""}'
CP.P1.II.25	b.1SA.27.5	2	воздел руки к небу	воздел руки к небу	'{"score": 2, "цитата_из_романа": "воздел руки к небу", "цитата_из_стиха": "воздел руки к небу"}'
CP.P1.II.25	b.2KI.7.7	1	в сумерки	в сумерки	'{"score": 1, "цитата_из_романа": "в сумерки", "цитата_из_стиха": "в сумерки"}'
CP.P1.II.25	b.ACT.1.22	0			'{"score": 0, "цитата_из_романа": "", "цитата_из_стиха": ""}'
CP.P1.II.25	b.JER.41.10	0			'{"score": 0, "цитата_из_романа": "", "цитата_из_стиха": ""}'
CP.P1.II.25	b.MAR.1.25	0			'{"score": 0, "цитата_из_романа": "", "цитата_из_стиха": ""}'
CP.P1.II.25	b.2TH.1.7	0			'{"score": 0, "цитата_из_романа": "", "цитата_из_стиха": ""}'
CP.P1.II.25	b.JER.50.44	0			'{"score": 0, "цитата_из_романа": "", "цитата_из_стиха": ""}'
CP.P1.II.25	b.DAN.8.22	0			'{"score": 0, "цитата_из_романа": "", "цитата_из_стиха": ""}'
CP.P1.II.25	b.1KI.10.5	0			'{"score": 0, "цитата_из_романа": "", "цитата_из_стиха": ""}'
CP.P1.II.25	b.RUT.4.4	0			'{"score": 0, "цитата_из_романа": "", "цитата_из_стиха": ""}'
CP.P1.II.25	b.MAR.1.26	0			'{"score": 0, "цитата_из_романа": "", "цитата_из_стиха": ""}'
CP.P1.II.25	b.1SA.27.2	0	встал	встал	'{"score": 0, "цитата_из_романа": "встал", "цитата_из_стиха": "встал"}'
CP.P1.II.25	b.PSA.119.77	0			'{"score": 0, "цитата_из_романа": "", "цитата_из_стиха": ""}'
CP.P1.II.25	b.MAT.21.29	2	воздел руки к небу	воздел руки к небу	'{"score": 2, "цитата_из_романа": "воздел руки к небу", "цитата_из_стиха": "воздел руки к небу"}'
CP.P1.II.25	b.RUT.4.8	0			'{"score": 0, "цитата_из_романа": "", "цитата_из_стиха": ""}'
CP.P1.II.25	b.PRO.31.29	0			'{"score": 0, "цитата_из_романа": "", "цитата_из_стиха": ""}'
CP.P1.II.25	b.PRO.1.14	0			'{"score": 0, "цитата_из_романа": "", "цитата_из_стиха": ""}'
CP.P1.II.25	b.RUT.1.12	0			'{"score": 0, "цитата_из_романа": "", "цитата_из_стиха": ""}'
CP.P1.II.25	b.JDG.16.30	0			'{"score": 0, "цитата_из_романа": "", "цитата_из_стиха": ""}'
CP.P1.II.25	b.JOH.14.19	0			'{"score": 0, "цитата_из_романа": "", "цитата_из_стиха": ""}'
CP.P1.II.25	b.MAR.13.29	0			'{"score": 0, "цитата_из_романа": "", "цитата_из_стиха": ""}'
CP.P1.II.25	b.ACT.26.26	0			'{"score": 0, "цитата_из_романа": "", "цитата_из_стиха": ""}'
CP.P1.II.25	b.JDG.9.33	0	поутру	поутру же	'{"score": 0, "цитата_из_романа": "поутру", "цитата_из_стиха": "поутру же"}'
CP.P1.II.25	b.2KI.10.6	0			'{"score": 0, "цитата_из_романа": "", "цитата_из_стиха": ""}'
CP.P1.II.25	b.RUT.1.16	0			'{"score": 0, "цитата_из_романа": "", "цитата_из_стиха": ""}'
CP.P1.II.25	b.EZR.6.8	0			'{"score": 0, "цитата_из_романа": "", "цитата_из_стиха": ""}'
CP.P1.II.25	b.2SA.13.18	0			'{"score": 0, "цитата_из_романа": "", "цитата_из_стиха": ""}'
CP.P1.II.25	b.JDG.16.10	2	обманул мои ожидания	обманул меня	'{"score": 2, "цитата_из_романа": "обманул мои ожидания", "цитата_из_стиха": "обманул меня"}'
CP.P1.II.25	b.EZR.4.3	0			'{"score": 0, "цитата_из_романа": "", "цитата_из_стиха": ""}'
CP.P1.II.25	b.GEN.18.16	0	встал я тогда поутру-с, одел лохмотья мои, воздел руки к небу	встали те мужи	'{"score": 0, "цитата_из_романа": "встал я тогда поутру-с, одел лохмотья мои, воздел руки к небу", "цитата_из_стиха": "встали те мужи"}'
CP.P1.II.25	b.MAR.5.30	0			'{"score": 0, "цитата_из_романа": "", "цитата_из_стиха": ""}'
CP.P1.II.25	b.MAT.17.18	0			'{"score": 0, "цитата_из_романа": "", "цитата_из_стиха": ""}'
CP.P1.II.25	b.2KI.4.27	0			'{"score": 0, "цитата_из_романа": "", "цитата_из_стиха": ""}'
CP.P1.II.25	b.1SA.19.17	0			'{"score": 0, "цитата_из_романа": "", "цитата_из_стиха": ""}'
CP.P1.II.25	b.LUK.18.4	0			'{"score": 0, "цитата_из_романа": "", "цитата_из_стиха": ""}'
CP.P1.II.25	b.2CH.9.6	0			'{"score": 0, "цитата_из_романа": "", "цитата_из_стиха": ""}'
CP.P1.II.25	b.GEN.48.15	0			'{"score": 0, "цитата_из_романа": "", "цитата_из_стиха": ""}'
CP.P1.II.25	b.SON.1.1	2	облобызал я прах ног его	лобзает он меня лобзанием уст своих	'{"score": 2, "цитата_из_романа": "облобызал я прах ног его", "цитата_из_стиха": "лобзает он меня лобзанием уст своих"}'
CP.P1.II.25	b.1SA.22.15	0			'{"score": 0, "цитата_из_романа": "", "цитата_из_стиха": ""}'
CP.P1.II.25	b.2KI.5.18	0			'{"score": 0, "цитата_из_романа": "", "цитата_из_стиха": ""}'
CP.P1.II.25	b.PRO.7.10	0			'{"score": 0, "цитата_из_романа": "", "цитата_из_стиха": ""}'
CP.P1.II.25	b.DAN.12.1	0	воздел руки к небу	стоящий за сынов народа твоего	'{"score": 0, "цитата_из_романа": "воздел руки к небу", "цитата_из_стиха": "стоящий за сынов народа твоего"}'
CP.P1.II.25	b.JER.2.37	0			'{"score": 0, "цитата_из_романа": "", "цитата_из_стиха": ""}'
CP.P1.II.25	b.2CH.36.6	0			'{"score": 0, "цитата_из_романа": "", "цитата_из_стиха": ""}'
CP.P1.II.25	b.NEH.4.11	0			'{"score": 0, "цитата_из_романа": "", "цитата_из_стиха": ""}'
CP.P1.II.25	b.EST.1.19	0			'{"score": 0, "цитата_из_романа": "", "цитата_из_стиха": ""}'
CP.P1.II.25	b.DAN.12.7	2	воздел руки к небу	подняв правую и левую руку к небу	'{"score": 2, "цитата_из_романа": "воздел руки к небу", "цитата_из_стиха": "подняв правую и левую руку к небу"}'
CP.P1.II.25	b.2KI.18.26	0			'{"score": 0, "цитата_из_романа": "", "цитата_из_стиха": ""}'
CP.P1.II.25	b.1SA.1.26	0			'{"score": 0, "цитата_из_романа": "", "цитата_из_стиха": ""}'
CP.P1.II.25	b.JOH.7.14	0			'{"score": 0, "цитата_из_романа": "", "цитата_из_стиха": ""}'
CP.P5.III.55	b.LUK.18.41	0			'{"score": 0, "цитата_из_романа": "", "цитата_из_стиха": ""}'
CP.P5.III.55	b.ACT.20.3	0			'{"score": 0, "цитата_из_романа": "", "цитата_из_стиха": ""}'
CP.P5.III.55	b.LUK.7.45	0			'{"score": 0, "цитата_из_романа": "", "цитата_из_стиха": ""}'
CP.P5.III.55	b.GEN.12.19	0			'{"score": 0, "цитата_из_романа": "", "цитата_из_стиха": ""}'
CP.P5.III.55	b.2CO.12.13	0			'{"score": 0, "цитата_из_романа": "", "цитата_из_стиха": ""}'
CP.P5.III.55	b.ACT.17.13	0			'{"score": 0, "цитата_из_романа": "", "цитата_из_стиха": ""}'
CP.P5.III.55	b.GEN.48.17	0			'{"score": 0, "цитата_из_романа": "", "цитата_из_стиха": ""}'
CP.P5.III.55	b.1TH.4.10	0			'{"score": 0, "цитата_из_романа": "", "цитата_из_стиха": ""}'
CP.P5.III.55	b.2SA.13.14	0			'{"score": 0, "цитата_из_романа": "", "цитата_из_стиха": ""}'
CP.P5.III.55	b.DAN.2.8	0			'{"score": 0, "цитата_из_романа": "", "цитата_из_стиха": ""}'
CP.P5.III.55	b.PSA.35.8	0			'{"score": 0, "цитата_из_романа": "", "цитата_из_стиха": ""}'
CP.P5.III.55	b.GEN.30.33	0			'{"score": 0, "цитата_из_романа": "", "цитата_из_стиха": ""}'
CP.P5.III.55	b.GEN.19.9	0			'{"score": 0, "цитата_из_романа": "", "цитата_из_стиха": ""}'
CP.P5.III.55	b.JER.20.12	0			'{"score": 0, "цитата_из_романа": "", "цитата_из_стиха": ""}'
CP.P5.III.55	b.MAT.2.8	0			'{"score": 0, "цитата_из_романа": "", "цитата_из_стиха": ""}'
CP.P5.III.55	b.ISA.28.9	0			'{"score": 0, "цитата_из_романа": "", "цитата_из_стиха": ""}'
CP.P5.III.55	b.2SA.12.17	0			'{"score": 0, "цитата_из_романа": "", "цитата_из_стиха": ""}'
CP.P5.III.55	b.JOH.13.37	0			'{"score": 0, "цитата_из_романа": "", "цитата_из_стиха": ""}'
CP.P5.III.55	b.LEV.8.27	0			'{"score": 0, "цитата_из_романа": "", "цитата_из_стиха": ""}'
CP.P5.III.55	b.ROM.6.19	0			'{"score": 0, "цитата_из_романа": "", "цитата_из_стиха": ""}'
CP.P5.III.55	b.PSA.35.7	0			'{"score": 0, "цитата_из_романа": "", "цитата_из_стиха": ""}'
CP.P5.III.55	b.ISA.7.13	0			'{"score": 0, "цитата_из_романа": "", "цитата_из_стиха": ""}'
CP.P5.III.55	b.ACT.24.25	0			'{"score": 0, "цитата_из_романа": "", "цитата_из_стиха": ""}'
CP.P5.III.55	b.JOB.26.3	0			'{"score": 0, "цитата_из_романа": "", "цитата_из_стиха": ""}'
CP.P5.III.55	b.JOH.7.10	0			'{"score": 0, "цитата_из_романа": "", "цитата_из_стиха": ""}'
CP.P5.III.55	b.JOB.19.28	0			'{"score": 0, "цитата_из_романа": "", "цитата_из_стиха": ""}'
CP.P5.III.55	b.NUM.5.30	0			'{"score": 0, "цитата_из_романа": "", "цитата_из_стиха": ""}'
CP.P5.III.55	b.1CO.16.18	0			'{"score": 0, "цитата_из_романа": "", "цитата_из_стиха": ""}'
CP.P5.III.55	b.1SA.19.1	0			'{"score": 0, "цитата_из_романа": "", "цитата_из_стиха": ""}'
CP.P5.III.55	b.GEN.37.35	0			'{"score": 0, "цитата_из_романа": "", "цитата_из_стиха": ""}'
CP.P5.III.55	b.MAL.2.14	0			'{"score": 0, "цитата_из_романа": "", "цитата_из_стиха": ""}'
CP.P5.III.55	b.1CO.6.20	0			'{"score": 0, "цитата_из_романа": "", "цитата_из_стиха": ""}'
CP.P5.III.55	b.ISA.64.5	0			'{"score": 0, "цитата_из_романа": "", "цитата_из_стиха": ""}'
CP.P5.III.55	b.JOH.6.6	2	почел неделикатным обнаружить перед вами, что знаю секрет	испытывая его	'{"score": 2, "цитата_из_романа": "почел неделикатным обнаружить перед вами, что знаю секрет", "цитата_из_стиха": "испытывая его"}'
CP.P5.III.55	b.1CO.4.3	0			'{"score": 0, "цитата_из_романа": "", "цитата_из_стиха": ""}'
CP.P5.III.55	b.TIT.3.12	0			'{"score": 0, "цитата_из_романа": "", "цитата_из_стиха": ""}'
CP.P5.III.55	b.RUT.1.12	0			'{"score": 0, "цитата_из_романа": "", "цитата_из_стиха": ""}'
CP.P5.III.55	b.JOB.11.6	0			'{"score": 0, "цитата_из_романа": "", "цитата_из_стиха": ""}'
CP.P5.III.55	b.2TI.2.7	0			'{"score": 0, "цитата_из_романа": "", "цитата_из_стиха": ""}'
CP.P5.III.55	b.JOB.36.4	0			'{"score": 0, "цитата_из_романа": "", "цитата_из_стиха": ""}'
CP.P5.III.55	b.PRO.24.14	0			'{"score": 0, "цитата_из_романа": "", "цитата_из_стиха": ""}'
CP.P5.III.55	b.ACT.5.4	0			'{"score": 0, "цитата_из_романа": "", "цитата_из_стиха": ""}'
CP.P5.III.55	b.PRO.30.18	0			'{"score": 0, "цитата_из_романа": "", "цитата_из_стиха": ""}'
CP.P5.III.55	b.MAT.20.32	0			'{"score": 0, "цитата_из_романа": "", "цитата_из_стиха": ""}'
CP.P5.III.55	b.JER.8.8	0			'{"score": 0, "цитата_из_романа": "", "цитата_из_стиха": ""}'
CP.P5.III.55	b.2CH.32.26	0			'{"score": 0, "цитата_из_романа": "", "цитата_из_стиха": ""}'
CP.P5.III.55	b.PRO.27.16	3	чтобы правая рука, что ль, не знала... одним словом этак...	чтобы правая рука... не знала	'{"score": 3, "цитата_из_романа": "чтобы правая рука, что ль, не знала... одним словом этак...", "цитата_из_стиха": "чтобы правая рука... не знала"}'
CP.P5.III.55	b.2SA.13.16	0			'{"score": 0, "цитата_из_романа": "", "цитата_из_стиха": ""}'
CP.P5.III.55	b.MAR.10.51	0			'{"score": 0, "цитата_из_романа": "", "цитата_из_стиха": ""}'
CP.P5.III.55	b.ACT.25.20	0			'{"score": 0, "цитата_из_романа": "", "цитата_из_стиха": ""}'
CP.P5.III.55	b.MAR.9.30	0			'{"score": 0, "цитата_из_романа": "", "цитата_из_стиха": ""}'
CP.P5.III.55	b.EXO.7.14	0			'{"score": 0, "цитата_из_романа": "", "цитата_из_стиха": ""}'
CP.P5.III.55	b.PSA.36.3	0			'{"score": 0, "цитата_из_романа": "", "цитата_из_стиха": ""}'
CP.P5.III.55	b.2KI.4.27	0			'{"score": 0, "цитата_из_романа": "", "цитата_из_стиха": ""}'
CP.P5.III.55	b.2CO.11.21	0			'{"score": 0, "цитата_из_романа": "", "цитата_из_стиха": ""}'
CP.P5.III.55	b.LUK.18.4	0			'{"score": 0, "цитата_из_романа": "", "цитата_из_стиха": ""}'
CP.P5.III.55	b.JOH.1.46	0			'{"score": 0, "цитата_из_романа": "", "цитата_из_стиха": ""}'
CP.P5.III.55	b.GAL.3.4	0			'{"score": 0, "цитата_из_романа": "", "цитата_из_стиха": ""}'
CP.P5.III.55	b.JOH.8.55	0			'{"score": 0, "цитата_из_романа": "", "цитата_из_стиха": ""}'
CP.P5.III.55	b.GEN.44.28	0			'{"score": 0, "цитата_из_романа": "", "цитата_из_стиха": ""}'
CP.P5.III.55	b.2SA.13.9	0			'{"score": 0, "цитата_из_романа": "", "цитата_из_стиха": ""}'
CP.P5.III.55	b.1CO.4.21	0			'{"score": 0, "цитата_из_романа": "", "цитата_из_стиха": ""}'
CP.P5.III.55	b.LUK.1.62	0			'{"score": 0, "цитата_из_романа": "", "цитата_из_стиха": ""}'
CP.P5.III.55	b.JOH.9.27	0			'{"score": 0, "цитата_из_романа": "", "цитата_из_стиха": ""}'
CP.P5.III.55	b.JOH.8.14	0			'{"score": 0, "цитата_из_романа": "", "цитата_из_стиха": ""}'
CP.P5.III.55	b.PRO.14.2	0			'{"score": 0, "цитата_из_романа": "", "цитата_из_стиха": ""}'
CP.P5.IV.140	b.GEN.24.21	1	в изумлении	с изумлением	'{"score": 1, "цитата_из_романа": "в изумлении", "цитата_из_стиха": "с изумлением"}'
CP.P5.IV.140	b.1SA.10.19	2	поклонись, поцелуй сначала землю, которую ты осквернил, а потом поклонись всему свету	поклонись	'{"score": 2, "цитата_из_романа": "поклонись, поцелуй сначала землю, которую ты осквернил, а потом поклонись всему свету", "цитата_из_стиха": "поклонись"}'
CP.P5.IV.140	b.MAR.12.4	0			'{"score": 0, "цитата_из_романа": "", "цитата_из_стиха": ""}'
CP.P5.IV.140	b.2KI.14.8	0			'{"score": 0, "цитата_из_романа": "", "цитата_из_стиха": ""}'
CP.P5.IV.140	b.NUM.11.12	0			'{"score": 0, "цитата_из_романа": "", "цитата_из_стиха": ""}'
CP.P5.IV.140	b.JDG.5.27	2	поклонись, поцелуй сначала землю, которую ты осквернил	к ногам ее склонился, пал	'{"score": 2, "цитата_из_романа": "поклонись, поцелуй сначала землю, которую ты осквернил", "цитата_из_стиха": "к ногам ее склонился, пал"}'
CP.P5.IV.140	b.EZE.42.20	0			'{"score": 0, "цитата_из_романа": "", "цитата_из_стиха": ""}'
CP.P5.IV.140	b.LUK.13.13	0	вскочив с места	выпрямилась	'{"score": 0, "цитата_из_романа": "вскочив с места", "цитата_из_стиха": "выпрямилась"}'
CP.P5.IV.140	b.LUK.13.16	2	сию же минуту	в день субботний	'{"score": 2, "цитата_из_романа": "сию же минуту", "цитата_из_стиха": "в день субботний"}'
CP.P5.IV.140	b.EST.9.17	0			'{"score": 0, "цитата_из_романа": "", "цитата_из_стиха": ""}'
CP.P5.IV.140	b.GEN.27.45	0			'{"score": 0, "цитата_из_романа": "", "цитата_из_стиха": ""}'
CP.P5.IV.140	b.JER.3.2	2	поцелуй сначала землю, которую ты осквернил	осквернила землю блудом твоим	'{"score": 2, "цитата_из_романа": "поцелуй сначала землю, которую ты осквернил", "цитата_из_стиха": "осквернила землю блудом твоим"}'
CP.P5.IV.140	b.2SA.14.11	0			'{"score": 0, "цитата_из_романа": "", "цитата_из_стиха": ""}'
CP.P5.IV.140	b.JER.38.14	0			'{"score": 0, "цитата_из_романа": "", "цитата_из_стиха": ""}'
CP.P5.IV.140	b.DEU.25.11	0	схватила его за плечо	схватит его за срамный уд	'{"score": 0, "цитата_из_романа": "схватила его за плечо", "цитата_из_стиха": "схватит его за срамный уд"}'
CP.P5.IV.140	b.1CH.19.6	0			'{"score": 0, "цитата_из_романа": "", "цитата_из_стиха": ""}'
CP.P5.IV.140	b.NEH.9.35	0			'{"score": 0, "цитата_из_романа": "", "цитата_из_стиха": ""}'
CP.P5.IV.140	b.ROM.11.20	0			'{"score": 0, "цитата_из_романа": "", "цитата_из_стиха": ""}'
CP.P5.IV.140	b.1CO.14.15	0	Что делать!	Что же делать?	'{"score": 0, "цитата_из_романа": "Что делать!", "цитата_из_стиха": "Что же делать?"}'
CP.P5.IV.140	b.1KI.8.40	0			'{"score": 0, "цитата_из_романа": "", "цитата_из_стиха": ""}'
CP.P5.IV.140	b.2CH.6.31	0			'{"score": 0, "цитата_из_романа": "", "цитата_из_стиха": ""}'
CP.P5.IV.140	b.LAM.1.7	0	поклонись, поцелуй сначала землю, которую ты осквернил, а потом поклонись всему свету	вспомнил Иерусалим, во дни бедствия своего и страданий своих	'{"score": 0, "цитата_из_романа": "поклонись, поцелуй сначала землю, которую ты осквернил, а потом поклонись всему свету", "цитата_из_стиха": "вспомнил Иерусалим, во дни бедствия своего и страданий сво'
CP.P5.IV.140	b.LAM.1.8	0			'{"score": 0, "цитата_из_романа": "", "цитата_из_стиха": ""}'
CP.P5.IV.140	b.GEN.39.23	0			'{"score": 0, "цитата_из_романа": "", "цитата_из_стиха": ""}'
CP.P5.IV.140	b.EZE.22.4	2	осквернил	осквернил себя	'{"score": 2, "цитата_из_романа": "осквернил", "цитата_из_стиха": "осквернил себя"}'
CP.P5.IV.140	b.2KI.4.7	0			'{"score": 0, "цитата_из_романа": "", "цитата_из_стиха": ""}'
CP.P5.IV.140	b.JER.50.15	0	поклонись, поцелуй сначала землю, которую ты осквернил, а потом поклонись всему свету	поднимите крик против него со всех сторон	'{"score": 0, "цитата_из_романа": "поклонись, поцелуй сначала землю, которую ты осквернил, а потом поклонись всему свету", "цитата_из_стиха": "поднимите крик против него со всех сторон"}'
CP.P5.IV.140	b.EXO.21.31	0			'{"score": 0, "цитата_из_романа": "", "цитата_из_стиха": ""}'
CP.P5.IV.140	b.DEU.26.10	2	поклонись, поцелуй сначала землю, которую ты осквернил	поклонись пред Господом Богом твоим	'{"score": 2, "цитата_из_романа": "поклонись, поцелуй сначала землю, которую ты осквернил", "цитата_из_стиха": "поклонись пред Господом Богом твоим"}'
CP.P5.IV.140	b.EZE.43.17	0			'{"score": 0, "цитата_из_романа": "", "цитата_из_стиха": ""}'
CP.P5.IV.140	b.NUM.23.9	0			'{"score": 0, "цитата_из_романа": "", "цитата_из_стиха": ""}'
CP.P5.IV.140	b.JER.36.14	0			'{"score": 0, "цитата_из_романа": "", "цитата_из_стиха": ""}'
CP.P5.IV.140	b.MAT.22.4	0			'{"score": 0, "цитата_из_романа": "", "цитата_из_стиха": ""}'
CP.P5.IV.140	b.EZE.5.11	2	осквернил	осквернил	'{"score": 2, "цитата_из_романа": "осквернил", "цитата_из_стиха": "осквернил"}'
CP.P5.IV.140	b.ISA.13.8	0	вскочив с места, глаза... засверкали	с изумлением смотрят друг на друга	'{"score": 0, "цитата_из_романа": "вскочив с места, глаза... засверкали", "цитата_из_стиха": "с изумлением смотрят друг на друга"}'
CP.P5.IV.140	b.1SA.28.13	0			'{"score": 0, "цитата_из_романа": "", "цитата_из_стиха": ""}'
CP.P5.IV.140	b.RUT.1.12	0			'{"score": 0, "цитата_из_романа": "", "цитата_из_стиха": ""}'
CP.P5.IV.140	b.2SA.14.5	0			'{"score": 0, "цитата_из_романа": "", "цитата_из_стиха": ""}'
CP.P5.IV.140	b.ACT.7.60	2	поклонись, поцелуй сначала землю, которую ты осквернил, а потом поклонись всему свету	преклонив колени	'{"score": 2, "цитата_из_романа": "поклонись, поцелуй сначала землю, которую ты осквернил, а потом поклонись всему свету", "цитата_из_стиха": "преклонив колени"}'
CP.P5.IV.140	b.1SA.12.11	0			'{"score": 0, "цитата_из_романа": "", "цитата_из_стиха": ""}'
CP.P5.IV.140	b.2KI.4.37	2	поклонись, поцелуй сначала землю, которую ты осквернил	и поклонилась до земли	'{"score": 2, "цитата_из_романа": "поклонись, поцелуй сначала землю, которую ты осквернил", "цитата_из_стиха": "и поклонилась до земли"}'
CP.P5.IV.140	b.DEU.26.15	0			'{"score": 0, "цитата_из_романа": "", "цитата_из_стиха": ""}'
CP.P5.IV.140	b.GEN.21.16	0	вскочив с места	села вдали	'{"score": 0, "цитата_из_романа": "вскочив с места", "цитата_из_стиха": "села вдали"}'
CP.P5.IV.140	b.MAT.21.1	0			'{"score": 0, "цитата_из_романа": "", "цитата_из_стиха": ""}'
CP.P5.IV.140	b.1KI.3.26	0	вскочив с места	взволновалась вся внутренность ее	'{"score": 0, "цитата_из_романа": "вскочив с места", "цитата_из_стиха": "взволновалась вся внутренность ее"}'
CP.P5.IV.140	b.EZE.28.9	2	поклонись, поцелуй сначала землю, которую ты осквернил	поцелуй сначала землю, которую ты осквернил	'{"score": 2, "цитата_из_романа": "поклонись, поцелуй сначала землю, которую ты осквернил", "цитата_из_стиха": "поцелуй сначала землю, которую ты осквернил"}'
CP.P5.IV.140	b.MAR.13.27	0	пошлет	пошлет	'{"score": 0, "цитата_из_романа": "пошлет", "цитата_из_стиха": "пошлет"}'
CP.P5.IV.140	b.MAT.21.36	0			'{"score": 0, "цитата_из_романа": "", "цитата_из_стиха": ""}'
CP.P5.IV.140	b.GEN.49.4	3	осквернил	осквернил постель мою	'{"score": 3, "цитата_из_романа": "осквернил", "цитата_из_стиха": "осквернил постель мою"}'
CP.P5.IV.140	b.MAR.12.5	0			'{"score": 0, "цитата_из_романа": "", "цитата_из_стиха": ""}'
CP.P5.IV.140	b.EZE.28.18	2	осквернил	осквернил	'{"score": 2, "цитата_из_романа": "осквернил", "цитата_из_стиха": "осквернил"}'
CP.P5.IV.140	b.EZE.1.17	0	на все четыре стороны	на четыре свои стороны	'{"score": 0, "цитата_из_романа": "на все четыре стороны", "цитата_из_стиха": "на четыре свои стороны"}'
CP.P5.IV.140	b.EZE.43.16	0			'{"score": 0, "цитата_из_романа": "", "цитата_из_стиха": ""}'
CP.P5.IV.140	b.NEH.9.36	0			'{"score": 0, "цитата_из_романа": "", "цитата_из_стиха": ""}'
CP.P5.IV.140	b.2CH.6.25	0	поклонись, поцелуй сначала землю, которую ты осквернил	прости грех народа Твоего	'{"score": 0, "цитата_из_романа": "поклонись, поцелуй сначала землю, которую ты осквернил", "цитата_из_стиха": "прости грех народа Твоего"}'
CP.P5.IV.140	b.MAR.3.5	0			'{"score": 0, "цитата_из_романа": "", "цитата_из_стиха": ""}'
CP.P5.IV.140	b.GEN.39.12	0	схватила за плечо	схватила за одежду	'{"score": 0, "цитата_из_романа": "схватила за плечо", "цитата_из_стиха": "схватила за одежду"}'
CP.P5.IV.140	b.1KI.20.22	0			'{"score": 0, "цитата_из_романа": "", "цитата_из_стиха": ""}'
CP.P5.IV.140	b.EZE.10.11	0	на перекрестке	на четыре свои стороны	'{"score": 0, "цитата_из_романа": "на перекрестке", "цитата_из_стиха": "на четыре свои стороны"}'
CP.P5.IV.140	b.GEN.13.15	0	поклонись всему свету	всему свету	'{"score": 0, "цитата_из_романа": "поклонись всему свету", "цитата_из_стиха": "всему свету"}'
CP.P5.IV.140	b.1SA.1.18	0			'{"score": 0, "цитата_из_романа": "", "цитата_из_стиха": ""}'
CP.P5.IV.140	b.1SA.25.41	1	встань	встала	'{"score": 1, "цитата_из_романа": "встань", "цитата_из_стиха": "встала"}'
CP.P5.IV.140	b.LUK.7.38	2	поклонись, поцелуй сначала землю, которую ты осквернил	целовала ноги Его	'{"score": 2, "цитата_из_романа": "поклонись, поцелуй сначала землю, которую ты осквернил", "цитата_из_стиха": "целовала ноги Его"}'
CP.P5.IV.140	b.MAT.17.21	0			'{"score": 0, "цитата_из_романа": "", "цитата_из_стиха": ""}'
CP.P5.IV.140	b.RUT.2.10	2	поклонись, поцелуй сначала землю	поклонилась до земли	'{"score": 2, "цитата_из_романа": "поклонись, поцелуй сначала землю", "цитата_из_стиха": "поклонилась до земли"}'
CP.P5.IV.140	b.EZE.23.30	2	поцелуй сначала землю, которую ты осквернил	которых идолами ты осквернила себя	'{"score": 2, "цитата_из_романа": "поцелуй сначала землю, которую ты осквернил", "цитата_из_стиха": "которых идолами ты осквернила себя"}'
CP.P5.IV.140	b.LUK.19.41	2	поклонись, поцелуй сначала землю, которую ты осквернил	заплакал о нем	'{"score": 2, "цитата_из_романа": "поклонись, поцелуй сначала землю, которую ты осквернил", "цитата_из_стиха": "заплакал о нем"}'
CP.P5.IV.140	b.PRO.7.13	0	схватила	схватила	'{"score": 0, "цитата_из_романа": "схватила", "цитата_из_стиха": "схватила"}'
CP.P5.IV.140	b.1KI.8.34	0			'{"score": 0, "цитата_из_романа": "", "цитата_из_стиха": ""}'
CP.P5.IV.140	b.PSA.104.18	0			'{"score": 0, "цитата_из_романа": "", "цитата_из_стиха": ""}'
CP.P6.II.46	b.AMO.5.14	2	Ищите и обрящете	Ищите добра, а не зла	'{"score": 2, "цитата_из_романа": "Ищите и обрящете", "цитата_из_стиха": "Ищите добра, а не зла"}'
CP.P6.II.46	b.PHI.4.15	0			'{"score": 0, "цитата_из_романа": "", "цитата_из_стиха": ""}'
CP.P6.II.46	b.ACT.2.30	2	пророк	будучи же пророком	'{"score": 2, "цитата_из_романа": "пророк", "цитата_из_стиха": "будучи же пророком"}'
CP.P6.II.46	b.EZE.2.5	2	Ищите и обрящете	будут ли они слушать, или не будут	'{"score": 2, "цитата_из_романа": "Ищите и обрящете", "цитата_из_стиха": "будут ли они слушать, или не будут"}'
CP.P6.II.46	b.PRO.27.24	3	не навек она, цепь-то	не навек	'{"score": 3, "цитата_из_романа": "не навек она, цепь-то", "цитата_из_стиха": "не навек"}'
CP.P6.II.46	b.ROM.6.16	2	цепь-то	рабы	'{"score": 2, "цитата_из_романа": "цепь-то", "цитата_из_стиха": "рабы"}'
CP.P6.II.46	b.ISA.40.18	2	Ищите и обрящете	И какое подобие найдете Ему	'{"score": 2, "цитата_из_романа": "Ищите и обрящете", "цитата_из_стиха": "И какое подобие найдете Ему"}'
CP.P6.II.46	b.LUK.4.34	0			'{"score": 0, "цитата_из_романа": "", "цитата_из_стиха": ""}'
CP.P6.II.46	b.2KI.9.3	0	Ищите и обрящете	помазую тебя в царя	'{"score": 0, "цитата_из_романа": "Ищите и обрящете", "цитата_из_стиха": "помазую тебя в царя"}'
CP.P6.II.46	b.PHI.1.12	0			'{"score": 0, "цитата_из_романа": "", "цитата_из_стиха": ""}'
CP.P6.II.46	b.LAM.2.16	2	Ищите и обрящете	только этого дня и ждали мы, дождались	'{"score": 2, "цитата_из_романа": "Ищите и обрящете", "цитата_из_стиха": "только этого дня и ждали мы, дождались"}'
CP.P6.II.46	b.1KI.20.41	0			'{"score": 0, "цитата_из_романа": "", "цитата_из_стиха": ""}'
CP.P6.II.46	b.MAR.1.24	0			'{"score": 0, "цитата_из_романа": "", "цитата_из_стиха": ""}'
CP.P6.II.46	b.MAR.11.32	0	пророк	пророк	'{"score": 0, "цитата_из_романа": "пророк", "цитата_из_стиха": "пророк"}'
CP.P6.II.46	b.ROM.14.22	0			'{"score": 0, "цитата_из_романа": "", "цитата_из_стиха": ""}'
CP.P6.II.46	b.JOB.24.15	0	цепь-то	око прелюбодея	'{"score": 0, "цитата_из_романа": "цепь-то", "цитата_из_стиха": "око прелюбодея"}'
CP.P6.II.46	b.1SA.13.8	0			'{"score": 0, "цитата_из_романа": "", "цитата_из_стиха": ""}'
CP.P6.II.46	b.MAT.11.9	2	Ищите и обрящете	Ищите и обрящете	'{"score": 2, "цитата_из_романа": "Ищите и обрящете", "цитата_из_стиха": "Ищите и обрящете"}'
CP.P6.II.46	b.ISA.5.7	2	Ищите и обрящете	И ждал Он правосудия, но вот – кровопролитие; ждал правды, и вот – вопль	'{"score": 2, "цитата_из_романа": "Ищите и обрящете", "цитата_из_стиха": "И ждал Он правосудия, но вот – кровопролитие; ждал правды, и вот – вопль"}'
CP.P6.II.46	b.ISA.64.5	0			'{"score": 0, "цитата_из_романа": "", "цитата_из_стиха": ""}'
CP.P6.II.46	b.JOB.7.2	0			'{"score": 0, "цитата_из_романа": "", "цитата_из_стиха": ""}'
CP.P6.II.46	b.PHI.4.5	0			'{"score": 0, "цитата_из_романа": "", "цитата_из_стиха": ""}'
CP.P6.II.46	b.2TI.2.7	0			'{"score": 0, "цитата_из_романа": "", "цитата_из_стиха": ""}'
CP.P6.II.46	b.JOB.5.1	1	Ищите и обрящете	Взывай, если есть отвечающий тебе	'{"score": 1, "цитата_из_романа": "Ищите и обрящете", "цитата_из_стиха": "Взывай, если есть отвечающий тебе"}'
CP.P6.II.46	b.DEU.33.27	0			'{"score": 0, "цитата_из_романа": "", "цитата_из_стиха": ""}'
CP.P6.II.46	b.LAM.3.31	3	не навек она, цепь-то	не навек оставляет	'{"score": 3, "цитата_из_романа": "не навек она, цепь-то", "цитата_из_стиха": "не навек оставляет"}'
CP.P6.II.46	b.2TH.3.16	0			'{"score": 0, "цитата_из_романа": "", "цитата_из_стиха": ""}'
CP.P6.II.46	b.ISA.44.8	2	Ищите и обрящете	Я возвестил тебе и предсказал	'{"score": 2, "цитата_из_романа": "Ищите и обрящете", "цитата_из_стиха": "Я возвестил тебе и предсказал"}'
CP.P6.II.46	b.JER.23.37	1	пророк	пророку	'{"score": 1, "цитата_из_романа": "пророк", "цитата_из_стиха": "пророку"}'
CP.P6.II.46	b.RUT.3.13	2	Ищите и обрящете	жив Господь	'{"score": 2, "цитата_из_романа": "Ищите и обрящете", "цитата_из_стиха": "жив Господь"}'
CP.P6.II.46	b.NEH.9.30	2	Ищите и обрящете	Ты медлил многие годы и напоминал им Духом Твоим	'{"score": 2, "цитата_из_романа": "Ищите и обрящете", "цитата_из_стиха": "Ты медлил многие годы и напоминал им Духом Твоим"}'
CP.P6.II.46	b.MAT.28.6	0	Ищите и обрящете	Подойдите, посмотрите	'{"score": 0, "цитата_из_романа": "Ищите и обрящете", "цитата_из_стиха": "Подойдите, посмотрите"}'
CP.P6.II.46	b.JOH.4.19	2	Вы что за пророк	видите, что Ты пророк	'{"score": 2, "цитата_из_романа": "Вы что за пророк", "цитата_из_стиха": "видите, что Ты пророк"}'
CP.P6.II.46	b.JOB.32.16	0			'{"score": 0, "цитата_из_романа": "", "цитата_из_стиха": ""}'
CP.P6.II.46	b.ROM.7.1	2	Ищите и обрящете	Ищите и обрящете	'{"score": 2, "цитата_из_романа": "Ищите и обрящете", "цитата_из_стиха": "Ищите и обрящете"}'
CP.P6.II.46	b.LUK.7.26	2	Ищите и обрящете	И больше пророка	'{"score": 2, "цитата_из_романа": "Ищите и обрящете", "цитата_из_стиха": "И больше пророка"}'
CP.P6.II.46	b.JOB.35.14	2	Ищите и обрящете	суд пред Ним, и – жди его	'{"score": 2, "цитата_из_романа": "Ищите и обрящете", "цитата_из_стиха": "суд пред Ним, и – жди его"}'
CP.P6.II.46	b.DEU.24.15	2	Ищите и обрящете	Ищите и обрящете	'{"score": 2, "цитата_из_романа": "Ищите и обрящете", "цитата_из_стиха": "Ищите и обрящете"}'
CP.P6.II.46	b.JOH.13.33	2	Ищите и обрящете	Будете искать Меня	'{"score": 2, "цитата_из_романа": "Ищите и обрящете", "цитата_из_стиха": "Будете искать Меня"}'
CP.P6.II.46	b.ZEC.1.5	2	пророк	пророки	'{"score": 2, "цитата_из_романа": "пророк", "цитата_из_стиха": "пророки"}'
CP.P6.II.46	b.EZE.10.6	0			'{"score": 0, "цитата_из_романа": "", "цитата_из_стиха": ""}'
CP.P4.IV.177	b.GEN.31.30	0			'{"score": 0, "цитата_из_романа": "", "цитата_из_стиха": ""}'
CP.P4.IV.177	b.DAN.2.9	0			'{"score": 0, "цитата_из_романа": "", "цитата_из_стиха": ""}'
CP.P4.IV.177	b.GEN.44.26	2	нельзя оставаться	нельзя нам идти	'{"score": 2, "цитата_из_романа": "нельзя оставаться", "цитата_из_стиха": "нельзя нам идти"}'
CP.P4.IV.177	b.LUK.8.55	0			'{"score": 0, "цитата_из_романа": "", "цитата_из_стиха": ""}'
CP.P4.IV.177	b.1SA.20.9	0			'{"score": 0, "цитата_из_романа": "", "цитата_из_стиха": ""}'
CP.P4.IV.177	b.NUM.13.22	0			'{"score": 0, "цитата_из_романа": "", "цитата_из_стиха": ""}'
CP.P4.IV.177	b.GEN.42.33	0			'{"score": 0, "цитата_из_романа": "", "цитата_из_стиха": ""}'
CP.P4.IV.177	b.JER.46.5	0			'{"score": 0, "цитата_из_романа": "", "цитата_из_стиха": ""}'
CP.P4.IV.177	b.1SA.26.16	0			'{"score": 0, "цитата_из_романа": "", "цитата_из_стиха": ""}'
CP.P4.IV.177	b.EZE.43.7	0			'{"score": 0, "цитата_из_романа": "", "цитата_из_стиха": ""}'
CP.P4.IV.177	b.2CH.36.22	0			'{"score": 0, "цитата_из_романа": "", "цитата_из_стиха": ""}'
CP.P4.IV.177	b.EZE.14.18	0	дети -- образ Христов: "Сих есть царствие божие"	спаслись бы	'{"score": 0, "цитата_из_романа": "дети -- образ Христов: \\"Сих есть царствие божие\\"", "цитата_из_стиха": "спаслись бы"}'
CP.P4.IV.177	b.ROM.11.20	0			'{"score": 0, "цитата_из_романа": "", "цитата_из_стиха": ""}'
CP.P4.IV.177	b.2CO.11.11	2	Потому что так нельзя оставаться -- вот зачем!	Потому ли, что не люблю вас?	'{"score": 2, "цитата_из_романа": "Потому что так нельзя оставаться -- вот зачем!", "цитата_из_стиха": "Потому ли, что не люблю вас?"}'
CP.P4.IV.177	b.EZE.14.16	0	дети -- образ Христов: "Сих есть царствие божие"	спасли бы ни сыновей, ни дочерей	'{"score": 0, "цитата_из_романа": "дети -- образ Христов: \\"Сих есть царствие божие\\"", "цитата_из_стиха": "спасли бы ни сыновей, ни дочерей"}'
CP.P4.IV.177	b.1CO.6.9	2	Сих есть царствие божие	Царства Божия не наследуют	'{"score": 2, "цитата_из_романа": "Сих есть царствие божие", "цитата_из_стиха": "Царства Божия не наследуют"}'
CP.P4.IV.177	b.1CO.3.3	2	потому что так нельзя оставаться	потому что вы еще плотские	'{"score": 2, "цитата_из_романа": "потому что так нельзя оставаться", "цитата_из_стиха": "потому что вы еще плотские"}'
CP.P4.IV.177	b.1SA.1.7	1	плакать и кричать	плакала и не ела	'{"score": 1, "цитата_из_романа": "плакать и кричать", "цитата_из_стиха": "плакала и не ела"}'
CP.P4.IV.177	b.LUK.20.25	2	образ Христов	образ Христов	'{"score": 2, "цитата_из_романа": "образ Христов", "цитата_из_стиха": "образ Христов"}'
CP.P4.IV.177	b.EST.6.1	0			'{"score": 0, "цитата_из_романа": "", "цитата_из_стиха": ""}'
CP.P4.IV.177	b.NUM.31.18	0	дети	детей женского пола	'{"score": 0, "цитата_из_романа": "дети", "цитата_из_стиха": "детей женского пола"}'
CP.P4.IV.177	b.2CH.22.9	0			'{"score": 0, "цитата_из_романа": "", "цитата_из_стиха": ""}'
CP.P4.IV.177	b.LUK.18.16	3	Сих есть царствие божие	таковых есть Царствие Божие	'{"score": 3, "цитата_из_романа": "Сих есть царствие божие", "цитата_из_стиха": "таковых есть Царствие Божие"}'
CP.P4.IV.177	b.EST.4.14	0			'{"score": 0, "цитата_из_романа": "", "цитата_из_стиха": ""}'
CP.P4.IV.177	b.MAT.22.21	2	образ Христов	образ Христов	'{"score": 2, "цитата_из_романа": "образ Христов", "цитата_из_стиха": "образ Христов"}'
CP.P4.IV.177	b.MAR.8.7	0			'{"score": 0, "цитата_из_романа": "", "цитата_из_стиха": ""}'
CP.P4.IV.177	b.MAL.2.14	1	за что	за что	'{"score": 1, "цитата_из_романа": "за что", "цитата_из_стиха": "за что"}'
CP.P4.IV.177	b.NUM.22.19	0			'{"score": 0, "цитата_из_романа": "", "цитата_из_стиха": ""}'
CP.P4.IV.177	b.EZE.5.11	0			'{"score": 0, "цитата_из_романа": "", "цитата_из_стиха": ""}'
CP.P4.IV.177	b.1CO.14.33	2	не по-детски плакать и кричать, что бог не допустит	Бог не допустит	'{"score": 2, "цитата_из_романа": "не по-детски плакать и кричать, что бог не допустит", "цитата_из_стиха": "Бог не допустит"}'
CP.P4.IV.177	b.JOE.1.3	2	дети	детям	'{"score": 2, "цитата_из_романа": "дети", "цитата_из_стиха": "детям"}'
CP.P4.IV.177	b.LUK.6.20	3	Сих есть царствие божие	Царствие Божие	'{"score": 3, "цитата_из_романа": "Сих есть царствие божие", "цитата_из_стиха": "Царствие Божие"}'
CP.P4.IV.177	b.JOH.1.38	0			'{"score": 0, "цитата_из_романа": "", "цитата_из_стиха": ""}'
CP.P4.IV.177	b.MAR.12.17	0			'{"score": 0, "цитата_из_романа": "", "цитата_из_стиха": ""}'
CP.P4.IV.177	b.MAR.10.14	3	Сих есть царствие божие	таковых есть Царствие Божие	'{"score": 3, "цитата_из_романа": "Сих есть царствие божие", "цитата_из_стиха": "таковых есть Царствие Божие"}'
CP.P4.IV.177	b.LEV.10.1	0			'{"score": 0, "цитата_из_романа": "", "цитата_из_стиха": ""}'
CP.P4.IV.177	b.LUK.1.18	0			'{"score": 0, "цитата_из_романа": "", "цитата_из_стиха": ""}'
CP.P4.IV.177	b.JER.31.29	2	дети -- образ Христов: "Сих есть царствие божие"	дети	'{"score": 2, "цитата_из_романа": "дети -- образ Христов: \\"Сих есть царствие божие\\"", "цитата_из_стиха": "дети"}'
CP.P4.IV.177	b.ACT.25.24	0			'{"score": 0, "цитата_из_романа": "", "цитата_из_стиха": ""}'
CP.P4.IV.177	b.RUT.1.16	0			'{"score": 0, "цитата_из_романа": "", "цитата_из_стиха": ""}'
CP.P4.IV.177	b.LUK.17.21	2	Царствие божие	Царствие Божие	'{"score": 2, "цитата_из_романа": "Царствие божие", "цитата_из_стиха": "Царствие Божие"}'
CP.P4.IV.177	b.MAT.19.12	0	дети -- образ Христов: "Сих есть царствие божие"	Сих есть царствие божие	'{"score": 0, "цитата_из_романа": "дети -- образ Христов: \\"Сих есть царствие божие\\"", "цитата_из_стиха": "Сих есть царствие божие"}'
CP.P4.IV.177	b.JOB.14.21	2	дети -- образ Христов: "Сих есть царствие божие"	дети его	'{"score": 2, "цитата_из_романа": "дети -- образ Христов: \\"Сих есть царствие божие\\"", "цитата_из_стиха": "дети его"}'
CP.P4.IV.177	b.MAR.9.9	0			'{"score": 0, "цитата_из_романа": "", "цитата_из_стиха": ""}'
CP.P4.IV.177	b.PSA.56.9	0			'{"score": 0, "цитата_из_романа": "", "цитата_из_стиха": ""}'
CP.P4.IV.177	b.1SA.25.33	0	не в уме и чахоточная	не допустила меня	'{"score": 0, "цитата_из_романа": "не в уме и чахоточная", "цитата_из_стиха": "не допустила меня"}'
CP.P4.IV.177	b.JOH.1.39	0			'{"score": 0, "цитата_из_романа": "", "цитата_из_стиха": ""}'
CP.P4.IV.177	b.1SA.22.3	0			'{"score": 0, "цитата_из_романа": "", "цитата_из_стиха": ""}'
CP.P4.IV.177	b.JOH.11.1	0			'{"score": 0, "цитата_из_романа": "", "цитата_из_стиха": ""}'
CP.P4.IV.177	b.1PE.2.20	0			'{"score": 0, "цитата_из_романа": "", "цитата_из_стиха": ""}'
CP.P4.IV.177	b.EZE.18.2	0	дети -- образ Христов: "Сих есть царствие божие"	отцыели кислый виноград, а у детей на зубах оскомина	'{"score": 0, "цитата_из_романа": "дети -- образ Христов: \\"Сих есть царствие божие\\"", "цитата_из_стиха": "отцыели кислый виноград, а у детей на зубах оскомина"}'
CP.P4.IV.177	b.EZE.3.15	0			'{"score": 0, "цитата_из_романа": "", "цитата_из_стиха": ""}'
CP.P4.IV.177	b.RUT.1.13	0	дети -- образ Христов: "Сих есть царствие божие"	выходить замуж	'{"score": 0, "цитата_из_романа": "дети -- образ Христов: \\"Сих есть царствие божие\\"", "цитата_из_стиха": "выходить замуж"}'
CP.P4.IV.177	b.EZR.1.4	0			'{"score": 0, "цитата_из_романа": "", "цитата_из_стиха": ""}'
CP.P4.IV.177	b.JOH.13.33	2	дети -- образ Христов	дети	'{"score": 2, "цитата_из_романа": "дети -- образ Христов", "цитата_из_стиха": "дети"}'
CP.P4.IV.177	b.JOB.31.11	2	почему так нельзя оставаться	потому что это – преступление	'{"score": 2, "цитата_из_романа": "почему так нельзя оставаться", "цитата_из_стиха": "потому что это – преступление"}'
CP.P4.IV.177	b.JER.48.38	0			'{"score": 0, "цитата_из_романа": "", "цитата_из_стиха": ""}'
CP.P4.IV.157	b.MAT.24.2	0	Иисус же, опять скорбя внутренно, проходит ко гробу	Иисус же сказал им	'{"score": 0, "цитата_из_романа": "Иисус же, опять скорбя внутренно, проходит ко гробу", "цитата_из_стиха": "Иисус же сказал им"}'
CP.P4.IV.157	b.MAT.26.50	0	Иисус же	Иисус же	'{"score": 0, "цитата_из_романа": "Иисус же", "цитата_из_стиха": "Иисус же"}'
CP.P4.IV.157	b.1JO.5.19	0			'{"score": 0, "цитата_из_романа": "", "цитата_из_стиха": ""}'
CP.P4.IV.157	b.MAT.9.22	0	Иисус же, опять скорбя внутренно, проходит ко гробу	Иисус же, обратившись и увидев ее	'{"score": 0, "цитата_из_романа": "Иисус же, опять скорбя внутренно, проходит ко гробу", "цитата_из_стиха": "Иисус же, обратившись и увидев ее"}'
CP.P4.IV.157	b.JOH.11.39	3	Иисус говорит: отнимите камень. Сестра умершего Марфа говорит ему: господи! уже смердит; ибо четыре дня, как он во гробе	Иисус говорит: отнимите камень. Сестра умершего, Марфа, говорит Ему: Господи! уже смердит; ибо четыре дня, как он во гробе	'{"score": 3, "цитата_из_романа": "Иисус говорит: отнимите камень. Сестра умершего Марфа говорит ему: господи! уже смердит; ибо четыре дня, как он во гробе", "цитата_из_стиха": "Иисус говорит: отнимите'
CP.P4.IV.157	b.ZEC.3.9	0	камень	камень	'{"score": 0, "цитата_из_романа": "камень", "цитата_из_стиха": "камень"}'
CP.P4.IV.157	b.1SA.24.3	0	пещера	пещера	'{"score": 0, "цитата_из_романа": "пещера", "цитата_из_стиха": "пещера"}'
CP.P4.IV.157	b.JOH.5.17	0	Иисус же	Иисус же	'{"score": 0, "цитата_из_романа": "Иисус же", "цитата_из_стиха": "Иисус же"}'
CP.P4.IV.157	b.1KI.19.9	0	пещера	пещера	'{"score": 0, "цитата_из_романа": "пещера", "цитата_из_стиха": "пещера"}'
CP.P4.IV.157	b.MAT.8.7	0	Иисус говорит	Иисус говорит	'{"score": 0, "цитата_из_романа": "Иисус говорит", "цитата_из_стиха": "Иисус говорит"}'
CP.P4.IV.157	b.MAT.21.16	0			'{"score": 0, "цитата_из_романа": "", "цитата_из_стиха": ""}'
CP.P4.IV.157	b.DEU.31.14	0	Иисус же, опять скорбя внутренно, проходит ко гробу	И сказал Господь Моисею	'{"score": 0, "цитата_из_романа": "Иисус же, опять скорбя внутренно, проходит ко гробу", "цитата_из_стиха": "И сказал Господь Моисею"}'
CP.P4.IV.157	b.MAT.4.10	0	Иисус же, опять скорбя внутренно, проходит ко гробу	Тогда Иисус говорит ему	'{"score": 0, "цитата_из_романа": "Иисус же, опять скорбя внутренно, проходит ко гробу", "цитата_из_стиха": "Тогда Иисус говорит ему"}'
CP.P4.IV.157	b.MAT.17.20	0	Иисус же, опять скорбя внутренно, проходит ко гробу	Иисус же сказал им	'{"score": 0, "цитата_из_романа": "Иисус же, опять скорбя внутренно, проходит ко гробу", "цитата_из_стиха": "Иисус же сказал им"}'
CP.P4.IV.157	b.LUK.23.34	2	Иисус же, опять скорбя внутренно, проходит ко гробу	Иисус же говорил	'{"score": 2, "цитата_из_романа": "Иисус же, опять скорбя внутренно, проходит ко гробу", "цитата_из_стиха": "Иисус же говорил"}'
CP.P4.IV.157	b.JOS.7.25	0			'{"score": 0, "цитата_из_романа": "", "цитата_из_стиха": ""}'
CP.P4.IV.157	b.JOH.21.23	0			'{"score": 0, "цитата_из_романа": "", "цитата_из_стиха": ""}'
CP.P4.IV.157	b.JOH.11.41	3	отнимите камень	отняли камень	'{"score": 3, "цитата_из_романа": "отнимите камень", "цитата_из_стиха": "отняли камень"}'
CP.P4.IV.157	b.MAT.9.12	0	Иисус же, опять скорбя внутренно, проходит ко гробу	Иисус же, услышав это, сказал им	'{"score": 0, "цитата_из_романа": "Иисус же, опять скорбя внутренно, проходит ко гробу", "цитата_из_стиха": "Иисус же, услышав это, сказал им"}'
CP.P4.IV.157	b.MAT.21.21	0	Иисус же, опять скорбя внутренно, проходит ко гробу	Иисус же сказал им в ответ	'{"score": 0, "цитата_из_романа": "Иисус же, опять скорбя внутренно, проходит ко гробу", "цитата_из_стиха": "Иисус же сказал им в ответ"}'
CP.P4.IV.157	b.JOS.13.1	0	Иисус же, опять скорбя внутренно	Когда Иисус состарился, вошел в лета преклонные	'{"score": 0, "цитата_из_романа": "Иисус же, опять скорбя внутренно", "цитата_из_стиха": "Когда Иисус состарился, вошел в лета преклонные"}'
CP.P4.IV.157	b.JOH.1.38	0	Иисус же	Иисус же	'{"score": 0, "цитата_из_романа": "Иисус же", "цитата_из_стиха": "Иисус же"}'
CP.P4.IV.157	b.MAT.19.18	0			'{"score": 0, "цитата_из_романа": "", "цитата_из_стиха": ""}'
CP.P4.IV.157	b.HOS.14.2	0	отнимите камень	отними всякое беззаконие	'{"score": 0, "цитата_из_романа": "отнимите камень", "цитата_из_стиха": "отними всякое беззаконие"}'
CP.P4.IV.157	b.MAT.8.20	0			'{"score": 0, "цитата_из_романа": "", "цитата_из_стиха": ""}'
CP.P4.IV.157	b.MAT.26.52	0			'{"score": 0, "цитата_из_романа": "", "цитата_из_стиха": ""}'
CP.P4.IV.157	b.JOH.11.38	3	Иисус же, опять скорбя внутренно, проходит ко гробу. То была пещера, и камень лежал на ней	Иисус же, опять скорбя внутренно, приходит ко гробу. То была пещера, и камень лежал на ней	'{"score": 3, "цитата_из_романа": "Иисус же, опять скорбя внутренно, проходит ко гробу. То была пещера, и камень лежал на ней", "цитата_из_стиха": "Иисус же, опять скорбя внутренно, приходит ко гробу. '
CP.P4.IV.157	b.MAT.27.11	0	Иисус же	Иисус же	'{"score": 0, "цитата_из_романа": "Иисус же", "цитата_из_стиха": "Иисус же"}'
CP.P4.IV.157	b.EZE.45.19	0			'{"score": 0, "цитата_из_романа": "", "цитата_из_стиха": ""}'
CP.P4.IV.157	b.MAT.26.64	0	Иисус говорит	Иисус говорит	'{"score": 0, "цитата_из_романа": "Иисус говорит", "цитата_из_стиха": "Иисус говорит"}'
CP.P4.IV.157	b.2KI.6.17	0	отнимите камень	открой ему глаза	'{"score": 0, "цитата_из_романа": "отнимите камень", "цитата_из_стиха": "открой ему глаза"}'
CP.P4.IV.157	b.LUK.7.6	0	Иисус же, опять скорбя внутренно, проходит ко гробу	Иисус пошел с ними	'{"score": 0, "цитата_из_романа": "Иисус же, опять скорбя внутренно, проходит ко гробу", "цитата_из_стиха": "Иисус пошел с ними"}'
CP.P4.IV.157	b.MAT.26.25	0			'{"score": 0, "цитата_из_романа": "", "цитата_из_стиха": ""}'
CP.P4.IV.157	b.MAT.9.4	0	Иисус же, опять скорбя внутренно	Иисус же, видя помышления их	'{"score": 0, "цитата_из_романа": "Иисус же, опять скорбя внутренно", "цитата_из_стиха": "Иисус же, видя помышления их"}'
CP.P4.IV.157	b.MAT.9.28	0			'{"score": 0, "цитата_из_романа": "", "цитата_из_стиха": ""}'
CP.P4.IV.157	b.MAT.20.34	0	Иисус же, опять скорбя внутренно	Иисус же, умилосердившись	'{"score": 0, "цитата_из_романа": "Иисус же, опять скорбя внутренно", "цитата_из_стиха": "Иисус же, умилосердившись"}'
CP.P4.IV.157	b.ZEC.3.3	0	Иисус же	Иисус же	'{"score": 0, "цитата_из_романа": "Иисус же", "цитата_из_стиха": "Иисус же"}'
CP.P4.IV.157	b.MAT.27.50	0	Иисус же, опять скорбя внутренно	Иисус же, опять возопив громким голосом	'{"score": 0, "цитата_из_романа": "Иисус же, опять скорбя внутренно", "цитата_из_стиха": "Иисус же, опять возопив громким голосом"}'
CP.P4.IV.157	b.LUK.10.41	0	Иисус же	Иисус же	'{"score": 0, "цитата_из_романа": "Иисус же", "цитата_из_стиха": "Иисус же"}'
CP.P4.IV.157	b.MAT.28.6	2	Иисус же, опять скорбя внутренно, проходит ко гробу	подойдите, посмотрите место, где лежал Господь	'{"score": 2, "цитата_из_романа": "Иисус же, опять скорбя внутренно, проходит ко гробу", "цитата_из_стиха": "подойдите, посмотрите место, где лежал Господь"}'
CP.P4.IV.157	b.MAT.18.22	0			'{"score": 0, "цитата_из_романа": "", "цитата_из_стиха": ""}'
CP.P4.IV.157	b.JOH.5.8	0	Иисус говорит	Иисус говорит	'{"score": 0, "цитата_из_романа": "Иисус говорит", "цитата_из_стиха": "Иисус говорит"}'
CP.P4.IV.157	b.JOB.41.30	0	камень	камни	'{"score": 0, "цитата_из_романа": "камень", "цитата_из_стиха": "камни"}'
CP.P4.IV.157	b.JOH.20.11	0	Иисус же, опять скорбя внутренно, проходит ко гробу	А Мария стояла у гроба и плакала	'{"score": 0, "цитата_из_романа": "Иисус же, опять скорбя внутренно, проходит ко гробу", "цитата_из_стиха": "А Мария стояла у гроба и плакала"}'
CP.P4.IV.157	b.ISA.14.19	0	камень	каменные рвы	'{"score": 0, "цитата_из_романа": "камень", "цитата_из_стиха": "каменные рвы"}'
CP.P4.IV.157	b.MAT.8.4	0			'{"score": 0, "цитата_из_романа": "", "цитата_из_стиха": ""}'
CP.P4.IV.157	b.JDG.11.40	2	четыре дня	четыре дня	'{"score": 2, "цитата_из_романа": "четыре дня", "цитата_из_стиха": "четыре дня"}'
CP.P4.IV.157	b.RUT.3.8	0			'{"score": 0, "цитата_из_романа": "", "цитата_из_стиха": ""}'
CP.P4.IV.157	b.JOS.10.18	2	отнимите камень	привалите большие камни к отверстию пещеры	'{"score": 2, "цитата_из_романа": "отнимите камень", "цитата_из_стиха": "привалите большие камни к отверстию пещеры"}'
CP.P4.IV.157	b.JOH.11.44	2	Иисус же, опять скорбя внутренно, проходит ко гробу	И вышел умерший	'{"score": 2, "цитата_из_романа": "Иисус же, опять скорбя внутренно, проходит ко гробу", "цитата_из_стиха": "И вышел умерший"}'
CP.P4.IV.157	b.MAT.21.31	0			'{"score": 0, "цитата_из_романа": "", "цитата_из_стиха": ""}'
CP.P4.IV.157	b.PSA.142.1	0	пещера	в пещере	'{"score": 0, "цитата_из_романа": "пещера", "цитата_из_стиха": "в пещере"}'
CP.P4.IV.157	b.JOH.11.17	2	уже четыре дня, как он во гробе	уже четыре дня в гробе	'{"score": 2, "цитата_из_романа": "уже четыре дня, как он во гробе", "цитата_из_стиха": "уже четыре дня в гробе"}'
CP.P4.IV.157	b.LUK.23.49	0			'{"score": 0, "цитата_из_романа": "", "цитата_из_стиха": ""}'
CP.P3.I.43	b.MIC.4.9	0			'{"score": 0, "цитата_из_романа": "", "цитата_из_стиха": ""}'
CP.P3.I.43	b.2CH.18.7	0			'{"score": 0, "цитата_из_романа": "", "цитата_из_стиха": ""}'
CP.P3.I.43	b.JOB.6.26	0			'{"score": 0, "цитата_из_романа": "", "цитата_из_стиха": ""}'
CP.P3.I.43	b.GEN.30.33	0			'{"score": 0, "цитата_из_романа": "", "цитата_из_стиха": ""}'
CP.P3.I.43	b.LUK.22.47	0			'{"score": 0, "цитата_из_романа": "", "цитата_из_стиха": ""}'
CP.P3.I.43	b.ROM.11.20	0			'{"score": 0, "цитата_из_романа": "", "цитата_из_стиха": ""}'
CP.P3.I.43	b.1CO.9.8	0			'{"score": 0, "цитата_из_романа": "", "цитата_из_стиха": ""}'
CP.P3.I.43	b.1CH.26.6	0			'{"score": 0, "цитата_из_романа": "", "цитата_из_стиха": ""}'
CP.P3.I.43	b.MAT.26.48	2	Ты мне ври, да ври по-своему, и я тебя тогда поцелую	Кого я поцелую, Тот и есть	'{"score": 2, "цитата_из_романа": "Ты мне ври, да ври по-своему, и я тебя тогда поцелую", "цитата_из_стиха": "Кого я поцелую, Тот и есть"}'
CP.P3.I.43	b.1CO.3.3	1	врут	в зависть, споры и разногласия	'{"score": 1, "цитата_из_романа": "врут", "цитата_из_стиха": "в зависть, споры и разногласия"}'
CP.P3.I.43	b.HEB.9.7	0			'{"score": 0, "цитата_из_романа": "", "цитата_из_стиха": ""}'
CP.P3.I.43	b.JER.34.17	0			'{"score": 0, "цитата_из_романа": "", "цитата_из_стиха": ""}'
CP.P3.I.43	b.EZE.28.2	0			'{"score": 0, "цитата_из_романа": "", "цитата_из_стиха": ""}'
CP.P3.I.43	b.JOB.6.25	0			'{"score": 0, "цитата_из_романа": "", "цитата_из_стиха": ""}'
CP.P3.I.43	b.EZE.38.14	2	не так ли?	не так ли?	'{"score": 2, "цитата_из_романа": "не так ли?", "цитата_из_стиха": "не так ли?"}'
CP.P3.I.43	b.ECC.1.16	0			'{"score": 0, "цитата_из_романа": "", "цитата_из_стиха": ""}'
CP.P3.I.43	b.PRO.17.7	0			'{"score": 0, "цитата_из_романа": "", "цитата_из_стиха": ""}'
CP.P3.I.43	b.MAR.13.23	0			'{"score": 0, "цитата_из_романа": "", "цитата_из_стиха": ""}'
CP.P3.I.43	b.MAR.14.44	2	Ты мне ври, да ври по-своему, и я тебя тогда поцелую	Кого я поцелую, Тот и есть	'{"score": 2, "цитата_из_романа": "Ты мне ври, да ври по-своему, и я тебя тогда поцелую", "цитата_из_стиха": "Кого я поцелую, Тот и есть"}'
CP.P3.I.43	b.JER.8.14	1	что мы теперь?	что мы сидим?	'{"score": 1, "цитата_из_романа": "что мы теперь?", "цитата_из_стиха": "что мы сидим?"}'
CP.P3.I.43	b.JER.27.16	0			'{"score": 0, "цитата_из_романа": "", "цитата_из_стиха": ""}'
CP.P3.I.43	b.PRO.31.29	0			'{"score": 0, "цитата_из_романа": "", "цитата_из_стиха": ""}'
CP.P3.I.43	b.JOB.36.4	2	вру	не ложь	'{"score": 2, "цитата_из_романа": "вру", "цитата_из_стиха": "не ложь"}'
CP.P3.I.43	b.ISA.17.12	0			'{"score": 0, "цитата_из_романа": "", "цитата_из_стиха": ""}'
CP.P3.I.43	b.2TI.2.7	2	Разумихин, еще более возвышая голос, -- вы думаете, я за то, что они врут? Вздор! Я люблю, когда врут!	Разумей, что я говорю	'{"score": 2, "цитата_из_романа": "Разумихин, еще более возвышая голос, -- вы думаете, я за то, что они врут? Вздор! Я люблю, когда врут!", "цитата_из_стиха": "Разумей, что я говорю"}'
CP.P3.I.43	b.ZEC.6.2	0			'{"score": 0, "цитата_из_романа": "", "цитата_из_стиха": ""}'
CP.P3.I.43	b.GEN.15.10	0			'{"score": 0, "цитата_из_романа": "", "цитата_из_стиха": ""}'
CP.P3.I.43	b.PRO.1.20	0			'{"score": 0, "цитата_из_романа": "", "цитата_из_стиха": ""}'
CP.P3.I.43	b.JAM.3.2	0			'{"score": 0, "цитата_из_романа": "", "цитата_из_стиха": ""}'
CP.P3.I.43	b.EZE.38.17	0			'{"score": 0, "цитата_из_романа": "", "цитата_из_стиха": ""}'
CP.P3.I.43	b.2CO.12.19	0			'{"score": 0, "цитата_из_романа": "", "цитата_из_стиха": ""}'
CP.P3.I.43	b.PSA.93.3	0			'{"score": 0, "цитата_из_романа": "", "цитата_из_стиха": ""}'
CP.P3.I.43	b.1CO.4.8	0			'{"score": 0, "цитата_из_романа": "", "цитата_из_стиха": ""}'
CP.P3.I.43	b.2SA.12.7	0			'{"score": 0, "цитата_из_романа": "", "цитата_из_стиха": ""}'
CP.P3.I.43	b.EZE.3.27	0			'{"score": 0, "цитата_из_романа": "", "цитата_из_стиха": ""}'
CP.P3.I.43	b.ISA.27.7	2	Так ли я говорю?	Так ли Он поражал его?	'{"score": 2, "цитата_из_романа": "Так ли я говорю?", "цитата_из_стиха": "Так ли Он поражал его?"}'
CP.P3.I.43	b.PRO.8.1	1	вру	разум	'{"score": 1, "цитата_из_романа": "вру", "цитата_из_стиха": "разум"}'
CP.P3.I.43	b.PRO.16.22	1	вранье есть единственная человеческая привилегия	разум для имеющих его – источник жизни	'{"score": 1, "цитата_из_романа": "вранье есть единственная человеческая привилегия", "цитата_из_стиха": "разум для имеющих его – источник жизни"}'
CP.P3.I.43	b.LUK.7.8	0			'{"score": 0, "цитата_из_романа": "", "цитата_из_стиха": ""}'
CP.P3.I.43	b.2CO.11.21	0			'{"score": 0, "цитата_из_романа": "", "цитата_из_стиха": ""}'
CP.P3.I.43	b.2CH.9.6	0			'{"score": 0, "цитата_из_романа": "", "цитата_из_стиха": ""}'
CP.P3.I.43	b.EZE.17.9	0			'{"score": 0, "цитата_из_романа": "", "цитата_из_стиха": ""}'
CP.P3.I.43	b.PSA.137.1	0			'{"score": 0, "цитата_из_романа": "", "цитата_из_стиха": ""}'
CP.P3.I.43	b.EZE.13.8	2	врут	говорите пустое	'{"score": 2, "цитата_из_романа": "врут", "цитата_из_стиха": "говорите пустое"}'
CP.P3.I.43	b.ROM.1.23	0			'{"score": 0, "цитата_из_романа": "", "цитата_из_стиха": ""}'
CP.P3.I.43	b.2CO.8.7	0			'{"score": 0, "цитата_из_романа": "", "цитата_из_стиха": ""}'
CP.P3.I.43	b.ISA.59.4	2	врут	говорят ложь	'{"score": 2, "цитата_из_романа": "врут", "цитата_из_стиха": "говорят ложь"}'
CP.P3.I.43	b.JOS.10.36	0			'{"score": 0, "цитата_из_романа": "", "цитата_из_стиха": ""}'
CP.P2.II.48	b.LUK.23.49	0			'{"score": 0, "цитата_из_романа": "", "цитата_из_стиха": ""}'
CP.P2.II.48	b.REV.21.16	0			'{"score": 0, "цитата_из_романа": "", "цитата_из_стиха": ""}'
CP.P2.II.48	b.2CO.12.13	0			'{"score": 0, "цитата_из_романа": "", "цитата_из_стиха": ""}'
CP.P2.II.48	b.PRO.7.22	0			'{"score": 0, "цитата_из_романа": "", "цитата_из_стиха": ""}'
CP.P2.II.48	b.EZE.42.12	0			'{"score": 0, "цитата_из_романа": "", "цитата_из_стиха": ""}'
CP.P2.II.48	b.GAL.5.21	0			'{"score": 0, "цитата_из_романа": "", "цитата_из_стиха": ""}'
CP.P2.II.48	b.ISA.10.15	0			'{"score": 0, "цитата_из_романа": "", "цитата_из_стиха": ""}'
CP.P2.II.48	b.GEN.4.5	0			'{"score": 0, "цитата_из_романа": "", "цитата_из_стиха": ""}'
CP.P2.II.48	b.LUK.23.35	0			'{"score": 0, "цитата_из_романа": "", "цитата_из_стиха": ""}'
CP.P2.II.48	b.1SA.25.15	0			'{"score": 0, "цитата_из_романа": "", "цитата_из_стиха": ""}'
CP.P2.II.48	b.1KI.22.43	0			'{"score": 0, "цитата_из_романа": "", "цитата_из_стиха": ""}'
CP.P2.II.48	b.MAR.9.25	1	немым и глухим	немой и глухой	'{"score": 1, "цитата_из_романа": "немым и глухим", "цитата_из_стиха": "немой и глухой"}'
CP.P2.II.48	b.MAR.11.27	0			'{"score": 0, "цитата_из_романа": "", "цитата_из_стиха": ""}'
CP.P2.II.48	b.GEN.19.14	0			'{"score": 0, "цитата_из_романа": "", "цитата_из_стиха": ""}'
CP.P2.II.48	b.1TH.4.6	0			'{"score": 0, "цитата_из_романа": "", "цитата_из_стиха": ""}'
CP.P2.II.48	b.ISA.5.28	0			'{"score": 0, "цитата_из_романа": "", "цитата_из_стиха": ""}'
CP.P2.II.48	b.MAL.1.13	0			'{"score": 0, "цитата_из_романа": "", "цитата_из_стиха": ""}'
CP.P2.II.48	b.ACT.1.11	0			'{"score": 0, "цитата_из_романа": "", "цитата_из_стиха": ""}'
CP.P2.II.48	b.ACT.6.15	0			'{"score": 0, "цитата_из_романа": "", "цитата_из_стиха": ""}'
CP.P2.II.48	b.1SA.1.7	0			'{"score": 0, "цитата_из_романа": "", "цитата_из_стиха": ""}'
CP.P2.II.48	b.LAM.1.7	0	вспомнил	вспомнил	'{"score": 0, "цитата_из_романа": "вспомнил", "цитата_из_стиха": "вспомнил"}'
CP.P2.II.48	b.LAM.1.8	0			'{"score": 0, "цитата_из_романа": "", "цитата_из_стиха": ""}'
CP.P2.II.48	b.EZE.41.25	0			'{"score": 0, "цитата_из_романа": "", "цитата_из_стиха": ""}'
CP.P2.II.48	b.1KI.14.4	0			'{"score": 0, "цитата_из_романа": "", "цитата_из_стиха": ""}'
CP.P2.II.48	b.HEB.10.33	0			'{"score": 0, "цитата_из_романа": "", "цитата_из_стиха": ""}'
CP.P2.II.48	b.2KI.23.6	0			'{"score": 0, "цитата_из_романа": "", "цитата_из_стиха": ""}'
CP.P2.II.48	b.ISA.25.2	0			'{"score": 0, "цитата_из_романа": "", "цитата_из_стиха": ""}'
CP.P2.II.48	b.LEV.26.45	0			'{"score": 0, "цитата_из_романа": "", "цитата_из_стиха": ""}'
CP.P2.II.48	b.1KI.15.3	0			'{"score": 0, "цитата_из_романа": "", "цитата_из_стиха": ""}'
CP.P2.II.48	b.1KI.10.5	0			'{"score": 0, "цитата_из_романа": "", "цитата_из_стиха": ""}'
CP.P2.II.48	b.NEH.6.4	0			'{"score": 0, "цитата_из_романа": "", "цитата_из_стиха": ""}'
CP.P2.II.48	b.NUM.23.9	0			'{"score": 0, "цитата_из_романа": "", "цитата_из_стиха": ""}'
CP.P2.II.48	b.EST.1.13	0			'{"score": 0, "цитата_из_романа": "", "цитата_из_стиха": ""}'
CP.P2.II.48	b.LAM.1.1	0			'{"score": 0, "цитата_из_романа": "", "цитата_из_стиха": ""}'
CP.P2.II.48	b.PRO.13.10	0			'{"score": 0, "цитата_из_романа": "", "цитата_из_стиха": ""}'
CP.P2.II.48	b.GEN.28.11	0			'{"score": 0, "цитата_из_романа": "", "цитата_из_стиха": ""}'
CP.P2.II.48	b.DAN.7.19	0			'{"score": 0, "цитата_из_романа": "", "цитата_из_стиха": ""}'
CP.P2.II.48	b.SON.5.12	0	вода почти голубая	глаза его – как голуби при потоках вод	'{"score": 0, "цитата_из_романа": "вода почти голубая", "цитата_из_стиха": "глаза его – как голуби при потоках вод"}'
CP.P2.II.48	b.JOS.8.6	0			'{"score": 0, "цитата_из_романа": "", "цитата_из_стиха": ""}'
CP.P2.II.48	b.DAN.7.4	0			'{"score": 0, "цитата_из_романа": "", "цитата_из_стиха": ""}'
CP.P2.II.48	b.2CH.9.4	0			'{"score": 0, "цитата_из_романа": "", "цитата_из_стиха": ""}'
CP.P2.II.48	b.ISA.36.17	0			'{"score": 0, "цитата_из_романа": "", "цитата_из_стиха": ""}'
CP.P2.II.48	b.JOS.6.15	0			'{"score": 0, "цитата_из_романа": "", "цитата_из_стиха": ""}'
CP.P2.II.48	b.JOS.8.5	0			'{"score": 0, "цитата_из_романа": "", "цитата_из_стиха": ""}'
CP.P2.II.48	b.HAG.2.3	0			'{"score": 0, "цитата_из_романа": "", "цитата_из_стиха": ""}'
CP.P2.II.48	b.JOB.20.6	2	Он улетал куда-то вверх, и все исчезало в глазах его	возросло до небес величие его	'{"score": 2, "цитата_из_романа": "Он улетал куда-то вверх, и все исчезало в глазах его", "цитата_из_стиха": "возросло до небес величие его"}'
CP.P2.II.48	b.EZE.26.12	0			'{"score": 0, "цитата_из_романа": "", "цитата_из_стиха": ""}'
CP.P2.II.48	b.EXO.15.25	2	бросил ее в воду	и он бросил его в воду	'{"score": 2, "цитата_из_романа": "бросил ее в воду", "цитата_из_стиха": "и он бросил его в воду"}'
CP.P2.II.48	b.PHI.1.30	0			'{"score": 0, "цитата_из_романа": "", "цитата_из_стиха": ""}'
CP.P2.II.48	b.EXO.7.23	2	обернулся	оборотился	'{"score": 2, "цитата_из_романа": "обернулся", "цитата_из_стиха": "оборотился"}'
CP.P2.II.48	b.LAM.1.9	0			'{"score": 0, "цитата_из_романа": "", "цитата_из_стиха": ""}'
CP.P2.II.48	b.1SA.24.5	0	отрезал себя сам от всех и всего	отрезал край от одежды	'{"score": 0, "цитата_из_романа": "отрезал себя сам от всех и всего", "цитата_из_стиха": "отрезал край от одежды"}'
CP.P2.II.48	b.HEB.2.8	0			'{"score": 0, "цитата_из_романа": "", "цитата_из_стиха": ""}'
CP.P2.II.48	b.JDG.20.32	0			'{"score": 0, "цитата_из_романа": "", "цитата_из_стиха": ""}'
CP.P2.II.48	b.ISA.57.10	0			'{"score": 0, "цитата_из_романа": "", "цитата_из_стиха": ""}'
CP.P2.II.48	b.EXO.10.19	0			'{"score": 0, "цитата_из_романа": "", "цитата_из_стиха": ""}'
CP.P2.II.48	b.PSA.45.10	0			'{"score": 0, "цитата_из_романа": "", "цитата_из_стиха": ""}'
CP.P2.II.48	b.HEB.6.11	0			'{"score": 0, "цитата_из_романа": "", "цитата_из_стиха": ""}'
CP.P2.II.48	b.JER.28.16	0			'{"score": 0, "цитата_из_романа": "", "цитата_из_стиха": ""}'
CP.P2.II.48	b.JDG.16.20	2	прошел шагов десять и оборотился	пошел, как и прежде	'{"score": 2, "цитата_из_романа": "прошел шагов десять и оборотился", "цитата_из_стиха": "пошел, как и прежде"}'
CP.P2.II.48	b.NUM.28.8	0			'{"score": 0, "цитата_из_романа": "", "цитата_из_стиха": ""}'
CP.P2.II.48	b.ZEC.5.8	0			'{"score": 0, "цитата_из_романа": "", "цитата_из_стиха": ""}'
CP.P2.II.48	b.JOS.20.6	0			'{"score": 0, "цитата_из_романа": "", "цитата_из_стиха": ""}'
CP.P2.II.48	b.ACT.3.12	0			'{"score": 0, "цитата_из_романа": "", "цитата_из_стиха": ""}'
CP.P2.II.48	b.EZE.40.3	0			'{"score": 0, "цитата_из_романа": "", "цитата_из_стиха": ""}'
CP.P2.II.48	b.LUK.19.41	2	Он стоял и смотрел вдаль долго и пристально; это место было ему особенно знакомо. Когда он ходил в университет, то обыкновенно, -- чаще всего, возвращаясь домой, -- случалось ему, может быть раз сто, останавливаться именно на этом же самом месте пристально вглядываться в эту действительно великолепную панораму и каждый раз почти удивляться одному неясному и неразрешимому своему впечатлению.	И когда приблизился к городу, то, смотря на него, заплакал о нем	'{"score": 2, "цитата_из_романа": "Он стоял и смотрел вдаль долго и пристально; это место было ему особенно знакомо. Когда он ходил в университет, то обыкновенно, -- чаще всего, возвращаясь домой, -- с'
CP.P2.II.48	b.EZE.1.27	0			'{"score": 0, "цитата_из_романа": "", "цитата_из_стиха": ""}'
CP.P2.II.48	b.ZEC.14.15	0			'{"score": 0, "цитата_из_романа": "", "цитата_из_стиха": ""}'
CP.P2.II.48	b.LEV.13.32	0			'{"score": 0, "цитата_из_романа": "", "цитата_из_стиха": ""}'
CP.P6.VIII.24	b.NUM.2.17	0	припомнив это	как стоят, так и должны идти	'{"score": 0, "цитата_из_романа": "припомнив это", "цитата_из_стиха": "как стоят, так и должны идти"}'
CP.P6.VIII.24	b.MAR.14.72	2	поцелуй землю	поклонись народу	'{"score": 2, "цитата_из_романа": "поцелуй землю", "цитата_из_стиха": "поклонись народу"}'
CP.P6.VIII.24	b.GEN.4.5	0	поклонись народу, поцелуй землю	не призрел	'{"score": 0, "цитата_из_романа": "поклонись народу, поцелуй землю", "цитата_из_стиха": "не призрел"}'
CP.P6.VIII.24	b.HAB.3.6	0	поклонись народу	воззрел, и в трепет привел народы	'{"score": 0, "цитата_из_романа": "поклонись народу", "цитата_из_стиха": "воззрел, и в трепет привел народы"}'
CP.P6.VIII.24	b.REV.13.3	0	поклонись народу	поклонились дракону	'{"score": 0, "цитата_из_романа": "поклонись народу", "цитата_из_стиха": "поклонились дракону"}'
CP.P6.VIII.24	b.ECC.9.14	0			'{"score": 0, "цитата_из_романа": "", "цитата_из_стиха": ""}'
CP.P6.VIII.24	b.JER.50.7	1	поцелуй землю, потому что ты и пред ней согрешил	потому что они согрешили пред Господом	'{"score": 1, "цитата_из_романа": "поцелуй землю, потому что ты и пред ней согрешил", "цитата_из_стиха": "потому что они согрешили пред Господом"}'
CP.P6.VIII.24	b.EZE.22.4	2	поцелуй землю, потому что ты и пред ней согрешил	кровью, которую ты пролил, ты сделал себя виновным	'{"score": 2, "цитата_из_романа": "поцелуй землю, потому что ты и пред ней согрешил", "цитата_из_стиха": "кровью, которую ты пролил, ты сделал себя виновным"}'
CP.P6.VIII.24	b.DEU.31.28	0			'{"score": 0, "цитата_из_романа": "", "цитата_из_стиха": ""}'
CP.P6.VIII.24	b.EZE.28.16	2	поцелуй землю, потому что ты и пред ней согрешил	ты согрешил	'{"score": 2, "цитата_из_романа": "поцелуй землю, потому что ты и пред ней согрешил", "цитата_из_стиха": "ты согрешил"}'
CP.P6.VIII.24	b.NEH.8.7	0			'{"score": 0, "цитата_из_романа": "", "цитата_из_стиха": ""}'
CP.P6.VIII.24	b.JER.50.15	0	поклонись народу, поцелуй землю	поднимите крик против него со всех сторон	'{"score": 0, "цитата_из_романа": "поклонись народу, поцелуй землю", "цитата_из_стиха": "поднимите крик против него со всех сторон"}'
CP.P6.VIII.24	b.2KI.10.9	2	поклонись народу, поцелуй землю	и сказал всему народу	'{"score": 2, "цитата_из_романа": "поклонись народу, поцелуй землю", "цитата_из_стиха": "и сказал всему народу"}'
CP.P6.VIII.24	b.PSA.105.42	0			'{"score": 0, "цитата_из_романа": "", "цитата_из_стиха": ""}'
CP.P6.VIII.24	b.ACT.11.16	0	поклонись народу, поцелуй землю	крещены Духом Святым	'{"score": 0, "цитата_из_романа": "поклонись народу, поцелуй землю", "цитата_из_стиха": "крещены Духом Святым"}'
CP.P6.VIII.24	b.ECC.8.9	0			'{"score": 0, "цитата_из_романа": "", "цитата_из_стиха": ""}'
CP.P6.VIII.24	b.LAM.1.2	2	поцелуй землю	поцелуй земли	'{"score": 2, "цитата_из_романа": "поцелуй землю", "цитата_из_стиха": "поцелуй земли"}'
CP.P6.VIII.24	b.ROM.5.12	0	согрешил	в нем все согрешили	'{"score": 0, "цитата_из_романа": "согрешил", "цитата_из_стиха": "в нем все согрешили"}'
CP.P6.VIII.24	b.ROM.3.23	2	потому что ты и пред ней согрешил	потому что все согрешили	'{"score": 2, "цитата_из_романа": "потому что ты и пред ней согрешил", "цитата_из_стиха": "потому что все согрешили"}'
CP.P6.VIII.24	b.ACT.7.60	2	поклонись народу	преклонив колени	'{"score": 2, "цитата_из_романа": "поклонись народу", "цитата_из_стиха": "преклонив колени"}'
CP.P6.VIII.24	b.DAN.9.8	2	поцелуй землю, потому что ты и пред ней согрешил	потому что мы согрешили пред Тобою	'{"score": 2, "цитата_из_романа": "поцелуй землю, потому что ты и пред ней согрешил", "цитата_из_стиха": "потому что мы согрешили пред Тобою"}'
CP.P6.VIII.24	b.MAR.9.20	3	упал на землю	упал на землю	'{"score": 3, "цитата_из_романа": "упал на землю", "цитата_из_стиха": "упал на землю"}'
CP.P6.VIII.24	b.2SA.3.34	2	пал на землю	пал, как падают от разбойников	'{"score": 2, "цитата_из_романа": "пал на землю", "цитата_из_стиха": "пал, как падают от разбойников"}'
CP.P6.VIII.24	b.MAT.26.75	2	поклонись народу, поцелуй землю	отрекся	'{"score": 2, "цитата_из_романа": "поклонись народу, поцелуй землю", "цитата_из_стиха": "отрекся"}'
CP.P6.VIII.24	b.MIC.7.9	2	поцелуй землю, потому что ты и пред ней согрешил	потому что согрешил пред Ним	'{"score": 2, "цитата_из_романа": "поцелуй землю, потому что ты и пред ней согрешил", "цитата_из_стиха": "потому что согрешил пред Ним"}'
CP.P6.VIII.24	b.REV.1.7	0	поклонись народу, поцелуй землю	возрыдают пред Ним все племена земные	'{"score": 0, "цитата_из_романа": "поклонись народу, поцелуй землю", "цитата_из_стиха": "возрыдают пред Ним все племена земные"}'
CP.P6.VIII.24	b.JER.28.7	2	поклонись народу, поцелуй землю	вслух тебе и вслух всего народа	'{"score": 2, "цитата_из_романа": "поклонись народу, поцелуй землю", "цитата_из_стиха": "вслух тебе и вслух всего народа"}'
CP.P6.VIII.24	b.DAN.10.9	3	пал он на землю	пал я на лице мое и лежал лицем к земле	'{"score": 3, "цитата_из_романа": "пал он на землю", "цитата_из_стиха": "пал я на лице мое и лежал лицем к земле"}'
CP.P6.VIII.24	b.MAR.3.5	0	поклонись народу, поцелуй землю	протяни руку твою	'{"score": 0, "цитата_из_романа": "поклонись народу, поцелуй землю", "цитата_из_стиха": "протяни руку твою"}'
CP.P6.VIII.24	b.JER.20.9	3	горящий огонь	как бы горящий огонь	'{"score": 3, "цитата_из_романа": "горящий огонь", "цитата_из_стиха": "как бы горящий огонь"}'
CP.P6.VIII.24	b.ACT.9.4	3	упал он на землю	упал на землю	'{"score": 3, "цитата_из_романа": "упал он на землю", "цитата_из_стиха": "упал на землю"}'
CP.P6.VIII.24	b.LAM.1.20	2	поклонись народу, поцелуй землю	воззри, Господи, ибо мне тесно	'{"score": 2, "цитата_из_романа": "поклонись народу, поцелуй землю", "цитата_из_стиха": "воззри, Господи, ибо мне тесно"}'
CP.P6.VIII.24	b.NUM.16.45	2	поклонись народу	отсторонитесь от общества сего	'{"score": 2, "цитата_из_романа": "поклонись народу", "цитата_из_стиха": "отсторонитесь от общества сего"}'
CP.P6.VIII.24	b.MAT.18.26	2	поклонись народу	пал, и, кланяясь ему	'{"score": 2, "цитата_из_романа": "поклонись народу", "цитата_из_стиха": "пал, и, кланяясь ему"}'
CP.P6.VIII.24	b.LUK.22.61	0	поклонись народу, поцелуй землю	пометать	'{"score": 0, "цитата_из_романа": "поклонись народу, поцелуй землю", "цитата_из_стиха": "пометать"}'
CP.P6.VIII.24	b.2CH.34.27	3	разодрал одежды свои, и плакал	разодрал одежды свои, и плакал	'{"score": 3, "цитата_из_романа": "разодрал одежды свои, и плакал", "цитата_из_стиха": "разодрал одежды свои, и плакал"}'
CP.P6.VIII.24	b.JER.40.3	2	поди на перекресток, поклонись народу, поцелуй землю, потому что ты и пред ней согрешил	потому что вы согрешили пред Господом	'{"score": 2, "цитата_из_романа": "поди на перекресток, поклонись народу, поцелуй землю, потому что ты и пред ней согрешил", "цитата_из_стиха": "потому что вы согрешили пред Господом"}'
CP.P6.VIII.24	b.LUK.7.38	3	поцелуй землю	целовала ноги Его	'{"score": 3, "цитата_из_романа": "поцелуй землю", "цитата_из_стиха": "целовала ноги Его"}'
CP.P6.VIII.24	b.LUK.24.8	2	вспомнил слова	вспомнили они слова Его	'{"score": 2, "цитата_из_романа": "вспомнил слова", "цитата_из_стиха": "вспомнили они слова Его"}'
CP.P6.VIII.24	b.ZEP.1.17	0	поцелуй землю	поцелуй земли	'{"score": 0, "цитата_из_романа": "поцелуй землю", "цитата_из_стиха": "поцелуй земли"}'
CP.P6.VIII.24	b.DAN.8.17	2	поклонись народу, поцелуй землю	подошел к тому месту, где я стоял, и когда он пришел, я ужаснулся и пал на лице мое	'{"score": 2, "цитата_из_романа": "поклонись народу, поцелуй землю", "цитата_из_стиха": "подошел к тому месту, где я стоял, и когда он пришел, я ужаснулся и пал на лице мое"}'
CP.P6.VIII.24	b.1KI.13.1	0			'{"score": 0, "цитата_из_романа": "", "цитата_из_стиха": ""}'
CP.P6.VIII.24	b.1JO.3.8	0	поцелуй землю	согрешил	'{"score": 0, "цитата_из_романа": "поцелуй землю", "цитата_из_стиха": "согрешил"}'
CP.P6.VIII.24	b.1SA.17.49	0	поклонись народу, поцелуй землю	поразил Филистимлянина в лоб, и он упал лицем на землю	'{"score": 0, "цитата_из_романа": "поклонись народу, поцелуй землю", "цитата_из_стиха": "поразил Филистимлянина в лоб, и он упал лицем на землю"}'
CP.P6.VIII.24	b.PSA.47.8	0			'{"score": 0, "цитата_из_романа": "", "цитата_из_стиха": ""}'
CP.P1.II.17	b.ISA.54.4	2	не смущайся, ибо уже всем все известно и все тайное становиться явным	не смущайся, ибо не будешь в поругании	'{"score": 2, "цитата_из_романа": "не смущайся, ибо уже всем все известно и все тайное становиться явным", "цитата_из_стиха": "не смущайся, ибо не будешь в поругании"}'
CP.P1.II.17	b.GEN.19.20	0			'{"score": 0, "цитата_из_романа": "", "цитата_из_стиха": ""}'
CP.P1.II.17	b.ECC.12.14	2	все тайное становиться явным	все тайное	'{"score": 2, "цитата_из_романа": "все тайное становиться явным", "цитата_из_стиха": "все тайное"}'
CP.P1.II.17	b.1KI.18.12	0			'{"score": 0, "цитата_из_романа": "", "цитата_из_стиха": ""}'
CP.P1.II.17	b.NUM.10.13	0			'{"score": 0, "цитата_из_романа": "", "цитата_из_стиха": ""}'
CP.P1.II.17	b.GEN.12.19	0			'{"score": 0, "цитата_из_романа": "", "цитата_из_стиха": ""}'
CP.P1.II.17	b.2SA.17.12	0			'{"score": 0, "цитата_из_романа": "", "цитата_из_стиха": ""}'
CP.P1.II.17	b.MAT.11.16	0			'{"score": 0, "цитата_из_романа": "", "цитата_из_стиха": ""}'
CP.P1.II.17	b.JER.11.12	0			'{"score": 0, "цитата_из_романа": "", "цитата_из_стиха": ""}'
CP.P1.II.17	b.2KI.16.5	0			'{"score": 0, "цитата_из_романа": "", "цитата_из_стиха": ""}'
CP.P1.II.17	b.JOH.18.28	0	не к кому, идти некуда	не вошли в преторию	'{"score": 0, "цитата_из_романа": "не к кому, идти некуда", "цитата_из_стиха": "не вошли в преторию"}'
CP.P1.II.17	b.ACT.7.12	0	в первый раз	в первый раз	'{"score": 0, "цитата_из_романа": "в первый раз", "цитата_из_стиха": "в первый раз"}'
CP.P1.II.17	b.1CH.16.7	0			'{"score": 0, "цитата_из_романа": "", "цитата_из_стиха": ""}'
CP.P1.II.17	b.LUK.22.27	2	ибо уже всем все известно и все тайное становиться явным	все тайное становиться явным	'{"score": 2, "цитата_из_романа": "ибо уже всем все известно и все тайное становиться явным", "цитата_из_стиха": "все тайное становиться явным"}'
CP.P1.II.17	b.GEN.30.33	0			'{"score": 0, "цитата_из_романа": "", "цитата_из_стиха": ""}'
CP.P1.II.17	b.ISA.43.9	2	все тайное становиться явным	все тайны явятся	'{"score": 2, "цитата_из_романа": "все тайное становиться явным", "цитата_из_стиха": "все тайны явятся"}'
CP.P1.II.17	b.EZE.30.18	0			'{"score": 0, "цитата_из_романа": "", "цитата_из_стиха": ""}'
CP.P1.II.17	b.LUK.9.57	0			'{"score": 0, "цитата_из_романа": "", "цитата_из_стиха": ""}'
CP.P1.II.17	b.JOH.8.22	0			'{"score": 0, "цитата_из_романа": "", "цитата_из_стиха": ""}'
CP.P1.II.17	b.HAB.2.19	0			'{"score": 0, "цитата_из_романа": "", "цитата_из_стиха": ""}'
CP.P1.II.17	b.2KI.4.23	0			'{"score": 0, "цитата_из_романа": "", "цитата_из_стиха": ""}'
CP.P1.II.17	b.LUK.22.26	0			'{"score": 0, "цитата_из_романа": "", "цитата_из_стиха": ""}'
CP.P1.II.17	b.ACT.23.29	0			'{"score": 0, "цитата_из_романа": "", "цитата_из_стиха": ""}'
CP.P1.II.17	b.GEN.31.10	0	не к кому, идти некуда	скот зачинает	'{"score": 0, "цитата_из_романа": "не к кому, идти некуда", "цитата_из_стиха": "скот зачинает"}'
CP.P1.II.17	b.GAL.4.12	0			'{"score": 0, "цитата_из_романа": "", "цитата_из_стиха": ""}'
CP.P1.II.17	b.ISA.41.26	0	не к кому, коли идти больше некуда	никто не сказал, никто не возвестил	'{"score": 0, "цитата_из_романа": "не к кому, коли идти больше некуда", "цитата_из_стиха": "никто не сказал, никто не возвестил"}'
CP.P1.II.17	b.EPH.6.11	0			'{"score": 0, "цитата_из_романа": "", "цитата_из_стиха": ""}'
CP.P1.II.17	b.2SA.16.19	0			'{"score": 0, "цитата_из_романа": "", "цитата_из_стиха": ""}'
CP.P1.II.17	b.MAT.8.9	0			'{"score": 0, "цитата_из_романа": "", "цитата_из_стиха": ""}'
CP.P1.II.17	b.RUT.4.4	2	ибо кроме тебя некому выкупить	ибо кроме тебя некому выкупить	'{"score": 2, "цитата_из_романа": "ибо кроме тебя некому выкупить", "цитата_из_стиха": "ибо кроме тебя некому выкупить"}'
CP.P1.II.17	b.JER.13.21	0	не к кому, идти некуда	когда Он посетит тебя	'{"score": 0, "цитата_из_романа": "не к кому, идти некуда", "цитата_из_стиха": "когда Он посетит тебя"}'
CP.P1.II.17	b.LEV.11.26	0			'{"score": 0, "цитата_из_романа": "", "цитата_из_стиха": ""}'
CP.P1.II.17	b.1KI.20.9	0			'{"score": 0, "цитата_из_романа": "", "цитата_из_стиха": ""}'
CP.P1.II.17	b.PRO.17.7	0			'{"score": 0, "цитата_из_романа": "", "цитата_из_стиха": ""}'
CP.P1.II.17	b.JOH.8.21	0			'{"score": 0, "цитата_из_романа": "", "цитата_из_стиха": ""}'
CP.P1.II.17	b.EXO.34.9	0			'{"score": 0, "цитата_из_романа": "", "цитата_из_стиха": ""}'
CP.P1.II.17	b.1CH.17.17	2	взирая в сей час на меня	взираешь на меня	'{"score": 2, "цитата_из_романа": "взирая в сей час на меня", "цитата_из_стиха": "взираешь на меня"}'
CP.P1.II.17	b.JDG.1.12	0			'{"score": 0, "цитата_из_романа": "", "цитата_из_стиха": ""}'
CP.P1.II.17	b.ACT.27.12	0			'{"score": 0, "цитата_из_романа": "", "цитата_из_стиха": ""}'
CP.P1.II.17	b.2TI.2.7	0			'{"score": 0, "цитата_из_романа": "", "цитата_из_стиха": ""}'
CP.P1.II.17	b.MAT.22.15	0			'{"score": 0, "цитата_из_романа": "", "цитата_из_стиха": ""}'
CP.P1.II.17	b.ACT.5.26	0			'{"score": 0, "цитата_из_романа": "", "цитата_из_стиха": ""}'
CP.P1.II.17	b.JOB.21.4	2	все тайное становиться явным	как же мне и не малодушествовать	'{"score": 2, "цитата_из_романа": "все тайное становиться явным", "цитата_из_стиха": "как же мне и не малодушествовать"}'
CP.P1.II.17	b.GAL.4.13	2	в первый раз	в первый раз	'{"score": 2, "цитата_из_романа": "в первый раз", "цитата_из_стиха": "в первый раз"}'
CP.P1.II.17	b.LAM.1.17	0			'{"score": 0, "цитата_из_романа": "", "цитата_из_стиха": ""}'
CP.P1.II.17	b.JER.4.31	2	ибо уже всем все известно и все тайное становиться явным	все тайное становиться явным	'{"score": 2, "цитата_из_романа": "ибо уже всем все известно и все тайное становиться явным", "цитата_из_стиха": "все тайное становиться явным"}'
CP.P1.II.17	b.1KI.3.26	0			'{"score": 0, "цитата_из_романа": "", "цитата_из_стиха": ""}'
CP.P1.II.17	b.ROM.1.13	0			'{"score": 0, "цитата_из_романа": "", "цитата_из_стиха": ""}'
CP.P1.II.17	b.JOS.15.16	0			'{"score": 0, "цитата_из_романа": "", "цитата_из_стиха": ""}'
CP.P1.II.17	b.NUM.10.9	0			'{"score": 0, "цитата_из_романа": "", "цитата_из_стиха": ""}'
CP.P1.II.17	b.DEU.30.12	2	ибо уже всем все известно и все тайное становиться явным	все тайное становиться явным	'{"score": 2, "цитата_из_романа": "ибо уже всем все известно и все тайное становиться явным", "цитата_из_стиха": "все тайное становиться явным"}'
CP.P1.II.17	b.JER.13.23	2	не можете ли вы, а осмелитесь ли вы	может ли Ефиоплянин переменить кожу свою	'{"score": 2, "цитата_из_романа": "не можете ли вы, а осмелитесь ли вы", "цитата_из_стиха": "может ли Ефиоплянин переменить кожу свою"}'
CP.P1.II.17	b.MAT.26.40	0			'{"score": 0, "цитата_из_романа": "", "цитата_из_стиха": ""}'
CP.P1.II.17	b.JOB.38.35	2	не можете ли вы... осмелитесь ли вы	не можете ли вы	'{"score": 2, "цитата_из_романа": "не можете ли вы... осмелитесь ли вы", "цитата_из_стиха": "не можете ли вы"}'
CP.P1.II.17	b.DEU.30.13	0	не к кому, коли идти больше некуда	кто сходил бы для нас за море и принес бы ее нам	'{"score": 0, "цитата_из_романа": "не к кому, коли идти больше некуда", "цитата_из_стиха": "кто сходил бы для нас за море и принес бы ее нам"}'
CP.P1.II.17	b.DEU.25.9	0			'{"score": 0, "цитата_из_романа": "", "цитата_из_стиха": ""}'
CP.P1.II.17	b.ISA.41.10	2	не смущайся, ибо уже всем все известно и все тайное становиться явным	не смущайся, ибо Я Бог твой	'{"score": 2, "цитата_из_романа": "не смущайся, ибо уже всем все известно и все тайное становиться явным", "цитата_из_стиха": "не смущайся, ибо Я Бог твой"}'
CP.P1.II.17	b.PRO.3.23	0			'{"score": 0, "цитата_из_романа": "", "цитата_из_стиха": ""}'
CP.P1.II.17	b.MAT.26.14	0			'{"score": 0, "цитата_из_романа": "", "цитата_из_стиха": ""}'
CP.P1.II.17	b.GAL.5.3	0			'{"score": 0, "цитата_из_романа": "", "цитата_из_стиха": ""}'
CP.P1.II.17	b.2TI.2.9	0			'{"score": 0, "цитата_из_романа": "", "цитата_из_стиха": ""}'
CP.P1.II.17	b.ACT.11.26	0			'{"score": 0, "цитата_из_романа": "", "цитата_из_стиха": ""}'
CP.P1.II.17	b.ISA.44.7	0	все тайное становиться явным	все с того времени	'{"score": 0, "цитата_из_романа": "все тайное становиться явным", "цитата_из_стиха": "все с того времени"}'
CP.P1.II.17	b.RUT.1.13	1	все тайное становиться явным	все тайное	'{"score": 1, "цитата_из_романа": "все тайное становиться явным", "цитата_из_стиха": "все тайное"}'
CP.P1.II.17	b.JOH.21.18	3	ибо уже всем все известно и все тайное становиться явным	все тайное становиться явным	'{"score": 3, "цитата_из_романа": "ибо уже всем все известно и все тайное становиться явным", "цитата_из_стиха": "все тайное становиться явным"}'
CP.P1.II.17	b.RUT.2.2	0			'{"score": 0, "цитата_из_романа": "", "цитата_из_стиха": ""}'
CP.P1.II.17	b.2SA.13.13	0			'{"score": 0, "цитата_из_романа": "", "цитата_из_стиха": ""}'
CP.P1.II.17	b.JDG.20.26	0			'{"score": 0, "цитата_из_романа": "", "цитата_из_стиха": ""}'
CP.P1.II.17	b.2KI.15.16	0			'{"score": 0, "цитата_из_романа": "", "цитата_из_стиха": ""}'
CP.P5.I.31	b.1SA.28.8	0			'{"score": 0, "цитата_из_романа": "", "цитата_из_стиха": ""}'
CP.P5.I.31	b.ECC.2.24	0			'{"score": 0, "цитата_из_романа": "", "цитата_из_стиха": ""}'
CP.P5.I.31	b.JOH.9.3	0			'{"score": 0, "цитата_из_романа": "", "цитата_из_стиха": ""}'
CP.P5.I.31	b.JOH.5.34	0			'{"score": 0, "цитата_из_романа": "", "цитата_из_стиха": ""}'
CP.P5.I.31	b.HEB.9.25	0			'{"score": 0, "цитата_из_романа": "", "цитата_из_стиха": ""}'
CP.P5.I.31	b.MIC.4.9	0			'{"score": 0, "цитата_из_романа": "", "цитата_из_стиха": ""}'
CP.P5.I.31	b.GEN.12.19	0			'{"score": 0, "цитата_из_романа": "", "цитата_из_стиха": ""}'
CP.P5.I.31	b.2CO.12.13	0			'{"score": 0, "цитата_из_романа": "", "цитата_из_стиха": ""}'
CP.P5.I.31	b.DEU.12.23	0			'{"score": 0, "цитата_из_романа": "", "цитата_из_стиха": ""}'
CP.P5.I.31	b.JOB.33.10	0			'{"score": 0, "цитата_из_романа": "", "цитата_из_стиха": ""}'
CP.P5.I.31	b.GAL.1.7	0			'{"score": 0, "цитата_из_романа": "", "цитата_из_стиха": ""}'
CP.P5.I.31	b.NUM.15.39	0			'{"score": 0, "цитата_из_романа": "", "цитата_из_стиха": ""}'
CP.P5.I.31	b.JOB.6.26	0			'{"score": 0, "цитата_из_романа": "", "цитата_из_стиха": ""}'
CP.P5.I.31	b.JOH.10.10	0			'{"score": 0, "цитата_из_романа": "", "цитата_из_стиха": ""}'
CP.P5.I.31	b.ACT.23.14	0			'{"score": 0, "цитата_из_романа": "", "цитата_из_стиха": ""}'
CP.P5.I.31	b.ISA.36.12	0			'{"score": 0, "цитата_из_романа": "", "цитата_из_стиха": ""}'
CP.P5.I.31	b.2CO.8.14	0			'{"score": 0, "цитата_из_романа": "", "цитата_из_стиха": ""}'
CP.P5.I.31	b.ROM.11.20	0			'{"score": 0, "цитата_из_романа": "", "цитата_из_стиха": ""}'
CP.P5.I.31	b.2KI.18.20	0			'{"score": 0, "цитата_из_романа": "", "цитата_из_стиха": ""}'
CP.P5.I.31	b.MAT.19.8	0			'{"score": 0, "цитата_из_романа": "", "цитата_из_стиха": ""}'
CP.P5.I.31	b.LEV.17.5	0			'{"score": 0, "цитата_из_романа": "", "цитата_из_стиха": ""}'
CP.P5.I.31	b.MAT.5.13	0			'{"score": 0, "цитата_из_романа": "", "цитата_из_стиха": ""}'
CP.P5.I.31	b.EZE.18.30	0			'{"score": 0, "цитата_из_романа": "", "цитата_из_стиха": ""}'
CP.P5.I.31	b.GEN.18.19	0			'{"score": 0, "цитата_из_романа": "", "цитата_из_стиха": ""}'
CP.P5.I.31	b.ISA.54.11	0			'{"score": 0, "цитата_из_романа": "", "цитата_из_стиха": ""}'
CP.P5.I.31	b.1CO.6.7	0			'{"score": 0, "цитата_из_романа": "", "цитата_из_стиха": ""}'
CP.P5.I.31	b.GEN.35.6	0			'{"score": 0, "цитата_из_романа": "", "цитата_из_стиха": ""}'
CP.P5.I.31	b.EZE.44.3	0			'{"score": 0, "цитата_из_романа": "", "цитата_из_стиха": ""}'
CP.P5.I.31	b.LEV.20.14	0			'{"score": 0, "цитата_из_романа": "", "цитата_из_стиха": ""}'
CP.P5.I.31	b.EZE.6.6	0			'{"score": 0, "цитата_из_романа": "", "цитата_из_стиха": ""}'
CP.P5.I.31	b.JOB.19.28	0			'{"score": 0, "цитата_из_романа": "", "цитата_из_стиха": ""}'
CP.P5.I.31	b.NEH.6.8	0			'{"score": 0, "цитата_из_романа": "", "цитата_из_стиха": ""}'
CP.P5.I.31	b.JER.2.21	0			'{"score": 0, "цитата_из_романа": "", "цитата_из_стиха": ""}'
CP.P5.I.31	b.1KI.10.3	0			'{"score": 0, "цитата_из_романа": "", "цитата_из_стиха": ""}'
CP.P5.I.31	b.JOH.16.4	0			'{"score": 0, "цитата_из_романа": "", "цитата_из_стиха": ""}'
CP.P5.I.31	b.ISA.59.1	0			'{"score": 0, "цитата_из_романа": "", "цитата_из_стиха": ""}'
CP.P5.I.31	b.MAL.3.10	0			'{"score": 0, "цитата_из_романа": "", "цитата_из_стиха": ""}'
CP.P5.I.31	b.PSA.149.7	0			'{"score": 0, "цитата_из_романа": "", "цитата_из_стиха": ""}'
CP.P5.I.31	b.JOH.8.43	0			'{"score": 0, "цитата_из_романа": "", "цитата_из_стиха": ""}'
CP.P5.I.31	b.TIT.3.13	0			'{"score": 0, "цитата_из_романа": "", "цитата_из_стиха": ""}'
CP.P5.I.31	b.PRO.17.7	0			'{"score": 0, "цитата_из_романа": "", "цитата_из_стиха": ""}'
CP.P5.I.31	b.GAL.6.12	0			'{"score": 0, "цитата_из_романа": "", "цитата_из_стиха": ""}'
CP.P5.I.31	b.PSA.59.13	0			'{"score": 0, "цитата_из_романа": "", "цитата_из_стиха": ""}'
CP.P5.I.31	b.HAG.2.3	2	все зависит, в какой обстановке и в какой среде человек. Все от среды, а сам человек есть ничто	не есть ли он в глазах ваших как бы ничто	'{"score": 2, "цитата_из_романа": "все зависит, в какой обстановке и в какой среде человек. Все от среды, а сам человек есть ничто", "цитата_из_стиха": "не есть ли он в глазах ваших как бы ничто"}'
CP.P5.I.31	b.JOB.10.16	0			'{"score": 0, "цитата_из_романа": "", "цитата_из_стиха": ""}'
CP.P5.I.31	b.JOH.6.38	0			'{"score": 0, "цитата_из_романа": "", "цитата_из_стиха": ""}'
CP.P5.I.31	b.HEB.12.19	0			'{"score": 0, "цитата_из_романа": "", "цитата_из_стиха": ""}'
CP.P5.I.31	b.2CO.12.11	2	Я соблазняю ее теперь в коммуну, но только совсем, совсем, совсем на других основаниях!	Я дошел до неразумия, хвалясь; вы меня к сему принудили.	'{"score": 2, "цитата_из_романа": "Я соблазняю ее теперь в коммуну, но только совсем, совсем, совсем на других основаниях!", "цитата_из_стиха": "Я дошел до неразумия, хвалясь; вы меня к сему принудили.'
CP.P5.I.31	b.1KI.8.9	0			'{"score": 0, "цитата_из_романа": "", "цитата_из_стиха": ""}'
CP.P5.I.31	b.1KI.10.21	0			'{"score": 0, "цитата_из_романа": "", "цитата_из_стиха": ""}'
CP.P5.I.31	b.ROM.4.16	0			'{"score": 0, "цитата_из_романа": "", "цитата_из_стиха": ""}'
CP.P5.I.31	b.ISA.29.14	2	все зависит, в какой обстановке и в какой среде человек. Все от среды, а сам человек есть ничто	мудрость мудрецов его погибнет, и разума у разумных его не станет	'{"score": 2, "цитата_из_романа": "все зависит, в какой обстановке и в какой среде человек. Все от среды, а сам человек есть ничто", "цитата_из_стиха": "мудрость мудрецов его погибнет, и разума у разум'
CP.P5.I.31	b.JOB.13.24	2	считаю меня своим врагом	считаешь меня врагом Тебе	'{"score": 2, "цитата_из_романа": "считаю меня своим врагом", "цитата_из_стиха": "считаешь меня врагом Тебе"}'
CP.P5.I.31	b.ISA.50.2	0			'{"score": 0, "цитата_из_романа": "", "цитата_из_стиха": ""}'
CP.P5.I.31	b.JOS.14.11	0			'{"score": 0, "цитата_из_романа": "", "цитата_из_стиха": ""}'
CP.P5.I.31	b.2SA.13.25	0			'{"score": 0, "цитата_из_романа": "", "цитата_из_стиха": ""}'
CP.P5.I.31	b.JAM.5.17	0			'{"score": 0, "цитата_из_романа": "", "цитата_из_стиха": ""}'
CP.P5.I.31	b.REV.9.15	0			'{"score": 0, "цитата_из_романа": "", "цитата_из_стиха": ""}'
CP.P5.I.31	b.1SA.27.3	0			'{"score": 0, "цитата_из_романа": "", "цитата_из_стиха": ""}'
CP.P5.I.31	b.ISA.58.4	0			'{"score": 0, "цитата_из_романа": "", "цитата_из_стиха": ""}'
CP.P5.I.31	b.NUM.32.32	0			'{"score": 0, "цитата_из_романа": "", "цитата_из_стиха": ""}'
CP.P5.I.31	b.JOS.11.20	0			'{"score": 0, "цитата_из_романа": "", "цитата_из_стиха": ""}'
CP.P5.I.31	b.JER.14.4	0			'{"score": 0, "цитата_из_романа": "", "цитата_из_стиха": ""}'
CP.P5.I.31	b.2CO.11.21	0			'{"score": 0, "цитата_из_романа": "", "цитата_из_стиха": ""}'
CP.P5.I.31	b.1CO.3.18	2	Я соблазняю ее теперь в коммуну, но только совсем, совсем, совсем на других основаниях!	Если кто из вас думает быть мудрым в веке сем, тот будь безумным, чтобы быть мудрым.	'{"score": 2, "цитата_из_романа": "Я соблазняю ее теперь в коммуну, но только совсем, совсем, совсем на других основаниях!", "цитата_из_стиха": "Если кто из вас думает быть мудрым в веке сем, тот будь '
CP.P5.I.31	b.2CH.9.6	0			'{"score": 0, "цитата_из_романа": "", "цитата_из_стиха": ""}'
CP.P5.I.31	b.EXO.21.19	0			'{"score": 0, "цитата_из_романа": "", "цитата_из_стиха": ""}'
CP.P5.I.31	b.NUM.16.45	0			'{"score": 0, "цитата_из_романа": "", "цитата_из_стиха": ""}'
CP.P5.I.31	b.JDG.14.6	0			'{"score": 0, "цитата_из_романа": "", "цитата_из_стиха": ""}'
CP.P5.I.31	b.NUM.1.53	0			'{"score": 0, "цитата_из_романа": "", "цитата_из_стиха": ""}'
CP.P5.I.31	b.JOB.19.15	0			'{"score": 0, "цитата_из_романа": "", "цитата_из_стиха": ""}'
CP.P5.I.31	b.DAN.6.2	0			'{"score": 0, "цитата_из_романа": "", "цитата_из_стиха": ""}'
CP.P5.I.31	b.ISA.9.3	0			'{"score": 0, "цитата_из_романа": "", "цитата_из_стиха": ""}'
CP.P5.I.31	b.EZE.31.14	0			'{"score": 0, "цитата_из_романа": "", "цитата_из_стиха": ""}'
CP.P5.I.31	b.NUM.29.38	0			'{"score": 0, "цитата_из_романа": "", "цитата_из_стиха": ""}'
CP.P4.IV.124	b.GEN.24.21	2	Не там смотрите	смотрел на нее	'{"score": 2, "цитата_из_романа": "Не там смотрите", "цитата_из_стиха": "смотрел на нее"}'
CP.P4.IV.124	b.RUT.2.13	0	Не там смотрите	да буду я в милости пред очами твоими	'{"score": 0, "цитата_из_романа": "Не там смотрите", "цитата_из_стиха": "да буду я в милости пред очами твоими"}'
CP.P4.IV.124	b.JER.3.7	0	Не там смотрите	возвратись ко Мне	'{"score": 0, "цитата_из_романа": "Не там смотрите", "цитата_из_стиха": "возвратись ко Мне"}'
CP.P4.IV.124	b.GEN.39.14	0	Не там смотрите	посмотрите	'{"score": 0, "цитата_из_романа": "Не там смотрите", "цитата_из_стиха": "посмотрите"}'
CP.P4.IV.124	b.PRO.9.16	0	Не там смотрите	обратись сюда	'{"score": 0, "цитата_из_романа": "Не там смотрите", "цитата_из_стиха": "обратись сюда"}'
CP.P4.IV.124	b.JOH.8.11	2	в четвертом евангелии	в четвертом евангелии	'{"score": 2, "цитата_из_романа": "в четвертом евангелии", "цитата_из_стиха": "в четвертом евангелии"}'
CP.P4.IV.124	b.JER.3.10	0	четвертом евангелии	Иудея	'{"score": 0, "цитата_из_романа": "четвертом евангелии", "цитата_из_стиха": "Иудея"}'
CP.P4.IV.124	b.ACT.12.4	0	четвёртом евангелии	четырем четверицам	'{"score": 0, "цитата_из_романа": "четвёртом евангелии", "цитата_из_стиха": "четырем четверицам"}'
CP.P4.IV.124	b.DEU.22.27	0			'{"score": 0, "цитата_из_романа": "", "цитата_из_стиха": ""}'
CP.P4.IV.124	b.MAT.27.55	2	Не там смотрите	смотрите издали	'{"score": 2, "цитата_из_романа": "Не там смотрите", "цитата_из_стиха": "смотрите издали"}'
CP.P4.IV.124	b.LUK.18.13	2	не подвигаясь к нему	стоя вдали	'{"score": 2, "цитата_из_романа": "не подвигаясь к нему", "цитата_из_стиха": "стоя вдали"}'
CP.P4.IV.124	b.JOH.8.6	2	не подвигаясь к нему	не обращая на них внимания	'{"score": 2, "цитата_из_романа": "не подвигаясь к нему", "цитата_из_стиха": "не обращая на них внимания"}'
CP.P4.IV.124	b.REV.22.5	0	Не там смотрите		'{"score": 0, "цитата_из_романа": "Не там смотрите", "цитата_из_стиха": ""}'
CP.P4.IV.124	b.JOH.20.14	3	Не там смотрите	обратилась назад и увидела	'{"score": 3, "цитата_из_романа": "Не там смотрите", "цитата_из_стиха": "обратилась назад и увидела"}'
CP.P4.IV.124	b.ROM.15.20	3	не там	не там	'{"score": 3, "цитата_из_романа": "не там", "цитата_из_стиха": "не там"}'
CP.P4.IV.124	b.JOH.11.15	2	Не там смотрите	Мне не было там	'{"score": 2, "цитата_из_романа": "Не там смотрите", "цитата_из_стиха": "Мне не было там"}'
CP.P4.IV.124	b.LUK.7.13	2	не там смотрите	не плачь	'{"score": 2, "цитата_из_романа": "не там смотрите", "цитата_из_стиха": "не плачь"}'
CP.P4.IV.124	b.1SA.1.6	0	Не там смотрите	соперница ее сильно огорчала ее	'{"score": 0, "цитата_из_романа": "Не там смотрите", "цитата_из_стиха": "соперница ее сильно огорчала ее"}'
CP.P4.IV.124	b.REV.6.7	3	в четвертом евангелии	четвертую печать	'{"score": 3, "цитата_из_романа": "в четвертом евангелии", "цитата_из_стиха": "четвертую печать"}'
CP.P4.IV.124	b.PRO.7.10	0	в четвертом евангелии	в наряде блудницы	'{"score": 0, "цитата_из_романа": "в четвертом евангелии", "цитата_из_стиха": "в наряде блудницы"}'
CP.P4.IV.124	b.LUK.9.7	2	четвертом евангелии	четвертовластник	'{"score": 2, "цитата_из_романа": "четвертом евангелии", "цитата_из_стиха": "четвертовластник"}'
CP.P4.IV.124	b.ISA.35.9	0	Не там	не будет там	'{"score": 0, "цитата_из_романа": "Не там", "цитата_из_стиха": "не будет там"}'
CP.P4.IV.124	b.1SA.4.20	0	Не там смотрите	не бойся	'{"score": 0, "цитата_из_романа": "Не там смотрите", "цитата_из_стиха": "не бойся"}'
CP.P4.IV.124	b.PRO.9.4	0	Не там смотрите	обратись сюда	'{"score": 0, "цитата_из_романа": "Не там смотрите", "цитата_из_стиха": "обратись сюда"}'
CP.P4.IV.124	b.PRO.7.13	0	Не там смотрите	схватила его, целовала его	'{"score": 0, "цитата_из_романа": "Не там смотрите", "цитата_из_стиха": "схватила его, целовала его"}'
CP.P4.IV.124	b.LEV.9.18	0	четвёртом евангелии		'{"score": 0, "цитата_из_романа": "четвёртом евангелии", "цитата_из_стиха": ""}'
CP.EP.II.19	b.DEU.30.1	0			'{"score": 0, "цитата_из_романа": "", "цитата_из_стиха": ""}'
CP.EP.II.19	b.ISA.1.7	0			'{"score": 0, "цитата_из_романа": "", "цитата_из_стиха": ""}'
CP.EP.II.19	b.EZE.6.13	0			'{"score": 0, "цитата_из_романа": "", "цитата_из_стиха": ""}'
CP.EP.II.19	b.LUK.9.11	0			'{"score": 0, "цитата_из_романа": "", "цитата_из_стиха": ""}'
CP.EP.II.19	b.ACT.17.7	0			'{"score": 0, "цитата_из_романа": "", "цитата_из_стиха": ""}'
CP.EP.II.19	b.EZE.20.40	0			'{"score": 0, "цитата_из_романа": "", "цитата_из_стиха": ""}'
CP.EP.II.19	b.PHI.1.10	0			'{"score": 0, "цитата_из_романа": "", "цитата_из_стиха": ""}'
CP.EP.II.19	b.AMO.4.10	2	моровая язва	моровую язву	'{"score": 2, "цитата_из_романа": "моровая язва", "цитата_из_стиха": "моровую язву"}'
CP.EP.II.19	b.DAN.8.27	0			'{"score": 0, "цитата_из_романа": "", "цитата_из_стиха": ""}'
CP.EP.II.19	b.JOH.13.22	1	не могли согласиться, что считать злом, что добром. Не знали, кого обвинять, кого оправдывать. Люди убивали друг друга в какой-то бессмысленной злобе.	неумея, о ком Он говорит	'{"score": 1, "цитата_из_романа": "не могли согласиться, что считать злом, что добром. Не знали, кого обвинять, кого оправдывать. Люди убивали друг друга в какой-то бессмысленной злобе.", "цитата_из_ст'
CP.EP.II.19	b.ROM.11.20	0			'{"score": 0, "цитата_из_романа": "", "цитата_из_стиха": ""}'
CP.EP.II.19	b.LUK.11.44	2	никто не видал этих людей, никто не слыхал их слова и голоса	над которыми люди ходят и не знают того	'{"score": 2, "цитата_из_романа": "никто не видал этих людей, никто не слыхал их слова и голоса", "цитата_из_стиха": "над которыми люди ходят и не знают того"}'
CP.EP.II.19	b.EZE.4.17	2	с ужасом будут смотреть друг на друга	с ужасом будут смотреть друг на друга	'{"score": 2, "цитата_из_романа": "с ужасом будут смотреть друг на друга", "цитата_из_стиха": "с ужасом будут смотреть друг на друга"}'
CP.EP.II.19	b.LEV.5.4	0			'{"score": 0, "цитата_из_романа": "", "цитата_из_стиха": ""}'
CP.EP.II.19	b.JER.46.21	0			'{"score": 0, "цитата_из_романа": "", "цитата_из_стиха": ""}'
CP.EP.II.19	b.EZE.22.4	0			'{"score": 0, "цитата_из_романа": "", "цитата_из_стиха": ""}'
CP.EP.II.19	b.ISA.41.26	3	никто не видел этих людей, никто не слышал их слова и голоса	никто не сказал, никто не возвестил, никто не слыхал слов ваших	'{"score": 3, "цитата_из_романа": "никто не видел этих людей, никто не слышал их слова и голоса", "цитата_из_стиха": "никто не сказал, никто не возвестил, никто не слыхал слов ваших"}'
CP.EP.II.19	b.NEH.9.17	0			'{"score": 0, "цитата_из_романа": "", "цитата_из_стиха": ""}'
CP.EP.II.19	b.ISA.25.2	0			'{"score": 0, "цитата_из_романа": "", "цитата_из_стиха": ""}'
CP.EP.II.19	b.PSA.74.6	0			'{"score": 0, "цитата_из_романа": "", "цитата_из_стиха": ""}'
CP.EP.II.19	b.JER.52.16	0			'{"score": 0, "цитата_из_романа": "", "цитата_из_стиха": ""}'
CP.EP.II.19	b.LEV.26.37	2	споткнутся друг на друга	споткнутся друг на друга	'{"score": 2, "цитата_из_романа": "споткнутся друг на друга", "цитата_из_стиха": "споткнутся друг на друга"}'
CP.EP.II.19	b.ECC.8.9	0			'{"score": 0, "цитата_из_романа": "", "цитата_из_стиха": ""}'
CP.EP.II.19	b.JER.36.16	0			'{"score": 0, "цитата_из_романа": "", "цитата_из_стиха": ""}'
CP.EP.II.19	b.JOB.38.40	0			'{"score": 0, "цитата_из_романа": "", "цитата_из_стиха": ""}'
CP.EP.II.19	b.REV.18.17	0			'{"score": 0, "цитата_из_романа": "", "цитата_из_стиха": ""}'
CP.EP.II.19	b.EST.1.13	0			'{"score": 0, "цитата_из_романа": "", "цитата_из_стиха": ""}'
CP.EP.II.19	b.LUK.18.13	2	ударяя себя в грудь	ударяя себя в грудь	'{"score": 2, "цитата_из_романа": "ударяя себя в грудь", "цитата_из_стиха": "ударяя себя в грудь"}'
CP.EP.II.19	b.ISA.13.8	0			'{"score": 0, "цитата_из_романа": "", "цитата_из_стиха": ""}'
CP.EP.II.19	b.ISA.22.2	0			'{"score": 0, "цитата_из_романа": "", "цитата_из_стиха": ""}'
CP.EP.II.19	b.ECC.11.5	0			'{"score": 0, "цитата_из_романа": "", "цитата_из_стиха": ""}'
CP.EP.II.19	b.PSA.78.50	0			'{"score": 0, "цитата_из_романа": "", "цитата_из_стиха": ""}'
CP.EP.II.19	b.ISA.17.12	0			'{"score": 0, "цитата_из_романа": "", "цитата_из_стиха": ""}'
CP.EP.II.19	b.NAH.3.19	0			'{"score": 0, "цитата_из_романа": "", "цитата_из_стиха": ""}'
CP.EP.II.19	b.EZE.7.27	0			'{"score": 0, "цитата_из_романа": "", "цитата_из_стиха": ""}'
CP.EP.II.19	b.PRO.30.18	2	трихины, существа микроскопические, вселявшиеся в тела людей	три вещи непостижимы для меня	'{"score": 2, "цитата_из_романа": "трихины, существа микроскопические, вселявшиеся в тела людей", "цитата_из_стиха": "три вещи непостижимы для меня"}'
CP.EP.II.19	b.JER.14.18	2	все были в тревоге и не понимали друг друга, всякий думал, что в нем в одном и заключается истина	в городе, – и вот, истекающие от голода; даже и пророк и священник бродят по земле бессознательно	'{"score": 2, "цитата_из_романа": "все были в тревоге и не понимали друг друга, всякий думал, что в нем в одном и заключается истина", "цитата_из_стиха": "в городе, – и вот, истекающие от голода; даже '
CP.EP.II.19	b.ISA.32.12	0			'{"score": 0, "цитата_из_романа": "", "цитата_из_стиха": ""}'
CP.EP.II.19	b.ROM.1.27	0			'{"score": 0, "цитата_из_романа": "", "цитата_из_стиха": ""}'
CP.EP.II.19	b.2SA.3.34	0			'{"score": 0, "цитата_из_романа": "", "цитата_из_стиха": ""}'
CP.EP.II.19	b.ISA.50.2	0			'{"score": 0, "цитата_из_романа": "", "цитата_из_стиха": ""}'
CP.EP.II.19	b.EZE.39.16	0			'{"score": 0, "цитата_из_романа": "", "цитата_из_стиха": ""}'
CP.EP.II.19	b.2KI.25.12	0			'{"score": 0, "цитата_из_романа": "", "цитата_из_стиха": ""}'
CP.EP.II.19	b.1KI.20.25	0			'{"score": 0, "цитата_из_романа": "", "цитата_из_стиха": ""}'
CP.EP.II.19	b.1SA.3.2	0			'{"score": 0, "цитата_из_романа": "", "цитата_из_стиха": ""}'
CP.EP.II.19	b.EZE.43.3	0			'{"score": 0, "цитата_из_романа": "", "цитата_из_стиха": ""}'
CP.EP.II.19	b.DEU.32.43	0			'{"score": 0, "цитата_из_романа": "", "цитата_из_стиха": ""}'
CP.EP.II.19	b.ECC.8.17	2	никогда не считали непоколебимее своих приговоров, своих научных выводов, своих нравственных убеждений и верований	сколько бы человек ни трудился в исследовании, он все-таки не постигнет этого	'{"score": 2, "цитата_из_романа": "никогда не считали непоколебимее своих приговоров, своих научных выводов, своих нравственных убеждений и верований", "цитата_из_стиха": "сколько бы человек ни трудилс'
CP.EP.II.19	b.REV.21.8	2	никогда не считали непоколебимее своих приговоров, своих научных выводов, своих нравственных убеждений и верований	и лжецов	'{"score": 2, "цитата_из_романа": "никогда не считали непоколебимее своих приговоров, своих научных выводов, своих нравственных убеждений и верований", "цитата_из_стиха": "и лжецов"}'
CP.EP.II.19	b.LEV.5.3	0			'{"score": 0, "цитата_из_романа": "", "цитата_из_стиха": ""}'
CP.EP.II.19	b.GEN.42.23	0			'{"score": 0, "цитата_из_романа": "", "цитата_из_стиха": ""}'
CP.EP.II.19	b.LUK.23.48	2	бил себя в грудь	бия себя в грудь	'{"score": 2, "цитата_из_романа": "бил себя в грудь", "цитата_из_стиха": "бия себя в грудь"}'
CP.EP.II.19	b.ACT.19.38	0			'{"score": 0, "цитата_из_романа": "", "цитата_из_стиха": ""}'
CP.EP.II.19	b.REV.3.8	0			'{"score": 0, "цитата_из_романа": "", "цитата_из_стиха": ""}'
CP.EP.II.19	b.REV.6.4	3	люди убивали друг друга в какой-то бессмысленной злобе	чтобы убивали друг друга	'{"score": 3, "цитата_из_романа": "люди убивали друг друга в какой-то бессмысленной злобе", "цитата_из_стиха": "чтобы убивали друг друга"}'
CP.EP.II.19	b.GEN.19.17	0			'{"score": 0, "цитата_из_романа": "", "цитата_из_стиха": ""}'
CP.EP.II.19	b.ISA.14.19	0			'{"score": 0, "цитата_из_романа": "", "цитата_из_стиха": ""}'
CP.EP.II.19	b.AMO.5.22	0			'{"score": 0, "цитата_из_романа": "", "цитата_из_стиха": ""}'
CP.EP.II.19	b.NAH.2.7	0			'{"score": 0, "цитата_из_романа": "", "цитата_из_стиха": ""}'
CP.EP.II.19	b.JOH.7.46	0			'{"score": 0, "цитата_из_романа": "", "цитата_из_стиха": ""}'
CP.EP.II.19	b.COL.1.23	0			'{"score": 0, "цитата_из_романа": "", "цитата_из_стиха": ""}'
CP.EP.II.19	b.EZE.39.12	0			'{"score": 0, "цитата_из_романа": "", "цитата_из_стиха": ""}'
CP.EP.II.19	b.MAR.14.68	0			'{"score": 0, "цитата_из_романа": "", "цитата_из_стиха": ""}'
CP.EP.II.19	b.JAM.5.9	2	никогда не считали непоколебимее своих приговоров, своих научных выводов, своих нравственных убеждений и верований	не сетуйте, братия, друг на друга	'{"score": 2, "цитата_из_романа": "никогда не считали непоколебимее своих приговоров, своих научных выводов, своих нравственных убеждений и верований", "цитата_из_стиха": "не сетуйте, братия, друг на д'
CP.EP.II.19	b.LEV.5.2	0			'{"score": 0, "цитата_из_романа": "", "цитата_из_стиха": ""}'
CP.EP.II.19	b.2TH.3.15	0			'{"score": 0, "цитата_из_романа": "", "цитата_из_стиха": ""}'
CP.EP.II.19	b.SON.8.11	0			'{"score": 0, "цитата_из_романа": "", "цитата_из_стиха": ""}'
CP.EP.II.31	b.GEN.24.21	0			'{"score": 0, "цитата_из_романа": "", "цитата_из_стиха": ""}'
CP.EP.II.31	b.REV.10.9	0	Евангелие	книжку	'{"score": 0, "цитата_из_романа": "Евангелие", "цитата_из_стиха": "книжку"}'
CP.EP.II.31	b.JOS.10.32	0	Евангелие	Лахис	'{"score": 0, "цитата_из_романа": "Евангелие", "цитата_из_стиха": "Лахис"}'
CP.EP.II.31	b.JER.36.21	0	взял его	взял его	'{"score": 0, "цитата_из_романа": "взял его", "цитата_из_стиха": "взял его"}'
CP.EP.II.31	b.HEB.11.19	2	о воскресении Лазаря	из мертвых воскресить	'{"score": 2, "цитата_из_романа": "о воскресении Лазаря", "цитата_из_стиха": "из мертвых воскресить"}'
CP.EP.II.31	b.EXO.22.27	0	Евангелие	одеяние тела его	'{"score": 0, "цитата_из_романа": "Евангелие", "цитата_из_стиха": "одеяние тела его"}'
CP.EP.II.31	b.JDG.14.9	0	взял его	взял его	'{"score": 0, "цитата_из_романа": "взял его", "цитата_из_стиха": "взял его"}'
CP.EP.II.31	b.LUK.2.28	0	он взял его	он взял Его	'{"score": 0, "цитата_из_романа": "он взял его", "цитата_из_стиха": "он взял Его"}'
CP.EP.II.31	b.LEV.9.13	0			'{"score": 0, "цитата_из_романа": "", "цитата_из_стиха": ""}'
CP.EP.II.31	b.GEN.38.18	0			'{"score": 0, "цитата_из_романа": "", "цитата_из_стиха": ""}'
CP.EP.II.31	b.JER.38.3	0			'{"score": 0, "цитата_из_романа": "", "цитата_из_стиха": ""}'
CP.EP.II.31	b.ISA.53.7	2	не открывал уст	не отверзал уст	'{"score": 2, "цитата_из_романа": "не открывал уст", "цитата_из_стиха": "не отверзал уст"}'
CP.EP.II.31	b.1KI.10.5	0			'{"score": 0, "цитата_из_романа": "", "цитата_из_стиха": ""}'
CP.EP.II.31	b.EXO.32.8	0	Евангелие	сделали себелитого тельца	'{"score": 0, "цитата_из_романа": "Евангелие", "цитата_из_стиха": "сделали себелитого тельца"}'
CP.EP.II.31	b.GEN.31.32	0			'{"score": 0, "цитата_из_романа": "", "цитата_из_стиха": ""}'
CP.EP.II.31	b.ACT.12.15	0			'{"score": 0, "цитата_из_романа": "", "цитата_из_стиха": ""}'
CP.EP.II.31	b.1CH.10.12	0			'{"score": 0, "цитата_из_романа": "", "цитата_из_стиха": ""}'
CP.EP.II.31	b.HEB.11.7	0	Евангелие	Евангелие	'{"score": 0, "цитата_из_романа": "Евангелие", "цитата_из_стиха": "Евангелие"}'
CP.EP.II.31	b.LAM.2.14	0	Евангелие	пророки	'{"score": 0, "цитата_из_романа": "Евангелие", "цитата_из_стиха": "пророки"}'
CP.EP.II.31	b.JER.32.3	0	Евангелие	город сей	'{"score": 0, "цитата_из_романа": "Евангелие", "цитата_из_стиха": "город сей"}'
CP.EP.II.31	b.EZE.33.22	0	Евангелие	спасшегося	'{"score": 0, "цитата_из_романа": "Евангелие", "цитата_из_стиха": "спасшегося"}'
CP.EP.II.31	b.JOB.11.6	0			'{"score": 0, "цитата_из_романа": "", "цитата_из_стиха": ""}'
CP.EP.II.31	b.REV.10.2	0	Евангелие	книжка	'{"score": 0, "цитата_из_романа": "Евангелие", "цитата_из_стиха": "книжка"}'
CP.EP.II.31	b.EXO.4.7	0	Евангелие	пазуху	'{"score": 0, "цитата_из_романа": "Евангелие", "цитата_из_стиха": "пазуху"}'
CP.EP.II.31	b.ACT.5.4	0			'{"score": 0, "цитата_из_романа": "", "цитата_из_стиха": ""}'
CP.EP.II.31	b.GEN.43.26	0			'{"score": 0, "цитата_из_романа": "", "цитата_из_стиха": ""}'
CP.EP.II.31	b.JDG.6.18	0	принесла ему книгу	принесу дара моего и не предложу Тебе	'{"score": 0, "цитата_из_романа": "принесла ему книгу", "цитата_из_стиха": "принесу дара моего и не предложу Тебе"}'
CP.EP.II.31	b.JER.32.28	0			'{"score": 0, "цитата_из_романа": "", "цитата_из_стиха": ""}'
CP.EP.II.31	b.2KI.6.13	0			'{"score": 0, "цитата_из_романа": "", "цитата_из_стиха": ""}'
CP.EP.II.31	b.ISA.57.10	0			'{"score": 0, "цитата_из_романа": "", "цитата_из_стиха": ""}'
CP.EP.II.31	b.COL.2.14	2	взял его	взял его от среды	'{"score": 2, "цитата_из_романа": "взял его", "цитата_из_стиха": "взял его от среды"}'
CP.EP.II.31	b.EXO.4.6	0	под подушкой	в пазуху	'{"score": 0, "цитата_из_романа": "под подушкой", "цитата_из_стиха": "в пазуху"}'
CP.EP.II.31	b.EXO.5.14	0			'{"score": 0, "цитата_из_романа": "", "цитата_из_стиха": ""}'
CP.EP.II.31	b.ACT.10.4	0			'{"score": 0, "цитата_из_романа": "", "цитата_из_стиха": ""}'
CP.EP.II.31	b.1SA.25.35	0	Евангелие	то, что она принесла ему	'{"score": 0, "цитата_из_романа": "Евангелие", "цитата_из_стиха": "то, что она принесла ему"}'
CP.EP.II.31	b.MAT.2.11	0	Евангелие	Младенца	'{"score": 0, "цитата_из_романа": "Евангелие", "цитата_из_стиха": "Младенца"}'
CP.EP.II.31	b.LUK.18.4	0			'{"score": 0, "цитата_из_романа": "", "цитата_из_стиха": ""}'
CP.EP.II.31	b.JOS.14.7	0			'{"score": 0, "цитата_из_романа": "", "цитата_из_стиха": ""}'
CP.EP.II.31	b.JDG.14.6	0			'{"score": 0, "цитата_из_романа": "", "цитата_из_стиха": ""}'
CP.EP.II.31	b.ACT.7.5	0			'{"score": 0, "цитата_из_романа": "", "цитата_из_стиха": ""}'
CP.EP.II.31	b.JER.40.1	0	Евангелие	Евангелие	'{"score": 0, "цитата_из_романа": "Евангелие", "цитата_из_стиха": "Евангелие"}'
CP.EP.II.31	b.MAT.22.31	2	о воскресении Лазаря	о воскресении мертвых	'{"score": 2, "цитата_из_романа": "о воскресении Лазаря", "цитата_из_стиха": "о воскресении мертвых"}'
CP.EP.II.31	b.JOH.11.7	0			'{"score": 0, "цитата_из_романа": "", "цитата_из_стиха": ""}'
CP.P3.VI.62	b.JOS.24.20	0			'{"score": 0, "цитата_из_романа": "", "цитата_из_стиха": ""}'
CP.P3.VI.62	b.MIC.4.9	0			'{"score": 0, "цитата_из_романа": "", "цитата_из_стиха": ""}'
CP.P3.VI.62	b.2KI.2.16	0			'{"score": 0, "цитата_из_романа": "", "цитата_из_стиха": ""}'
CP.P3.VI.62	b.PSA.52.1	0			'{"score": 0, "цитата_из_романа": "", "цитата_из_стиха": ""}'
CP.P3.VI.62	b.2CO.12.13	0			'{"score": 0, "цитата_из_романа": "", "цитата_из_стиха": ""}'
CP.P3.VI.62	b.MAT.8.19	0			'{"score": 0, "цитата_из_романа": "", "цитата_из_стиха": ""}'
CP.P3.VI.62	b.ISA.47.7	0			'{"score": 0, "цитата_из_романа": "", "цитата_из_стиха": ""}'
CP.P3.VI.62	b.JOS.23.1	0			'{"score": 0, "цитата_из_романа": "", "цитата_из_стиха": ""}'
CP.P3.VI.62	b.LUK.12.57	2	не судите, чему быть должно	Зачем же вы и по самим себе не судите, чему быть должно?	'{"score": 2, "цитата_из_романа": "не судите, чему быть должно", "цитата_из_стиха": "Зачем же вы и по самим себе не судите, чему быть должно?"}'
CP.P3.VI.62	b.LUK.9.57	0			'{"score": 0, "цитата_из_романа": "", "цитата_из_стиха": ""}'
CP.P3.VI.62	b.GEN.30.33	0			'{"score": 0, "цитата_из_романа": "", "цитата_из_стиха": ""}'
CP.P3.VI.62	b.ACT.21.3	0			'{"score": 0, "цитата_из_романа": "", "цитата_из_стиха": ""}'
CP.P3.VI.62	b.JER.2.31	2	я принцип убил, а переступить-то не переступил	мы сами себе господа; мы уже не придем к Тебе	'{"score": 2, "цитата_из_романа": "я принцип убил, а переступить-то не переступил", "цитата_из_стиха": "мы сами себе господа; мы уже не придем к Тебе"}'
CP.P3.VI.62	b.LEV.14.43	0			'{"score": 0, "цитата_из_романа": "", "цитата_из_стиха": ""}'
CP.P3.VI.62	b.JDG.15.16	2	убил	убил	'{"score": 2, "цитата_из_романа": "убил", "цитата_из_стиха": "убил"}'
CP.P3.VI.62	b.2KI.18.20	0			'{"score": 0, "цитата_из_романа": "", "цитата_из_стиха": ""}'
CP.P3.VI.62	b.MAT.1.19	2	не желая огласить	не желая огласить Ее	'{"score": 2, "цитата_из_романа": "не желая огласить", "цитата_из_стиха": "не желая огласить Ее"}'
CP.P3.VI.62	b.JER.17.16	0			'{"score": 0, "цитата_из_романа": "", "цитата_из_стиха": ""}'
CP.P3.VI.62	b.EZE.1.20	0			'{"score": 0, "цитата_из_романа": "", "цитата_из_стиха": ""}'
CP.P3.VI.62	b.1CO.3.3	2	я принцип убил, а переступить-то не переступил	не плотские ли вы? и не почеловеческому ли обычаю поступаете?	'{"score": 2, "цитата_из_романа": "я принцип убил, а переступить-то не переступил", "цитата_из_стиха": "не плотские ли вы? и не почеловеческому ли обычаю поступаете?"}'
CP.P3.VI.62	b.ACT.7.28	0			'{"score": 0, "цитата_из_романа": "", "цитата_из_стиха": ""}'
CP.P3.VI.62	b.NUM.30.15	0			'{"score": 0, "цитата_из_романа": "", "цитата_из_стиха": ""}'
CP.P3.VI.62	b.GAL.4.12	0			'{"score": 0, "цитата_из_романа": "", "цитата_из_стиха": ""}'
CP.P3.VI.62	b.LEV.14.48	0			'{"score": 0, "цитата_из_романа": "", "цитата_из_стиха": ""}'
CP.P3.VI.62	b.GEN.29.14	0			'{"score": 0, "цитата_из_романа": "", "цитата_из_стиха": ""}'
CP.P3.VI.62	b.2CH.31.21	0			'{"score": 0, "цитата_из_романа": "", "цитата_из_стиха": ""}'
CP.P3.VI.62	b.JOB.19.28	2	пророк	пророк	'{"score": 2, "цитата_из_романа": "пророк", "цитата_из_стиха": "пророк"}'
CP.P3.VI.62	b.RUT.4.4	0			'{"score": 0, "цитата_из_романа": "", "цитата_из_стиха": ""}'
CP.P3.VI.62	b.PRO.23.35	2	не хотел проходить мимо голодной матери, зажимая в кармане свой рубль, в ожидании "всеобщего счастья"	толкали меня, я не чувствовал	'{"score": 2, "цитата_из_романа": "не хотел проходить мимо голодной матери, зажимая в кармане свой рубль, в ожидании \\"всеобщего счастья\\"", "цитата_из_стиха": "толкали меня, я не чувствовал"}'
CP.P3.VI.62	b.JOB.24.6	0			'{"score": 0, "цитата_из_романа": "", "цитата_из_стиха": ""}'
CP.P3.VI.62	b.1CO.9.15	0			'{"score": 0, "цитата_из_романа": "", "цитата_из_стиха": ""}'
CP.P3.VI.62	b.JOB.22.2	0			'{"score": 0, "цитата_из_романа": "", "цитата_из_стиха": ""}'
CP.P3.VI.62	b.JOS.7.8	0	не прощу	что сказать	'{"score": 0, "цитата_из_романа": "не прощу", "цитата_из_стиха": "что сказать"}'
CP.P3.VI.62	b.JOB.12.12	0	старушонка	старцы	'{"score": 0, "цитата_из_романа": "старушонка", "цитата_из_стиха": "старцы"}'
CP.P3.VI.62	b.JOB.13.3	2	не хочу дожидаться "всеобщего счастья"	состязаться с Богом	'{"score": 2, "цитата_из_романа": "не хочу дожидаться \\"всеобщего счастья\\"", "цитата_из_стиха": "состязаться с Богом"}'
CP.P3.VI.62	b.MAT.26.4	2	убить	убить	'{"score": 2, "цитата_из_романа": "убить", "цитата_из_стиха": "убить"}'
CP.P3.VI.62	b.NUM.16.50	0			'{"score": 0, "цитата_из_романа": "", "цитата_из_стиха": ""}'
CP.P3.VI.62	b.NUM.11.21	0			'{"score": 0, "цитата_из_романа": "", "цитата_из_стиха": ""}'
CP.P3.VI.62	b.2TI.2.7	0			'{"score": 0, "цитата_из_романа": "", "цитата_из_стиха": ""}'
CP.P3.VI.62	b.GEN.15.13	0			'{"score": 0, "цитата_из_романа": "", "цитата_из_стиха": ""}'
CP.P3.VI.62	b.ACT.5.4	0			'{"score": 0, "цитата_из_романа": "", "цитата_из_стиха": ""}'
CP.P3.VI.62	b.GEN.20.10	0			'{"score": 0, "цитата_из_романа": "", "цитата_из_стиха": ""}'
CP.P3.VI.62	b.REV.14.4	0			'{"score": 0, "цитата_из_романа": "", "цитата_из_стиха": ""}'
CP.P3.VI.62	b.ROM.1.13	0			'{"score": 0, "цитата_из_романа": "", "цитата_из_стиха": ""}'
CP.P3.VI.62	b.1KI.7.17	0			'{"score": 0, "цитата_из_романа": "", "цитата_из_стиха": ""}'
CP.P3.VI.62	b.JOB.42.7	0			'{"score": 0, "цитата_из_романа": "", "цитата_из_стиха": ""}'
CP.P3.VI.62	b.2SA.7.6	0			'{"score": 0, "цитата_из_романа": "", "цитата_из_стиха": ""}'
CP.P3.VI.62	b.REV.3.17	2	я богат, разбогател и ни в чем не имею нужды	я богат, разбогател и ни в чем не имею нужды	'{"score": 2, "цитата_из_романа": "я богат, разбогател и ни в чем не имею нужды", "цитата_из_стиха": "я богат, разбогател и ни в чем не имею нужды"}'
CP.P3.VI.62	b.2SA.12.23	0			'{"score": 0, "цитата_из_романа": "", "цитата_из_стиха": ""}'
CP.P3.VI.62	b.PRO.24.1	0	не желаю	не желай	'{"score": 0, "цитата_из_романа": "не желаю", "цитата_из_стиха": "не желай"}'
CP.P3.VI.62	b.2CO.1.23	0	призываю в свидетели	призываю во свидетели	'{"score": 0, "цитата_из_романа": "призываю в свидетели", "цитата_из_стиха": "призываю во свидетели"}'
CP.P3.VI.62	b.JOS.5.12	0			'{"score": 0, "цитата_из_романа": "", "цитата_из_стиха": ""}'
CP.P3.VI.62	b.1SA.26.23	2	не захотел проходить мимо голодной матери, зажимая в кармане свой рубль, в ожидании "всеобщего счастья"	не захотел поднять руки моей на помазанника Господня	'{"score": 2, "цитата_из_романа": "не захотел проходить мимо голодной матери, зажимая в кармане свой рубль, в ожидании \\"всеобщего счастья\\"", "цитата_из_стиха": "не захотел поднять руки моей на помаза'
CP.P3.VI.62	b.JOS.10.20	0			'{"score": 0, "цитата_из_романа": "", "цитата_из_стиха": ""}'
CP.P3.VI.62	b.JOS.2.7	0			'{"score": 0, "цитата_из_романа": "", "цитата_из_стиха": ""}'
CP.P3.VI.62	b.2CO.11.21	0			'{"score": 0, "цитата_из_романа": "", "цитата_из_стиха": ""}'
CP.P3.VI.62	b.1CO.10.33	2	не для своей, дескать, плоти и похоти предпринимаю	ища не своей пользы, но пользы многих	'{"score": 2, "цитата_из_романа": "не для своей, дескать, плоти и похоти предпринимаю", "цитата_из_стиха": "ища не своей пользы, но пользы многих"}'
CP.P3.VI.62	b.2CO.8.8	0			'{"score": 0, "цитата_из_романа": "", "цитата_из_стиха": ""}'
CP.P3.VI.62	b.NUM.35.23	0			'{"score": 0, "цитата_из_романа": "", "цитата_из_стиха": ""}'
CP.P3.VI.62	b.NUM.11.20	2	целый месяц всеблагое провидение беспокоил	целый месяц, пока не пойдет оно из ноздрей ваших	'{"score": 2, "цитата_из_романа": "целый месяц всеблагое провидение беспокоил", "цитата_из_стиха": "целый месяц, пока не пойдет оно из ноздрей ваших"}'
CP.P3.VI.62	b.PSA.23.5	0			'{"score": 0, "цитата_из_романа": "", "цитата_из_стиха": ""}'
CP.P3.VI.62	b.GAL.3.4	0			'{"score": 0, "цитата_из_романа": "", "цитата_из_стиха": ""}'
CP.P3.VI.62	b.JOS.5.5	0			'{"score": 0, "цитата_из_романа": "", "цитата_из_стиха": ""}'
CP.P3.VI.62	b.PSA.51.1	0			'{"score": 0, "цитата_из_романа": "", "цитата_из_стиха": ""}'
CP.P3.VI.62	b.ISA.44.7	0			'{"score": 0, "цитата_из_романа": "", "цитата_из_стиха": ""}'
CP.P3.VI.62	b.2SA.14.14	0			'{"score": 0, "цитата_из_романа": "", "цитата_из_стиха": ""}'
CP.P3.VI.62	b.JER.42.13	0			'{"score": 0, "цитата_из_романа": "", "цитата_из_стиха": ""}'
CP.P3.VI.62	b.1SA.9.24	0			'{"score": 0, "цитата_из_романа": "", "цитата_из_стиха": ""}'
CP.P3.VI.62	b.1CO.9.22	0			'{"score": 0, "цитата_из_романа": "", "цитата_из_стиха": ""}'
CP.P3.VI.62	b.NUM.6.19	0			'{"score": 0, "цитата_из_романа": "", "цитата_из_стиха": ""}'
CP.P3.VI.62	b.1CH.17.5	0			'{"score": 0, "цитата_из_романа": "", "цитата_из_стиха": ""}'
CP.P3.VI.62	b.LEV.13.7	0			'{"score": 0, "цитата_из_романа": "", "цитата_из_стиха": ""}'
CP.P3.VI.62	b.JER.41.16	0			'{"score": 0, "цитата_из_романа": "", "цитата_из_стиха": ""}'
CP.P3.VI.62	b.NEH.2.6	0			'{"score": 0, "цитата_из_романа": "", "цитата_из_стиха": ""}'
CP.P3.VI.62	b.GAL.5.13	2	я принцип убил, а переступить-то не переступил	свобода ваша не была поводом к угождению плоти	'{"score": 2, "цитата_из_романа": "я принцип убил, а переступить-то не переступил", "цитата_из_стиха": "свобода ваша не была поводом к угождению плоти"}'
CP.P6.II.62	b.GEN.19.20	0			'{"score": 0, "цитата_из_романа": "", "цитата_из_стиха": ""}'
CP.P6.II.62	b.2SA.16.10	0			'{"score": 0, "цитата_из_романа": "", "цитата_из_стиха": ""}'
CP.P6.II.62	b.2CO.13.2	0			'{"score": 0, "цитата_из_романа": "", "цитата_из_стиха": ""}'
CP.P6.II.62	b.ACT.10.21	0			'{"score": 0, "цитата_из_романа": "", "цитата_из_стиха": ""}'
CP.P6.II.62	b.MAT.25.23	0			'{"score": 0, "цитата_из_романа": "", "цитата_из_стиха": ""}'
CP.P6.II.62	b.2SA.19.22	0			'{"score": 0, "цитата_из_романа": "", "цитата_из_стиха": ""}'
CP.P6.II.62	b.PSA.144.12	0			'{"score": 0, "цитата_из_романа": "", "цитата_из_стиха": ""}'
CP.P6.II.62	b.1SA.25.26	2	на всякий случай	на всякий случай	'{"score": 2, "цитата_из_романа": "на всякий случай", "цитата_из_стиха": "на всякий случай"}'
CP.P6.II.62	b.DEU.28.67	2	на всякий случай	на всякий случай	'{"score": 2, "цитата_из_романа": "на всякий случай", "цитата_из_стиха": "на всякий случай"}'
CP.P6.II.62	b.ROM.1.15	0			'{"score": 0, "цитата_из_романа": "", "цитата_из_стиха": ""}'
CP.P6.II.62	b.REV.18.10	0			'{"score": 0, "цитата_из_романа": "", "цитата_из_стиха": ""}'
CP.P6.II.62	b.1CO.9.10	0			'{"score": 0, "цитата_из_романа": "", "цитата_из_стиха": ""}'
CP.P6.II.62	b.LUK.13.35	0	на всякий случай	на всякий случай	'{"score": 0, "цитата_из_романа": "на всякий случай", "цитата_из_стиха": "на всякий случай"}'
CP.P6.II.62	b.JER.17.17	0			'{"score": 0, "цитата_из_романа": "", "цитата_из_стиха": ""}'
CP.P6.II.62	b.MAT.25.21	0			'{"score": 0, "цитата_из_романа": "", "цитата_из_стиха": ""}'
CP.P6.II.62	b.JOH.11.27	0			'{"score": 0, "цитата_из_романа": "", "цитата_из_стиха": ""}'
CP.P6.II.62	b.2CO.4.13	0			'{"score": 0, "цитата_из_романа": "", "цитата_из_стиха": ""}'
CP.P6.II.62	b.PSA.130.2	0			'{"score": 0, "цитата_из_романа": "", "цитата_из_стиха": ""}'
CP.P6.II.62	b.PSA.27.13	0			'{"score": 0, "цитата_из_романа": "", "цитата_из_стиха": ""}'
CP.P6.II.62	b.PSA.149.6	0			'{"score": 0, "цитата_из_романа": "", "цитата_из_стиха": ""}'
CP.P6.II.62	b.JOB.34.37	2	на всякий случай	на всякий случай	'{"score": 2, "цитата_из_романа": "на всякий случай", "цитата_из_стиха": "на всякий случай"}'
CP.P6.II.62	b.JER.45.5	0			'{"score": 0, "цитата_из_романа": "", "цитата_из_стиха": ""}'
CP.P6.II.62	b.JER.49.9	0			'{"score": 0, "цитата_из_романа": "", "цитата_из_стиха": ""}'
CP.P6.II.62	b.JAM.5.13	0			'{"score": 0, "цитата_из_романа": "", "цитата_из_стиха": ""}'
CP.P6.II.62	b.2TI.2.7	0			'{"score": 0, "цитата_из_романа": "", "цитата_из_стиха": ""}'
CP.P6.II.62	b.JDG.7.2	2	на всякий случай	на всякий случай	'{"score": 2, "цитата_из_романа": "на всякий случай", "цитата_из_стиха": "на всякий случай"}'
CP.P6.II.62	b.2CH.32.1	0			'{"score": 0, "цитата_из_романа": "", "цитата_из_стиха": ""}'
CP.P6.II.62	b.HEB.13.25	1	благих начинаний	благодать	'{"score": 1, "цитата_из_романа": "благих начинаний", "цитата_из_стиха": "благодать"}'
CP.P6.II.62	b.ISA.12.5	0			'{"score": 0, "цитата_из_романа": "", "цитата_из_стиха": ""}'
CP.P6.II.62	b.LEV.27.19	0			'{"score": 0, "цитата_из_романа": "", "цитата_из_стиха": ""}'
CP.P6.II.62	b.ROM.15.24	0			'{"score": 0, "цитата_из_романа": "", "цитата_из_стиха": ""}'
CP.P6.II.62	b.ROM.1.13	0			'{"score": 0, "цитата_из_романа": "", "цитата_из_стиха": ""}'
CP.P6.II.62	b.JOS.22.22	0			'{"score": 0, "цитата_из_романа": "", "цитата_из_стиха": ""}'
CP.P6.II.62	b.2CO.3.1	0			'{"score": 0, "цитата_из_романа": "", "цитата_из_стиха": ""}'
CP.P6.II.62	b.1PE.4.7	0			'{"score": 0, "цитата_из_романа": "", "цитата_из_стиха": ""}'
CP.P6.II.62	b.DEU.14.29	0			'{"score": 0, "цитата_из_романа": "", "цитата_из_стиха": ""}'
CP.P6.II.62	b.RUT.3.13	2	на всякий случай	на всякий случай	'{"score": 2, "цитата_из_романа": "на всякий случай", "цитата_из_стиха": "на всякий случай"}'
CP.P6.II.62	b.1SA.2.16	0			'{"score": 0, "цитата_из_романа": "", "цитата_из_стиха": ""}'
CP.P6.II.62	b.JOB.8.2	0			'{"score": 0, "цитата_из_романа": "", "цитата_из_стиха": ""}'
CP.P6.II.62	b.PSA.119.66	0			'{"score": 0, "цитата_из_романа": "", "цитата_из_стиха": ""}'
CP.P6.II.62	b.SON.1.1	0			'{"score": 0, "цитата_из_романа": "", "цитата_из_стиха": ""}'
CP.P6.II.62	b.PSA.109.8	2	на всякий случай	на всякий случай	'{"score": 2, "цитата_из_романа": "на всякий случай", "цитата_из_стиха": "на всякий случай"}'
CP.P6.II.62	b.NUM.18.3	0			'{"score": 0, "цитата_из_романа": "", "цитата_из_стиха": ""}'
CP.P6.II.62	b.JOH.15.7	2	на всякий случай	на всякий случай	'{"score": 2, "цитата_из_романа": "на всякий случай", "цитата_из_стиха": "на всякий случай"}'
CP.P6.II.62	b.1KI.10.9	0			'{"score": 0, "цитата_из_романа": "", "цитата_из_стиха": ""}'
CP.P6.II.62	b.NAH.3.10	0			'{"score": 0, "цитата_из_романа": "", "цитата_из_стиха": ""}'
CP.P6.IV.25	b.GAL.6.1	2	всех веселей тот и живет, кто всех лучше себя сумеет надуть	каждый за собою	'{"score": 2, "цитата_из_романа": "всех веселей тот и живет, кто всех лучше себя сумеет надуть", "цитата_из_стиха": "каждый за собою"}'
CP.P6.IV.25	b.ECC.2.1	2	всех веселей тот и живет	испытаю я тебя весельем	'{"score": 2, "цитата_из_романа": "всех веселей тот и живет", "цитата_из_стиха": "испытаю я тебя весельем"}'
CP.P6.IV.25	b.GEN.27.11	0			'{"score": 0, "цитата_из_романа": "", "цитата_из_стиха": ""}'
CP.P6.IV.25	b.MIC.4.9	0			'{"score": 0, "цитата_из_романа": "", "цитата_из_стиха": ""}'
CP.P6.IV.25	b.2CO.12.13	2	всех веселей тот и живет, кто всех лучше себя сумеет надуть	сам я не был вам в тягость	'{"score": 2, "цитата_из_романа": "всех веселей тот и живет, кто всех лучше себя сумеет надуть", "цитата_из_стиха": "сам я не был вам в тягость"}'
CP.P6.IV.25	b.JOB.6.26	0			'{"score": 0, "цитата_из_романа": "", "цитата_из_стиха": ""}'
CP.P6.IV.25	b.ZEC.8.8	0			'{"score": 0, "цитата_из_романа": "", "цитата_из_стиха": ""}'
CP.P6.IV.25	b.PHI.1.18	0			'{"score": 0, "цитата_из_романа": "", "цитата_из_стиха": ""}'
CP.P6.IV.25	b.ROM.7.24	0	я человек грешный	бедный я человек	'{"score": 0, "цитата_из_романа": "я человек грешный", "цитата_из_стиха": "бедный я человек"}'
CP.P6.IV.25	b.ROM.11.20	2	все веселей тот и живет, кто всех лучше себя сумеет надуть	не гордись, но бойся	'{"score": 2, "цитата_из_романа": "все веселей тот и живет, кто всех лучше себя сумеет надуть", "цитата_из_стиха": "не гордись, но бойся"}'
CP.P6.IV.25	b.EXO.16.7	0			'{"score": 0, "цитата_из_романа": "", "цитата_из_стиха": ""}'
CP.P6.IV.25	b.JOH.6.62	0			'{"score": 0, "цитата_из_романа": "", "цитата_из_стиха": ""}'
CP.P6.IV.25	b.1CO.3.3	1	все веселей тот и живет, кто всех лучше себя сумеет надуть	почеловеческому ли обычаю поступаете	'{"score": 1, "цитата_из_романа": "все веселей тот и живет, кто всех лучше себя сумеет надуть", "цитата_из_стиха": "почеловеческому ли обычаю поступаете"}'
CP.P6.IV.25	b.GAL.4.12	0			'{"score": 0, "цитата_из_романа": "", "цитата_из_стиха": ""}'
CP.P6.IV.25	b.1SA.18.23	2	я человек грешный	я – человек бедный и незначительный	'{"score": 2, "цитата_из_романа": "я человек грешный", "цитата_из_стиха": "я – человек бедный и незначительный"}'
CP.P6.IV.25	b.MAT.8.9	2	всех веселей тот и живет, кто всех лучше себя сумеет надуть	и слуге моему: сделай то, и делает	'{"score": 2, "цитата_из_романа": "всех веселей тот и живет, кто всех лучше себя сумеет надуть", "цитата_из_стиха": "и слуге моему: сделай то, и делает"}'
CP.P6.IV.25	b.2KI.1.12	0			'{"score": 0, "цитата_из_романа": "", "цитата_из_стиха": ""}'
CP.P6.IV.25	b.JOH.21.21	0			'{"score": 0, "цитата_из_романа": "", "цитата_из_стиха": ""}'
CP.P6.IV.25	b.ROM.12.3	2	всяк об себе сам промышляет	не думайте о себе более, нежели должно думать	'{"score": 2, "цитата_из_романа": "всяк об себе сам промышляет", "цитата_из_стиха": "не думайте о себе более, нежели должно думать"}'
CP.P6.IV.25	b.LAM.3.1	0	человек	человек	'{"score": 0, "цитата_из_романа": "человек", "цитата_из_стиха": "человек"}'
CP.P6.IV.25	b.ROM.14.22	2	всяк об себе сам промышляет	имей ее сам в себе	'{"score": 2, "цитата_из_романа": "всяк об себе сам промышляет", "цитата_из_стиха": "имей ее сам в себе"}'
CP.P6.IV.25	b.ZEC.14.11	0			'{"score": 0, "цитата_из_романа": "", "цитата_из_стиха": ""}'
CP.P6.IV.25	b.ISA.64.5	0			'{"score": 0, "цитата_из_романа": "", "цитата_из_стиха": ""}'
CP.P6.IV.25	b.EZE.5.11	0			'{"score": 0, "цитата_из_романа": "", "цитата_из_стиха": ""}'
CP.P6.IV.25	b.EXO.16.8	1	всех веселей тот и живет, кто всех лучше себя сумеет надуть	на нас ропот ваш, но на Господа	'{"score": 1, "цитата_из_романа": "всех веселей тот и живет, кто всех лучше себя сумеет надуть", "цитата_из_стиха": "на нас ропот ваш, но на Господа"}'
CP.P6.IV.25	b.LUK.19.7	2	я человек грешный	грешному человеку	'{"score": 2, "цитата_из_романа": "я человек грешный", "цитата_из_стиха": "грешному человеку"}'
CP.P6.IV.25	b.JER.20.7	2	всех веселей тот и живет, кто всех лучше себя сумеет надуть	всякий издевается надо мною	'{"score": 2, "цитата_из_романа": "всех веселей тот и живет, кто всех лучше себя сумеет надуть", "цитата_из_стиха": "всякий издевается надо мною"}'
CP.P6.IV.25	b.2TI.2.7	0			'{"score": 0, "цитата_из_романа": "", "цитата_из_стиха": ""}'
CP.P6.IV.25	b.ACT.10.26	0			'{"score": 0, "цитата_из_романа": "", "цитата_из_стиха": ""}'
CP.P6.IV.25	b.HEB.13.25	0			'{"score": 0, "цитата_из_романа": "", "цитата_из_стиха": ""}'
CP.P6.IV.25	b.2CO.12.11	0			'{"score": 0, "цитата_из_романа": "", "цитата_из_стиха": ""}'
CP.P6.IV.25	b.2KI.1.10	0			'{"score": 0, "цитата_из_романа": "", "цитата_из_стиха": ""}'
CP.P6.IV.25	b.ZEC.8.3	0			'{"score": 0, "цитата_из_романа": "", "цитата_из_стиха": ""}'
CP.P6.IV.25	b.2CO.11.21	0			'{"score": 0, "цитата_из_романа": "", "цитата_из_стиха": ""}'
CP.P6.IV.25	b.1SA.22.15	0			'{"score": 0, "цитата_из_романа": "", "цитата_из_стиха": ""}'
CP.P6.IV.25	b.ISA.6.5	2	человек с нечистыми устами	человек с нечистыми устами	'{"score": 2, "цитата_из_романа": "человек с нечистыми устами", "цитата_из_стиха": "человек с нечистыми устами"}'
CP.P6.IV.25	b.JOH.9.16	2	человек грешный	человек грешный	'{"score": 2, "цитата_из_романа": "человек грешный", "цитата_из_стиха": "человек грешный"}'
CP.P6.IV.25	b.1CO.9.22	0			'{"score": 0, "цитата_из_романа": "", "цитата_из_стиха": ""}'
CP.P6.IV.25	b.LUK.5.8	3	я человек грешный	я человек грешный	'{"score": 3, "цитата_из_романа": "я человек грешный", "цитата_из_стиха": "я человек грешный"}'
CP.P6.IV.25	b.LUK.19.22	2	всех веселей тот и живет, кто всех лучше себя сумеет надуть	лукавый раб	'{"score": 2, "цитата_из_романа": "всех веселей тот и живет, кто всех лучше себя сумеет надуть", "цитата_из_стиха": "лукавый раб"}'
CP.P6.IV.25	b.EZE.16.27	0			'{"score": 0, "цитата_из_романа": "", "цитата_из_стиха": ""}'
CP.EP.II.22	b.DEU.16.6	0			'{"score": 0, "цитата_из_романа": "", "цитата_из_стиха": ""}'
CP.EP.II.22	b.MAT.21.33	0			'{"score": 0, "цитата_из_романа": "", "цитата_из_стиха": ""}'
CP.EP.II.22	b.PSA.49.17	0			'{"score": 0, "цитата_из_романа": "", "цитата_из_стиха": ""}'
CP.EP.II.22	b.JER.5.16	0			'{"score": 0, "цитата_из_романа": "", "цитата_из_стиха": ""}'
CP.EP.II.22	b.EZE.17.7	0			'{"score": 0, "цитата_из_романа": "", "цитата_из_стиха": ""}'
CP.EP.II.22	b.JDG.19.9	0			'{"score": 0, "цитата_из_романа": "", "цитата_из_стиха": ""}'
CP.EP.II.22	b.GEN.19.30	0			'{"score": 0, "цитата_из_романа": "", "цитата_из_стиха": ""}'
CP.EP.II.22	b.JER.33.12	2	пустынная река, свобода, кочевые юрты, время остановилось	пусто, без людей, без скота, опять будут жилища	'{"score": 2, "цитата_из_романа": "пустынная река, свобода, кочевые юрты, время остановилось", "цитата_из_стиха": "пусто, без людей, без скота, опять будут жилища"}'
CP.EP.II.22	b.2CH.16.10	0			'{"score": 0, "цитата_из_романа": "", "цитата_из_стиха": ""}'
CP.EP.II.22	b.DAN.3.8	0			'{"score": 0, "цитата_из_романа": "", "цитата_из_стиха": ""}'
CP.EP.II.22	b.GEN.41.3	2	на берегу реки	на берегу реки	'{"score": 2, "цитата_из_романа": "на берегу реки", "цитата_из_стиха": "на берегу реки"}'
CP.EP.II.22	b.1SA.30.9	0			'{"score": 0, "цитата_из_романа": "", "цитата_из_стиха": ""}'
CP.EP.II.22	b.NEH.7.63	0			'{"score": 0, "цитата_из_романа": "", "цитата_из_стиха": ""}'
CP.EP.II.22	b.PSA.109.16	0			'{"score": 0, "цитата_из_романа": "", "цитата_из_стиха": ""}'
CP.EP.II.22	b.2SA.15.2	0			'{"score": 0, "цитата_из_романа": "", "цитата_из_стиха": ""}'
CP.EP.II.22	b.2SA.5.17	0			'{"score": 0, "цитата_из_романа": "", "цитата_из_стиха": ""}'
CP.EP.II.22	b.ISA.5.28	0			'{"score": 0, "цитата_из_романа": "", "цитата_из_стиха": ""}'
CP.EP.II.22	b.EXO.7.15	2	на берегу реки	на берегу реки	'{"score": 2, "цитата_из_романа": "на берегу реки", "цитата_из_стиха": "на берегу реки"}'
CP.EP.II.22	b.DEU.8.12	0			'{"score": 0, "цитата_из_романа": "", "цитата_из_стиха": ""}'
CP.EP.II.22	b.RUT.2.23	0			'{"score": 0, "цитата_из_романа": "", "цитата_из_стиха": ""}'
CP.EP.II.22	b.2KI.4.16	0			'{"score": 0, "цитата_из_романа": "", "цитата_из_стиха": ""}'
CP.EP.II.22	b.JER.46.21	0			'{"score": 0, "цитата_из_романа": "", "цитата_из_стиха": ""}'
CP.EP.II.22	b.2KI.4.17	0			'{"score": 0, "цитата_из_романа": "", "цитата_из_стиха": ""}'
CP.EP.II.22	b.PSA.101.8	0			'{"score": 0, "цитата_из_романа": "", "цитата_из_стиха": ""}'
CP.EP.II.22	b.ISA.20.2	0			'{"score": 0, "цитата_из_романа": "", "цитата_из_стиха": ""}'
CP.EP.II.22	b.GEN.17.21	0			'{"score": 0, "цитата_из_романа": "", "цитата_из_стиха": ""}'
CP.EP.II.22	b.EXO.9.18	0			'{"score": 0, "цитата_из_романа": "", "цитата_из_стиха": ""}'
CP.EP.II.22	b.PRO.27.14	0			'{"score": 0, "цитата_из_романа": "", "цитата_из_стиха": ""}'
CP.EP.II.22	b.2SA.23.10	0			'{"score": 0, "цитата_из_романа": "", "цитата_из_стиха": ""}'
CP.EP.II.22	b.EST.1.13	0			'{"score": 0, "цитата_из_романа": "", "цитата_из_стиха": ""}'
CP.EP.II.22	b.REV.18.17	0			'{"score": 0, "цитата_из_романа": "", "цитата_из_стиха": ""}'
CP.EP.II.22	b.EZR.2.61	0			'{"score": 0, "цитата_из_романа": "", "цитата_из_стиха": ""}'
CP.EP.II.22	b.GEN.28.11	0			'{"score": 0, "цитата_из_романа": "", "цитата_из_стиха": ""}'
CP.EP.II.22	b.ACT.12.10	0			'{"score": 0, "цитата_из_романа": "", "цитата_из_стиха": ""}'
CP.EP.II.22	b.JOS.8.21	0			'{"score": 0, "цитата_из_романа": "", "цитата_из_стиха": ""}'
CP.EP.II.22	b.PSA.78.34	0			'{"score": 0, "цитата_из_романа": "", "цитата_из_стиха": ""}'
CP.EP.II.22	b.2KI.7.8	0			'{"score": 0, "цитата_из_романа": "", "цитата_из_стиха": ""}'
CP.EP.II.22	b.ISA.17.14	0			'{"score": 0, "цитата_из_романа": "", "цитата_из_стиха": ""}'
CP.EP.II.22	b.1CO.4.3	0			'{"score": 0, "цитата_из_романа": "", "цитата_из_стиха": ""}'
CP.EP.II.22	b.JER.35.15	0			'{"score": 0, "цитата_из_романа": "", "цитата_из_стиха": ""}'
CP.EP.II.22	b.ISA.17.12	0			'{"score": 0, "цитата_из_романа": "", "цитата_из_стиха": ""}'
CP.EP.II.22	b.ACT.21.34	0			'{"score": 0, "цитата_из_романа": "", "цитата_из_стиха": ""}'
CP.EP.II.22	b.JOH.18.18	0			'{"score": 0, "цитата_из_романа": "", "цитата_из_стиха": ""}'
CP.EP.II.22	b.2KI.6.15	0			'{"score": 0, "цитата_из_романа": "", "цитата_из_стиха": ""}'
CP.EP.II.22	b.JER.49.33	2	пустынная река, пустынная степь, остановка времени	вечною пустынею, не будет жить там	'{"score": 2, "цитата_из_романа": "пустынная река, пустынная степь, остановка времени", "цитата_из_стиха": "вечною пустынею, не будет жить там"}'
CP.EP.II.22	b.PSA.46.5	0			'{"score": 0, "цитата_из_романа": "", "цитата_из_стиха": ""}'
CP.EP.II.22	b.JER.7.25	1	ранним утром	с раннего утра	'{"score": 1, "цитата_из_романа": "ранним утром", "цитата_из_стиха": "с раннего утра"}'
CP.EP.II.22	b.1KI.20.25	0			'{"score": 0, "цитата_из_романа": "", "цитата_из_стиха": ""}'
CP.EP.II.22	b.JOS.10.14	0			'{"score": 0, "цитата_из_романа": "", "цитата_из_стиха": ""}'
CP.EP.II.22	b.LUK.8.23	0			'{"score": 0, "цитата_из_романа": "", "цитата_из_стиха": ""}'
CP.EP.II.22	b.JDG.9.35	0			'{"score": 0, "цитата_из_романа": "", "цитата_из_стиха": ""}'
CP.EP.II.22	b.NUM.16.18	0			'{"score": 0, "цитата_из_романа": "", "цитата_из_стиха": ""}'
CP.EP.II.22	b.MAR.12.1	0			'{"score": 0, "цитата_из_романа": "", "цитата_из_стиха": ""}'
CP.EP.II.22	b.EZE.9.7	0			'{"score": 0, "цитата_из_романа": "", "цитата_из_стиха": ""}'
CP.EP.II.22	b.JOH.9.4	0			'{"score": 0, "цитата_из_романа": "", "цитата_из_стиха": ""}'
CP.EP.II.22	b.1CH.20.5	0			'{"score": 0, "цитата_из_романа": "", "цитата_из_стиха": ""}'
CP.EP.II.22	b.JOE.3.1	0			'{"score": 0, "цитата_из_романа": "", "цитата_из_стиха": ""}'
CP.EP.II.22	b.JER.7.13	1	ранним утром	с раннего утра	'{"score": 1, "цитата_из_романа": "ранним утром", "цитата_из_стиха": "с раннего утра"}'
CP.EP.II.22	b.GEN.41.17	2	на берегу реки	на берегу реки	'{"score": 2, "цитата_из_романа": "на берегу реки", "цитата_из_стиха": "на берегу реки"}'
CP.EP.II.22	b.EZE.10.6	0			'{"score": 0, "цитата_из_романа": "", "цитата_из_стиха": ""}'
CP.EP.II.22	b.GEN.45.14	0			'{"score": 0, "цитата_из_романа": "", "цитата_из_стиха": ""}'
CP.EP.II.33	b.ECC.8.7	0			'{"score": 0, "цитата_из_романа": "", "цитата_из_стиха": ""}'
CP.EP.II.33	b.LEV.24.18	0			'{"score": 0, "цитата_из_романа": "", "цитата_из_стиха": ""}'
CP.EP.II.33	b.DEU.31.10	2	семь лет	семь лет	'{"score": 2, "цитата_из_романа": "семь лет", "цитата_из_стиха": "семь лет"}'
CP.EP.II.33	b.GEN.41.5	0	семь лет	семь колосьев	'{"score": 0, "цитата_из_романа": "семь лет", "цитата_из_стиха": "семь колосьев"}'
CP.EP.II.33	b.GEN.19.35	0			'{"score": 0, "цитата_из_романа": "", "цитата_из_стиха": ""}'
CP.EP.II.33	b.JOS.8.14	0			'{"score": 0, "цитата_из_романа": "", "цитата_из_стиха": ""}'
CP.EP.II.33	b.LEV.15.24	2	семь лет	семь дней	'{"score": 2, "цитата_из_романа": "семь лет", "цитата_из_стиха": "семь дней"}'
CP.EP.II.33	b.LEV.23.15	2	семь лет	семь полных недель	'{"score": 2, "цитата_из_романа": "семь лет", "цитата_из_стиха": "семь полных недель"}'
CP.EP.II.33	b.ROM.11.20	0			'{"score": 0, "цитата_из_романа": "", "цитата_из_стиха": ""}'
CP.EP.II.33	b.LUK.11.44	0			'{"score": 0, "цитата_из_романа": "", "цитата_из_стиха": ""}'
CP.EP.II.33	b.LEV.5.4	0			'{"score": 0, "цитата_из_романа": "", "цитата_из_стиха": ""}'
CP.EP.II.33	b.LEV.15.28	2	семь лет	семь дней	'{"score": 2, "цитата_из_романа": "семь лет", "цитата_из_стиха": "семь дней"}'
CP.EP.II.33	b.2CO.5.16	0			'{"score": 0, "цитата_из_романа": "", "цитата_из_стиха": ""}'
CP.EP.II.33	b.PRO.9.18	0			'{"score": 0, "цитата_из_романа": "", "цитата_из_стиха": ""}'
CP.EP.II.33	b.JOB.2.13	2	семь лет	семь дней и семь ночей	'{"score": 2, "цитата_из_романа": "семь лет", "цитата_из_стиха": "семь дней и семь ночей"}'
CP.EP.II.33	b.ECC.9.11	0			'{"score": 0, "цитата_из_романа": "", "цитата_из_стиха": ""}'
CP.EP.II.33	b.EZE.44.26	2	семь лет	еще семь дней	'{"score": 2, "цитата_из_романа": "семь лет", "цитата_из_стиха": "еще семь дней"}'
CP.EP.II.33	b.JOH.13.11	0			'{"score": 0, "цитата_из_романа": "", "цитата_из_стиха": ""}'
CP.EP.II.33	b.2KI.8.2	2	семь лет	семь лет	'{"score": 2, "цитата_из_романа": "семь лет", "цитата_из_стиха": "семь лет"}'
CP.EP.II.33	b.LEV.13.54	2	семь лет	семь дней	'{"score": 2, "цитата_из_романа": "семь лет", "цитата_из_стиха": "семь дней"}'
CP.EP.II.33	b.JOB.11.11	0			'{"score": 0, "цитата_из_романа": "", "цитата_из_стиха": ""}'
CP.EP.II.33	b.LUK.17.4	2	семь лет	семь раз	'{"score": 2, "цитата_из_романа": "семь лет", "цитата_из_стиха": "семь раз"}'
CP.EP.II.33	b.LEV.13.31	0	семь лет	семь дней	'{"score": 0, "цитата_из_романа": "семь лет", "цитата_из_стиха": "семь дней"}'
CP.EP.II.33	b.LEV.13.26	2	семь лет	семь дней	'{"score": 2, "цитата_из_романа": "семь лет", "цитата_из_стиха": "семь дней"}'
CP.EP.II.33	b.EXO.29.37	2	семь лет	семь дней	'{"score": 2, "цитата_из_романа": "семь лет", "цитата_из_стиха": "семь дней"}'
CP.EP.II.33	b.ROM.11.2	0			'{"score": 0, "цитата_из_романа": "", "цитата_из_стиха": ""}'
CP.EP.II.33	b.JOH.19.35	0			'{"score": 0, "цитата_из_романа": "", "цитата_из_стиха": ""}'
CP.EP.II.33	b.JOH.2.9	0			'{"score": 0, "цитата_из_романа": "", "цитата_из_стиха": ""}'
CP.EP.II.33	b.HOS.7.9	0			'{"score": 0, "цитата_из_романа": "", "цитата_из_стиха": ""}'
CP.EP.II.33	b.LEV.13.50	2	семь лет	семь дней	'{"score": 2, "цитата_из_романа": "семь лет", "цитата_из_стиха": "семь дней"}'
CP.EP.II.33	b.LEV.8.11	2	семь лет	семь раз	'{"score": 2, "цитата_из_романа": "семь лет", "цитата_из_стиха": "семь раз"}'
CP.EP.II.33	b.ACT.23.27	0			'{"score": 0, "цитата_из_романа": "", "цитата_из_стиха": ""}'
CP.EP.II.33	b.EST.2.9	2	семь лет	семь девиц	'{"score": 2, "цитата_из_романа": "семь лет", "цитата_из_стиха": "семь девиц"}'
CP.EP.II.33	b.JOH.7.15	0			'{"score": 0, "цитата_из_романа": "", "цитата_из_стиха": ""}'
CP.EP.II.33	b.EZE.45.25	2	семь лет	семь дней	'{"score": 2, "цитата_из_романа": "семь лет", "цитата_из_стиха": "семь дней"}'
CP.EP.II.33	b.LEV.13.21	0	семь лет	семь дней	'{"score": 0, "цитата_из_романа": "семь лет", "цитата_из_стиха": "семь дней"}'
CP.EP.II.33	b.LEV.13.33	0	семь лет	семь дней	'{"score": 0, "цитата_из_романа": "семь лет", "цитата_из_стиха": "семь дней"}'
CP.EP.II.33	b.HEB.9.26	0			'{"score": 0, "цитата_из_романа": "", "цитата_из_стиха": ""}'
CP.EP.II.33	b.JDG.14.17	2	семь лет	семь дней	'{"score": 2, "цитата_из_романа": "семь лет", "цитата_из_стиха": "семь дней"}'
CP.EP.II.33	b.LEV.13.4	2	семь лет	семь дней	'{"score": 2, "цитата_из_романа": "семь лет", "цитата_из_стиха": "семь дней"}'
CP.EP.II.33	b.JOS.22.22	0			'{"score": 0, "цитата_из_романа": "", "цитата_из_стиха": ""}'
CP.EP.II.33	b.ISA.57.10	2	семь лет, как семь дней	все еще находила живость в руке твоей	'{"score": 2, "цитата_из_романа": "семь лет, как семь дней", "цитата_из_стиха": "все еще находила живость в руке твоей"}'
CP.EP.II.33	b.LEV.14.38	2	семь лет	семь дней	'{"score": 2, "цитата_из_романа": "семь лет", "цитата_из_стиха": "семь дней"}'
CP.EP.II.33	b.JOB.14.21	0			'{"score": 0, "цитата_из_романа": "", "цитата_из_стиха": ""}'
CP.EP.II.33	b.ACT.23.21	0			'{"score": 0, "цитата_из_романа": "", "цитата_из_стиха": ""}'
CP.EP.II.33	b.JER.28.1	0			'{"score": 0, "цитата_из_романа": "", "цитата_из_стиха": ""}'
CP.EP.II.33	b.EST.3.14	0			'{"score": 0, "цитата_из_романа": "", "цитата_из_стиха": ""}'
CP.EP.II.33	b.EST.8.13	0			'{"score": 0, "цитата_из_романа": "", "цитата_из_стиха": ""}'
CP.EP.II.33	b.LEV.5.3	0			'{"score": 0, "цитата_из_романа": "", "цитата_из_стиха": ""}'
CP.EP.II.33	b.JER.15.9	2	семь лет	семерых	'{"score": 2, "цитата_из_романа": "семь лет", "цитата_из_стиха": "семерых"}'
CP.EP.II.33	b.GEN.42.23	0			'{"score": 0, "цитата_из_романа": "", "цитата_из_стиха": ""}'
CP.EP.II.33	b.PSA.103.14	0			'{"score": 0, "цитата_из_романа": "", "цитата_из_стиха": ""}'
CP.EP.II.33	b.JOB.23.10	0			'{"score": 0, "цитата_из_романа": "", "цитата_из_стиха": ""}'
CP.EP.II.33	b.1CH.9.25	2	семь лет	на семь дней	'{"score": 2, "цитата_из_романа": "семь лет", "цитата_из_стиха": "на семь дней"}'
CP.EP.II.33	b.JOB.12.3	0			'{"score": 0, "цитата_из_романа": "", "цитата_из_стиха": ""}'
CP.EP.II.33	b.MAR.4.27	0			'{"score": 0, "цитата_из_романа": "", "цитата_из_стиха": ""}'
CP.EP.II.33	b.DAN.7.8	0	семь лет	семь дней	'{"score": 0, "цитата_из_романа": "семь лет", "цитата_из_стиха": "семь дней"}'
CP.EP.II.33	b.LEV.22.27	2	семь лет	семь дней	'{"score": 2, "цитата_из_романа": "семь лет", "цитата_из_стиха": "семь дней"}'
CP.EP.II.33	b.1SA.1.18	0			'{"score": 0, "цитата_из_романа": "", "цитата_из_стиха": ""}'
CP.EP.II.33	b.DEU.16.3	2	семь лет	семь дней	'{"score": 2, "цитата_из_романа": "семь лет", "цитата_из_стиха": "семь дней"}'
CP.EP.II.33	b.GEN.29.20	3	семь лет	семь лет	'{"score": 3, "цитата_из_романа": "семь лет", "цитата_из_стиха": "семь лет"}'
CP.EP.II.33	b.LEV.5.2	0			'{"score": 0, "цитата_из_романа": "", "цитата_из_стиха": ""}'
CP.EP.II.33	b.PSA.44.21	0			'{"score": 0, "цитата_из_романа": "", "цитата_из_стиха": ""}'
CP.EP.II.33	b.GEN.19.33	0			'{"score": 0, "цитата_из_романа": "", "цитата_из_стиха": ""}'
CP.EP.II.33	b.LEV.24.21	0			'{"score": 0, "цитата_из_романа": "", "цитата_из_стиха": ""}'
CP.EP.II.33	b.JER.30.7	0	семь лет	семь дней	'{"score": 0, "цитата_из_романа": "семь лет", "цитата_из_стиха": "семь дней"}'
CP.EP.II.33	b.JER.23.27	0			'{"score": 0, "цитата_из_романа": "", "цитата_из_стиха": ""}'
CP.P6.VIII.34	b.DEU.2.14	0	с тех пор	с тех пор	'{"score": 0, "цитата_из_романа": "с тех пор", "цитата_из_стиха": "с тех пор"}'
CP.P6.VIII.34	b.PRO.23.7	2	пить, так пить всё разом	ешь и пей	'{"score": 2, "цитата_из_романа": "пить, так пить всё разом", "цитата_из_стиха": "ешь и пей"}'
CP.P6.VIII.34	b.LUK.7.45	0			'{"score": 0, "цитата_из_романа": "", "цитата_из_стиха": ""}'
CP.P6.VIII.34	b.MIC.4.9	0			'{"score": 0, "цитата_из_романа": "", "цитата_из_стиха": ""}'
CP.P6.VIII.34	b.REV.16.18	0			'{"score": 0, "цитата_из_романа": "", "цитата_из_стиха": ""}'
CP.P6.VIII.34	b.2CO.12.13	0			'{"score": 0, "цитата_из_романа": "", "цитата_из_стиха": ""}'
CP.P6.VIII.34	b.GEN.38.22	0			'{"score": 0, "цитата_из_романа": "", "цитата_из_стиха": ""}'
CP.P6.VIII.34	b.EZE.4.11	0			'{"score": 0, "цитата_из_романа": "", "цитата_из_стиха": ""}'
CP.P6.VIII.34	b.ISA.14.8	0			'{"score": 0, "цитата_из_романа": "", "цитата_из_стиха": ""}'
CP.P6.VIII.34	b.EZE.7.14	0			'{"score": 0, "цитата_из_романа": "", "цитата_из_стиха": ""}'
CP.P6.VIII.34	b.JOB.6.26	0			'{"score": 0, "цитата_из_романа": "", "цитата_из_стиха": ""}'
CP.P6.VIII.34	b.JER.46.20	0			'{"score": 0, "цитата_из_романа": "", "цитата_из_стиха": ""}'
CP.P6.VIII.34	b.LUK.9.33	0			'{"score": 0, "цитата_из_романа": "", "цитата_из_стиха": ""}'
CP.P6.VIII.34	b.MAR.16.7	0			'{"score": 0, "цитата_из_романа": "", "цитата_из_стиха": ""}'
CP.P6.VIII.34	b.GEN.44.5	0			'{"score": 0, "цитата_из_романа": "", "цитата_из_стиха": ""}'
CP.P6.VIII.34	b.NUM.21.33	0	поворотить	поворотили	'{"score": 0, "цитата_из_романа": "поворотить", "цитата_из_стиха": "поворотили"}'
CP.P6.VIII.34	b.EZR.5.16	0			'{"score": 0, "цитата_из_романа": "", "цитата_из_стиха": ""}'
CP.P6.VIII.34	b.1CO.3.3	1	те же	те же	'{"score": 1, "цитата_из_романа": "те же", "цитата_из_стиха": "те же"}'
CP.P6.VIII.34	b.MAT.12.29	0			'{"score": 0, "цитата_из_романа": "", "цитата_из_стиха": ""}'
CP.P6.VIII.34	b.ROM.11.18	0			'{"score": 0, "цитата_из_романа": "", "цитата_из_стиха": ""}'
CP.P6.VIII.34	b.ECC.4.10	0			'{"score": 0, "цитата_из_романа": "", "цитата_из_стиха": ""}'
CP.P6.VIII.34	b.JER.50.44	0			'{"score": 0, "цитата_из_романа": "", "цитата_из_стиха": ""}'
CP.P6.VIII.34	b.JOB.9.18	2	чтобы перевести дух	не дает мне перевести духа	'{"score": 2, "цитата_из_романа": "чтобы перевести дух", "цитата_из_стиха": "не дает мне перевести духа"}'
CP.P6.VIII.34	b.MAT.13.56	0			'{"score": 0, "цитата_из_романа": "", "цитата_из_стиха": ""}'
CP.P6.VIII.34	b.2CH.25.8	0			'{"score": 0, "цитата_из_романа": "", "цитата_из_стиха": ""}'
CP.P6.VIII.34	b.DEU.15.17	0			'{"score": 0, "цитата_из_романа": "", "цитата_из_стиха": ""}'
CP.P6.VIII.34	b.JOH.6.9	0			'{"score": 0, "цитата_из_романа": "", "цитата_из_стиха": ""}'
CP.P6.VIII.34	b.JDG.21.24	0			'{"score": 0, "цитата_из_романа": "", "цитата_из_стиха": ""}'
CP.P6.VIII.34	b.JDG.19.28	0			'{"score": 0, "цитата_из_романа": "", "цитата_из_стиха": ""}'
CP.P6.VIII.34	b.JOH.11.11	0			'{"score": 0, "цитата_из_романа": "", "цитата_из_стиха": ""}'
CP.P6.VIII.34	b.EXO.4.7	0			'{"score": 0, "цитата_из_романа": "", "цитата_из_стиха": ""}'
CP.P6.VIII.34	b.ACT.5.4	0			'{"score": 0, "цитата_из_романа": "", "цитата_из_стиха": ""}'
CP.P6.VIII.34	b.2SA.12.4	0			'{"score": 0, "цитата_из_романа": "", "цитата_из_стиха": ""}'
CP.P6.VIII.34	b.ISA.51.17	2	пить чашу	выпил чашу	'{"score": 2, "цитата_из_романа": "пить чашу", "цитата_из_стиха": "выпил чашу"}'
CP.P6.VIII.34	b.1PE.4.3	2	пить, так пить всё разом	пить	'{"score": 2, "цитата_из_романа": "пить, так пить всё разом", "цитата_из_стиха": "пить"}'
CP.P6.VIII.34	b.EZE.3.11	0			'{"score": 0, "цитата_из_романа": "", "цитата_из_стиха": ""}'
CP.P6.VIII.34	b.ACT.13.25	0			'{"score": 0, "цитата_из_романа": "", "цитата_из_стиха": ""}'
CP.P6.VIII.34	b.MAR.9.5	0			'{"score": 0, "цитата_из_романа": "", "цитата_из_стиха": ""}'
CP.P6.VIII.34	b.NUM.22.37	0			'{"score": 0, "цитата_из_романа": "", "цитата_из_стиха": ""}'
CP.P6.VIII.34	b.1CO.4.8	0			'{"score": 0, "цитата_из_романа": "", "цитата_из_стиха": ""}'
CP.P6.VIII.34	b.ISA.62.4	0			'{"score": 0, "цитата_из_романа": "", "цитата_из_стиха": ""}'
CP.P6.VIII.34	b.2SA.12.23	2	пить, так пить всё разом	Я пойду к нему	'{"score": 2, "цитата_из_романа": "пить, так пить всё разом", "цитата_из_стиха": "Я пойду к нему"}'
CP.P6.VIII.34	b.GEN.38.21	0			'{"score": 0, "цитата_из_романа": "", "цитата_из_стиха": ""}'
CP.P6.VIII.34	b.2CO.11.21	0			'{"score": 0, "цитата_из_романа": "", "цитата_из_стиха": ""}'
CP.P6.VIII.34	b.2KI.3.9	0			'{"score": 0, "цитата_из_романа": "", "цитата_из_стиха": ""}'
CP.P6.VIII.34	b.MAT.3.11	0			'{"score": 0, "цитата_из_романа": "", "цитата_из_стиха": ""}'
CP.P6.VIII.34	b.GEN.48.15	0			'{"score": 0, "цитата_из_романа": "", "цитата_из_стиха": ""}'
CP.P6.VIII.34	b.1CO.11.34	2	пить, так пить всё разом	есть дома	'{"score": 2, "цитата_из_романа": "пить, так пить всё разом", "цитата_из_стиха": "есть дома"}'
CP.P6.VIII.34	b.ECC.6.6	0			'{"score": 0, "цитата_из_романа": "", "цитата_из_стиха": ""}'
CP.P6.VIII.34	b.LUK.3.16	0			'{"score": 0, "цитата_из_романа": "", "цитата_из_стиха": ""}'
CP.P6.VIII.34	b.EZR.6.11	0			'{"score": 0, "цитата_из_романа": "", "цитата_из_стиха": ""}'
CP.P6.VIII.34	b.ISA.44.7	0			'{"score": 0, "цитата_из_романа": "", "цитата_из_стиха": ""}'
CP.P6.VIII.34	b.DAN.12.1	0			'{"score": 0, "цитата_из_романа": "", "цитата_из_стиха": ""}'
CP.P6.VIII.34	b.2SA.13.26	0			'{"score": 0, "цитата_из_романа": "", "цитата_из_стиха": ""}'
CP.P6.VIII.34	b.EXO.19.13	0			'{"score": 0, "цитата_из_романа": "", "цитата_из_стиха": ""}'
CP.P6.VIII.34	b.1CO.9.22	0			'{"score": 0, "цитата_из_романа": "", "цитата_из_стиха": ""}'
CP.P6.VIII.34	b.2CH.2.6	0			'{"score": 0, "цитата_из_романа": "", "цитата_из_стиха": ""}'
CP.P6.VIII.34	b.JER.49.12	3	пить чашу	пить чашу	'{"score": 3, "цитата_из_романа": "пить чашу", "цитата_из_стиха": "пить чашу"}'
CP.P6.VIII.34	b.OBA.1.16	0			'{"score": 0, "цитата_из_романа": "", "цитата_из_стиха": ""}'
CP.P6.VIII.34	b.1SA.2.14	0			'{"score": 0, "цитата_из_романа": "", "цитата_из_стиха": ""}'
CP.P6.VIII.34	b.2PE.3.4	0			'{"score": 0, "цитата_из_романа": "", "цитата_из_стиха": ""}'
CP.P6.VIII.34	b.JOB.6.3	0			'{"score": 0, "цитата_из_романа": "", "цитата_из_стиха": ""}'
CP.P1.II.37	b.PSA.91.14	2	прощаются же и теперь грехи твои мнози, за то, что возлюбила много	за то, что он возлюбил Меня	'{"score": 2, "цитата_из_романа": "прощаются же и теперь грехи твои мнози, за то, что возлюбила много", "цитата_из_стиха": "за то, что он возлюбил Меня"}'
CP.P1.II.37	b.2SA.18.2	0			'{"score": 0, "цитата_из_романа": "", "цитата_из_стиха": ""}'
CP.P1.II.37	b.ACT.26.3	0			'{"score": 0, "цитата_из_романа": "", "цитата_из_стиха": ""}'
CP.P1.II.37	b.GEN.3.22	0			'{"score": 0, "цитата_из_романа": "", "цитата_из_стиха": ""}'
CP.P1.II.37	b.2CO.12.13	0			'{"score": 0, "цитата_из_романа": "", "цитата_из_стиха": ""}'
CP.P1.II.37	b.ACT.21.5	0			'{"score": 0, "цитата_из_романа": "", "цитата_из_стиха": ""}'
CP.P1.II.37	b.MAT.22.10	2	распни... и, распяв, пожалей его	и злых и добрых	'{"score": 2, "цитата_из_романа": "распни... и, распяв, пожалей его", "цитата_из_стиха": "и злых и добрых"}'
CP.P1.II.37	b.LUK.7.47	3	Простил тебя раз... Простил тебя раз... Прощаются же и теперь грехи твои мнози, за то, что возлюбила много...	прощаются грехи ее многие за то, что она возлюбила много	'{"score": 3, "цитата_из_романа": "Простил тебя раз... Простил тебя раз... Прощаются же и теперь грехи твои мнози, за то, что возлюбила много...", "цитата_из_стиха": "прощаются грехи ее многие за то, ч'
CP.P1.II.37	b.REV.9.10	0			'{"score": 0, "цитата_из_романа": "", "цитата_из_стиха": ""}'
CP.P1.II.37	b.DEU.17.9	0			'{"score": 0, "цитата_из_романа": "", "цитата_из_стиха": ""}'
CP.P1.II.37	b.JOB.6.26	0			'{"score": 0, "цитата_из_романа": "", "цитата_из_стиха": ""}'
CP.P1.II.37	b.PSA.69.2	0			'{"score": 0, "цитата_из_романа": "", "цитата_из_стиха": ""}'
CP.P1.II.37	b.JER.22.15	0			'{"score": 0, "цитата_из_романа": "", "цитата_из_стиха": ""}'
CP.P1.II.37	b.1SA.28.7	0			'{"score": 0, "цитата_из_романа": "", "цитата_из_стиха": ""}'
CP.P1.II.37	b.ISA.47.3	0			'{"score": 0, "цитата_из_романа": "", "цитата_из_стиха": ""}'
CP.P1.II.37	b.1SA.23.23	0			'{"score": 0, "цитата_из_романа": "", "цитата_из_стиха": ""}'
CP.P1.II.37	b.EZE.16.36	0			'{"score": 0, "цитата_из_романа": "", "цитата_из_стиха": ""}'
CP.P1.II.37	b.LUK.13.2	0			'{"score": 0, "цитата_из_романа": "", "цитата_из_стиха": ""}'
CP.P1.II.37	b.1SA.18.1	0			'{"score": 0, "цитата_из_романа": "", "цитата_из_стиха": ""}'
CP.P1.II.37	b.MAT.6.10	3	Господи, да приидет царствие твое	да приидет Царствие Твое	'{"score": 3, "цитата_из_романа": "Господи, да приидет царствие твое", "цитата_из_стиха": "да приидет Царствие Твое"}'
CP.P1.II.37	b.LUK.11.19	0			'{"score": 0, "цитата_из_романа": "", "цитата_из_стиха": ""}'
CP.P1.II.37	b.JOH.11.31	0			'{"score": 0, "цитата_из_романа": "", "цитата_из_стиха": ""}'
CP.P1.II.37	b.1CO.3.3	0			'{"score": 0, "цитата_из_романа": "", "цитата_из_стиха": ""}'
CP.P1.II.37	b.EZE.22.4	0			'{"score": 0, "цитата_из_романа": "", "цитата_из_стиха": ""}'
CP.P1.II.37	b.NEH.2.19	0			'{"score": 0, "цитата_из_романа": "", "цитата_из_стиха": ""}'
CP.P1.II.37	b.JER.23.27	0			'{"score": 0, "цитата_из_романа": "", "цитата_из_стиха": ""}'
CP.P1.II.37	b.1SA.20.21	0			'{"score": 0, "цитата_из_романа": "", "цитата_из_стиха": ""}'
CP.P1.II.37	b.JER.6.15	0			'{"score": 0, "цитата_из_романа": "", "цитата_из_стиха": ""}'
CP.P1.II.37	b.GEN.16.1	0			'{"score": 0, "цитата_из_романа": "", "цитата_из_стиха": ""}'
CP.P1.II.37	b.JER.8.12	0	стыдясь	стыдятся	'{"score": 0, "цитата_из_романа": "стыдясь", "цитата_из_стиха": "стыдятся"}'
CP.P1.II.37	b.RUT.4.4	0			'{"score": 0, "цитата_из_романа": "", "цитата_из_стиха": ""}'
CP.P1.II.37	b.LUK.6.25	2	Горе вам, пресыщенные ныне! ибо взалчете. Горе вам, смеющиеся ныне! ибо восплачете и возрыдаете.	Горе вам, пресыщенные ныне! ибо взалчете. Горе вам, смеющиеся ныне! ибо восплачете и возрыдаете.	'{"score": 2, "цитата_из_романа": "Горе вам, пресыщенные ныне! ибо взалчете. Горе вам, смеющиеся ныне! ибо восплачете и возрыдаете.", "цитата_из_стиха": "Горе вам, пресыщенные ныне! ибо взалчете. Горе '
CP.P1.II.37	b.1SA.19.22	0			'{"score": 0, "цитата_из_романа": "", "цитата_из_стиха": ""}'
CP.P1.II.37	b.2CH.14.11	0			'{"score": 0, "цитата_из_романа": "", "цитата_из_стиха": ""}'
CP.P1.II.37	b.ACT.20.11	0			'{"score": 0, "цитата_из_романа": "", "цитата_из_стиха": ""}'
CP.P1.II.37	b.JOS.3.13	0			'{"score": 0, "цитата_из_романа": "", "цитата_из_стиха": ""}'
CP.P1.II.37	b.ISA.64.5	0			'{"score": 0, "цитата_из_романа": "", "цитата_из_стиха": ""}'
CP.P1.II.37	b.ROM.2.22	0			'{"score": 0, "цитата_из_романа": "", "цитата_из_стиха": ""}'
CP.P1.II.37	b.REV.11.7	0			'{"score": 0, "цитата_из_романа": "", "цитата_из_стиха": ""}'
CP.P1.II.37	b.JOH.3.13	0			'{"score": 0, "цитата_из_романа": "", "цитата_из_стиха": ""}'
CP.P1.II.37	b.2CH.6.30	2	прости... и всех рассудит и простит	и прости	'{"score": 2, "цитата_из_романа": "прости... и всех рассудит и простит", "цитата_из_стиха": "и прости"}'
CP.P1.II.37	b.ECC.2.23	0	скорби, скорби искал я на дне его, скорби и слез	все дни его – скорби	'{"score": 0, "цитата_из_романа": "скорби, скорби искал я на дне его, скорби и слез", "цитата_из_стиха": "все дни его – скорби"}'
CP.P1.II.37	b.2TI.2.7	0			'{"score": 0, "цитата_из_романа": "", "цитата_из_стиха": ""}'
CP.P1.II.37	b.JAM.5.13	0			'{"score": 0, "цитата_из_романа": "", "цитата_из_стиха": ""}'
CP.P1.II.37	b.NEH.1.11	0			'{"score": 0, "цитата_из_романа": "", "цитата_из_стиха": ""}'
CP.P1.II.37	b.ACT.5.4	0			'{"score": 0, "цитата_из_романа": "", "цитата_из_стиха": ""}'
CP.P1.II.37	b.ROM.15.24	0			'{"score": 0, "цитата_из_романа": "", "цитата_из_стиха": ""}'
CP.P1.II.37	b.REV.9.8	0			'{"score": 0, "цитата_из_романа": "", "цитата_из_стиха": ""}'
CP.P1.II.37	b.EZE.42.15	0			'{"score": 0, "цитата_из_романа": "", "цитата_из_стиха": ""}'
CP.P1.II.37	b.MAT.19.17	0			'{"score": 0, "цитата_из_романа": "", "цитата_из_стиха": ""}'
CP.P1.II.37	b.MAT.9.13	2	пожалеть	милости хочу	'{"score": 2, "цитата_из_романа": "пожалеть", "цитата_из_стиха": "милости хочу"}'
CP.P1.II.37	b.2CO.12.19	0			'{"score": 0, "цитата_из_романа": "", "цитата_из_стиха": ""}'
CP.P1.II.37	b.2SA.17.11	0			'{"score": 0, "цитата_из_романа": "", "цитата_из_стиха": ""}'
CP.P1.II.37	b.LUK.18.19	0			'{"score": 0, "цитата_из_романа": "", "цитата_из_стиха": ""}'
CP.P1.II.37	b.LUK.11.2	2	да приидет Царствие Твое	да приидет Царствие Твое	'{"score": 2, "цитата_из_романа": "да приидет Царствие Твое", "цитата_из_стиха": "да приидет Царствие Твое"}'
CP.P1.II.37	b.REV.3.17	0	жалеть	жалок	'{"score": 0, "цитата_из_романа": "жалеть", "цитата_из_стиха": "жалок"}'
CP.P1.II.37	b.ISA.58.8	0			'{"score": 0, "цитата_из_романа": "", "цитата_из_стиха": ""}'
CP.P1.II.37	b.JOS.3.8	0			'{"score": 0, "цитата_из_романа": "", "цитата_из_стиха": ""}'
CP.P1.II.37	b.LUK.13.4	0			'{"score": 0, "цитата_из_романа": "", "цитата_из_стиха": ""}'
CP.P1.II.37	b.MAR.10.18	0			'{"score": 0, "цитата_из_романа": "", "цитата_из_стиха": ""}'
CP.P1.II.37	b.ECC.9.2	0			'{"score": 0, "цитата_из_романа": "", "цитата_из_стиха": ""}'
CP.P1.II.37	b.2CH.34.27	2	распни... и, распяв, пожалей его	и Я услышал тебя	'{"score": 2, "цитата_из_романа": "распни... и, распяв, пожалей его", "цитата_из_стиха": "и Я услышал тебя"}'
CP.P1.II.37	b.2KI.10.25	0			'{"score": 0, "цитата_из_романа": "", "цитата_из_стиха": ""}'
CP.P1.II.37	b.2TI.1.12	0			'{"score": 0, "цитата_из_романа": "", "цитата_из_стиха": ""}'
CP.P1.II.37	b.MAR.14.68	0			'{"score": 0, "цитата_из_романа": "", "цитата_из_стиха": ""}'
CP.P1.II.37	b.LUK.12.51	0			'{"score": 0, "цитата_из_романа": "", "цитата_из_стиха": ""}'
CP.P1.II.37	b.1SA.24.16	0			'{"score": 0, "цитата_из_романа": "", "цитата_из_стиха": ""}'
CP.P1.II.37	b.PSA.63.4	0			'{"score": 0, "цитата_из_романа": "", "цитата_из_стиха": ""}'
CP.P1.II.23	b.JDG.19.4	0			'{"score": 0, "цитата_из_романа": "", "цитата_из_стиха": ""}'
CP.P1.II.23	b.2KI.9.34	0			'{"score": 0, "цитата_из_романа": "", "цитата_из_стиха": ""}'
CP.P1.II.23	b.1TI.5.13	0			'{"score": 0, "цитата_из_романа": "", "цитата_из_стиха": ""}'
CP.P1.II.23	b.MAT.18.19	0			'{"score": 0, "цитата_из_романа": "", "цитата_из_стиха": ""}'
CP.P1.II.23	b.MIC.4.9	0			'{"score": 0, "цитата_из_романа": "", "цитата_из_стиха": ""}'
CP.P1.II.23	b.GEN.12.19	0			'{"score": 0, "цитата_из_романа": "", "цитата_из_стиха": ""}'
CP.P1.II.23	b.ACT.10.3	0			'{"score": 0, "цитата_из_романа": "", "цитата_из_стиха": ""}'
CP.P1.II.23	b.1CO.7.28	0			'{"score": 0, "цитата_из_романа": "", "цитата_из_стиха": ""}'
CP.P1.II.23	b.JOH.5.3	0			'{"score": 0, "цитата_из_романа": "", "цитата_из_стиха": ""}'
CP.P1.II.23	b.ECC.3.13	0			'{"score": 0, "цитата_из_романа": "", "цитата_из_стиха": ""}'
CP.P1.II.23	b.MAR.7.24	0			'{"score": 0, "цитата_из_романа": "", "цитата_из_стиха": ""}'
CP.P1.II.23	b.JDG.19.6	0			'{"score": 0, "цитата_из_романа": "", "цитата_из_стиха": ""}'
CP.P1.II.23	b.GEN.30.33	0			'{"score": 0, "цитата_из_романа": "", "цитата_из_стиха": ""}'
CP.P1.II.23	b.DEU.28.55	0			'{"score": 0, "цитата_из_романа": "", "цитата_из_стиха": ""}'
CP.P1.II.23	b.2CH.21.17	0			'{"score": 0, "цитата_из_романа": "", "цитата_из_стиха": ""}'
CP.P1.II.23	b.JDG.9.27	0			'{"score": 0, "цитата_из_романа": "", "цитата_из_стиха": ""}'
CP.P1.II.23	b.ROM.11.20	0			'{"score": 0, "цитата_из_романа": "", "цитата_из_стиха": ""}'
CP.P1.II.23	b.MAL.3.7	0			'{"score": 0, "цитата_из_романа": "", "цитата_из_стиха": ""}'
CP.P1.II.23	b.ISA.3.24	0			'{"score": 0, "цитата_из_романа": "", "цитата_из_стиха": ""}'
CP.P1.II.23	b.ACT.21.8	0			'{"score": 0, "цитата_из_романа": "", "цитата_из_стиха": ""}'
CP.P1.II.23	b.DEU.3.3	0			'{"score": 0, "цитата_из_романа": "", "цитата_из_стиха": ""}'
CP.P1.II.23	b.DAN.10.7	0			'{"score": 0, "цитата_из_романа": "", "цитата_из_стиха": ""}'
CP.P1.II.23	b.JOB.2.13	3	И тогда-то милостивый государь, тогда я, тоже вдовец, и от первой жены четырнадцатилетнюю дочь имея, руку свою предложил, ибо не мог смотреть на такое страдание. Можете судить потому, до какой степени ее бедствия доходили, что она, образованная и воспитанная и фамилии известной, за меня согласилась пойти! Но пошла! Плача и рыдая и руки ломая -- пошла! Ибо некуда было идти.	и никто не говорил ему ни слова, ибо видели, что страдание его весьма велико.	'{"score": 3, "цитата_из_романа": "И тогда-то милостивый государь, тогда я, тоже вдовец, и от первой жены четырнадцатилетнюю дочь имея, руку свою предложил, ибо не мог смотреть на такое страдание. Може'
CP.P1.II.23	b.JOH.8.11	3	не осуждаю, не осуждаю	и Я не осуждаю тебя	'{"score": 3, "цитата_из_романа": "не осуждаю, не осуждаю", "цитата_из_стиха": "и Я не осуждаю тебя"}'
CP.P1.II.23	b.LUK.24.39	0			'{"score": 0, "цитата_из_романа": "", "цитата_из_стиха": ""}'
CP.P1.II.23	b.JER.38.25	0			'{"score": 0, "цитата_из_романа": "", "цитата_из_стиха": ""}'
CP.P1.II.23	b.LUK.7.34	2	ест и пьет	ест и пьет	'{"score": 2, "цитата_из_романа": "ест и пьет", "цитата_из_стиха": "ест и пьет"}'
CP.P1.II.23	b.1KI.7.25	0			'{"score": 0, "цитата_из_романа": "", "цитата_из_стиха": ""}'
CP.P1.II.23	b.MAR.15.34	0			'{"score": 0, "цитата_из_романа": "", "цитата_из_стиха": ""}'
CP.P1.II.23	b.EST.4.14	0			'{"score": 0, "цитата_из_романа": "", "цитата_из_стиха": ""}'
CP.P1.II.23	b.JER.10.5	0			'{"score": 0, "цитата_из_романа": "", "цитата_из_стиха": ""}'
CP.P1.II.23	b.ROM.8.8	0			'{"score": 0, "цитата_из_романа": "", "цитата_из_стиха": ""}'
CP.P1.II.23	b.GEN.25.34	0			'{"score": 0, "цитата_из_романа": "", "цитата_из_стиха": ""}'
CP.P1.II.23	b.1CO.9.15	0			'{"score": 0, "цитата_из_романа": "", "цитата_из_стиха": ""}'
CP.P1.II.23	b.LEV.19.28	0			'{"score": 0, "цитата_из_романа": "", "цитата_из_стиха": ""}'
CP.P1.II.23	b.ACT.9.9	0			'{"score": 0, "цитата_из_романа": "", "цитата_из_стиха": ""}'
CP.P1.II.23	b.MAT.18.30	0			'{"score": 0, "цитата_из_романа": "", "цитата_из_стиха": ""}'
CP.P1.II.23	b.EZE.1.1	0			'{"score": 0, "цитата_из_романа": "", "цитата_из_стиха": ""}'
CP.P1.II.23	b.MAT.27.46	2	в девятом часу	около девятого часа	'{"score": 2, "цитата_из_романа": "в девятом часу", "цитата_из_стиха": "около девятого часа"}'
CP.P1.II.23	b.2CO.12.3	0			'{"score": 0, "цитата_из_романа": "", "цитата_из_стиха": ""}'
CP.P1.II.23	b.2KI.7.8	0			'{"score": 0, "цитата_из_романа": "", "цитата_из_стиха": ""}'
CP.P1.II.23	b.EZE.3.7	0			'{"score": 0, "цитата_из_романа": "", "цитата_из_стиха": ""}'
CP.P1.II.23	b.GEN.45.19	0			'{"score": 0, "цитата_из_романа": "", "цитата_из_стиха": ""}'
CP.P1.II.23	b.HEB.1.6	0			'{"score": 0, "цитата_из_романа": "", "цитата_из_стиха": ""}'
CP.P1.II.23	b.PRO.31.29	0			'{"score": 0, "цитата_из_романа": "", "цитата_из_стиха": ""}'
CP.P1.II.23	b.2KI.3.14	0			'{"score": 0, "цитата_из_романа": "", "цитата_из_стиха": ""}'
CP.P1.II.23	b.ACT.26.29	0			'{"score": 0, "цитата_из_романа": "", "цитата_из_стиха": ""}'
CP.P1.II.23	b.2KI.6.22	0			'{"score": 0, "цитата_из_романа": "", "цитата_из_стиха": ""}'
CP.P1.II.23	b.JOH.19.37	0			'{"score": 0, "цитата_из_романа": "", "цитата_из_стиха": ""}'
CP.P1.II.23	b.2CO.12.11	0			'{"score": 0, "цитата_из_романа": "", "цитата_из_стиха": ""}'
CP.P1.II.23	b.ZEC.1.3	0			'{"score": 0, "цитата_из_романа": "", "цитата_из_стиха": ""}'
CP.P1.II.23	b.ROM.13.3	0			'{"score": 0, "цитата_из_романа": "", "цитата_из_стиха": ""}'
CP.P1.II.23	b.1KI.3.26	0			'{"score": 0, "цитата_из_романа": "", "цитата_из_стиха": ""}'
CP.P1.II.23	b.ACT.26.26	0			'{"score": 0, "цитата_из_романа": "", "цитата_из_стиха": ""}'
CP.P1.II.23	b.2SA.11.13	0			'{"score": 0, "цитата_из_романа": "", "цитата_из_стиха": ""}'
CP.P1.II.23	b.2KI.10.2	0			'{"score": 0, "цитата_из_романа": "", "цитата_из_стиха": ""}'
CP.P1.II.23	b.RUT.1.16	2	куда ты пойдешь, туда и я пойду, и где ты жить будешь, там и я буду жить	куда ты пойдешь, туда и я пойду, и где ты жить будешь, там и я буду жить	'{"score": 2, "цитата_из_романа": "куда ты пойдешь, туда и я пойду, и где ты жить будешь, там и я буду жить", "цитата_из_стиха": "куда ты пойдешь, туда и я пойду, и где ты жить будешь, там и я буду жит'
CP.P1.II.23	b.ROM.15.12	0			'{"score": 0, "цитата_из_романа": "", "цитата_из_стиха": ""}'
CP.P1.II.23	b.ACT.10.30	1	в девятом часу	в девятом часу	'{"score": 1, "цитата_из_романа": "в девятом часу", "цитата_из_стиха": "в девятом часу"}'
CP.P1.II.23	b.ISA.57.10	0			'{"score": 0, "цитата_из_романа": "", "цитата_из_стиха": ""}'
CP.P1.II.23	b.EXO.5.14	0			'{"score": 0, "цитата_из_романа": "", "цитата_из_стиха": ""}'
CP.P1.II.23	b.ISA.17.6	0			'{"score": 0, "цитата_из_романа": "", "цитата_из_стиха": ""}'
CP.P1.II.23	b.2CO.11.21	0			'{"score": 0, "цитата_из_романа": "", "цитата_из_стиха": ""}'
CP.P1.II.23	b.1CO.7.36	2	не в здравом рассудке сие сказано было, а при взволнованных чувствах, в болезни и при плаче детей не евших	не согрешит	'{"score": 2, "цитата_из_романа": "не в здравом рассудке сие сказано было, а при взволнованных чувствах, в болезни и при плаче детей не евших", "цитата_из_стиха": "не согрешит"}'
CP.P1.II.23	b.2CH.9.6	0			'{"score": 0, "цитата_из_романа": "", "цитата_из_стиха": ""}'
CP.P1.II.23	b.MAT.11.19	2	ест и пьет	ест и пьет	'{"score": 2, "цитата_из_романа": "ест и пьет", "цитата_из_стиха": "ест и пьет"}'
CP.P1.II.23	b.ACT.11.26	0			'{"score": 0, "цитата_из_романа": "", "цитата_из_стиха": ""}'
CP.P1.II.23	b.RUT.1.13	0			'{"score": 0, "цитата_из_романа": "", "цитата_из_стиха": ""}'
CP.P1.II.23	b.RUT.4.6	0			'{"score": 0, "цитата_из_романа": "", "цитата_из_стиха": ""}'
CP.P1.II.23	b.1SA.30.16	0			'{"score": 0, "цитата_из_романа": "", "цитата_из_стиха": ""}'
CP.P1.II.23	b.EXO.21.18	0			'{"score": 0, "цитата_из_романа": "", "цитата_из_стиха": ""}'
CP.P1.II.23	b.LEV.25.30	0			'{"score": 0, "цитата_из_романа": "", "цитата_из_стиха": ""}'
CP.P1.II.23	b.2CO.3.7	0			'{"score": 0, "цитата_из_романа": "", "цитата_из_стиха": ""}'
CP.P1.II.23	b.EZE.1.27	0			'{"score": 0, "цитата_из_романа": "", "цитата_из_стиха": ""}'
CP.P1.II.23	b.JOB.41.22	0			'{"score": 0, "цитата_из_романа": "", "цитата_из_стиха": ""}'
CP.P1.II.23	b.2KI.6.23	0			'{"score": 0, "цитата_из_романа": "", "цитата_из_стиха": ""}'
CP.P1.II.23	b.EZE.38.2	0			'{"score": 0, "цитата_из_романа": "", "цитата_из_стиха": ""}'
CP.P4.IV.140	b.ACT.16.16	0			'{"score": 0, "цитата_из_романа": "", "цитата_из_стиха": ""}'
CP.P4.IV.140	b.REV.6.16	0	Она бога узрит	от лица Сидящего на престоле	'{"score": 0, "цитата_из_романа": "Она бога узрит", "цитата_из_стиха": "от лица Сидящего на престоле"}'
CP.P4.IV.140	b.ZEP.1.12	0			'{"score": 0, "цитата_из_романа": "", "цитата_из_стиха": ""}'
CP.P4.IV.140	b.PRO.19.9	0			'{"score": 0, "цитата_из_романа": "", "цитата_из_стиха": ""}'
CP.P4.IV.140	b.RUT.2.13	0	Она бога узрит	Ты утешил меня	'{"score": 0, "цитата_из_романа": "Она бога узрит", "цитата_из_стиха": "Ты утешил меня"}'
CP.P4.IV.140	b.ROM.3.8	0			'{"score": 0, "цитата_из_романа": "", "цитата_из_стиха": ""}'
CP.P4.IV.140	b.GEN.16.13	2	она бога узрит	Ты Бог видящий меня	'{"score": 2, "цитата_из_романа": "она бога узрит", "цитата_из_стиха": "Ты Бог видящий меня"}'
CP.P4.IV.140	b.GEN.39.14	0			'{"score": 0, "цитата_из_романа": "", "цитата_из_стиха": ""}'
CP.P4.IV.140	b.LUK.11.31	2	приходила	приходила	'{"score": 2, "цитата_из_романа": "приходила", "цитата_из_стиха": "приходила"}'
CP.P4.IV.140	b.RUT.1.19	0	Она бога узрит	И шли обе они, доколе не пришли в Вифлеем	'{"score": 0, "цитата_из_романа": "Она бога узрит", "цитата_из_стиха": "И шли обе они, доколе не пришли в Вифлеем"}'
CP.P4.IV.140	b.PSA.50.20	0	Она бога узрит	на брата твоего, на сына матери твоей клевещешь	'{"score": 0, "цитата_из_романа": "Она бога узрит", "цитата_из_стиха": "на брата твоего, на сына матери твоей клевещешь"}'
CP.P4.IV.140	b.ZEC.1.6	0	Она бога узрит	слова Мои и определения Мои	'{"score": 0, "цитата_из_романа": "Она бога узрит", "цитата_из_стиха": "слова Мои и определения Мои"}'
CP.P4.IV.140	b.1SA.1.10	2	она приходила... редко	была в скорби души	'{"score": 2, "цитата_из_романа": "она приходила... редко", "цитата_из_стиха": "была в скорби души"}'
CP.P4.IV.140	b.PSA.90.4	0	Она бога узрит	возвратитесь, сыны человеческие	'{"score": 0, "цитата_из_романа": "Она бога узрит", "цитата_из_стиха": "возвратитесь, сыны человеческие"}'
CP.P4.IV.140	b.ACT.16.14	2	она бога узрит	чтущая Бога	'{"score": 2, "цитата_из_романа": "она бога узрит", "цитата_из_стиха": "чтущая Бога"}'
CP.P4.IV.140	b.EZE.47.5	0	Она бога узрит	потому что вода была так высока, что надлежало плыть, а переходить нельзя было этот поток	'{"score": 0, "цитата_из_романа": "Она бога узрит", "цитата_из_стиха": "потому что вода была так высока, что надлежало плыть, а переходить нельзя было этот поток"}'
CP.P4.IV.140	b.JOH.8.11	2	она приходила... редко... нельзя было	никто, Господи	'{"score": 2, "цитата_из_романа": "она приходила... редко... нельзя было", "цитата_из_стиха": "никто, Господи"}'
CP.P4.IV.140	b.REV.18.10	0	Она бога узрит	горе, горе тебе	'{"score": 0, "цитата_из_романа": "Она бога узрит", "цитата_из_стиха": "горе, горе тебе"}'
CP.P4.IV.140	b.2KI.4.7	2	она приходила	и пришла она	'{"score": 2, "цитата_из_романа": "она приходила", "цитата_из_стиха": "и пришла она"}'
CP.P4.IV.140	b.1KI.2.16	0	Она бога узрит	она сказала ему: говори	'{"score": 0, "цитата_из_романа": "Она бога узрит", "цитата_из_стиха": "она сказала ему: говори"}'
CP.P4.IV.140	b.JER.22.16	2	она бога узрит	ему хорошо было	'{"score": 2, "цитата_из_романа": "она бога узрит", "цитата_из_стиха": "ему хорошо было"}'
CP.P4.IV.140	b.LUK.18.5	2	приходила	приходила	'{"score": 2, "цитата_из_романа": "приходила", "цитата_из_стиха": "приходила"}'
CP.P4.IV.140	b.RUT.4.17	0			'{"score": 0, "цитата_из_романа": "", "цитата_из_стиха": ""}'
CP.P4.IV.140	b.PRO.24.2	0			'{"score": 0, "цитата_из_романа": "", "цитата_из_стиха": ""}'
CP.P4.IV.140	b.PRO.19.5	0			'{"score": 0, "цитата_из_романа": "", "цитата_из_стиха": ""}'
CP.P4.IV.140	b.MAT.5.8	3	она Бога узрит	они Бога узрят	'{"score": 3, "цитата_из_романа": "она Бога узрит", "цитата_из_стиха": "они Бога узрят"}'
CP.P4.IV.140	b.PRO.16.13	2	она приходила... редко	приятны царю уста правдивые	'{"score": 2, "цитата_из_романа": "она приходила... редко", "цитата_из_стиха": "приятны царю уста правдивые"}'
CP.P4.IV.140	b.OBA.1.3	0			'{"score": 0, "цитата_из_романа": "", "цитата_из_стиха": ""}'
CP.P4.IV.140	b.2SA.14.17	0	она бога узрит	Господь Бог твой будет с тобою	'{"score": 0, "цитата_из_романа": "она бога узрит", "цитата_из_стиха": "Господь Бог твой будет с тобою"}'
CP.P4.IV.140	b.PHI.4.4	0			'{"score": 0, "цитата_из_романа": "", "цитата_из_стиха": ""}'
CP.P4.IV.140	b.ZEC.8.23	0	она бога узрит	мы пойдем с тобою, ибо мы слышали, что с вами Бог	'{"score": 0, "цитата_из_романа": "она бога узрит", "цитата_из_стиха": "мы пойдем с тобою, ибо мы слышали, что с вами Бог"}'
CP.P4.IV.140	b.ACT.16.15	0	Она бога узрит	если вы признали меня верною Господу	'{"score": 0, "цитата_из_романа": "Она бога узрит", "цитата_из_стиха": "если вы признали меня верною Господу"}'
CP.P4.IV.140	b.RUT.4.14	0	она бога узрит	Господь	'{"score": 0, "цитата_из_романа": "она бога узрит", "цитата_из_стиха": "Господь"}'
CP.P4.IV.140	b.EST.4.2	2	нельзя было	нельзя было	'{"score": 2, "цитата_из_романа": "нельзя было", "цитата_из_стиха": "нельзя было"}'
CP.P4.IV.140	b.MAT.12.42	2	приходила	приходила	'{"score": 2, "цитата_из_романа": "приходила", "цитата_из_стиха": "приходила"}'
CP.P4.IV.140	b.PSA.109.20	0	Она бога узрит	говорящим злое надушу мою	'{"score": 0, "цитата_из_романа": "Она бога узрит", "цитата_из_стиха": "говорящим злое надушу мою"}'
CP.P4.IV.140	b.ROM.11.9	0			'{"score": 0, "цитата_из_романа": "", "цитата_из_стиха": ""}'
CP.P4.IV.140	b.REV.19.8	2	она бога узрит	облечься в виссон чистый и светлый	'{"score": 2, "цитата_из_романа": "она бога узрит", "цитата_из_стиха": "облечься в виссон чистый и светлый"}'
CP.P4.IV.140	b.PSA.116.10	0			'{"score": 0, "цитата_из_романа": "", "цитата_из_стиха": ""}'
CP.P4.IV.140	b.REV.16.7	2	она приходила... редко... нельзя было	её, Господи Боже Вседержитель, истинны и праведны суды Твои	'{"score": 2, "цитата_из_романа": "она приходила... редко... нельзя было", "цитата_из_стиха": "её, Господи Боже Вседержитель, истинны и праведны суды Твои"}'
CP.P4.IV.140	b.REV.8.13	0	она бога узрит	горе	'{"score": 0, "цитата_из_романа": "она бога узрит", "цитата_из_стиха": "горе"}'
CP.P4.IV.140	b.REV.7.12	0	Она бога узрит	благословение и слава, и премудрость и благодарение, и честь и сила и крепость Богу нашему	'{"score": 0, "цитата_из_романа": "Она бога узрит", "цитата_из_стиха": "благословение и слава, и премудрость и благодарение, и честь и сила и крепость Богу нашему"}'
CP.P4.IV.140	b.JDG.13.6	2	она приходила	жена пришла	'{"score": 2, "цитата_из_романа": "она приходила", "цитата_из_стиха": "жена пришла"}'
CP.P4.IV.140	b.PRO.26.19	0			'{"score": 0, "цитата_из_романа": "", "цитата_из_стиха": ""}'
CP.P4.IV.140	b.1SA.1.18	2	она приходила... редко... нельзя было	и пошла она в путь свой	'{"score": 2, "цитата_из_романа": "она приходила... редко... нельзя было", "цитата_из_стиха": "и пошла она в путь свой"}'
CP.P4.IV.140	b.REV.5.14	0	она бога узрит	Поклонились Живущему во веки веков	'{"score": 0, "цитата_из_романа": "она бога узрит", "цитата_из_стиха": "Поклонились Живущему во веки веков"}'
CP.P4.IV.140	b.PSA.30.6	0			'{"score": 0, "цитата_из_романа": "", "цитата_из_стиха": ""}'
CP.P4.IV.140	b.2KI.4.9	2	она бога узрит	человек Божий	'{"score": 2, "цитата_из_романа": "она бога узрит", "цитата_из_стиха": "человек Божий"}'
CP.P4.IV.140	b.PRO.7.10	0	Она бога узрит	в наряде блудницы	'{"score": 0, "цитата_из_романа": "Она бога узрит", "цитата_из_стиха": "в наряде блудницы"}'
CP.P4.IV.140	b.REV.5.13	0	она бога узрит	Сидящему на престоле и Агнцу	'{"score": 0, "цитата_из_романа": "она бога узрит", "цитата_из_стиха": "Сидящему на престоле и Агнцу"}'
CP.P4.IV.140	b.PRO.7.13	0			'{"score": 0, "цитата_из_романа": "", "цитата_из_стиха": ""}'
CP.P4.IV.140	b.EZE.16.63	2	нельзя было	нельзя было тебе и рта открыть	'{"score": 2, "цитата_из_романа": "нельзя было", "цитата_из_стиха": "нельзя было тебе и рта открыть"}'
CP.P4.IV.140	b.1SA.1.26	0	она бога узрит	молилась Господу	'{"score": 0, "цитата_из_романа": "она бога узрит", "цитата_из_стиха": "молилась Господу"}'
CP.P4.IV.140	b.MAT.28.17	0	Она бога узрит	увидев Его	'{"score": 0, "цитата_из_романа": "Она бога узрит", "цитата_из_стиха": "увидев Его"}'
CP.P6.VI.26	b.PHI.1.6	0			'{"score": 0, "цитата_из_романа": "", "цитата_из_стиха": ""}'
CP.P6.VI.26	b.1SA.20.9	0			'{"score": 0, "цитата_из_романа": "", "цитата_из_стиха": ""}'
CP.P6.VI.26	b.LEV.22.7	0			'{"score": 0, "цитата_из_романа": "", "цитата_из_стиха": ""}'
CP.P6.VI.26	b.JOB.23.7	0			'{"score": 0, "цитата_из_романа": "", "цитата_из_стиха": ""}'
CP.P6.VI.26	b.LUK.2.49	0			'{"score": 0, "цитата_из_романа": "", "цитата_из_стиха": ""}'
CP.P6.VI.26	b.1KI.19.4	0			'{"score": 0, "цитата_из_романа": "", "цитата_из_стиха": ""}'
CP.P6.VI.26	b.MAR.4.17	0			'{"score": 0, "цитата_из_романа": "", "цитата_из_стиха": ""}'
CP.P6.VI.26	b.MAT.27.48	0			'{"score": 0, "цитата_из_романа": "", "цитата_из_стиха": ""}'
CP.P6.VI.26	b.EZE.10.9	0			'{"score": 0, "цитата_из_романа": "", "цитата_из_стиха": ""}'
CP.P6.VI.26	b.ROM.3.2	0			'{"score": 0, "цитата_из_романа": "", "цитата_из_стиха": ""}'
CP.P6.VI.26	b.ROM.15.17	0			'{"score": 0, "цитата_из_романа": "", "цитата_из_стиха": ""}'
CP.P6.VI.26	b.MAT.13.21	0			'{"score": 0, "цитата_из_романа": "", "цитата_из_стиха": ""}'
CP.P6.VI.26	b.MAT.12.4	0			'{"score": 0, "цитата_из_романа": "", "цитата_из_стиха": ""}'
CP.P6.VI.26	b.ACT.13.44	0			'{"score": 0, "цитата_из_романа": "", "цитата_из_стиха": ""}'
CP.P6.VI.26	b.NEH.12.31	0			'{"score": 0, "цитата_из_романа": "", "цитата_из_стиха": ""}'
CP.P6.VI.26	b.JOB.4.16	0			'{"score": 0, "цитата_из_романа": "", "цитата_из_стиха": ""}'
CP.P6.VI.26	b.PSA.38.14	0			'{"score": 0, "цитата_из_романа": "", "цитата_из_стиха": ""}'
CP.P6.VI.26	b.MAR.14.69	0			'{"score": 0, "цитата_из_романа": "", "цитата_из_стиха": ""}'
CP.P6.VI.26	b.ECC.4.11	0			'{"score": 0, "цитата_из_романа": "", "цитата_из_стиха": ""}'
CP.P6.VI.26	b.JOB.2.3	2	человек непорочный, справедливый, богобоязненный и удаляющийся от зла	человек непорочный, справедливый, богобоязненный и удаляющийся от зла	'{"score": 2, "цитата_из_романа": "человек непорочный, справедливый, богобоязненный и удаляющийся от зла", "цитата_из_стиха": "человек непорочный, справедливый, богобоязненный и удаляющийся от зла"}'
CP.P6.VI.26	b.LEV.1.2	0			'{"score": 0, "цитата_из_романа": "", "цитата_из_стиха": ""}'
CP.P6.VI.26	b.2KI.7.2	0			'{"score": 0, "цитата_из_романа": "", "цитата_из_стиха": ""}'
CP.P6.VI.26	b.LEV.22.13	0			'{"score": 0, "цитата_из_романа": "", "цитата_из_стиха": ""}'
CP.P6.VI.26	b.LUK.15.8	2	зажег свечу	зажжет свечи	'{"score": 2, "цитата_из_романа": "зажег свечу", "цитата_из_стиха": "зажжет свечи"}'
CP.P6.VI.26	b.EZE.1.5	0			'{"score": 0, "цитата_из_романа": "", "цитата_из_стиха": ""}'
CP.P6.VI.26	b.1KI.6.16	0			'{"score": 0, "цитата_из_романа": "", "цитата_из_стиха": ""}'
CP.P6.VI.26	b.ROM.14.22	0			'{"score": 0, "цитата_из_романа": "", "цитата_из_стиха": ""}'
CP.P6.VI.26	b.DEU.25.5	0			'{"score": 0, "цитата_из_романа": "", "цитата_из_стиха": ""}'
CP.P6.VI.26	b.OBA.1.11	0			'{"score": 0, "цитата_из_романа": "", "цитата_из_стиха": ""}'
CP.P6.VI.26	b.1SA.19.16	0			'{"score": 0, "цитата_из_романа": "", "цитата_из_стиха": ""}'
CP.P6.VI.26	b.LEV.22.2	0			'{"score": 0, "цитата_из_романа": "", "цитата_из_стиха": ""}'
CP.P6.VI.26	b.MAT.25.30	0			'{"score": 0, "цитата_из_романа": "", "цитата_из_стиха": ""}'
CP.P6.VI.26	b.PRO.17.7	0			'{"score": 0, "цитата_из_романа": "", "цитата_из_стиха": ""}'
CP.P6.VI.26	b.GEN.28.11	0			'{"score": 0, "цитата_из_романа": "", "цитата_из_стиха": ""}'
CP.P6.VI.26	b.DAN.7.4	0			'{"score": 0, "цитата_из_романа": "", "цитата_из_стиха": ""}'
CP.P6.VI.26	b.JOH.9.41	0			'{"score": 0, "цитата_из_романа": "", "цитата_из_стиха": ""}'
CP.P6.VI.26	b.ROM.7.21	0			'{"score": 0, "цитата_из_романа": "", "цитата_из_стиха": ""}'
CP.P6.VI.26	b.LUK.18.13	3	ударяя себя рукой в грудь	ударяя себя в грудь	'{"score": 3, "цитата_из_романа": "ударяя себя рукой в грудь", "цитата_из_стиха": "ударяя себя в грудь"}'
CP.P6.VI.26	b.EZE.41.21	0			'{"score": 0, "цитата_из_романа": "", "цитата_из_стиха": ""}'
CP.P6.VI.26	b.JOB.1.8	2	человек непорочный, справедливый, богобоязненный и удаляющийся от зла	человек непорочный, справедливый, богобоязненный и удаляющийся от зла	'{"score": 2, "цитата_из_романа": "человек непорочный, справедливый, богобоязненный и удаляющийся от зла", "цитата_из_стиха": "человек непорочный, справедливый, богобоязненный и удаляющийся от зла"}'
CP.P6.VI.26	b.2CO.7.5	0			'{"score": 0, "цитата_из_романа": "", "цитата_из_стиха": ""}'
CP.P6.VI.26	b.2CH.20.20	0			'{"score": 0, "цитата_из_романа": "", "цитата_из_стиха": ""}'
CP.P6.VI.26	b.LUK.6.4	0			'{"score": 0, "цитата_из_романа": "", "цитата_из_стиха": ""}'
CP.P6.VI.26	b.PSA.49.7	0			'{"score": 0, "цитата_из_романа": "", "цитата_из_стиха": ""}'
CP.P6.VI.26	b.MAR.2.26	0			'{"score": 0, "цитата_из_романа": "", "цитата_из_стиха": ""}'
CP.P6.VI.26	b.1CO.16.12	0			'{"score": 0, "цитата_из_романа": "", "цитата_из_стиха": ""}'
CP.P6.VI.26	b.REV.22.19	0			'{"score": 0, "цитата_из_романа": "", "цитата_из_стиха": ""}'
CP.P6.VI.26	b.PRO.26.12	0			'{"score": 0, "цитата_из_романа": "", "цитата_из_стиха": ""}'
CP.P6.VI.26	b.DAN.10.16	0			'{"score": 0, "цитата_из_романа": "", "цитата_из_стиха": ""}'
CP.P6.VI.26	b.1SA.3.2	0			'{"score": 0, "цитата_из_романа": "", "цитата_из_стиха": ""}'
CP.P6.VI.26	b.JAM.4.2	0			'{"score": 0, "цитата_из_романа": "", "цитата_из_стиха": ""}'
CP.P6.VI.26	b.2KI.3.24	0			'{"score": 0, "цитата_из_романа": "", "цитата_из_стиха": ""}'
CP.P6.VI.26	b.MAR.3.5	0			'{"score": 0, "цитата_из_романа": "", "цитата_из_стиха": ""}'
CP.P6.VI.26	b.ZEC.11.17	0			'{"score": 0, "цитата_из_романа": "", "цитата_из_стиха": ""}'
CP.P6.VI.26	b.2CO.11.21	0			'{"score": 0, "цитата_из_романа": "", "цитата_из_стиха": ""}'
CP.P6.VI.26	b.JOS.9.15	0			'{"score": 0, "цитата_из_романа": "", "цитата_из_стиха": ""}'
CP.P6.VI.26	b.ACT.9.18	0			'{"score": 0, "цитата_из_романа": "", "цитата_из_стиха": ""}'
CP.P6.VI.26	b.1KI.2.19	0			'{"score": 0, "цитата_из_романа": "", "цитата_из_стиха": ""}'
CP.P6.VI.26	b.DEU.4.32	0			'{"score": 0, "цитата_из_романа": "", "цитата_из_стиха": ""}'
CP.P6.VI.26	b.1KI.19.21	0			'{"score": 0, "цитата_из_романа": "", "цитата_из_стиха": ""}'
CP.P6.VI.26	b.2SA.18.25	0			'{"score": 0, "цитата_из_романа": "", "цитата_из_стиха": ""}'
CP.P6.VI.26	b.MAT.22.35	0			'{"score": 0, "цитата_из_романа": "", "цитата_из_стиха": ""}'
CP.P6.VI.26	b.JER.38.13	0			'{"score": 0, "цитата_из_романа": "", "цитата_из_стиха": ""}'
CP.P6.VI.26	b.NAH.2.7	2	ударяя себя в грудь	ударяя себя в грудь	'{"score": 2, "цитата_из_романа": "ударяя себя в грудь", "цитата_из_стиха": "ударяя себя в грудь"}'
CP.P6.VI.26	b.EZE.40.3	0			'{"score": 0, "цитата_из_романа": "", "цитата_из_стиха": ""}'
CP.P6.VI.26	b.EZE.1.26	0			'{"score": 0, "цитата_из_романа": "", "цитата_из_стиха": ""}'
CP.P6.VI.26	b.2KI.7.19	0			'{"score": 0, "цитата_из_романа": "", "цитата_из_стиха": ""}'
CP.P6.VI.26	b.SON.2.9	0			'{"score": 0, "цитата_из_романа": "", "цитата_из_стиха": ""}'
CP.P6.VI.26	b.EZE.1.27	0			'{"score": 0, "цитата_из_романа": "", "цитата_из_стиха": ""}'
CP.P6.VI.26	b.LEV.6.2	0			'{"score": 0, "цитата_из_романа": "", "цитата_из_стиха": ""}'
CP.P6.VI.26	b.ACT.23.6	0			'{"score": 0, "цитата_из_романа": "", "цитата_из_стиха": ""}'
CP.P6.VI.26	b.JER.50.4	0			'{"score": 0, "цитата_из_романа": "", "цитата_из_стиха": ""}'
CP.P3.V.102	b.ISA.8.13	0			'{"score": 0, "цитата_из_романа": "", "цитата_из_стиха": ""}'
CP.P3.V.102	b.EXO.24.7	1	послушны	будем послушны	'{"score": 1, "цитата_из_романа": "послушны", "цитата_из_стиха": "будем послушны"}'
CP.P3.V.102	b.EZE.7.13	0			'{"score": 0, "цитата_из_романа": "", "цитата_из_стиха": ""}'
CP.P3.V.102	b.JER.14.19	0			'{"score": 0, "цитата_из_романа": "", "цитата_из_стиха": ""}'
CP.P3.V.102	b.1CO.15.35	0			'{"score": 0, "цитата_из_романа": "", "цитата_из_стиха": ""}'
CP.P3.V.102	b.2CO.12.13	0			'{"score": 0, "цитата_из_романа": "", "цитата_из_стиха": ""}'
CP.P3.V.102	b.JOH.15.22	0			'{"score": 0, "цитата_из_романа": "", "цитата_из_стиха": ""}'
CP.P3.V.102	b.ACT.12.19	0			'{"score": 0, "цитата_из_романа": "", "цитата_из_стиха": ""}'
CP.P3.V.102	b.ROM.15.18	0			'{"score": 0, "цитата_из_романа": "", "цитата_из_стиха": ""}'
CP.P3.V.102	b.MAT.6.2	0			'{"score": 0, "цитата_из_романа": "", "цитата_из_стиха": ""}'
CP.P3.V.102	b.ROM.15.17	0			'{"score": 0, "цитата_из_романа": "", "цитата_из_стиха": ""}'
CP.P3.V.102	b.ROM.3.2	0			'{"score": 0, "цитата_из_романа": "", "цитата_из_стиха": ""}'
CP.P3.V.102	b.1JO.5.11	0			'{"score": 0, "цитата_из_романа": "", "цитата_из_стиха": ""}'
CP.P3.V.102	b.ROM.6.19	0			'{"score": 0, "цитата_из_романа": "", "цитата_из_стиха": ""}'
CP.P3.V.102	b.1CO.9.8	0			'{"score": 0, "цитата_из_романа": "", "цитата_из_стиха": ""}'
CP.P3.V.102	b.DAN.11.41	0			'{"score": 0, "цитата_из_романа": "", "цитата_из_стиха": ""}'
CP.P3.V.102	b.1CO.15.6	0			'{"score": 0, "цитата_из_романа": "", "цитата_из_стиха": ""}'
CP.P3.V.102	b.LUK.11.19	0			'{"score": 0, "цитата_из_романа": "", "цитата_из_стиха": ""}'
CP.P3.V.102	b.JER.38.20	0			'{"score": 0, "цитата_из_романа": "", "цитата_из_стиха": ""}'
CP.P3.V.102	b.JOH.3.19	0			'{"score": 0, "цитата_из_романа": "", "цитата_из_стиха": ""}'
CP.P3.V.102	b.1CO.6.7	0			'{"score": 0, "цитата_из_романа": "", "цитата_из_стиха": ""}'
CP.P3.V.102	b.1CO.3.3	0			'{"score": 0, "цитата_из_романа": "", "цитата_из_стиха": ""}'
CP.P3.V.102	b.NUM.5.4	0			'{"score": 0, "цитата_из_романа": "", "цитата_из_стиха": ""}'
CP.P3.V.102	b.EXO.20.22	0			'{"score": 0, "цитата_из_романа": "", "цитата_из_стиха": ""}'
CP.P3.V.102	b.NUM.16.40	0			'{"score": 0, "цитата_из_романа": "", "цитата_из_стиха": ""}'
CP.P3.V.102	b.NUM.24.13	2	не могу переступить... по своей совести	не могу преступить повеления Господня	'{"score": 2, "цитата_из_романа": "не могу переступить... по своей совести", "цитата_из_стиха": "не могу преступить повеления Господня"}'
CP.P3.V.102	b.MAR.14.43	0			'{"score": 0, "цитата_из_романа": "", "цитата_из_стиха": ""}'
CP.P3.V.102	b.JOB.19.28	0			'{"score": 0, "цитата_из_романа": "", "цитата_из_стиха": ""}'
CP.P3.V.102	b.MAT.21.3	0			'{"score": 0, "цитата_из_романа": "", "цитата_из_стиха": ""}'
CP.P3.V.102	b.JER.10.5	0			'{"score": 0, "цитата_из_романа": "", "цитата_из_стиха": ""}'
CP.P3.V.102	b.NUM.23.2	0			'{"score": 0, "цитата_из_романа": "", "цитата_из_стиха": ""}'
CP.P3.V.102	b.ROM.14.22	0			'{"score": 0, "цитата_из_романа": "", "цитата_из_стиха": ""}'
CP.P3.V.102	b.1KI.20.9	0			'{"score": 0, "цитата_из_романа": "", "цитата_из_стиха": ""}'
CP.P3.V.102	b.ECC.2.21	0			'{"score": 0, "цитата_из_романа": "", "цитата_из_стиха": ""}'
CP.P3.V.102	b.JOH.15.24	0			'{"score": 0, "цитата_из_романа": "", "цитата_из_стиха": ""}'
CP.P3.V.102	b.PHI.1.24	0			'{"score": 0, "цитата_из_романа": "", "цитата_из_стиха": ""}'
CP.P3.V.102	b.JOH.3.28	0			'{"score": 0, "цитата_из_романа": "", "цитата_из_стиха": ""}'
CP.P3.V.102	b.JOH.9.41	0			'{"score": 0, "цитата_из_романа": "", "цитата_из_стиха": ""}'
CP.P3.V.102	b.GEN.17.7	0			'{"score": 0, "цитата_из_романа": "", "цитата_из_стиха": ""}'
CP.P3.V.102	b.PHI.1.14	0			'{"score": 0, "цитата_из_романа": "", "цитата_из_стиха": ""}'
CP.P3.V.102	b.PRO.16.29	0			'{"score": 0, "цитата_из_романа": "", "цитата_из_стиха": ""}'
CP.P3.V.102	b.JOB.36.2	0			'{"score": 0, "цитата_из_романа": "", "цитата_из_стиха": ""}'
CP.P3.V.102	b.2CO.12.11	0			'{"score": 0, "цитата_из_романа": "", "цитата_из_стиха": ""}'
CP.P3.V.102	b.1CH.9.33	0			'{"score": 0, "цитата_из_романа": "", "цитата_из_стиха": ""}'
CP.P3.V.102	b.EXO.10.2	0			'{"score": 0, "цитата_из_романа": "", "цитата_из_стиха": ""}'
CP.P3.V.102	b.ACT.26.26	0			'{"score": 0, "цитата_из_романа": "", "цитата_из_стиха": ""}'
CP.P3.V.102	b.HEB.11.15	0			'{"score": 0, "цитата_из_романа": "", "цитата_из_стиха": ""}'
CP.P3.V.102	b.ACT.26.23	0			'{"score": 0, "цитата_из_романа": "", "цитата_из_стиха": ""}'
CP.P3.V.102	b.JER.49.33	0			'{"score": 0, "цитата_из_романа": "", "цитата_из_стиха": ""}'
CP.P3.V.102	b.GEN.27.8	0			'{"score": 0, "цитата_из_романа": "", "цитата_из_стиха": ""}'
CP.P3.V.102	b.ROM.1.13	0			'{"score": 0, "цитата_из_романа": "", "цитата_из_стиха": ""}'
CP.P3.V.102	b.ISA.29.14	0			'{"score": 0, "цитата_из_романа": "", "цитата_из_стиха": ""}'
CP.P3.V.102	b.2JO.1.6	0			'{"score": 0, "цитата_из_романа": "", "цитата_из_стиха": ""}'
CP.P3.V.102	b.JOH.6.65	0			'{"score": 0, "цитата_из_романа": "", "цитата_из_стиха": ""}'
CP.P3.V.102	b.JOB.14.2	0			'{"score": 0, "цитата_из_романа": "", "цитата_из_стиха": ""}'
CP.P3.V.102	b.NUM.27.23	0			'{"score": 0, "цитата_из_романа": "", "цитата_из_стиха": ""}'
CP.P3.V.102	b.1CO.13.2	0			'{"score": 0, "цитата_из_романа": "", "цитата_из_стиха": ""}'
CP.P3.V.102	b.NUM.14.28	0			'{"score": 0, "цитата_из_романа": "", "цитата_из_стиха": ""}'
CP.P3.V.102	b.NEH.5.12	0			'{"score": 0, "цитата_из_романа": "", "цитата_из_стиха": ""}'
CP.P3.V.102	b.1SA.20.38	0			'{"score": 0, "цитата_из_романа": "", "цитата_из_стиха": ""}'
CP.P3.V.102	b.JER.28.16	0			'{"score": 0, "цитата_из_романа": "", "цитата_из_стиха": ""}'
CP.P3.V.102	b.EXO.5.14	0			'{"score": 0, "цитата_из_романа": "", "цитата_из_стиха": ""}'
CP.P3.V.102	b.JOB.34.33	0			'{"score": 0, "цитата_из_романа": "", "цитата_из_стиха": ""}'
CP.P3.V.102	b.ACT.19.32	0			'{"score": 0, "цитата_из_романа": "", "цитата_из_стиха": ""}'
CP.P3.V.102	b.1PE.4.17	0			'{"score": 0, "цитата_из_романа": "", "цитата_из_стиха": ""}'
CP.P3.V.102	b.DEU.15.2	0			'{"score": 0, "цитата_из_романа": "", "цитата_из_стиха": ""}'
CP.P3.V.102	b.2CO.11.21	0			'{"score": 0, "цитата_из_романа": "", "цитата_из_стиха": ""}'
CP.P3.V.102	b.ROM.7.1	0			'{"score": 0, "цитата_из_романа": "", "цитата_из_стиха": ""}'
CP.P3.V.102	b.EPH.2.18	0			'{"score": 0, "цитата_из_романа": "", "цитата_из_стиха": ""}'
CP.P3.V.102	b.ISA.44.7	0			'{"score": 0, "цитата_из_романа": "", "цитата_из_стиха": ""}'
CP.P3.V.102	b.1JO.3.12	2	перешагнуть через кровь	убил брата своего	'{"score": 2, "цитата_из_романа": "перешагнуть через кровь", "цитата_из_стиха": "убил брата своего"}'
CP.P3.V.102	b.1CO.9.22	0			'{"score": 0, "цитата_из_романа": "", "цитата_из_стиха": ""}'
CP.P3.V.102	b.ISA.65.18	0			'{"score": 0, "цитата_из_романа": "", "цитата_из_стиха": ""}'
CP.P3.V.102	b.MAT.26.66	0			'{"score": 0, "цитата_из_романа": "", "цитата_из_стиха": ""}'
CP.P3.V.102	b.JER.50.40	0			'{"score": 0, "цитата_из_романа": "", "цитата_из_стиха": ""}'
CP.P3.V.102	b.JDG.2.17	0			'{"score": 0, "цитата_из_романа": "", "цитата_из_стиха": ""}'
CP.P3.V.102	b.EZE.33.21	0			'{"score": 0, "цитата_из_романа": "", "цитата_из_стиха": ""}'
CP.P2.III.25	b.GEN.12.19	0			'{"score": 0, "цитата_из_романа": "", "цитата_из_стиха": ""}'
CP.P2.III.25	b.1SA.28.22	1	пуще патоки	кусок хлеба	'{"score": 1, "цитата_из_романа": "пуще патоки", "цитата_из_стиха": "кусок хлеба"}'
CP.P2.III.25	b.REV.3.18	0	деньги нам теперь пуще патоки	купить у Меня золото	'{"score": 0, "цитата_из_романа": "деньги нам теперь пуще патоки", "цитата_из_стиха": "купить у Меня золото"}'
CP.P2.III.25	b.1SA.26.11	0			'{"score": 0, "цитата_из_романа": "", "цитата_из_стиха": ""}'
CP.P2.III.25	b.DEU.2.28	0			'{"score": 0, "цитата_из_романа": "", "цитата_из_стиха": ""}'
CP.P2.III.25	b.HAB.3.14	0			'{"score": 0, "цитата_из_романа": "", "цитата_из_стиха": ""}'
CP.P2.III.25	b.RUT.4.4	0			'{"score": 0, "цитата_из_романа": "", "цитата_из_стиха": ""}'
CP.P2.III.25	b.JDG.5.12	0			'{"score": 0, "цитата_из_романа": "", "цитата_из_стиха": ""}'
CP.P2.III.25	b.DEU.15.17	0			'{"score": 0, "цитата_из_романа": "", "цитата_из_стиха": ""}'
CP.P2.III.25	b.RUT.4.8	0			'{"score": 0, "цитата_из_романа": "", "цитата_из_стиха": ""}'
CP.P2.III.25	b.2TI.2.7	0			'{"score": 0, "цитата_из_романа": "", "цитата_из_стиха": ""}'
CP.P2.III.25	b.LAM.5.4	2	деньги нам теперь пуще патоки	деньги	'{"score": 2, "цитата_из_романа": "деньги нам теперь пуще патоки", "цитата_из_стиха": "деньги"}'
CP.P2.III.25	b.SON.1.3	0			'{"score": 0, "цитата_из_романа": "", "цитата_из_стиха": ""}'
CP.P2.III.25	b.GEN.27.3	0			'{"score": 0, "цитата_из_романа": "", "цитата_из_стиха": ""}'
CP.P2.III.25	b.GEN.37.27	0			'{"score": 0, "цитата_из_романа": "", "цитата_из_стиха": ""}'
CP.P2.III.25	b.GEN.18.5	0			'{"score": 0, "цитата_из_романа": "", "цитата_из_стиха": ""}'
CP.P2.III.25	b.NUM.16.45	0			'{"score": 0, "цитата_из_романа": "", "цитата_из_стиха": ""}'
CP.P2.III.25	b.JOH.2.8	0			'{"score": 0, "цитата_из_романа": "", "цитата_из_стиха": ""}'
CP.P2.III.25	b.ISA.3.6	0			'{"score": 0, "цитата_из_романа": "", "цитата_из_стиха": ""}'
CP.P2.III.25	b.NUM.22.6	0			'{"score": 0, "цитата_из_романа": "", "цитата_из_стиха": ""}'
CP.P2.III.25	b.DEU.9.3	0			'{"score": 0, "цитата_из_романа": "", "цитата_из_стиха": ""}'
CP.P1.VI.41	b.1SA.28.8	0			'{"score": 0, "цитата_из_романа": "", "цитата_из_стиха": ""}'
CP.P1.VI.41	b.EXO.32.24	0			'{"score": 0, "цитата_из_романа": "", "цитата_из_стиха": ""}'
CP.P1.VI.41	b.LUK.9.52	2	приготовить	приготовить	'{"score": 2, "цитата_из_романа": "приготовить", "цитата_из_стиха": "приготовить"}'
CP.P1.VI.41	b.ACT.27.15	0			'{"score": 0, "цитата_из_романа": "", "цитата_из_стиха": ""}'
CP.P1.VI.41	b.EXO.33.5	2	снять с себя украшения свои	снимите с себя украшения свои	'{"score": 2, "цитата_из_романа": "снять с себя украшения свои", "цитата_из_стиха": "снимите с себя украшения свои"}'
CP.P1.VI.41	b.1CH.15.12	0			'{"score": 0, "цитата_из_романа": "", "цитата_из_стиха": ""}'
CP.P1.VI.41	b.EXO.39.19	0			'{"score": 0, "цитата_из_романа": "", "цитата_из_стиха": ""}'
CP.P1.VI.41	b.PRO.27.3	0			'{"score": 0, "цитата_из_романа": "", "цитата_из_стиха": ""}'
CP.P1.VI.41	b.ISA.22.24	0			'{"score": 0, "цитата_из_романа": "", "цитата_из_стиха": ""}'
CP.P1.VI.41	b.LUK.20.36	0			'{"score": 0, "цитата_из_романа": "", "цитата_из_стиха": ""}'
CP.P1.VI.41	b.JOH.21.6	0			'{"score": 0, "цитата_из_романа": "", "цитата_из_стиха": ""}'
CP.P1.VI.41	b.GEN.44.5	0			'{"score": 0, "цитата_из_романа": "", "цитата_из_стиха": ""}'
CP.P1.VI.41	b.1KI.1.1	0			'{"score": 0, "цитата_из_романа": "", "цитата_из_стиха": ""}'
CP.P1.VI.41	b.EXO.7.24	0			'{"score": 0, "цитата_из_романа": "", "цитата_из_стиха": ""}'
CP.P1.VI.41	b.EZE.15.4	0			'{"score": 0, "цитата_из_романа": "", "цитата_из_стиха": ""}'
CP.P1.VI.41	b.EZE.26.16	0			'{"score": 0, "цитата_из_романа": "", "цитата_из_стиха": ""}'
CP.P1.VI.41	b.GEN.24.32	0			'{"score": 0, "цитата_из_романа": "", "цитата_из_стиха": ""}'
CP.P1.VI.41	b.ACT.27.20	0			'{"score": 0, "цитата_из_романа": "", "цитата_из_стиха": ""}'
CP.P1.VI.41	b.EXO.39.20	0			'{"score": 0, "цитата_из_романа": "", "цитата_из_стиха": ""}'
CP.P1.VI.41	b.PRO.25.25	2	пьет воду, прямо из ручья, который тут же, у бока, течет и журчит	холодная вода для истомленной жаждой души	'{"score": 2, "цитата_из_романа": "пьет воду, прямо из ручья, который тут же, у бока, течет и журчит", "цитата_из_стиха": "холодная вода для истомленной жаждой души"}'
CP.P1.VI.41	b.ECC.12.5	0			'{"score": 0, "цитата_из_романа": "", "цитата_из_стиха": ""}'
CP.P1.VI.41	b.NEH.8.10	0			'{"score": 0, "цитата_из_романа": "", "цитата_из_стиха": ""}'
CP.P1.VI.41	b.JER.18.14	0			'{"score": 0, "цитата_из_романа": "", "цитата_из_стиха": ""}'
CP.P1.VI.41	b.LEV.6.11	0			'{"score": 0, "цитата_из_романа": "", "цитата_из_стиха": ""}'
CP.P1.VI.41	b.REV.18.17	0			'{"score": 0, "цитата_из_романа": "", "цитата_из_стиха": ""}'
CP.P1.VI.41	b.LAM.1.2	0			'{"score": 0, "цитата_из_романа": "", "цитата_из_стиха": ""}'
CP.P1.VI.41	b.GEN.28.11	0			'{"score": 0, "цитата_из_романа": "", "цитата_из_стиха": ""}'
CP.P1.VI.41	b.SON.5.12	0			'{"score": 0, "цитата_из_романа": "", "цитата_из_стиха": ""}'
CP.P1.VI.41	b.MAT.10.42	0			'{"score": 0, "цитата_из_романа": "", "цитата_из_стиха": ""}'
CP.P1.VI.41	b.1KI.19.6	2	протянулся он опять на диван, но заснуть уже не мог	и опять уснул	'{"score": 2, "цитата_из_романа": "протянулся он опять на диван, но заснуть уже не мог", "цитата_из_стиха": "и опять уснул"}'
CP.P1.VI.41	b.ISA.17.14	0			'{"score": 0, "цитата_из_романа": "", "цитата_из_стиха": ""}'
CP.P1.VI.41	b.JOB.27.19	2	лежал без движения, ничком, уткнув лицо в подушку	лежит богачом	'{"score": 2, "цитата_из_романа": "лежал без движения, ничком, уткнув лицо в подушку", "цитата_из_стиха": "лежит богачом"}'
CP.P1.VI.41	b.JOB.33.21	0			'{"score": 0, "цитата_из_романа": "", "цитата_из_стиха": ""}'
CP.P1.VI.41	b.ROM.9.11	0			'{"score": 0, "цитата_из_романа": "", "цитата_из_стиха": ""}'
CP.P1.VI.41	b.ISA.17.12	0			'{"score": 0, "цитата_из_романа": "", "цитата_из_стиха": ""}'
CP.P1.VI.41	b.1CH.15.3	0			'{"score": 0, "цитата_из_романа": "", "цитата_из_стиха": ""}'
CP.P1.VI.41	b.ACT.28.17	0			'{"score": 0, "цитата_из_романа": "", "цитата_из_стиха": ""}'
CP.P1.VI.41	b.REV.10.2	0			'{"score": 0, "цитата_из_романа": "", "цитата_из_стиха": ""}'
CP.P1.VI.41	b.REV.12.12	0			'{"score": 0, "цитата_из_романа": "", "цитата_из_стиха": ""}'
CP.P1.VI.41	b.ACT.25.11	0			'{"score": 0, "цитата_из_романа": "", "цитата_из_стиха": ""}'
CP.P1.VI.41	b.EXO.10.15	0			'{"score": 0, "цитата_из_романа": "", "цитата_из_стиха": ""}'
CP.P1.VI.41	b.EXO.33.6	0			'{"score": 0, "цитата_из_романа": "", "цитата_из_стиха": ""}'
CP.P1.VI.41	b.EST.4.4	0			'{"score": 0, "цитата_из_романа": "", "цитата_из_стиха": ""}'
CP.P1.VI.41	b.EST.6.4	0			'{"score": 0, "цитата_из_романа": "", "цитата_из_стиха": ""}'
CP.P1.VI.41	b.ECC.6.10	0			'{"score": 0, "цитата_из_романа": "", "цитата_из_стиха": ""}'
CP.P1.VI.41	b.ZEC.11.2	0			'{"score": 0, "цитата_из_романа": "", "цитата_из_стиха": ""}'
CP.P1.VI.41	b.EZE.46.18	0			'{"score": 0, "цитата_из_романа": "", "цитата_из_стиха": ""}'
CP.P1.VI.41	b.HOS.5.13	0			'{"score": 0, "цитата_из_романа": "", "цитата_из_стиха": ""}'
CP.P1.VI.41	b.RUT.3.13	0			'{"score": 0, "цитата_из_романа": "", "цитата_из_стиха": ""}'
CP.P1.VI.41	b.DEU.21.13	0			'{"score": 0, "цитата_из_романа": "", "цитата_из_стиха": ""}'
CP.P1.VI.41	b.LUK.8.23	0			'{"score": 0, "цитата_из_романа": "", "цитата_из_стиха": ""}'
CP.P1.VI.41	b.EZE.31.16	2	весьма часто представлялся ему, что он где-то в Африке, в Египте, в каком-то оазисе. Караван отдыхает, смирно лежат верблюды; кругом пальмы растут целым кругом; все обедают. Он же все пьет воду, прямо из ручья, который тут же, у бока, течет и журчит	все, пьющие воду	'{"score": 2, "цитата_из_романа": "весьма часто представлялся ему, что он где-то в Африке, в Египте, в каком-то оазисе. Караван отдыхает, смирно лежат верблюды; кругом пальмы растут целым кругом; все о'
CP.P1.VI.41	b.LUK.1.22	0			'{"score": 0, "цитата_из_романа": "", "цитата_из_стиха": ""}'
CP.P1.VI.41	b.ECC.8.17	0			'{"score": 0, "цитата_из_романа": "", "цитата_из_стиха": ""}'
CP.P1.VI.41	b.1KI.6.18	0			'{"score": 0, "цитата_из_романа": "", "цитата_из_стиха": ""}'
CP.P1.VI.41	b.EXO.28.26	0			'{"score": 0, "цитата_из_романа": "", "цитата_из_стиха": ""}'
CP.P1.VI.41	b.JOH.13.4	2	снял с себя свое широкое, крепкое, из какой-то толстой бумажной материи летнее пальто	снял с Себя верхнюю одежду	'{"score": 2, "цитата_из_романа": "снял с себя свое широкое, крепкое, из какой-то толстой бумажной материи летнее пальто", "цитата_из_стиха": "снял с Себя верхнюю одежду"}'
CP.P1.VI.41	b.ACT.25.25	0			'{"score": 0, "цитата_из_романа": "", "цитата_из_стиха": ""}'
CP.P1.VI.41	b.SON.1.1	0			'{"score": 0, "цитата_из_романа": "", "цитата_из_стиха": ""}'
CP.P1.VI.41	b.ACT.10.10	0			'{"score": 0, "цитата_из_романа": "", "цитата_из_стиха": ""}'
CP.P1.VI.41	b.ISA.21.13	2	Караван отдыхает, смирно лежат верблюды	ночуйте, караваны Деданские	'{"score": 2, "цитата_из_романа": "Караван отдыхает, смирно лежат верблюды", "цитата_из_стиха": "ночуйте, караваны Деданские"}'
CP.P1.VI.41	b.DEU.21.16	0			'{"score": 0, "цитата_из_романа": "", "цитата_из_стиха": ""}'
CP.P1.VI.41	b.LUK.12.6	0			'{"score": 0, "цитата_из_романа": "", "цитата_из_стиха": ""}'
CP.P1.VI.41	b.LUK.6.48	0			'{"score": 0, "цитата_из_романа": "", "цитата_из_стиха": ""}'
CP.P1.VI.41	b.JER.22.23	0			'{"score": 0, "цитата_из_романа": "", "цитата_из_стиха": ""}'
CP.P1.VI.41	b.GEN.26.8	0			'{"score": 0, "цитата_из_романа": "", "цитата_из_стиха": ""}'
CP.P1.VI.41	b.GEN.38.19	0			'{"score": 0, "цитата_из_романа": "", "цитата_из_стиха": ""}'
CP.P1.VI.41	b.LAM.3.64	0			'{"score": 0, "цитата_из_романа": "", "цитата_из_стиха": ""}'
CP.P2.V.55	b.2CO.12.13	0			'{"score": 0, "цитата_из_романа": "", "цитата_из_стиха": ""}'
CP.P2.V.55	b.ECC.4.4	0			'{"score": 0, "цитата_из_романа": "", "цитата_из_стиха": ""}'
CP.P2.V.55	b.MAL.2.15	0			'{"score": 0, "цитата_из_романа": "", "цитата_из_стиха": ""}'
CP.P2.V.55	b.2SA.17.12	0			'{"score": 0, "цитата_из_романа": "", "цитата_из_стиха": ""}'
CP.P2.V.55	b.ROM.7.7	0			'{"score": 0, "цитата_из_романа": "", "цитата_из_стиха": ""}'
CP.P2.V.55	b.JAM.2.14	0			'{"score": 0, "цитата_из_романа": "", "цитата_из_стиха": ""}'
CP.P2.V.55	b.1TH.4.10	1	возлюби, прежде всех, одного себя	возлюбите друг друга	'{"score": 1, "цитата_из_романа": "возлюби, прежде всех, одного себя", "цитата_из_стиха": "возлюбите друг друга"}'
CP.P2.V.55	b.LUK.16.9	2	приобретайте себе	приобретайте себе	'{"score": 2, "цитата_из_романа": "приобретайте себе", "цитата_из_стиха": "приобретайте себе"}'
CP.P2.V.55	b.ACT.23.9	0			'{"score": 0, "цитата_из_романа": "", "цитата_из_стиха": ""}'
CP.P2.V.55	b.ROM.3.19	0			'{"score": 0, "цитата_из_романа": "", "цитата_из_стиха": ""}'
CP.P2.V.55	b.ECC.7.25	0			'{"score": 0, "цитата_из_романа": "", "цитата_из_стиха": ""}'
CP.P2.V.55	b.2KI.10.14	0			'{"score": 0, "цитата_из_романа": "", "цитата_из_стиха": ""}'
CP.P2.V.55	b.GEN.47.9	0			'{"score": 0, "цитата_из_романа": "", "цитата_из_стиха": ""}'
CP.P2.V.55	b.JER.22.17	0			'{"score": 0, "цитата_из_романа": "", "цитата_из_стиха": ""}'
CP.P2.V.55	b.2CH.12.14	0			'{"score": 0, "цитата_из_романа": "", "цитата_из_стиха": ""}'
CP.P2.V.55	b.2CO.2.5	0			'{"score": 0, "цитата_из_романа": "", "цитата_из_стиха": ""}'
CP.P2.V.55	b.LUK.11.8	0			'{"score": 0, "цитата_из_романа": "", "цитата_из_стиха": ""}'
CP.P2.V.55	b.1CO.3.3	0			'{"score": 0, "цитата_из_романа": "", "цитата_из_стиха": ""}'
CP.P2.V.55	b.1CH.22.19	0			'{"score": 0, "цитата_из_романа": "", "цитата_из_стиха": ""}'
CP.P2.V.55	b.ROM.11.7	0			'{"score": 0, "цитата_из_романа": "", "цитата_из_стиха": ""}'
CP.P2.V.55	b.1CO.9.10	0			'{"score": 0, "цитата_из_романа": "", "цитата_из_стиха": ""}'
CP.P2.V.55	b.2KI.18.24	0			'{"score": 0, "цитата_из_романа": "", "цитата_из_стиха": ""}'
CP.P2.V.55	b.2SA.2.27	0			'{"score": 0, "цитата_из_романа": "", "цитата_из_стиха": ""}'
CP.P2.V.55	b.ACT.9.21	0			'{"score": 0, "цитата_из_романа": "", "цитата_из_стиха": ""}'
CP.P2.V.55	b.ROM.11.6	0			'{"score": 0, "цитата_из_романа": "", "цитата_из_стиха": ""}'
CP.P2.V.55	b.PSA.32.6	0			'{"score": 0, "цитата_из_романа": "", "цитата_из_стиха": ""}'
CP.P2.V.55	b.JOH.8.46	0			'{"score": 0, "цитата_из_романа": "", "цитата_из_стиха": ""}'
CP.P2.V.55	b.EZR.7.10	0			'{"score": 0, "цитата_из_романа": "", "цитата_из_стиха": ""}'
CP.P2.V.55	b.HOS.10.1	0			'{"score": 0, "цитата_из_романа": "", "цитата_из_стиха": ""}'
CP.P2.V.55	b.JOB.22.2	2	возлюби, прежде всех, одного себя	разумный доставляет пользу себе самому	'{"score": 2, "цитата_из_романа": "возлюби, прежде всех, одного себя", "цитата_из_стиха": "разумный доставляет пользу себе самому"}'
CP.P2.V.55	b.ECC.2.21	2	возлюби, прежде всех, одного себя	трудится мудро, с знанием и успехом	'{"score": 2, "цитата_из_романа": "возлюби, прежде всех, одного себя", "цитата_из_стиха": "трудится мудро, с знанием и успехом"}'
CP.P2.V.55	b.2SA.13.30	0			'{"score": 0, "цитата_из_романа": "", "цитата_из_стиха": ""}'
CP.P2.V.55	b.2CO.11.29	0			'{"score": 0, "цитата_из_романа": "", "цитата_из_стиха": ""}'
CP.P2.V.55	b.1SA.3.19	0			'{"score": 0, "цитата_из_романа": "", "цитата_из_стиха": ""}'
CP.P2.V.55	b.RUT.4.8	0			'{"score": 0, "цитата_из_романа": "", "цитата_из_стиха": ""}'
CP.P2.V.55	b.1CH.16.30	0			'{"score": 0, "цитата_из_романа": "", "цитата_из_стиха": ""}'
CP.P2.V.55	b.EZE.14.9	0			'{"score": 0, "цитата_из_романа": "", "цитата_из_стиха": ""}'
CP.P2.V.55	b.DEU.13.9	0			'{"score": 0, "цитата_из_романа": "", "цитата_из_стиха": ""}'
CP.P2.V.55	b.MAT.21.28	0			'{"score": 0, "цитата_из_романа": "", "цитата_из_стиха": ""}'
CP.P2.V.55	b.ACT.5.4	0			'{"score": 0, "цитата_из_романа": "", "цитата_из_стиха": ""}'
CP.P2.V.55	b.GEN.31.8	0			'{"score": 0, "цитата_из_романа": "", "цитата_из_стиха": ""}'
CP.P2.V.55	b.ROM.1.13	0			'{"score": 0, "цитата_из_романа": "", "цитата_из_стиха": ""}'
CP.P2.V.55	b.DEU.17.7	0			'{"score": 0, "цитата_из_романа": "", "цитата_из_стиха": ""}'
CP.P2.V.55	b.1CO.4.8	0			'{"score": 0, "цитата_из_романа": "", "цитата_из_стиха": ""}'
CP.P2.V.55	b.ISA.8.20	0			'{"score": 0, "цитата_из_романа": "", "цитата_из_стиха": ""}'
CP.P2.V.55	b.MAR.12.31	3	возлюби	возлюби	'{"score": 3, "цитата_из_романа": "возлюби", "цитата_из_стиха": "возлюби"}'
CP.P2.V.55	b.DAN.6.24	0			'{"score": 0, "цитата_из_романа": "", "цитата_из_стиха": ""}'
CP.P2.V.55	b.2CH.19.3	0			'{"score": 0, "цитата_из_романа": "", "цитата_из_стиха": ""}'
CP.P2.V.55	b.1JO.1.8	0			'{"score": 0, "цитата_из_романа": "", "цитата_из_стиха": ""}'
CP.P2.V.55	b.EXO.5.14	0			'{"score": 0, "цитата_из_романа": "", "цитата_из_стиха": ""}'
CP.P2.V.55	b.2CH.30.19	0			'{"score": 0, "цитата_из_романа": "", "цитата_из_стиха": ""}'
CP.P2.V.55	b.PSA.42.10	0			'{"score": 0, "цитата_из_романа": "", "цитата_из_стиха": ""}'
CP.P2.V.55	b.HEB.10.25	0			'{"score": 0, "цитата_из_романа": "", "цитата_из_стиха": ""}'
CP.P2.V.55	b.1JO.1.6	0			'{"score": 0, "цитата_из_романа": "", "цитата_из_стиха": ""}'
CP.P2.V.55	b.2TI.2.19	0			'{"score": 0, "цитата_из_романа": "", "цитата_из_стиха": ""}'
CP.P2.V.55	b.MAR.13.34	0			'{"score": 0, "цитата_из_романа": "", "цитата_из_стиха": ""}'
CP.P2.V.55	b.PSA.24.2	0			'{"score": 0, "цитата_из_романа": "", "цитата_из_стиха": ""}'
CP.P2.V.55	b.GEN.29.2	0			'{"score": 0, "цитата_из_романа": "", "цитата_из_стиха": ""}'
CP.P2.V.55	b.LUK.1.4	0			'{"score": 0, "цитата_из_романа": "", "цитата_из_стиха": ""}'
CP.P2.V.55	b.PRO.26.25	0			'{"score": 0, "цитата_из_романа": "", "цитата_из_стиха": ""}'
CP.P2.V.55	b.JER.23.38	0			'{"score": 0, "цитата_из_романа": "", "цитата_из_стиха": ""}'
CP.P2.V.55	b.1CO.14.10	0			'{"score": 0, "цитата_из_романа": "", "цитата_из_стиха": ""}'
CP.P2.V.55	b.NUM.21.35	0			'{"score": 0, "цитата_из_романа": "", "цитата_из_стиха": ""}'
CP.P2.V.55	b.MIC.7.3	0			'{"score": 0, "цитата_из_романа": "", "цитата_из_стиха": ""}'
CP.P2.V.55	b.1CO.9.22	2	приобрести	приобрести	'{"score": 2, "цитата_из_романа": "приобрести", "цитата_из_стиха": "приобрести"}'
CP.P2.V.55	b.EXO.1.12	0			'{"score": 0, "цитата_из_романа": "", "цитата_из_стиха": ""}'
CP.P2.V.55	b.PRO.1.11	0			'{"score": 0, "цитата_из_романа": "", "цитата_из_стиха": ""}'
CP.P2.V.55	b.ISA.9.3	0			'{"score": 0, "цитата_из_романа": "", "цитата_из_стиха": ""}'
CP.P2.V.55	b.GEN.19.34	0			'{"score": 0, "цитата_из_романа": "", "цитата_из_стиха": ""}'
