target_id	source_id	llm_score	цитата_романа	цитата_стиха	raw
CP.P1.VI.15	b.ACT.9.36	2	добрых дел и начинаний	творила много милостынь	'{"score": 2, "цитата_из_романа": "добрых дел и начинаний", "цитата_из_стиха": "творила много милостынь"}'
CP.P1.VI.15	b.2KI.18.21	0			'{"score": 0, "цитата_из_романа": "", "цитата_из_стиха": ""}'
CP.P1.VI.15	b.PRO.2.18	2	смерть, разложение, гибель	смерть, мертвец	'{"score": 2, "цитата_из_романа": "смерть, разложение, гибель", "цитата_из_стиха": "смерть, мертвец"}'
CP.P1.VI.15	b.EZE.41.19	0			'{"score": 0, "цитата_из_романа": "", "цитата_из_стиха": ""}'
CP.P1.VI.15	b.MAT.25.7	0			'{"score": 0, "цитата_из_романа": "", "цитата_из_стиха": ""}'
CP.P1.VI.15	b.GEN.12.19	0			'{"score": 0, "цитата_из_романа": "", "цитата_из_стиха": ""}'
CP.P1.VI.15	b.MAT.23.5	2	декларации о добрых делах и начинаниях	расширяют хранилища свои и увеличивают воскрилия одеждсвоих	'{"score": 2, "цитата_из_романа": "декларации о добрых делах и начинаниях", "цитата_из_стиха": "расширяют хранилища свои и увеличивают воскрилия одеждсвоих"}'
CP.P1.VI.15	b.LEV.11.2	0			'{"score": 0, "цитата_из_романа": "", "цитата_из_стиха": ""}'
CP.P1.VI.15	b.ROM.8.38	0			'{"score": 0, "цитата_из_романа": "", "цитата_из_стиха": ""}'
CP.P1.VI.15	b.EZE.40.39	0			'{"score": 0, "цитата_из_романа": "", "цитата_из_стиха": ""}'
CP.P1.VI.15	b.EZE.40.12	0			'{"score": 0, "цитата_из_романа": "", "цитата_из_стиха": ""}'
CP.P1.VI.15	b.MAT.5.16	1	добрые дела	добрые дела	'{"score": 1, "цитата_из_романа": "добрые дела", "цитата_из_стиха": "добрые дела"}'
CP.P1.VI.15	b.1SA.26.16	0			'{"score": 0, "цитата_из_романа": "", "цитата_из_стиха": ""}'
CP.P1.VI.15	b.JOB.6.26	0			'{"score": 0, "цитата_из_романа": "", "цитата_из_стиха": ""}'
CP.P1.VI.15	b.JER.3.2	0			'{"score": 0, "цитата_из_романа": "", "цитата_из_стиха": ""}'
CP.P1.VI.15	b.JER.22.15	0			'{"score": 0, "цитата_из_романа": "", "цитата_из_стиха": ""}'
CP.P1.VI.15	b.EXO.17.12	0			'{"score": 0, "цитата_из_романа": "", "цитата_из_стиха": ""}'
CP.P1.VI.15	b.EZE.16.4	0			'{"score": 0, "цитата_из_романа": "", "цитата_из_стиха": ""}'
CP.P1.VI.15	b.LUK.2.23	2	посвятить	был посвящен	'{"score": 2, "цитата_из_романа": "посвятить", "цитата_из_стиха": "был посвящен"}'
CP.P1.VI.15	b.ROM.11.20	0			'{"score": 0, "цитата_из_романа": "", "цитата_из_стиха": ""}'
CP.P1.VI.15	b.EZE.41.2	0			'{"score": 0, "цитата_из_романа": "", "цитата_из_стиха": ""}'
CP.P1.VI.15	b.ISA.47.15	1	от гниения и разложения	которыми ты трудилась, с которыми вела торговлю от юности твоей	'{"score": 1, "цитата_из_романа": "от гниения и разложения", "цитата_из_стиха": "которыми ты трудилась, с которыми вела торговлю от юности твоей"}'
CP.P1.VI.15	b.NUM.6.2	0			'{"score": 0, "цитата_из_романа": "", "цитата_из_стиха": ""}'
CP.P1.VI.15	b.1TI.5.25	2	добрых дел	добрые дела	'{"score": 2, "цитата_из_романа": "добрых дел", "цитата_из_стиха": "добрые дела"}'
CP.P1.VI.15	b.EXO.29.1	0			'{"score": 0, "цитата_из_романа": "", "цитата_из_стиха": ""}'
CP.P1.VI.15	b.NUM.6.6	0			'{"score": 0, "цитата_из_романа": "", "цитата_из_стиха": ""}'
CP.P1.VI.15	b.2CH.31.18	2	посвятить себя на служение	посвятили себя на священную службу	'{"score": 2, "цитата_из_романа": "посвятить себя на служение", "цитата_из_стиха": "посвятили себя на священную службу"}'
CP.P1.VI.15	b.LUK.10.36	0			'{"score": 0, "цитата_из_романа": "", "цитата_из_стиха": ""}'
CP.P1.VI.15	b.HEB.10.24	2	добрых дел	добрых дел	'{"score": 2, "цитата_из_романа": "добрых дел", "цитата_из_стиха": "добрых дел"}'
CP.P1.VI.15	b.1CO.16.15	2	посвятить себя на служение	посвятили себя на служение	'{"score": 2, "цитата_из_романа": "посвятить себя на служение", "цитата_из_стиха": "посвятили себя на служение"}'
CP.P1.VI.15	b.NUM.22.24	0			'{"score": 0, "цитата_из_романа": "", "цитата_из_стиха": ""}'
CP.P1.VI.15	b.1PE.5.12	0			'{"score": 0, "цитата_из_романа": "", "цитата_из_стиха": ""}'
CP.P1.VI.15	b.1JO.2.7	0			'{"score": 0, "цитата_из_романа": "", "цитата_из_стиха": ""}'
CP.P1.VI.15	b.EZE.41.1	0			'{"score": 0, "цитата_из_романа": "", "цитата_из_стиха": ""}'
CP.P1.VI.15	b.2SA.10.3	0			'{"score": 0, "цитата_из_романа": "", "цитата_из_стиха": ""}'
CP.P1.VI.15	b.EZE.40.37	0			'{"score": 0, "цитата_из_романа": "", "цитата_из_стиха": ""}'
CP.P1.VI.15	b.PRO.31.29	0			'{"score": 0, "цитата_из_романа": "", "цитата_из_стиха": ""}'
CP.P1.VI.15	b.ACT.28.19	0			'{"score": 0, "цитата_из_романа": "", "цитата_из_стиха": ""}'
CP.P1.VI.15	b.EZE.40.41	0			'{"score": 0, "цитата_из_романа": "", "цитата_из_стиха": ""}'
CP.P1.VI.15	b.2TI.2.7	0			'{"score": 0, "цитата_из_романа": "", "цитата_из_стиха": ""}'
CP.P1.VI.15	b.LUK.12.7	0			'{"score": 0, "цитата_из_романа": "", "цитата_из_стиха": ""}'
CP.P1.VI.15	b.2CO.8.6	1	добрых дел	доброе дело	'{"score": 1, "цитата_из_романа": "добрых дел", "цитата_из_стиха": "доброе дело"}'
CP.P1.VI.15	b.NAH.2.10	0			'{"score": 0, "цитата_из_романа": "", "цитата_из_стиха": ""}'
CP.P1.VI.15	b.ISA.36.6	0			'{"score": 0, "цитата_из_романа": "", "цитата_из_стиха": ""}'
CP.P1.VI.15	b.NAH.3.19	0			'{"score": 0, "цитата_из_романа": "", "цитата_из_стиха": ""}'
CP.P1.VI.15	b.DEU.33.17	0			'{"score": 0, "цитата_из_романа": "", "цитата_из_стиха": ""}'
CP.P1.VI.15	b.LUK.17.10	0			'{"score": 0, "цитата_из_романа": "", "цитата_из_стиха": ""}'
CP.P1.VI.15	b.1SA.17.3	0			'{"score": 0, "цитата_из_романа": "", "цитата_из_стиха": ""}'
CP.P1.VI.15	b.MAT.9.13	0			'{"score": 0, "цитата_из_романа": "", "цитата_из_стиха": ""}'
CP.P1.VI.15	b.MAT.27.33	0			'{"score": 0, "цитата_из_романа": "", "цитата_из_стиха": ""}'
CP.P1.VI.15	b.DAN.4.35	0			'{"score": 0, "цитата_из_романа": "", "цитата_из_стиха": ""}'
CP.P1.VI.15	b.LUK.3.23	0			'{"score": 0, "цитата_из_романа": "", "цитата_из_стиха": ""}'
CP.P1.VI.15	b.ISA.57.10	0			'{"score": 0, "цитата_из_романа": "", "цитата_из_стиха": ""}'
CP.P1.VI.15	b.2CH.29.31	0			'{"score": 0, "цитата_из_романа": "", "цитата_из_стиха": ""}'
CP.P1.VI.15	b.ROM.6.23	0			'{"score": 0, "цитата_из_романа": "", "цитата_из_стиха": ""}'
CP.P1.VI.15	b.NAH.3.4	0			'{"score": 0, "цитата_из_романа": "", "цитата_из_стиха": ""}'
CP.P1.VI.15	b.2CH.17.16	0			'{"score": 0, "цитата_из_романа": "", "цитата_из_стиха": ""}'
CP.P1.VI.15	b.PRO.18.21	0			'{"score": 0, "цитата_из_романа": "", "цитата_из_стиха": ""}'
CP.P1.VI.15	b.NUM.6.5	0			'{"score": 0, "цитата_из_романа": "", "цитата_из_стиха": ""}'
CP.P1.VI.15	b.1SA.11.2	0			'{"score": 0, "цитата_из_романа": "", "цитата_из_стиха": ""}'
CP.P1.VI.15	b.GAL.3.4	2	тысячи, десятки семейств, спасенных от нищеты, от разложения, от гибели, от разврата, от венерических больниц	Столь многое потерпели вы неужели без пользы?	'{"score": 2, "цитата_из_романа": "тысячи, десятки семейств, спасенных от нищеты, от разложения, от гибели, от разврата, от венерических больниц", "цитата_из_стиха": "Столь многое потерпели вы неужели '
CP.P1.VI.15	b.JER.2.33	0			'{"score": 0, "цитата_из_романа": "", "цитата_из_стиха": ""}'
CP.P1.VI.15	b.LEV.18.6	0			'{"score": 0, "цитата_из_романа": "", "цитата_из_стиха": ""}'
CP.P1.VI.15	b.1SA.3.14	0			'{"score": 0, "цитата_из_романа": "", "цитата_из_стиха": ""}'
CP.P1.VI.15	b.ECC.7.26	2	спасенных от гибели, от разврата	спасется от нее, а грешник уловлен будет ею	'{"score": 2, "цитата_из_романа": "спасенных от гибели, от разврата", "цитата_из_стиха": "спасется от нее, а грешник уловлен будет ею"}'
CP.P1.VI.15	b.1CO.1.28	0			'{"score": 0, "цитата_из_романа": "", "цитата_из_стиха": ""}'
CP.P1.VI.15	b.EXO.26.13	0			'{"score": 0, "цитата_из_романа": "", "цитата_из_стиха": ""}'
CP.P1.VI.15	b.1JO.3.12	0			'{"score": 0, "цитата_из_романа": "", "цитата_из_стиха": ""}'
CP.P1.VI.15	b.1TI.5.10	2	добрых дел	добрых дел	'{"score": 2, "цитата_из_романа": "добрых дел", "цитата_из_стиха": "добрых дел"}'
CP.P1.VI.15	b.ACT.2.15	0			'{"score": 0, "цитата_из_романа": "", "цитата_из_стиха": ""}'
CP.P1.VI.15	b.JDG.20.10	1	тысячи, десятки семейств, спасенных от нищеты, от разложения, от гибели, от разврата, от венерических больниц	по сто от тысячи и по тысяче от тьмы	'{"score": 1, "цитата_из_романа": "тысячи, десятки семейств, спасенных от нищеты, от разложения, от гибели, от разврата, от венерических больниц", "цитата_из_стиха": "по сто от тысячи и по тысяче от ть'
CP.P1.VI.15	b.1CH.19.3	0			'{"score": 0, "цитата_из_романа": "", "цитата_из_стиха": ""}'
CP.P1.VI.15	b.1CO.7.35	0			'{"score": 0, "цитата_из_романа": "", "цитата_из_стиха": ""}'
CP.P1.VI.15	b.PSA.61.4	0			'{"score": 0, "цитата_из_романа": "", "цитата_из_стиха": ""}'
CP.P2.III.116	b.1SA.15.27	0			'{"score": 0, "цитата_из_романа": "", "цитата_из_стиха": ""}'
CP.P2.III.116	b.1SA.28.8	0			'{"score": 0, "цитата_из_романа": "", "цитата_из_стиха": ""}'
CP.P2.III.116	b.ACT.4.31	0			'{"score": 0, "цитата_из_романа": "", "цитата_из_стиха": ""}'
CP.P2.III.116	b.DEU.29.19	0			'{"score": 0, "цитата_из_романа": "", "цитата_из_стиха": ""}'
CP.P2.III.116	b.GEN.43.29	0			'{"score": 0, "цитата_из_романа": "", "цитата_из_стиха": ""}'
CP.P2.III.116	b.MAT.27.14	1	не отвечал ни слова	не отвечал ему ни на одно слово	'{"score": 1, "цитата_из_романа": "не отвечал ни слова", "цитата_из_стиха": "не отвечал ему ни на одно слово"}'
CP.P2.III.116	b.JOH.15.22	0			'{"score": 0, "цитата_из_романа": "", "цитата_из_стиха": ""}'
CP.P2.III.116	b.GEN.20.13	0			'{"score": 0, "цитата_из_романа": "", "цитата_из_стиха": ""}'
CP.P2.III.116	b.ISA.63.3	0			'{"score": 0, "цитата_из_романа": "", "цитата_из_стиха": ""}'
CP.P2.III.116	b.DEU.31.1	1	помогите	говорил слова	'{"score": 1, "цитата_из_романа": "помогите", "цитата_из_стиха": "говорил слова"}'
CP.P2.III.116	b.1SA.19.24	0			'{"score": 0, "цитата_из_романа": "", "цитата_из_стиха": ""}'
CP.P2.III.116	b.GEN.37.29	0			'{"score": 0, "цитата_из_романа": "", "цитата_из_стиха": ""}'
CP.P2.III.116	b.JOH.16.26	0			'{"score": 0, "цитата_из_романа": "", "цитата_из_стиха": ""}'
CP.P2.III.116	b.JDG.16.9	0			'{"score": 0, "цитата_из_романа": "", "цитата_из_стиха": ""}'
CP.P2.III.116	b.ROM.11.20	0			'{"score": 0, "цитата_из_романа": "", "цитата_из_стиха": ""}'
CP.P2.III.116	b.ACT.5.20	0			'{"score": 0, "цитата_из_романа": "", "цитата_из_стиха": ""}'
CP.P2.III.116	b.JOH.6.62	0			'{"score": 0, "цитата_из_романа": "", "цитата_из_стиха": ""}'
CP.P2.III.116	b.JOB.2.13	1	не говорил ни слова	никто не говорил ему ни слова	'{"score": 1, "цитата_из_романа": "не говорил ни слова", "цитата_из_стиха": "никто не говорил ему ни слова"}'
CP.P2.III.116	b.2KI.18.36	1	не говорил ни слова	не отвечайте ему ни слова	'{"score": 1, "цитата_из_романа": "не говорил ни слова", "цитата_из_стиха": "не отвечайте ему ни слова"}'
CP.P2.III.116	b.2CH.25.16	0			'{"score": 0, "цитата_из_романа": "", "цитата_из_стиха": ""}'
CP.P2.III.116	b.GEN.31.35	0			'{"score": 0, "цитата_из_романа": "", "цитата_из_стиха": ""}'
CP.P2.III.116	b.ISA.36.21	1	молчали	молчали и не отвечали ему ни слова	'{"score": 1, "цитата_из_романа": "молчали", "цитата_из_стиха": "молчали и не отвечали ему ни слова"}'
CP.P2.III.116	b.2CH.32.17	0			'{"score": 0, "цитата_из_романа": "", "цитата_из_стиха": ""}'
CP.P2.III.116	b.DAN.10.17	0			'{"score": 0, "цитата_из_романа": "", "цитата_из_стиха": ""}'
CP.P2.III.116	b.JER.2.34	0			'{"score": 0, "цитата_из_романа": "", "цитата_из_стиха": ""}'
CP.P2.III.116	b.PRO.18.9	0			'{"score": 0, "цитата_из_романа": "", "цитата_из_стиха": ""}'
CP.P2.III.116	b.MAT.27.4	0			'{"score": 0, "цитата_из_романа": "", "цитата_из_стиха": ""}'
CP.P2.III.116	b.LUK.9.36	0			'{"score": 0, "цитата_из_романа": "", "цитата_из_стиха": ""}'
CP.P2.III.116	b.RUT.4.8	1	сапоги	снял сапог	'{"score": 1, "цитата_из_романа": "сапоги", "цитата_из_стиха": "снял сапог"}'
CP.P2.III.116	b.JOH.16.29	0			'{"score": 0, "цитата_из_романа": "", "цитата_из_стиха": ""}'
CP.P2.III.116	b.2CO.12.15	0			'{"score": 0, "цитата_из_романа": "", "цитата_из_стиха": ""}'
CP.P2.III.116	b.ACT.7.60	0			'{"score": 0, "цитата_из_романа": "", "цитата_из_стиха": ""}'
CP.P2.III.116	b.EXO.4.7	0			'{"score": 0, "цитата_из_романа": "", "цитата_из_стиха": ""}'
CP.P2.III.116	b.1KI.13.18	0			'{"score": 0, "цитата_из_романа": "", "цитата_из_стиха": ""}'
CP.P2.III.116	b.ZEC.3.4	0			'{"score": 0, "цитата_из_романа": "", "цитата_из_стиха": ""}'
CP.P2.III.116	b.JDG.8.19	0			'{"score": 0, "цитата_из_романа": "", "цитата_из_стиха": ""}'
CP.P2.III.116	b.ISA.47.9	0			'{"score": 0, "цитата_из_романа": "", "цитата_из_стиха": ""}'
CP.P2.III.116	b.EXO.4.6	0			'{"score": 0, "цитата_из_романа": "", "цитата_из_стиха": ""}'
CP.P2.III.116	b.1SA.17.30	1	говорил	говорил те же слова	'{"score": 1, "цитата_из_романа": "говорил", "цитата_из_стиха": "говорил те же слова"}'
CP.P2.III.116	b.1CH.19.12	0			'{"score": 0, "цитата_из_романа": "", "цитата_из_стиха": ""}'
CP.P2.III.116	b.1KI.18.21	0			'{"score": 0, "цитата_из_романа": "", "цитата_из_стиха": ""}'
CP.P2.III.116	b.MAT.22.12	1	не говорил ни слова	молчал	'{"score": 1, "цитата_из_романа": "не говорил ни слова", "цитата_из_стиха": "молчал"}'
CP.P2.III.116	b.ECC.8.17	0			'{"score": 0, "цитата_из_романа": "", "цитата_из_стиха": ""}'
CP.P2.III.116	b.1SA.17.39	1	не привык	не привык к такому вооружению	'{"score": 1, "цитата_из_романа": "не привык", "цитата_из_стиха": "не привык к такому вооружению"}'
CP.P2.III.116	b.2CO.11.21	0			'{"score": 0, "цитата_из_романа": "", "цитата_из_стиха": ""}'
CP.P2.III.116	b.1SA.17.23	0			'{"score": 0, "цитата_из_романа": "", "цитата_из_стиха": ""}'
CP.P2.III.116	b.MAT.13.34	0			'{"score": 0, "цитата_из_романа": "", "цитата_из_стиха": ""}'
CP.P2.III.116	b.JOH.7.26	0			'{"score": 0, "цитата_из_романа": "", "цитата_из_стиха": ""}'
CP.P2.III.116	b.LUK.16.3	0			'{"score": 0, "цитата_из_романа": "", "цитата_из_стиха": ""}'
CP.P2.III.116	b.JER.23.38	0			'{"score": 0, "цитата_из_романа": "", "цитата_из_стиха": ""}'
CP.P2.III.116	b.EZE.2.7	0			'{"score": 0, "цитата_из_романа": "", "цитата_из_стиха": ""}'
CP.P2.III.116	b.JOH.18.20	0			'{"score": 0, "цитата_из_романа": "", "цитата_из_стиха": ""}'
CP.P2.III.116	b.MAR.2.2	1	помогите	говорил им слово	'{"score": 1, "цитата_из_романа": "помогите", "цитата_из_стиха": "говорил им слово"}'
CP.P2.III.116	b.JOS.11.15	0			'{"score": 0, "цитата_из_романа": "", "цитата_из_стиха": ""}'
CP.P2.III.116	b.EZR.1.4	0			'{"score": 0, "цитата_из_романа": "", "цитата_из_стиха": ""}'
CP.P2.III.116	b.MAT.6.31	0			'{"score": 0, "цитата_из_романа": "", "цитата_из_стиха": ""}'
CP.P2.III.116	b.1CO.1.5	0			'{"score": 0, "цитата_из_романа": "", "цитата_из_стиха": ""}'
CP.P3.III.98	b.GEN.31.30	0			'{"score": 0, "цитата_из_романа": "", "цитата_из_стиха": ""}'
CP.P3.III.98	b.MIC.4.9	0			'{"score": 0, "цитата_из_романа": "", "цитата_из_стиха": ""}'
CP.P3.III.98	b.1CH.12.22	0			'{"score": 0, "цитата_из_романа": "", "цитата_из_стиха": ""}'
CP.P3.III.98	b.ISA.47.7	0			'{"score": 0, "цитата_из_романа": "", "цитата_из_стиха": ""}'
CP.P3.III.98	b.ISA.1.21	0			'{"score": 0, "цитата_из_романа": "", "цитата_из_стиха": ""}'
CP.P3.III.98	b.PRO.9.16	0			'{"score": 0, "цитата_из_романа": "", "цитата_из_стиха": ""}'
CP.P3.III.98	b.ROM.6.17	0			'{"score": 0, "цитата_из_романа": "", "цитата_из_стиха": ""}'
CP.P3.III.98	b.EZE.16.8	0			'{"score": 0, "цитата_из_романа": "", "цитата_из_стиха": ""}'
CP.P3.III.98	b.JOB.26.3	0			'{"score": 0, "цитата_из_романа": "", "цитата_из_стиха": ""}'
CP.P3.III.98	b.GEN.24.23	0			'{"score": 0, "цитата_из_романа": "", "цитата_из_стиха": ""}'
CP.P3.III.98	b.LUK.8.49	0			'{"score": 0, "цитата_из_романа": "", "цитата_из_стиха": ""}'
CP.P3.III.98	b.ISA.14.10	0			'{"score": 0, "цитата_из_романа": "", "цитата_из_стиха": ""}'
CP.P3.III.98	b.EST.4.13	0			'{"score": 0, "цитата_из_романа": "", "цитата_из_стиха": ""}'
CP.P3.III.98	b.ACT.5.8	0			'{"score": 0, "цитата_из_романа": "", "цитата_из_стиха": ""}'
CP.P3.III.98	b.ROM.6.21	0			'{"score": 0, "цитата_из_романа": "", "цитата_из_стиха": ""}'
CP.P3.III.98	b.DEU.9.21	0			'{"score": 0, "цитата_из_романа": "", "цитата_из_стиха": ""}'
CP.P3.III.98	b.GEN.28.17	0			'{"score": 0, "цитата_из_романа": "", "цитата_из_стиха": ""}'
CP.P3.III.98	b.HAG.2.3	0			'{"score": 0, "цитата_из_романа": "", "цитата_из_стиха": ""}'
CP.P3.III.98	b.GEN.26.13	0			'{"score": 0, "цитата_из_романа": "", "цитата_из_стиха": ""}'
CP.P3.III.98	b.JOH.1.15	0			'{"score": 0, "цитата_из_романа": "", "цитата_из_стиха": ""}'
CP.P3.III.98	b.EXO.34.29	0			'{"score": 0, "цитата_из_романа": "", "цитата_из_стиха": ""}'
CP.P3.III.98	b.JER.4.30	0			'{"score": 0, "цитата_из_романа": "", "цитата_из_стиха": ""}'
CP.P3.III.98	b.2CH.25.20	0			'{"score": 0, "цитата_из_романа": "", "цитата_из_стиха": ""}'
CP.P3.III.98	b.DEU.28.20	0			'{"score": 0, "цитата_из_романа": "", "цитата_из_стиха": ""}'
CP.P3.III.98	b.ISA.57.10	0			'{"score": 0, "цитата_из_романа": "", "цитата_из_стиха": ""}'
CP.P3.III.98	b.2SA.19.28	0			'{"score": 0, "цитата_из_романа": "", "цитата_из_стиха": ""}'
CP.P3.III.98	b.MAR.5.39	0			'{"score": 0, "цитата_из_романа": "", "цитата_из_стиха": ""}'
CP.P3.III.98	b.JOB.5.3	0			'{"score": 0, "цитата_из_романа": "", "цитата_из_стиха": ""}'
CP.P3.III.98	b.NUM.12.12	0			'{"score": 0, "цитата_из_романа": "", "цитата_из_стиха": ""}'
CP.P3.III.98	b.JDG.21.3	0			'{"score": 0, "цитата_из_романа": "", "цитата_из_стиха": ""}'
CP.P3.III.98	b.ACT.5.9	0			'{"score": 0, "цитата_из_романа": "", "цитата_из_стиха": ""}'
CP.P3.III.98	b.EZE.31.10	0			'{"score": 0, "цитата_из_романа": "", "цитата_из_стиха": ""}'
CP.P3.III.98	b.PRO.7.27	0			'{"score": 0, "цитата_из_романа": "", "цитата_из_стиха": ""}'
CP.P3.III.98	b.JOB.31.14	0			'{"score": 0, "цитата_из_романа": "", "цитата_из_стиха": ""}'
CP.P3.III.98	b.ISA.36.12	0			'{"score": 0, "цитата_из_романа": "", "цитата_из_стиха": ""}'
CP.P4.IV.114	b.JER.23.18	0			'{"score": 0, "цитата_из_романа": "", "цитата_из_стиха": ""}'
CP.P4.IV.114	b.GEN.20.7	0			'{"score": 0, "цитата_из_романа": "", "цитата_из_стиха": ""}'
CP.P4.IV.114	b.ISA.48.6	0			'{"score": 0, "цитата_из_романа": "", "цитата_из_стиха": ""}'
CP.P4.IV.114	b.1KI.1.15	0			'{"score": 0, "цитата_из_романа": "", "цитата_из_стиха": ""}'
CP.P4.IV.114	b.2KI.7.13	0			'{"score": 0, "цитата_из_романа": "", "цитата_из_стиха": ""}'
CP.P4.IV.114	b.LUK.4.17	0			'{"score": 0, "цитата_из_романа": "", "цитата_из_стиха": ""}'
CP.P4.IV.114	b.LUK.22.20	2	Новый завет	Новый Завет	'{"score": 2, "цитата_из_романа": "Новый завет", "цитата_из_стиха": "Новый Завет"}'
CP.P4.IV.114	b.MAR.14.24	0			'{"score": 0, "цитата_из_романа": "", "цитата_из_стиха": ""}'
CP.P4.IV.114	b.1SA.2.22	0			'{"score": 0, "цитата_из_романа": "", "цитата_из_стиха": ""}'
CP.P4.IV.114	b.GEN.25.31	0			'{"score": 0, "цитата_из_романа": "", "цитата_из_стиха": ""}'
CP.P4.IV.114	b.MAT.26.28	0			'{"score": 0, "цитата_из_романа": "", "цитата_из_стиха": ""}'
CP.P4.IV.114	b.LEV.24.8	0			'{"score": 0, "цитата_из_романа": "", "цитата_из_стиха": ""}'
CP.P4.IV.114	b.2SA.19.32	0			'{"score": 0, "цитата_из_романа": "", "цитата_из_стиха": ""}'
CP.P4.IV.114	b.JER.31.31	0			'{"score": 0, "цитата_из_романа": "", "цитата_из_стиха": ""}'
CP.P4.IV.114	b.HEB.8.8	0			'{"score": 0, "цитата_из_романа": "", "цитата_из_стиха": ""}'
CP.P4.IV.114	b.1KI.10.5	0			'{"score": 0, "цитата_из_романа": "", "цитата_из_стиха": ""}'
CP.P4.IV.114	b.HOS.7.9	0			'{"score": 0, "цитата_из_романа": "", "цитата_из_стиха": ""}'
CP.P4.IV.114	b.HEB.12.24	0			'{"score": 0, "цитата_из_романа": "", "цитата_из_стиха": ""}'
CP.P4.IV.114	b.EZE.2.9	1	книга	книжный свиток	'{"score": 1, "цитата_из_романа": "книга", "цитата_из_стиха": "книжный свиток"}'
CP.P4.IV.114	b.1SA.10.27	0			'{"score": 0, "цитата_из_романа": "", "цитата_из_стиха": ""}'
CP.P4.IV.114	b.NUM.18.19	0			'{"score": 0, "цитата_из_романа": "", "цитата_из_стиха": ""}'
CP.P4.IV.114	b.2KI.4.35	0			'{"score": 0, "цитата_из_романа": "", "цитата_из_стиха": ""}'
CP.P4.IV.114	b.MAL.2.5	0			'{"score": 0, "цитата_из_романа": "", "цитата_из_стиха": ""}'
CP.P4.IV.114	b.1JO.2.7	0			'{"score": 0, "цитата_из_романа": "", "цитата_из_стиха": ""}'
CP.P4.IV.114	b.ISA.34.16	0			'{"score": 0, "цитата_из_романа": "", "цитата_из_стиха": ""}'
CP.P4.IV.114	b.HEB.9.15	0			'{"score": 0, "цитата_из_романа": "", "цитата_из_стиха": ""}'
CP.P4.IV.114	b.MAR.6.25	0			'{"score": 0, "цитата_из_романа": "", "цитата_из_стиха": ""}'
CP.P4.IV.114	b.2CH.9.4	0			'{"score": 0, "цитата_из_романа": "", "цитата_из_стиха": ""}'
CP.P4.IV.114	b.2KI.23.3	0			'{"score": 0, "цитата_из_романа": "", "цитата_из_стиха": ""}'
CP.P4.IV.114	b.EZE.37.26	0			'{"score": 0, "цитата_из_романа": "", "цитата_из_стиха": ""}'
CP.P4.IV.114	b.JOB.42.5	0			'{"score": 0, "цитата_из_романа": "", "цитата_из_стиха": ""}'
CP.P4.IV.114	b.REV.10.2	0			'{"score": 0, "цитата_из_романа": "", "цитата_из_стиха": ""}'
CP.P4.IV.114	b.GEN.24.1	0			'{"score": 0, "цитата_из_романа": "", "цитата_из_стиха": ""}'
CP.P4.IV.114	b.HEB.2.8	0			'{"score": 0, "цитата_из_романа": "", "цитата_из_стиха": ""}'
CP.P4.IV.114	b.GEN.27.36	0			'{"score": 0, "цитата_из_романа": "", "цитата_из_стиха": ""}'
CP.P4.IV.114	b.2CH.34.31	0			'{"score": 0, "цитата_из_романа": "", "цитата_из_стиха": ""}'
CP.P4.IV.114	b.GEN.27.3	0			'{"score": 0, "цитата_из_романа": "", "цитата_из_стиха": ""}'
CP.P4.IV.114	b.MAT.13.52	0			'{"score": 0, "цитата_из_романа": "", "цитата_из_стиха": ""}'
CP.P4.IV.114	b.JOB.14.21	0			'{"score": 0, "цитата_из_романа": "", "цитата_из_стиха": ""}'
CP.P4.IV.114	b.GAL.4.24	0			'{"score": 0, "цитата_из_романа": "", "цитата_из_стиха": ""}'
CP.P4.IV.114	b.1SA.4.18	0			'{"score": 0, "цитата_из_романа": "", "цитата_из_стиха": ""}'
CP.P4.IV.114	b.2CO.3.6	0			'{"score": 0, "цитата_из_романа": "", "цитата_из_стиха": ""}'
CP.P4.IV.114	b.2KI.22.11	0			'{"score": 0, "цитата_из_романа": "", "цитата_из_стиха": ""}'
CP.P4.IV.114	b.LUK.4.20	0			'{"score": 0, "цитата_из_романа": "", "цитата_из_стиха": ""}'
CP.P4.IV.114	b.NUM.22.29	0			'{"score": 0, "цитата_из_романа": "", "цитата_из_стиха": ""}'
CP.P4.IV.114	b.1CO.11.25	0			'{"score": 0, "цитата_из_романа": "", "цитата_из_стиха": ""}'
CP.P4.IV.114	b.JER.32.10	0			'{"score": 0, "цитата_из_романа": "", "цитата_из_стиха": ""}'
CP.P4.IV.114	b.GEN.35.29	0			'{"score": 0, "цитата_из_романа": "", "цитата_из_стиха": ""}'
CP.P4.IV.114	b.ACT.8.32	0			'{"score": 0, "цитата_из_романа": "", "цитата_из_стиха": ""}'
CP.P4.IV.114	b.REV.5.1	0			'{"score": 0, "цитата_из_романа": "", "цитата_из_стиха": ""}'
CP.P4.IV.114	b.EZE.40.3	0			'{"score": 0, "цитата_из_романа": "", "цитата_из_стиха": ""}'
CP.P4.IV.114	b.REV.21.5	0			'{"score": 0, "цитата_из_романа": "", "цитата_из_стиха": ""}'
CP.P4.IV.114	b.JOH.3.4	0			'{"score": 0, "цитата_из_романа": "", "цитата_из_стиха": ""}'
CP.P4.IV.114	b.GEN.25.33	0			'{"score": 0, "цитата_из_романа": "", "цитата_из_стиха": ""}'
CP.P4.IV.114	b.ROM.6.9	0			'{"score": 0, "цитата_из_романа": "", "цитата_из_стиха": ""}'
CP.P3.IV.115	b.ECC.2.1	1	натуральнее петь	и это – суета	'{"score": 1, "цитата_из_романа": "натуральнее петь", "цитата_из_стиха": "и это – суета"}'
CP.P3.IV.115	b.MIC.4.9	0			'{"score": 0, "цитата_из_романа": "", "цитата_из_стиха": ""}'
CP.P3.IV.115	b.JOH.16.16	0			'{"score": 0, "цитата_из_романа": "", "цитата_из_стиха": ""}'
CP.P3.IV.115	b.PSA.87.7	1	ничего не петь	поющие и играющие	'{"score": 1, "цитата_из_романа": "ничего не петь", "цитата_из_стиха": "поющие и играющие"}'
CP.P3.IV.115	b.ROM.11.11	0			'{"score": 0, "цитата_из_романа": "", "цитата_из_стиха": ""}'
CP.P3.IV.115	b.ECC.10.11	0			'{"score": 0, "цитата_из_романа": "", "цитата_из_стиха": ""}'
CP.P3.IV.115	b.1SA.1.8	0			'{"score": 0, "цитата_из_романа": "", "цитата_из_стиха": ""}'
CP.P3.IV.115	b.GEN.28.20	0			'{"score": 0, "цитата_из_романа": "", "цитата_из_стиха": ""}'
CP.P3.IV.115	b.JOB.6.26	0			'{"score": 0, "цитата_из_романа": "", "цитата_из_стиха": ""}'
CP.P3.IV.115	b.2KI.5.12	0			'{"score": 0, "цитата_из_романа": "", "цитата_из_стиха": ""}'
CP.P3.IV.115	b.1KI.19.4	0			'{"score": 0, "цитата_из_романа": "", "цитата_из_стиха": ""}'
CP.P3.IV.115	b.JOH.8.22	0			'{"score": 0, "цитата_из_романа": "", "цитата_из_стиха": ""}'
CP.P3.IV.115	b.1CO.4.18	0			'{"score": 0, "цитата_из_романа": "", "цитата_из_стиха": ""}'
CP.P3.IV.115	b.LEV.26.41	0			'{"score": 0, "цитата_из_романа": "", "цитата_из_стиха": ""}'
CP.P3.IV.115	b.1CO.14.15	0			'{"score": 0, "цитата_из_романа": "", "цитата_из_стиха": ""}'
CP.P3.IV.115	b.2KI.4.23	0			'{"score": 0, "цитата_из_романа": "", "цитата_из_стиха": ""}'
CP.P3.IV.115	b.JOH.16.10	0			'{"score": 0, "цитата_из_романа": "", "цитата_из_стиха": ""}'
CP.P3.IV.115	b.2CO.11.11	0			'{"score": 0, "цитата_из_романа": "", "цитата_из_стиха": ""}'
CP.P3.IV.115	b.ACT.22.5	0			'{"score": 0, "цитата_из_романа": "", "цитата_из_стиха": ""}'
CP.P3.IV.115	b.ACT.11.12	0			'{"score": 0, "цитата_из_романа": "", "цитата_из_стиха": ""}'
CP.P3.IV.115	b.JER.2.25	0			'{"score": 0, "цитата_из_романа": "", "цитата_из_стиха": ""}'
CP.P3.IV.115	b.2CH.35.21	0			'{"score": 0, "цитата_из_романа": "", "цитата_из_стиха": ""}'
CP.P3.IV.115	b.ISA.38.14	0			'{"score": 0, "цитата_из_романа": "", "цитата_из_стиха": ""}'
CP.P3.IV.115	b.1CO.11.17	0			'{"score": 0, "цитата_из_романа": "", "цитата_из_стиха": ""}'
CP.P3.IV.115	b.NEH.2.2	0			'{"score": 0, "цитата_из_романа": "", "цитата_из_стиха": ""}'
CP.P3.IV.115	b.JOB.23.8	1	иду	я иду	'{"score": 1, "цитата_из_романа": "иду", "цитата_из_стиха": "я иду"}'
CP.P3.IV.115	b.JOH.11.11	2	петь	разбудить	'{"score": 2, "цитата_из_романа": "петь", "цитата_из_стиха": "разбудить"}'
CP.P3.IV.115	b.JAM.5.13	0			'{"score": 0, "цитата_из_романа": "", "цитата_из_стиха": ""}'
CP.P3.IV.115	b.ISA.17.12	0			'{"score": 0, "цитата_из_романа": "", "цитата_из_стиха": ""}'
CP.P3.IV.115	b.ZEC.14.19	0			'{"score": 0, "цитата_из_романа": "", "цитата_из_стиха": ""}'
CP.P3.IV.115	b.JER.31.15	0			'{"score": 0, "цитата_из_романа": "", "цитата_из_стиха": ""}'
CP.P3.IV.115	b.JOH.11.43	2	петь	петь	'{"score": 2, "цитата_из_романа": "петь", "цитата_из_стиха": "петь"}'
CP.P3.IV.115	b.JOB.3.7	0			'{"score": 0, "цитата_из_романа": "", "цитата_из_стиха": ""}'
CP.P3.IV.115	b.1SA.21.11	0			'{"score": 0, "цитата_из_романа": "", "цитата_из_стиха": ""}'
CP.P3.IV.115	b.LUK.16.25	0			'{"score": 0, "цитата_из_романа": "", "цитата_из_стиха": ""}'
CP.P3.IV.115	b.JOH.13.36	1	иду	куда Ты идешь	'{"score": 1, "цитата_из_романа": "иду", "цитата_из_стиха": "куда Ты идешь"}'
CP.P3.IV.115	b.EZE.3.14	0			'{"score": 0, "цитата_из_романа": "", "цитата_из_стиха": ""}'
CP.P3.IV.115	b.REV.15.3	0			'{"score": 0, "цитата_из_романа": "", "цитата_из_стиха": ""}'
CP.P3.IV.115	b.JOH.14.4	1	петь	путь	'{"score": 1, "цитата_из_романа": "петь", "цитата_из_стиха": "путь"}'
CP.P3.IV.115	b.ISA.16.10	0			'{"score": 0, "цитата_из_романа": "", "цитата_из_стиха": ""}'
CP.P3.IV.115	b.ACT.20.22	1	не зная, что там встретится со мною	не зная, что там встретится со мною	'{"score": 1, "цитата_из_романа": "не зная, что там встретится со мною", "цитата_из_стиха": "не зная, что там встретится со мною"}'
CP.P3.IV.115	b.DEU.30.12	0			'{"score": 0, "цитата_из_романа": "", "цитата_из_стиха": ""}'
CP.P3.IV.115	b.ROM.15.9	0			'{"score": 0, "цитата_из_романа": "", "цитата_из_стиха": ""}'
CP.P3.IV.115	b.GEN.2.18	0			'{"score": 0, "цитата_из_романа": "", "цитата_из_стиха": ""}'
CP.P3.IV.115	b.DEU.30.13	0			'{"score": 0, "цитата_из_романа": "", "цитата_из_стиха": ""}'
CP.P3.IV.115	b.PSA.92.1	1	петь	петь	'{"score": 1, "цитата_из_романа": "петь", "цитата_из_стиха": "петь"}'
CP.P3.IV.115	b.1SA.29.6	0			'{"score": 0, "цитата_из_романа": "", "цитата_из_стиха": ""}'
CP.P3.IV.115	b.REV.5.9	0			'{"score": 0, "цитата_из_романа": "", "цитата_из_стиха": ""}'
CP.P3.IV.115	b.NUM.14.3	0			'{"score": 0, "цитата_из_романа": "", "цитата_из_стиха": ""}'
CP.P3.IV.115	b.LAM.5.14	1	натуральнее петь	юноши не поют	'{"score": 1, "цитата_из_романа": "натуральнее петь", "цитата_из_стиха": "юноши не поют"}'
CP.P3.IV.115	b.ZEP.2.15	0			'{"score": 0, "цитата_из_романа": "", "цитата_из_стиха": ""}'
CP.P3.IV.115	b.LUK.16.24	0			'{"score": 0, "цитата_из_романа": "", "цитата_из_стиха": ""}'
CP.P3.IV.115	b.REV.18.22	0			'{"score": 0, "цитата_из_романа": "", "цитата_из_стиха": ""}'
CP.P3.IV.115	b.AMO.6.2	0			'{"score": 0, "цитата_из_романа": "", "цитата_из_стиха": ""}'
CP.P3.IV.115	b.NEH.2.4	0			'{"score": 0, "цитата_из_романа": "", "цитата_из_стиха": ""}'
CP.P3.IV.115	b.1SA.17.45	0			'{"score": 0, "цитата_из_романа": "", "цитата_из_стиха": ""}'
CP.P3.IV.115	b.JOH.16.17	0			'{"score": 0, "цитата_из_романа": "", "цитата_из_стиха": ""}'
CP.P3.IV.115	b.ROM.15.25	1	и натуральнее петь	чтобы послужить	'{"score": 1, "цитата_из_романа": "и натуральнее петь", "цитата_из_стиха": "чтобы послужить"}'
CP.P3.IV.115	b.PSA.98.4	1	петь	пойте	'{"score": 1, "цитата_из_романа": "петь", "цитата_из_стиха": "пойте"}'
CP.P3.IV.115	b.JAM.1.18	0			'{"score": 0, "цитата_из_романа": "", "цитата_из_стиха": ""}'
CP.P5.IV.22	b.JOH.9.30	0			'{"score": 0, "цитата_из_романа": "", "цитата_из_стиха": ""}'
CP.P5.IV.22	b.MAT.10.26	0			'{"score": 0, "цитата_из_романа": "", "цитата_из_стиха": ""}'
CP.P5.IV.22	b.MIC.4.9	0			'{"score": 0, "цитата_из_романа": "", "цитата_из_стиха": ""}'
CP.P5.IV.22	b.2KI.17.41	0			'{"score": 0, "цитата_из_романа": "", "цитата_из_стиха": ""}'
CP.P5.IV.22	b.ROM.11.11	2	спрашивал	спрашиваю	'{"score": 2, "цитата_из_романа": "спрашивал", "цитата_из_стиха": "спрашиваю"}'
CP.P5.IV.22	b.ISA.47.7	0			'{"score": 0, "цитата_из_романа": "", "цитата_из_стиха": ""}'
CP.P5.IV.22	b.1CO.7.28	0			'{"score": 0, "цитата_из_романа": "", "цитата_из_стиха": ""}'
CP.P5.IV.22	b.JOB.6.26	0			'{"score": 0, "цитата_из_романа": "", "цитата_из_стиха": ""}'
CP.P5.IV.22	b.MAT.12.7	0			'{"score": 0, "цитата_из_романа": "", "цитата_из_стиха": ""}'
CP.P5.IV.22	b.JOH.11.13	2	вопрос	что Он говорит о сне обыкновенном	'{"score": 2, "цитата_из_романа": "вопрос", "цитата_из_стиха": "что Он говорит о сне обыкновенном"}'
CP.P5.IV.22	b.LEV.18.29	2	мерзости	мерзости	'{"score": 2, "цитата_из_романа": "мерзости", "цитата_из_стиха": "мерзости"}'
CP.P5.IV.22	b.1SA.28.18	0			'{"score": 0, "цитата_из_романа": "", "цитата_из_стиха": ""}'
CP.P5.IV.22	b.LEV.18.27	2	мерзости	мерзости	'{"score": 2, "цитата_из_романа": "мерзости", "цитата_из_стиха": "мерзости"}'
CP.P5.IV.22	b.ROM.10.6	0			'{"score": 0, "цитата_из_романа": "", "цитата_из_стиха": ""}'
CP.P5.IV.22	b.1TH.4.6	0			'{"score": 0, "цитата_из_романа": "", "цитата_из_стиха": ""}'
CP.P5.IV.22	b.ROM.9.6	0			'{"score": 0, "цитата_из_романа": "", "цитата_из_стиха": ""}'
CP.P5.IV.22	b.EZE.18.12	0			'{"score": 0, "цитата_из_романа": "", "цитата_из_стиха": ""}'
CP.P5.IV.22	b.1CO.3.3	0			'{"score": 0, "цитата_из_романа": "", "цитата_из_стиха": ""}'
CP.P5.IV.22	b.1CO.6.7	0			'{"score": 0, "цитата_из_романа": "", "цитата_из_стиха": ""}'
CP.P5.IV.22	b.2CH.25.16	0			'{"score": 0, "цитата_из_романа": "", "цитата_из_стиха": ""}'
CP.P5.IV.22	b.ROM.9.19	0			'{"score": 0, "цитата_из_романа": "", "цитата_из_стиха": ""}'
CP.P5.IV.22	b.EZE.44.6	2	мерзости	мерзости	'{"score": 2, "цитата_из_романа": "мерзости", "цитата_из_стиха": "мерзости"}'
CP.P5.IV.22	b.ISA.37.34	0			'{"score": 0, "цитата_из_романа": "", "цитата_из_стиха": ""}'
CP.P5.IV.22	b.EXO.1.17	0			'{"score": 0, "цитата_из_романа": "", "цитата_из_стиха": ""}'
CP.P5.IV.22	b.NUM.31.47	0			'{"score": 0, "цитата_из_романа": "", "цитата_из_стиха": ""}'
CP.P5.IV.22	b.DEU.25.5	0			'{"score": 0, "цитата_из_романа": "", "цитата_из_стиха": ""}'
CP.P5.IV.22	b.2CO.1.17	0			'{"score": 0, "цитата_из_романа": "", "цитата_из_стиха": ""}'
CP.P5.IV.22	b.JER.8.12	2	делать мерзости	делая мерзости	'{"score": 2, "цитата_из_романа": "делать мерзости", "цитата_из_стиха": "делая мерзости"}'
CP.P5.IV.22	b.JER.7.10	0			'{"score": 0, "цитата_из_романа": "", "цитата_из_стиха": ""}'
CP.P5.IV.22	b.JER.6.15	2	делать мерзости	делая мерзости	'{"score": 2, "цитата_из_романа": "делать мерзости", "цитата_из_стиха": "делая мерзости"}'
CP.P5.IV.22	b.JER.32.35	0			'{"score": 0, "цитата_из_романа": "", "цитата_из_стиха": ""}'
CP.P5.IV.22	b.ZEC.8.12	0			'{"score": 0, "цитата_из_романа": "", "цитата_из_стиха": ""}'
CP.P5.IV.22	b.ACT.12.9	0			'{"score": 0, "цитата_из_романа": "", "цитата_из_стиха": ""}'
CP.P5.IV.22	b.NUM.31.30	0			'{"score": 0, "цитата_из_романа": "", "цитата_из_стиха": ""}'
CP.P5.IV.22	b.EZE.18.24	2	вопрос	вопрос	'{"score": 2, "цитата_из_романа": "вопрос", "цитата_из_стиха": "вопрос"}'
CP.P5.IV.22	b.JOH.8.19	0			'{"score": 0, "цитата_из_романа": "", "цитата_из_стиха": ""}'
CP.P5.IV.22	b.JAM.5.13	0			'{"score": 0, "цитата_из_романа": "", "цитата_из_стиха": ""}'
CP.P5.IV.22	b.2TI.2.7	0			'{"score": 0, "цитата_из_романа": "", "цитата_из_стиха": ""}'
CP.P5.IV.22	b.EZE.33.26	2	опять закричите: "Ах, не говорите, перестаньте!"	делаете мерзости	'{"score": 2, "цитата_из_романа": "опять закричите: \\"Ах, не говорите, перестаньте!\\"", "цитата_из_стиха": "делаете мерзости"}'
CP.P5.IV.22	b.1KI.3.26	0			'{"score": 0, "цитата_из_романа": "", "цитата_из_стиха": ""}'
CP.P5.IV.22	b.EZE.16.50	2	делать мерзости	делали мерзости	'{"score": 2, "цитата_из_романа": "делать мерзости", "цитата_из_стиха": "делали мерзости"}'
CP.P5.IV.22	b.NUM.22.37	0			'{"score": 0, "цитата_из_романа": "", "цитата_из_стиха": ""}'
CP.P5.IV.22	b.ISA.53.4	0			'{"score": 0, "цитата_из_романа": "", "цитата_из_стиха": ""}'
CP.P5.IV.22	b.1KI.14.24	0			'{"score": 0, "цитата_из_романа": "", "цитата_из_стиха": ""}'
CP.P5.IV.22	b.1CO.4.8	0			'{"score": 0, "цитата_из_романа": "", "цитата_из_стиха": ""}'
CP.P5.IV.22	b.EXO.22.10	0			'{"score": 0, "цитата_из_романа": "", "цитата_из_стиха": ""}'
CP.P5.IV.22	b.EZE.18.13	2	вот мне именно интересно было бы узнать, как бы вы разрешили теперь один "вопрос"	тот непременно умрет, кровь его будет на нем	'{"score": 2, "цитата_из_романа": "вот мне именно интересно было бы узнать, как бы вы разрешили теперь один \\"вопрос\\"", "цитата_из_стиха": "тот непременно умрет, кровь его будет на нем"}'
CP.P5.IV.22	b.1JO.2.21	0			'{"score": 0, "цитата_из_романа": "", "цитата_из_стиха": ""}'
CP.P5.IV.22	b.LEV.18.26	0			'{"score": 0, "цитата_из_романа": "", "цитата_из_стиха": ""}'
CP.P5.IV.22	b.JOB.34.33	2	решить вопрос	избирать, а немне; говори, что знаешь	'{"score": 2, "цитата_из_романа": "решить вопрос", "цитата_из_стиха": "избирать, а немне; говори, что знаешь"}'
CP.P5.IV.22	b.JER.35.10	0			'{"score": 0, "цитата_из_романа": "", "цитата_из_стиха": ""}'
CP.P5.IV.22	b.PSA.73.16	1	думал, как бы уразуметь это	думал я, как бы уразуметь это	'{"score": 1, "цитата_из_романа": "думал, как бы уразуметь это", "цитата_из_стиха": "думал я, как бы уразуметь это"}'
CP.P5.IV.22	b.GEN.18.5	0			'{"score": 0, "цитата_из_романа": "", "цитата_из_стиха": ""}'
CP.P5.IV.22	b.SON.1.1	0			'{"score": 0, "цитата_из_романа": "", "цитата_из_стиха": ""}'
CP.P5.IV.22	b.ROM.14.8	2	жизнь или смерть	живем ли – для Господа живем; умираем ли – для Господа умираем	'{"score": 2, "цитата_из_романа": "жизнь или смерть", "цитата_из_стиха": "живем ли – для Господа живем; умираем ли – для Господа умираем"}'
CP.P5.IV.22	b.2CO.11.5	0			'{"score": 0, "цитата_из_романа": "", "цитата_из_стиха": ""}'
CP.P5.IV.22	b.ISA.1.5	0			'{"score": 0, "цитата_из_романа": "", "цитата_из_стиха": ""}'
CP.P5.IV.22	b.ISA.44.7	0			'{"score": 0, "цитата_из_романа": "", "цитата_из_стиха": ""}'
CP.P5.IV.22	b.RUT.1.13	0			'{"score": 0, "цитата_из_романа": "", "цитата_из_стиха": ""}'
CP.P5.IV.22	b.JOH.14.7	0			'{"score": 0, "цитата_из_романа": "", "цитата_из_стиха": ""}'
CP.P5.IV.22	b.1JO.3.12	0			'{"score": 0, "цитата_из_романа": "", "цитата_из_стиха": ""}'
CP.P5.IV.22	b.MAT.26.66	0			'{"score": 0, "цитата_из_романа": "", "цитата_из_стиха": ""}'
CP.P5.IV.22	b.1CO.4.9	0			'{"score": 0, "цитата_из_романа": "", "цитата_из_стиха": ""}'
CP.P5.IV.22	b.1CO.7.40	0			'{"score": 0, "цитата_из_романа": "", "цитата_из_стиха": ""}'
CP.P5.IV.22	b.LUK.15.10	0			'{"score": 0, "цитата_из_романа": "", "цитата_из_стиха": ""}'
CP.EP.II.26	b.DAN.5.8	0			'{"score": 0, "цитата_из_романа": "", "цитата_из_стиха": ""}'
CP.EP.II.26	b.GEN.21.27	0			'{"score": 0, "цитата_из_романа": "", "цитата_из_стиха": ""}'
CP.EP.II.26	b.MAR.6.19	0			'{"score": 0, "цитата_из_романа": "", "цитата_из_стиха": ""}'
CP.EP.II.26	b.ISA.44.18	0			'{"score": 0, "цитата_из_романа": "", "цитата_из_стиха": ""}'
CP.EP.II.26	b.DAN.5.15	0			'{"score": 0, "цитата_из_романа": "", "цитата_из_стиха": ""}'
CP.EP.II.26	b.JER.5.22	0			'{"score": 0, "цитата_из_романа": "", "цитата_из_стиха": ""}'
CP.EP.II.26	b.ACT.28.27	0			'{"score": 0, "цитата_из_романа": "", "цитата_из_стиха": ""}'
CP.EP.II.26	b.LEV.20.11	0			'{"score": 0, "цитата_из_романа": "", "цитата_из_стиха": ""}'
CP.EP.II.26	b.JER.46.5	0			'{"score": 0, "цитата_из_романа": "", "цитата_из_стиха": ""}'
CP.EP.II.26	b.JON.1.13	0			'{"score": 0, "цитата_из_романа": "", "цитата_из_стиха": ""}'
CP.EP.II.26	b.1SA.9.26	0			'{"score": 0, "цитата_из_романа": "", "цитата_из_стиха": ""}'
CP.EP.II.26	b.MAR.7.24	0			'{"score": 0, "цитата_из_романа": "", "цитата_из_стиха": ""}'
CP.EP.II.26	b.RUT.1.19	0			'{"score": 0, "цитата_из_романа": "", "цитата_из_стиха": ""}'
CP.EP.II.26	b.JDG.19.6	0			'{"score": 0, "цитата_из_романа": "", "цитата_из_стиха": ""}'
CP.EP.II.26	b.ISA.7.1	0			'{"score": 0, "цитата_из_романа": "", "цитата_из_стиха": ""}'
CP.EP.II.26	b.LEV.20.12	0			'{"score": 0, "цитата_из_романа": "", "цитата_из_стиха": ""}'
CP.EP.II.26	b.ZEP.1.18	0			'{"score": 0, "цитата_из_романа": "", "цитата_из_стиха": ""}'
CP.EP.II.26	b.ROM.11.20	0			'{"score": 0, "цитата_из_романа": "", "цитата_из_стиха": ""}'
CP.EP.II.26	b.NEH.7.61	0			'{"score": 0, "цитата_из_романа": "", "цитата_из_стиха": ""}'
CP.EP.II.26	b.JDG.1.19	0			'{"score": 0, "цитата_из_романа": "", "цитата_из_стиха": ""}'
CP.EP.II.26	b.1SA.14.11	0			'{"score": 0, "цитата_из_романа": "", "цитата_из_стиха": ""}'
CP.EP.II.26	b.SON.5.6	0			'{"score": 0, "цитата_из_романа": "", "цитата_из_стиха": ""}'
CP.EP.II.26	b.PSA.21.11	0			'{"score": 0, "цитата_из_романа": "", "цитата_из_стиха": ""}'
CP.EP.II.26	b.MAR.9.34	0			'{"score": 0, "цитата_из_романа": "", "цитата_из_стиха": ""}'
CP.EP.II.26	b.JDG.19.8	0			'{"score": 0, "цитата_из_романа": "", "цитата_из_стиха": ""}'
CP.EP.II.26	b.PRO.29.13	0			'{"score": 0, "цитата_из_романа": "", "цитата_из_стиха": ""}'
CP.EP.II.26	b.1SA.25.43	0			'{"score": 0, "цитата_из_романа": "", "цитата_из_стиха": ""}'
CP.EP.II.26	b.ZEC.1.21	0			'{"score": 0, "цитата_из_романа": "", "цитата_из_стиха": ""}'
CP.EP.II.26	b.JDG.21.18	0			'{"score": 0, "цитата_из_романа": "", "цитата_из_стиха": ""}'
CP.EP.II.26	b.JOH.16.12	1	не могли	не можете вместить	'{"score": 1, "цитата_из_романа": "не могли", "цитата_из_стиха": "не можете вместить"}'
CP.EP.II.26	b.JOS.15.63	0			'{"score": 0, "цитата_из_романа": "", "цитата_из_стиха": ""}'
CP.EP.II.26	b.ROM.8.8	0			'{"score": 0, "цитата_из_романа": "", "цитата_из_стиха": ""}'
CP.EP.II.26	b.DAN.11.27	0			'{"score": 0, "цитата_из_романа": "", "цитата_из_стиха": ""}'
CP.EP.II.26	b.ISA.13.8	0			'{"score": 0, "цитата_из_романа": "", "цитата_из_стиха": ""}'
CP.EP.II.26	b.MAR.9.10	1	воскресения в новую жизнь	воскреснуть из мертвых	'{"score": 1, "цитата_из_романа": "воскресения в новую жизнь", "цитата_из_стиха": "воскреснуть из мертвых"}'
CP.EP.II.26	b.JOB.13.3	0			'{"score": 0, "цитата_из_романа": "", "цитата_из_стиха": ""}'
CP.EP.II.26	b.EZE.21.19	0			'{"score": 0, "цитата_из_романа": "", "цитата_из_стиха": ""}'
CP.EP.II.26	b.LUK.8.36	0			'{"score": 0, "цитата_из_романа": "", "цитата_из_стиха": ""}'
CP.EP.II.26	b.REV.10.4	0			'{"score": 0, "цитата_из_романа": "", "цитата_из_стиха": ""}'
CP.EP.II.26	b.NAH.2.10	0			'{"score": 0, "цитата_из_романа": "", "цитата_из_стиха": ""}'
CP.EP.II.26	b.MAT.13.15	0			'{"score": 0, "цитата_из_романа": "", "цитата_из_стиха": ""}'
CP.EP.II.26	b.EXO.8.18	0			'{"score": 0, "цитата_из_романа": "", "цитата_из_стиха": ""}'
CP.EP.II.26	b.LUK.1.6	0			'{"score": 0, "цитата_из_романа": "", "цитата_из_стиха": ""}'
CP.EP.II.26	b.JOB.29.24	0			'{"score": 0, "цитата_из_романа": "", "цитата_из_стиха": ""}'
CP.EP.II.26	b.LUK.19.3	0			'{"score": 0, "цитата_из_романа": "", "цитата_из_стиха": ""}'
CP.EP.II.26	b.MAT.12.22	0			'{"score": 0, "цитата_из_романа": "", "цитата_из_стиха": ""}'
CP.EP.II.26	b.GEN.21.31	0			'{"score": 0, "цитата_из_романа": "", "цитата_из_стиха": ""}'
CP.EP.II.26	b.EZE.46.18	0			'{"score": 0, "цитата_из_романа": "", "цитата_из_стиха": ""}'
CP.EP.II.26	b.HOS.5.13	0			'{"score": 0, "цитата_из_романа": "", "цитата_из_стиха": ""}'
CP.EP.II.26	b.GEN.45.3	1	не могли	не могли отвечать ему	'{"score": 1, "цитата_из_романа": "не могли", "цитата_из_стиха": "не могли отвечать ему"}'
CP.EP.II.26	b.1SA.2.34	0			'{"score": 0, "цитата_из_романа": "", "цитата_из_стиха": ""}'
CP.EP.II.26	b.2PE.2.14	0			'{"score": 0, "цитата_из_романа": "", "цитата_из_стиха": ""}'
CP.EP.II.26	b.2KI.2.7	0			'{"score": 0, "цитата_из_романа": "", "цитата_из_стиха": ""}'
CP.EP.II.26	b.MAR.3.5	0			'{"score": 0, "цитата_из_романа": "", "цитата_из_стиха": ""}'
CP.EP.II.26	b.1SA.21.13	0			'{"score": 0, "цитата_из_романа": "", "цитата_из_стиха": ""}'
CP.EP.II.26	b.GEN.19.19	0			'{"score": 0, "цитата_из_романа": "", "цитата_из_стиха": ""}'
CP.EP.II.26	b.NUM.12.5	0			'{"score": 0, "цитата_из_романа": "", "цитата_из_стиха": ""}'
CP.EP.II.26	b.1TH.2.17	1	без	быв	'{"score": 1, "цитата_из_романа": "без", "цитата_из_стиха": "быв"}'
CP.EP.II.26	b.GEN.41.21	0			'{"score": 0, "цитата_из_романа": "", "цитата_из_стиха": ""}'
CP.EP.II.26	b.DAN.6.4	0			'{"score": 0, "цитата_из_романа": "", "цитата_из_стиха": ""}'
CP.EP.II.26	b.LEV.20.13	0			'{"score": 0, "цитата_из_романа": "", "цитата_из_стиха": ""}'
CP.EP.II.26	b.PSA.83.17	0			'{"score": 0, "цитата_из_романа": "", "цитата_из_стиха": ""}'
CP.P5.I.6	b.DEU.29.19	0			'{"score": 0, "цитата_из_романа": "", "цитата_из_стиха": ""}'
CP.P5.I.6	b.NUM.20.19	0			'{"score": 0, "цитата_из_романа": "", "цитата_из_стиха": ""}'
CP.P5.I.6	b.2KI.17.33	0			'{"score": 0, "цитата_из_романа": "", "цитата_из_стиха": ""}'
CP.P5.I.6	b.EZE.44.19	0			'{"score": 0, "цитата_из_романа": "", "цитата_из_стиха": ""}'
CP.P5.I.6	b.EZE.44.11	0			'{"score": 0, "цитата_из_романа": "", "цитата_из_стиха": ""}'
CP.P5.I.6	b.ROM.8.18	0			'{"score": 0, "цитата_из_романа": "", "цитата_из_стиха": ""}'
CP.P5.I.6	b.JER.28.14	0			'{"score": 0, "цитата_из_романа": "", "цитата_из_стиха": ""}'
CP.P5.I.6	b.ACT.21.3	0			'{"score": 0, "цитата_из_романа": "", "цитата_из_стиха": ""}'
CP.P5.I.6	b.NEH.9.35	0			'{"score": 0, "цитата_из_романа": "", "цитата_из_стиха": ""}'
CP.P5.I.6	b.DEU.12.2	0			'{"score": 0, "цитата_из_романа": "", "цитата_из_стиха": ""}'
CP.P5.I.6	b.HEB.3.3	0			'{"score": 0, "цитата_из_романа": "", "цитата_из_стиха": ""}'
CP.P5.I.6	b.EZE.27.22	0			'{"score": 0, "цитата_из_романа": "", "цитата_из_стиха": ""}'
CP.P5.I.6	b.2CH.33.16	0			'{"score": 0, "цитата_из_романа": "", "цитата_из_стиха": ""}'
CP.P5.I.6	b.GAL.1.5	0			'{"score": 0, "цитата_из_романа": "", "цитата_из_стиха": ""}'
CP.P5.I.6	b.OBA.1.11	0			'{"score": 0, "цитата_из_романа": "", "цитата_из_стиха": ""}'
CP.P5.I.6	b.1KI.10.5	0			'{"score": 0, "цитата_из_романа": "", "цитата_из_стиха": ""}'
CP.P5.I.6	b.REV.9.7	0			'{"score": 0, "цитата_из_романа": "", "цитата_из_стиха": ""}'
CP.P5.I.6	b.PRO.3.35	0			'{"score": 0, "цитата_из_романа": "", "цитата_из_стиха": ""}'
CP.P5.I.6	b.LAM.1.1	0			'{"score": 0, "цитата_из_романа": "", "цитата_из_стиха": ""}'
CP.P5.I.6	b.PRO.17.7	2	самоуверенная речь	важная речь	'{"score": 2, "цитата_из_романа": "самоуверенная речь", "цитата_из_стиха": "важная речь"}'
CP.P5.I.6	b.JER.2.34	0			'{"score": 0, "цитата_из_романа": "", "цитата_из_стиха": ""}'
CP.P5.I.6	b.1CH.16.37	0			'{"score": 0, "цитата_из_романа": "", "цитата_из_стиха": ""}'
CP.P5.I.6	b.ACT.13.2	0			'{"score": 0, "цитата_из_романа": "", "цитата_из_стиха": ""}'
CP.P5.I.6	b.JOB.12.12	0			'{"score": 0, "цитата_из_романа": "", "цитата_из_стиха": ""}'
CP.P5.I.6	b.2CO.12.15	0			'{"score": 0, "цитата_из_романа": "", "цитата_из_стиха": ""}'
CP.P5.I.6	b.PRO.31.29	0			'{"score": 0, "цитата_из_романа": "", "цитата_из_стиха": ""}'
CP.P5.I.6	b.LUK.12.7	0			'{"score": 0, "цитата_из_романа": "", "цитата_из_стиха": ""}'
CP.P5.I.6	b.NUM.26.43	0			'{"score": 0, "цитата_из_романа": "", "цитата_из_стиха": ""}'
CP.P5.I.6	b.JOH.12.6	0			'{"score": 0, "цитата_из_романа": "", "цитата_из_стиха": ""}'
CP.P5.I.6	b.2CO.12.11	1	гордился	хвалясь	'{"score": 1, "цитата_из_романа": "гордился", "цитата_из_стиха": "хвалясь"}'
CP.P5.I.6	b.GEN.20.10	0			'{"score": 0, "цитата_из_романа": "", "цитата_из_стиха": ""}'
CP.P5.I.6	b.PRO.14.24	2	глуповат	глупость и есть	'{"score": 2, "цитата_из_романа": "глуповат", "цитата_из_стиха": "глупость и есть"}'
CP.P5.I.6	b.1KI.7.17	0			'{"score": 0, "цитата_из_романа": "", "цитата_из_стиха": ""}'
CP.P5.I.6	b.EZE.44.12	0			'{"score": 0, "цитата_из_романа": "", "цитата_из_стиха": ""}'
CP.P5.I.6	b.JOB.22.18	0			'{"score": 0, "цитата_из_романа": "", "цитата_из_стиха": ""}'
CP.P5.I.6	b.ISA.47.9	0			'{"score": 0, "цитата_из_романа": "", "цитата_из_стиха": ""}'
CP.P5.I.6	b.2CO.11.21	1	смею и я	смею и я	'{"score": 1, "цитата_из_романа": "смею и я", "цитата_из_стиха": "смею и я"}'
CP.P5.I.6	b.1CO.3.18	0			'{"score": 0, "цитата_из_романа": "", "цитата_из_стиха": ""}'
CP.P5.I.6	b.PRO.31.25	0			'{"score": 0, "цитата_из_романа": "", "цитата_из_стиха": ""}'
CP.P5.I.6	b.1PE.5.11	0			'{"score": 0, "цитата_из_романа": "", "цитата_из_стиха": ""}'
CP.P5.I.6	b.JOB.12.3	0			'{"score": 0, "цитата_из_романа": "", "цитата_из_стиха": ""}'
CP.P5.I.6	b.PSA.102.18	0			'{"score": 0, "цитата_из_романа": "", "цитата_из_стиха": ""}'
CP.P5.I.6	b.2CO.8.8	0			'{"score": 0, "цитата_из_романа": "", "цитата_из_стиха": ""}'
CP.P5.I.6	b.PSA.23.5	0			'{"score": 0, "цитата_из_романа": "", "цитата_из_стиха": ""}'
CP.P5.I.6	b.PRO.24.34	0			'{"score": 0, "цитата_из_романа": "", "цитата_из_стиха": ""}'
CP.P5.I.6	b.MAT.15.11	0			'{"score": 0, "цитата_из_романа": "", "цитата_из_стиха": ""}'
CP.P5.I.6	b.NUM.3.6	0			'{"score": 0, "цитата_из_романа": "", "цитата_из_стиха": ""}'
CP.P5.I.6	b.1CO.9.22	0			'{"score": 0, "цитата_из_романа": "", "цитата_из_стиха": ""}'
CP.P5.I.6	b.JDG.1.30	0			'{"score": 0, "цитата_из_романа": "", "цитата_из_стиха": ""}'
CP.P5.I.6	b.1CH.6.32	0			'{"score": 0, "цитата_из_романа": "", "цитата_из_стиха": ""}'
CP.P5.I.6	b.2TI.4.14	0			'{"score": 0, "цитата_из_романа": "", "цитата_из_стиха": ""}'
CP.P5.I.6	b.PSA.59.15	0			'{"score": 0, "цитата_из_романа": "", "цитата_из_стиха": ""}'
CP.P1.V.62	b.GEN.24.21	1	осмотрелся кругом, как бы дивясь	смотрел на нее с изумлением	'{"score": 1, "цитата_из_романа": "осмотрелся кругом, как бы дивясь", "цитата_из_стиха": "смотрел на нее с изумлением"}'
CP.P1.V.62	b.ACT.8.27	0			'{"score": 0, "цитата_из_романа": "", "цитата_из_стиха": ""}'
CP.P1.V.62	b.GEN.24.10	0			'{"score": 0, "цитата_из_романа": "", "цитата_из_стиха": ""}'
CP.P1.V.62	b.MAT.22.19	0			'{"score": 0, "цитата_из_романа": "", "цитата_из_стиха": ""}'
CP.P1.V.62	b.ISA.21.2	0			'{"score": 0, "цитата_из_романа": "", "цитата_из_стиха": ""}'
CP.P1.V.62	b.EXO.33.18	2	покажи мне путь мой	покажи мне славу Твою	'{"score": 2, "цитата_из_романа": "покажи мне путь мой", "цитата_из_стиха": "покажи мне славу Твою"}'
CP.P1.V.62	b.2KI.13.21	0			'{"score": 0, "цитата_из_романа": "", "цитата_из_стиха": ""}'
CP.P1.V.62	b.NUM.22.22	0			'{"score": 0, "цитата_из_романа": "", "цитата_из_стиха": ""}'
CP.P1.V.62	b.LAM.1.16	0			'{"score": 0, "цитата_из_романа": "", "цитата_из_стиха": ""}'
CP.P1.V.62	b.ROM.11.20	0			'{"score": 0, "цитата_из_романа": "", "цитата_из_стиха": ""}'
CP.P1.V.62	b.MAT.2.14	0			'{"score": 0, "цитата_из_романа": "", "цитата_из_стиха": ""}'
CP.P1.V.62	b.LUK.5.25	2	встал, взял, пошел	встал, взял, пошел	'{"score": 2, "цитата_из_романа": "встал, взял, пошел", "цитата_из_стиха": "встал, взял, пошел"}'
CP.P1.V.62	b.REV.22.1	0			'{"score": 0, "цитата_из_романа": "", "цитата_из_стиха": ""}'
CP.P1.V.62	b.1KI.19.3	0			'{"score": 0, "цитата_из_романа": "", "цитата_из_стиха": ""}'
CP.P1.V.62	b.TIT.1.16	0			'{"score": 0, "цитата_из_романа": "", "цитата_из_стиха": ""}'
CP.P1.V.62	b.JOB.4.16	0			'{"score": 0, "цитата_из_романа": "", "цитата_из_стиха": ""}'
CP.P1.V.62	b.DAN.11.19	0			'{"score": 0, "цитата_из_романа": "", "цитата_из_стиха": ""}'
CP.P1.V.62	b.2KI.4.30	1	встал, пошел	встал, пошел	'{"score": 1, "цитата_из_романа": "встал, пошел", "цитата_из_стиха": "встал, пошел"}'
CP.P1.V.62	b.JOB.13.23	2	покажи мне путь мой	покажи мне беззаконие мое и грех мой	'{"score": 2, "цитата_из_романа": "покажи мне путь мой", "цитата_из_стиха": "покажи мне беззаконие мое и грех мой"}'
CP.P1.V.62	b.GEN.5.24	0			'{"score": 0, "цитата_из_романа": "", "цитата_из_стиха": ""}'
CP.P1.V.62	b.JOH.4.52	0			'{"score": 0, "цитата_из_романа": "", "цитата_из_стиха": ""}'
CP.P1.V.62	b.ACT.12.10	0			'{"score": 0, "цитата_из_романа": "", "цитата_из_стиха": ""}'
CP.P1.V.62	b.REV.21.10	0			'{"score": 0, "цитата_из_романа": "", "цитата_из_стиха": ""}'
CP.P1.V.62	b.LUK.18.13	2	Господи!	Боже!	'{"score": 2, "цитата_из_романа": "Господи!", "цитата_из_стиха": "Боже!"}'
CP.P1.V.62	b.EZE.16.6	0			'{"score": 0, "цитата_из_романа": "", "цитата_из_стиха": ""}'
CP.P1.V.62	b.1KI.17.10	0			'{"score": 0, "цитата_из_романа": "", "цитата_из_стиха": ""}'
CP.P1.V.62	b.JAM.2.18	0			'{"score": 0, "цитата_из_романа": "", "цитата_из_стиха": ""}'
CP.P1.V.62	b.GEN.19.2	0			'{"score": 0, "цитата_из_романа": "", "цитата_из_стиха": ""}'
CP.P1.V.62	b.ZEC.3.1	0			'{"score": 0, "цитата_из_романа": "", "цитата_из_стиха": ""}'
CP.P1.V.62	b.ACT.7.60	1	Господи!	Господи!	'{"score": 1, "цитата_из_романа": "Господи!", "цитата_из_стиха": "Господи!"}'
CP.P1.V.62	b.LAM.1.9	1	Господи!	Воззри, Господи, на бедствие мое	'{"score": 1, "цитата_из_романа": "Господи!", "цитата_из_стиха": "Воззри, Господи, на бедствие мое"}'
CP.P1.V.62	b.EZE.3.14	2	покажи мне путь мой	покажи мне...	'{"score": 2, "цитата_из_романа": "покажи мне путь мой", "цитата_из_стиха": "покажи мне..."}'
CP.P1.V.62	b.ACT.14.20	1	встал, пошел	встал и пошел	'{"score": 1, "цитата_из_романа": "встал, пошел", "цитата_из_стиха": "встал и пошел"}'
CP.P1.V.62	b.LUK.20.24	0			'{"score": 0, "цитата_из_романа": "", "цитата_из_стиха": ""}'
CP.P1.V.62	b.EZE.11.24	0			'{"score": 0, "цитата_из_романа": "", "цитата_из_стиха": ""}'
CP.P1.V.62	b.1CO.12.31	2	покажи мне путь мой	покажу вам путь еще превосходнейший	'{"score": 2, "цитата_из_романа": "покажи мне путь мой", "цитата_из_стиха": "покажу вам путь еще превосходнейший"}'
CP.P1.V.62	b.1KI.22.3	0			'{"score": 0, "цитата_из_романа": "", "цитата_из_стиха": ""}'
CP.P1.V.62	b.JDG.19.5	1	встал, встали	встал, встал	'{"score": 1, "цитата_из_романа": "встал, встали", "цитата_из_стиха": "встал, встал"}'
CP.P1.V.62	b.ZEC.1.20	0			'{"score": 0, "цитата_из_романа": "", "цитата_из_стиха": ""}'
CP.P1.V.62	b.JOB.30.11	2	сбросил с себя	сбросили с себя узду	'{"score": 2, "цитата_из_романа": "сбросил с себя", "цитата_из_стиха": "сбросили с себя узду"}'
CP.P1.V.62	b.RUT.4.1	0			'{"score": 0, "цитата_из_романа": "", "цитата_из_стиха": ""}'
CP.P1.V.62	b.2KI.8.21	0			'{"score": 0, "цитата_из_романа": "", "цитата_из_стиха": ""}'
CP.P1.V.62	b.DAN.11.1	0			'{"score": 0, "цитата_из_романа": "", "цитата_из_стиха": ""}'
CP.P1.V.62	b.JOB.42.6	2	отрекаюсь	отрекаюсь	'{"score": 2, "цитата_из_романа": "отрекаюсь", "цитата_из_стиха": "отрекаюсь"}'
CP.P1.V.62	b.MAR.10.50	2	сбросил с себя	сбросил с себя	'{"score": 2, "цитата_из_романа": "сбросил с себя", "цитата_из_стиха": "сбросил с себя"}'
CP.P1.V.62	b.ACT.9.18	2	отрекаюсь от этой проклятой... мечты моей	и вдруг он прозрел	'{"score": 2, "цитата_из_романа": "отрекаюсь от этой проклятой... мечты моей", "цитата_из_стиха": "и вдруг он прозрел"}'
CP.P1.V.62	b.LAM.1.20	2	Господи!	Воззри, Господи,	'{"score": 2, "цитата_из_романа": "Господи!", "цитата_из_стиха": "Воззри, Господи,"}'
CP.P1.V.62	b.DAN.5.6	1	осмотрелся кругом, как бы дивясь и тому, что зашел сюда	мысли его смутили его	'{"score": 1, "цитата_из_романа": "осмотрелся кругом, как бы дивясь и тому, что зашел сюда", "цитата_из_стиха": "мысли его смутили его"}'
CP.P1.V.62	b.HAB.3.16	2	вдруг стало дышать как бы легче	при вести о сем задрожали губы мои	'{"score": 2, "цитата_из_романа": "вдруг стало дышать как бы легче", "цитата_из_стиха": "при вести о сем задрожали губы мои"}'
CP.P1.V.62	b.JOH.9.15	0			'{"score": 0, "цитата_из_романа": "", "цитата_из_стиха": ""}'
CP.P1.V.62	b.2CH.34.27	2	отрекаюсь	смирился	'{"score": 2, "цитата_из_романа": "отрекаюсь", "цитата_из_стиха": "смирился"}'
CP.P1.V.62	b.ISA.57.17	2	путь своего сердца	пошел по пути своего сердца	'{"score": 2, "цитата_из_романа": "путь своего сердца", "цитата_из_стиха": "пошел по пути своего сердца"}'
CP.P1.V.62	b.MAT.9.7	1	встал	встал	'{"score": 1, "цитата_из_романа": "встал", "цитата_из_стиха": "встал"}'
CP.P1.V.62	b.2KI.1.15	1	пойти, путь	пойди, путь	'{"score": 1, "цитата_из_романа": "пойти, путь", "цитата_из_стиха": "пойди, путь"}'
CP.P1.V.62	b.JER.24.1	0			'{"score": 0, "цитата_из_романа": "", "цитата_из_стиха": ""}'
CP.P1.V.62	b.PRO.22.8	0			'{"score": 0, "цитата_из_романа": "", "цитата_из_стиха": ""}'
CP.P1.V.62	b.DAN.8.17	1	покажи мне путь мой	знай, сын человеческий, что видение относится к концу времени	'{"score": 1, "цитата_из_романа": "покажи мне путь мой", "цитата_из_стиха": "знай, сын человеческий, что видение относится к концу времени"}'
CP.P1.V.62	b.2SA.15.9	1	встал, пошел	встал, пошел	'{"score": 1, "цитата_из_романа": "встал, пошел", "цитата_из_стиха": "встал, пошел"}'
CP.P1.V.62	b.REV.4.1	0			'{"score": 0, "цитата_из_романа": "", "цитата_из_стиха": ""}'
CP.P1.V.62	b.PRO.9.2	0			'{"score": 0, "цитата_из_романа": "", "цитата_из_стиха": ""}'
CP.P1.III.39	b.DEU.29.19				'{"score": 2, "цитата_из_романа": " "ты один у нас, у меня и у Дуни, ты наше все, вся надежда, упование наше", "цитата_из_стиха": " „я буду счастлив, несмотря на то, что буду ходить по произволу сердца'
CP.P1.III.39	b.2SA.11.2	0			'{"score": 0, "цитата_из_романа": "", "цитата_из_стиха": ""}'
CP.P1.III.39	b.JON.4.2	2	молилась пред образом	молился он Господу и сказал: о, Господи!	'{"score": 2, "цитата_из_романа": "молилась пред образом", "цитата_из_стиха": "молился он Господу и сказал: о, Господи!"}'
CP.P1.III.39	b.JOS.14.10	2	уже сорок пять лет	уже сорок пять лет прошло	'{"score": 2, "цитата_из_романа": "уже сорок пять лет", "цитата_из_стиха": "уже сорок пять лет прошло"}'
CP.P1.III.39	b.RUT.2.13	2	ты один у нас, у меня и у Дуни, ты наше все, вся надежда, упование наше	тыутешил меня и говорил по сердцу рабы твоей	'{"score": 2, "цитата_из_романа": "ты один у нас, у меня и у Дуни, ты наше все, вся надежда, упование наше", "цитата_из_стиха": "тыутешил меня и говорил по сердцу рабы твоей"}'
CP.P1.III.39	b.GEN.12.19	2	взял было еесебе в жену	взял было еесебе в жену	'{"score": 2, "цитата_из_романа": "взял было еесебе в жену", "цитата_из_стиха": "взял было еесебе в жену"}'
CP.P1.III.39	b.DAN.2.9	2	что ты уже несколько месяцев оставил университет, за неимением чем содержать себя	так как вы не объявляете мне сновидения, то у вас один умысел	'{"score": 2, "цитата_из_романа": "что ты уже несколько месяцев оставил университет, за неимением чем содержать себя", "цитата_из_стиха": "так как вы не объявляете мне сновидения, то у вас один умысел"'
CP.P1.III.39	b.ISA.63.18	2	враги наши	враги наши	'{"score": 2, "цитата_из_романа": "враги наши", "цитата_из_стиха": "враги наши"}'
CP.P1.III.39	b.EZE.17.18	2	делал ей разные неучтивости и насмешки	чтобы нарушить союз, и вот, дал руку свою и сделал все это	'{"score": 2, "цитата_из_романа": "делал ей разные неучтивости и насмешки", "цитата_из_стиха": "чтобы нарушить союз, и вот, дал руку свою и сделал все это"}'
CP.P1.III.39	b.DAN.7.28	2	сердце моем	сердце моем	'{"score": 2, "цитата_из_романа": "сердце моем", "цитата_из_стиха": "сердце моем"}'
CP.P1.III.39	b.JOH.21.16	2	люблю тебя	любишь ли ты Меня	'{"score": 2, "цитата_из_романа": "люблю тебя", "цитата_из_стиха": "любишь ли ты Меня"}'
CP.P1.III.39	b.MAT.10.28	2	беспокоиться тут нечего	не бойтесь убивающих тело, души же не могущих убить	'{"score": 2, "цитата_из_романа": "беспокоиться тут нечего", "цитата_из_стиха": "не бойтесь убивающих тело, души же не могущих убить"}'
CP.P1.III.39	b.EXO.13.8	2	объяви в день тот сыну твоему	объяви в день тот сыну твоему	'{"score": 2, "цитата_из_романа": "объяви в день тот сыну твоему", "цитата_из_стиха": "объяви в день тот сыну твоему"}'
CP.P1.III.39	b.GEN.31.41	2	десять раз	десять раз переменял	'{"score": 2, "цитата_из_романа": "десять раз", "цитата_из_стиха": "десять раз переменял"}'
CP.P1.III.39	b.ROM.8.27	2	ходатайствует за святых	ходатайствует за святых	'{"score": 2, "цитата_из_романа": "ходатайствует за святых", "цитата_из_стиха": "ходатайствует за святых"}'
CP.P1.III.39	b.LEV.5.4	0			'{"score": 0, "цитата_из_романа": "", "цитата_из_стиха": ""}'
CP.P1.III.39	b.EZE.47.5	0			'{"score": 0, "цитата_из_романа": "", "цитата_из_стиха": ""}'
CP.P1.III.39	b.JOH.3.19	2	возлюбили тьму, нежели свет	возлюбили тьму, нежели свет	'{"score": 2, "цитата_из_романа": "возлюбили тьму, нежели свет", "цитата_из_стиха": "возлюбили тьму, нежели свет"}'
CP.P1.III.39	b.1CO.6.7	2	обиженными	обиженными	'{"score": 2, "цитата_из_романа": "обиженными", "цитата_из_стиха": "обиженными"}'
CP.P1.III.39	b.DAN.5.16	2	что ты уже несколько месяцев оставил университет, за неимением чем содержать себя	что ты можешь объяснять значение и разрешать узлы	'{"score": 2, "цитата_из_романа": "что ты уже несколько месяцев оставил университет, за неимением чем содержать себя", "цитата_из_стиха": "что ты можешь объяснять значение и разрешать узлы"}'
CP.P1.III.39	b.NEH.9.17	2	возвратиться в рабство свое	возвратиться в рабство свое	'{"score": 2, "цитата_из_романа": "возвратиться в рабство свое", "цитата_из_стиха": "возвратиться в рабство свое"}'
CP.P1.III.39	b.ZEC.1.21	0			'{"score": 0, "цитата_из_романа": "", "цитата_из_стиха": ""}'
CP.P1.III.39	b.ACT.5.34	2	восстановила ее невинность и благородство ее чувств и поведения	приказал вывести Апостолов на короткое время	'{"score": 2, "цитата_из_романа": "восстановила ее невинность и благородство ее чувств и поведения", "цитата_из_стиха": "приказал вывести Апостолов на короткое время"}'
CP.P1.III.39	b.2KI.7.2	0			'{"score": 0, "цитата_из_романа": "", "цитата_из_стиха": ""}'
CP.P1.III.39	b.RUT.4.4	2	что она решилась	я решился довести до ушей твоих и сказать: купи присидящих здесь и при старейшинах народа моего; если хочешь выкупить, выкупай; а если нехочешь выкупить, скажи мне, и я буду знать; ибо кроме тебя некому выкупить; а по тебе я. Тот сказал: я выкупаю.	'{"score": 2, "цитата_из_романа": "что она решилась", "цитата_из_стиха": "я решился довести до ушей твоих и сказать: купи присидящих здесь и при старейшинах народа моего; если хочешь выкупить, выкупай;'
CP.P1.III.39	b.2KI.7.19	0			'{"score": 0, "цитата_из_романа": "", "цитата_из_стиха": ""}'
CP.P1.III.39	b.2KI.4.35	0			'{"score": 0, "цитата_из_романа": "", "цитата_из_стиха": ""}'
CP.P1.III.39	b.1KI.20.9	0			'{"score": 0, "цитата_из_романа": "", "цитата_из_стиха": ""}'
CP.P1.III.39	b.ISA.64.5	2	ты один у нас, у меня и у Дуни	поминающего Тебя на путях Твоих	'{"score": 2, "цитата_из_романа": "ты один у нас, у меня и у Дуни", "цитата_из_стиха": "поминающего Тебя на путях Твоих"}'
CP.P1.III.39	b.JER.2.34	2	девушка твердая, благоразумная, терпеливая и великодушная	невинных	'{"score": 2, "цитата_из_романа": "девушка твердая, благоразумная, терпеливая и великодушная", "цитата_из_стиха": "невинных"}'
CP.P1.III.39	b.DAN.7.19	0	ничего общего	ничего общего	'{"score": 0, "цитата_из_романа": "ничего общего", "цитата_из_стиха": "ничего общего"}'
CP.P1.III.39	b.2CO.12.15	2	истощать себя	истощать себя	'{"score": 2, "цитата_из_романа": "истощать себя", "цитата_из_стиха": "истощать себя"}'
CP.P1.III.39	b.RUT.1.12	2	сестра твоя вот уже полтора месяца как живет со мною	дочери мои, пойдите	'{"score": 2, "цитата_из_романа": "сестра твоя вот уже полтора месяца как живет со мною", "цитата_из_стиха": "дочери мои, пойдите"}'
CP.P1.III.39	b.2TI.2.7	2	Господь	Господь	'{"score": 2, "цитата_из_романа": "Господь", "цитата_из_стиха": "Господь"}'
CP.P1.III.39	b.RUT.2.11	2	оставила твоего отца и твою мать и твою родину	оставила твоего отца и твою мать и твою родину	'{"score": 2, "цитата_из_романа": "оставила твоего отца и твою мать и твою родину", "цитата_из_стиха": "оставила твоего отца и твою мать и твою родину"}'
CP.P1.III.39	b.1SA.10.16	2	что слышал от кого-то	что сказал ему Самуил	'{"score": 2, "цитата_из_романа": "что слышал от кого-то", "цитата_из_стиха": "что сказал ему Самуил"}'
CP.P1.III.39	b.REV.2.2	2	не могла сносить	не можешь сносить	'{"score": 2, "цитата_из_романа": "не могла сносить", "цитата_из_стиха": "не можешь сносить"}'
CP.P1.III.39	b.EZR.10.19	0			'{"score": 0, "цитата_из_романа": "", "цитата_из_стиха": ""}'
CP.P1.III.39	b.ROM.1.13	2	чтобы иметь некий плод и у вас	чтобы иметь некий плод и у вас	'{"score": 2, "цитата_из_романа": "чтобы иметь некий плод и у вас", "цитата_из_стиха": "чтобы иметь некий плод и у вас"}'
CP.P1.III.39	b.1PE.4.2	2	жить уже не по человеческим похотям	жить уже не по человеческим похотям, но по воле Божией	'{"score": 2, "цитата_из_романа": "жить уже не по человеческим похотям", "цитата_из_стиха": "жить уже не по человеческим похотям, но по воле Божией"}'
CP.P1.III.39	b.2JO.1.6	2	поступали по ней	чтобы поступали по ней	'{"score": 2, "цитата_из_романа": "поступали по ней", "цитата_из_стиха": "чтобы поступали по ней"}'
CP.P1.III.39	b.ISA.57.10	3	вот уже полтора месяца как живет со мною	От долгого пути твоего утомлялась	'{"score": 3, "цитата_из_романа": "вот уже полтора месяца как живет со мною", "цитата_из_стиха": "От долгого пути твоего утомлялась"}'
CP.P1.III.39	b.1CO.16.12	0			'{"score": 0, "цитата_из_романа": "", "цитата_из_стиха": ""}'
CP.P1.III.39	b.1CO.13.2	2	люблю тебя	любви	'{"score": 2, "цитата_из_романа": "люблю тебя", "цитата_из_стиха": "любви"}'
CP.P1.III.39	b.ISA.47.9	2	вот уже полтора месяца как живет со мною	в один день, придет к тебе	'{"score": 2, "цитата_из_романа": "вот уже полтора месяца как живет со мною", "цитата_из_стиха": "в один день, придет к тебе"}'
CP.P1.III.39	b.GAL.4.15				'{"score": 2, "цитата_из_романа": " "ты один у нас, у меня и у Дуни, ты наше все, вся надежда, упование наше", "цитата_из_стиха": " "вы исторгли бы очи свои и отдали мне"}'
CP.P1.III.39	b.EZE.23.31	2	сестры твоей	сестры твоей	'{"score": 2, "цитата_из_романа": "сестры твоей", "цитата_из_стиха": "сестры твоей"}'
CP.P1.III.39	b.JOH.21.17	2	любишь ли	любишь ли	'{"score": 2, "цитата_из_романа": "любишь ли", "цитата_из_стиха": "любишь ли"}'
CP.P1.III.39	b.EXO.5.14	2	вчера и сегодня	вчера и сегодня	'{"score": 2, "цитата_из_романа": "вчера и сегодня", "цитата_из_стиха": "вчера и сегодня"}'
CP.P1.III.39	b.LUK.22.46	2	вставать и молиться	встаньте и молитесь	'{"score": 2, "цитата_из_романа": "вставать и молиться", "цитата_из_стиха": "встаньте и молитесь"}'
CP.P1.III.39	b.LEV.5.3	2	оскверняются	оскверняются	'{"score": 2, "цитата_из_романа": "оскверняются", "цитата_из_стиха": "оскверняются"}'
CP.P1.III.39	b.MAR.14.38	2	молитесь	молитесь	'{"score": 2, "цитата_из_романа": "молитесь", "цитата_из_стиха": "молитесь"}'
CP.P1.III.39	b.DEU.15.2	2	долг	долг	'{"score": 2, "цитата_из_романа": "долг", "цитата_из_стиха": "долг"}'
CP.P1.III.39	b.JOS.10.20	0			'{"score": 0, "цитата_из_романа": "", "цитата_из_стиха": ""}'
CP.P1.III.39	b.EZE.13.11	2	сбросили все ее вещи, белье, платья	вы, каменные градины, падете	'{"score": 2, "цитата_из_романа": "сбросили все ее вещи, белье, платья", "цитата_из_стиха": "вы, каменные градины, падете"}'
CP.P1.III.39	b.2CO.11.21	2	хвалиться чем-либо	хвалиться чем-либо	'{"score": 2, "цитата_из_романа": "хвалиться чем-либо", "цитата_из_стиха": "хвалиться чем-либо"}'
CP.P1.III.39	b.NEH.6.19	2	чтоб отклонить личные объяснения и тайные свидания, на которых он настаивал, и которое, по отъезде Дунечки, осталось в руках господина Свидригайлова.	чтоб устрашить меня.	'{"score": 2, "цитата_из_романа": "чтоб отклонить личные объяснения и тайные свидания, на которых он настаивал, и которое, по отъезде Дунечки, осталось в руках господина Свидригайлова.", "цитата_из_сти'
CP.P1.III.39	b.DEU.22.28	2	застанут их	застанут их	'{"score": 2, "цитата_из_романа": "застанут их", "цитата_из_стиха": "застанут их"}'
CP.P1.III.39	b.PRO.28.3	2	подумай теперь, что могла я тебе написать в письме, в ответ на твое, полученное мною два месяца назад, и о чем писать?	что проливной дождь, смывающий хлеб	'{"score": 2, "цитата_из_романа": "подумай теперь, что могла я тебе написать в письме, в ответ на твое, полученное мною два месяца назад, и о чем писать?", "цитата_из_стиха": "что проливной дождь, смыв'
CP.P1.III.39	b.EZE.13.13	2	проливной дождь	проливной дождь	'{"score": 2, "цитата_из_романа": "проливной дождь", "цитата_из_стиха": "проливной дождь"}'
CP.P1.III.39	b.1SA.22.15	2	не знает раб твой ни малого, ни великого	не знает раб твоего ни малого, ни великого	'{"score": 2, "цитата_из_романа": "не знает раб твой ни малого, ни великого", "цитата_из_стиха": "не знает раб твоего ни малого, ни великого"}'
CP.P1.III.39	b.1TH.2.17	2	разлучены с вами на короткое время	разлучены с вами на короткое время	'{"score": 2, "цитата_из_романа": "разлучены с вами на короткое время", "цитата_из_стиха": "разлучены с вами на короткое время"}'
CP.P1.III.39	b.2CO.8.5	2	отдали самих себя	отдали самих себя	'{"score": 2, "цитата_из_романа": "отдали самих себя", "цитата_из_стиха": "отдали самих себя"}'
CP.P1.III.39	b.RUT.1.13	2	и что уроки и прочие средства твои прекратились	можно ли вам медлить и не выходить замуж	'{"score": 2, "цитата_из_романа": "и что уроки и прочие средства твои прекратились", "цитата_из_стиха": "можно ли вам медлить и не выходить замуж"}'
CP.P1.III.39	b.RUT.4.6	2	не могла я с моими ста двадцатью рублями в год пенсиона помочь тебе	не могу я взять ее себе, чтобы не расстроить своего удела	'{"score": 2, "цитата_из_романа": "не могла я с моими ста двадцатью рублями в год пенсиона помочь тебе", "цитата_из_стиха": "не могу я взять ее себе, чтобы не расстроить своего удела"}'
CP.P1.III.39	b.2SA.13.26	2	чтоб отклонить личные объяснения и тайные свидания	пусть пойдет с нами Амнон, брат мой	'{"score": 2, "цитата_из_романа": "чтоб отклонить личные объяснения и тайные свидания", "цитата_из_стиха": "пусть пойдет с нами Амнон, брат мой"}'
CP.P1.III.39	b.1PE.4.19	2	страдала и даже иную ночь не спала, думая	страждущие по воле Божией	'{"score": 2, "цитата_из_романа": "страдала и даже иную ночь не спала, думая", "цитата_из_стиха": "страждущие по воле Божией"}'
CP.P1.III.39	b.1CO.9.22	2	человек он деловой и занятый	для всех я сделался всем	'{"score": 2, "цитата_из_романа": "человек он деловой и занятый", "цитата_из_стиха": "для всех я сделался всем"}'
CP.P1.III.39	b.DAN.4.18	0			'{"score": 0, "цитата_из_романа": "", "цитата_из_стиха": ""}'
CP.P1.III.39	b.1JO.5.11	2	доказательства	свидетельство	'{"score": 2, "цитата_из_романа": "доказательства", "цитата_из_стиха": "свидетельство"}'
CP.P1.III.39	b.2CH.14.7	2	взыскали Господа Бога нашего	мы взыскали Господа Бога нашего	'{"score": 2, "цитата_из_романа": "взыскали Господа Бога нашего", "цитата_из_стиха": "мы взыскали Господа Бога нашего"}'
CP.P1.III.39	b.MAT.26.41	2	молитесь	молитесь	'{"score": 2, "цитата_из_романа": "молитесь", "цитата_из_стиха": "молитесь"}'
CP.P1.III.39	b.ISA.50.1	2	проданы за грехи ваши, и за преступления ваши отпущена мать ваша	проданы за грехи ваши, и за преступления ваши отпущена мать ваша	'{"score": 2, "цитата_из_романа": "проданы за грехи ваши, и за преступления ваши отпущена мать ваша", "цитата_из_стиха": "проданы за грехи ваши, и за преступления ваши отпущена мать ваша"}'
CP.P1.III.39	b.NEH.2.6	2	возвратишься	возвратишься	'{"score": 2, "цитата_из_романа": "возвратишься", "цитата_из_стиха": "возвратишься"}'
CP.P1.III.39	b.LUK.1.7	0			'{"score": 0, "цитата_из_романа": "", "цитата_из_стиха": ""}'
CP.P1.III.39	b.ROM.3.27	2	что мы можем теперь даже похвалиться фортуной	Где же то, чем бы хвалиться?	'{"score": 2, "цитата_из_романа": "что мы можем теперь даже похвалиться фортуной", "цитата_из_стиха": "Где же то, чем бы хвалиться?"}'
CP.P4.II.82	b.PRO.19.10	0			'{"score": 0, "цитата_из_романа": "", "цитата_из_стиха": ""}'
CP.P4.II.82	b.PRO.23.10	0	не стоит мизинца	не передвигай межи	'{"score": 0, "цитата_из_романа": "не стоит мизинца", "цитата_из_стиха": "не передвигай межи"}'
CP.P4.II.82	b.DEU.6.1	0			'{"score": 0, "цитата_из_романа": "", "цитата_из_стиха": ""}'
CP.P4.II.82	b.LEV.11.5	0			'{"score": 0, "цитата_из_романа": "", "цитата_из_стиха": ""}'
CP.P4.II.82	b.DEU.31.13	0			'{"score": 0, "цитата_из_романа": "", "цитата_из_стиха": ""}'
CP.P4.II.82	b.1CO.9.26	0			'{"score": 0, "цитата_из_романа": "", "цитата_из_стиха": ""}'
CP.P4.II.82	b.LUK.4.11	0			'{"score": 0, "цитата_из_романа": "", "цитата_из_стиха": ""}'
CP.P4.II.82	b.1TI.3.3	0			'{"score": 0, "цитата_из_романа": "", "цитата_из_стиха": ""}'
CP.P4.II.82	b.LUK.7.46	0			'{"score": 0, "цитата_из_романа": "", "цитата_из_стиха": ""}'
CP.P4.II.82	b.1CO.11.17	0			'{"score": 0, "цитата_из_романа": "", "цитата_из_стиха": ""}'
CP.P4.II.82	b.DEU.4.14	0			'{"score": 0, "цитата_из_романа": "", "цитата_из_стиха": ""}'
CP.P4.II.82	b.PRO.4.14	0			'{"score": 0, "цитата_из_романа": "", "цитата_из_стиха": ""}'
CP.P4.II.82	b.DEU.29.10	0			'{"score": 0, "цитата_из_романа": "", "цитата_из_стиха": ""}'
CP.P4.II.82	b.EPH.5.3	0			'{"score": 0, "цитата_из_романа": "", "цитата_из_стиха": ""}'
CP.P4.II.82	b.EXO.8.2	0			'{"score": 0, "цитата_из_романа": "", "цитата_из_стиха": ""}'
CP.P4.II.82	b.MAT.10.9	0			'{"score": 0, "цитата_из_романа": "", "цитата_из_стиха": ""}'
CP.P4.II.82	b.DEU.32.47	0			'{"score": 0, "цитата_из_романа": "", "цитата_из_стиха": ""}'
CP.P4.II.82	b.EPH.3.13	0			'{"score": 0, "цитата_из_романа": "", "цитата_из_стиха": ""}'
CP.P4.II.82	b.MAT.24.34	0			'{"score": 0, "цитата_из_романа": "", "цитата_из_стиха": ""}'
CP.P4.II.82	b.JOS.10.11	0			'{"score": 0, "цитата_из_романа": "", "цитата_из_стиха": ""}'
CP.P4.II.82	b.LUK.10.19	0			'{"score": 0, "цитата_из_романа": "", "цитата_из_стиха": ""}'
CP.P4.II.82	b.EXO.20.26	0			'{"score": 0, "цитата_из_романа": "", "цитата_из_стиха": ""}'
CP.P4.II.82	b.DEU.4.5	0			'{"score": 0, "цитата_из_романа": "", "цитата_из_стиха": ""}'
CP.P4.II.82	b.LEV.11.6	0			'{"score": 0, "цитата_из_романа": "", "цитата_из_стиха": ""}'
CP.P4.II.82	b.MAT.12.31	0			'{"score": 0, "цитата_из_романа": "", "цитата_из_стиха": ""}'
CP.P4.II.82	b.DEU.11.8	0			'{"score": 0, "цитата_из_романа": "", "цитата_из_стиха": ""}'
CP.P4.II.82	b.EZE.16.15	0			'{"score": 0, "цитата_из_романа": "", "цитата_из_стиха": ""}'
CP.P4.II.82	b.1SA.1.16	0			'{"score": 0, "цитата_из_романа": "", "цитата_из_стиха": ""}'
CP.P4.II.82	b.DEU.11.11	0			'{"score": 0, "цитата_из_романа": "", "цитата_из_стиха": ""}'
CP.P4.II.82	b.JER.11.21	0			'{"score": 0, "цитата_из_романа": "", "цитата_из_стиха": ""}'
CP.P2.II.63	b.ROM.5.13	0			'{"score": 0, "цитата_из_романа": "", "цитата_из_стиха": ""}'
CP.P2.II.63	b.ZEC.14.18	0			'{"score": 0, "цитата_из_романа": "", "цитата_из_стиха": ""}'
CP.P2.II.63	b.ISA.7.17	0			'{"score": 0, "цитата_из_романа": "", "цитата_из_стиха": ""}'
CP.P2.II.63	b.AMO.3.5	0			'{"score": 0, "цитата_из_романа": "", "цитата_из_стиха": ""}'
CP.P2.II.63	b.MIC.4.9	0			'{"score": 0, "цитата_из_романа": "", "цитата_из_стиха": ""}'
CP.P2.II.63	b.HEB.9.20	1	кровь	кровь	'{"score": 1, "цитата_из_романа": "кровь", "цитата_из_стиха": "кровь"}'
CP.P2.II.63	b.ISA.14.8	1	никто не приходил	никто не приходит рубить нас	'{"score": 1, "цитата_из_романа": "никто не приходил", "цитата_из_стиха": "никто не приходит рубить нас"}'
CP.P2.II.63	b.AMO.3.4	0			'{"score": 0, "цитата_из_романа": "", "цитата_из_стиха": ""}'
CP.P2.II.63	b.ISA.47.3	0			'{"score": 0, "цитата_из_романа": "", "цитата_из_стиха": ""}'
CP.P2.II.63	b.PSA.7.2	0			'{"score": 0, "цитата_из_романа": "", "цитата_из_стиха": ""}'
CP.P2.II.63	b.1KI.10.10	0			'{"score": 0, "цитата_из_романа": "", "цитата_из_стиха": ""}'
CP.P2.II.63	b.ROM.11.20	0			'{"score": 0, "цитата_из_романа": "", "цитата_из_стиха": ""}'
CP.P2.II.63	b.JOH.14.6	0			'{"score": 0, "цитата_из_романа": "", "цитата_из_стиха": ""}'
CP.P2.II.63	b.JER.5.3	0			'{"score": 0, "цитата_из_романа": "", "цитата_из_стиха": ""}'
CP.P2.II.63	b.EZE.13.12	0			'{"score": 0, "цитата_из_романа": "", "цитата_из_стиха": ""}'
CP.P2.II.63	b.2KI.3.23	1	кровь в тебе кричит	это кровь	'{"score": 1, "цитата_из_романа": "кровь в тебе кричит", "цитата_из_стиха": "это кровь"}'
CP.P2.II.63	b.LUK.18.5	0			'{"score": 0, "цитата_из_романа": "", "цитата_из_стиха": ""}'
CP.P2.II.63	b.ACT.21.22	0			'{"score": 0, "цитата_из_романа": "", "цитата_из_стиха": ""}'
CP.P2.II.63	b.NEH.13.21	0			'{"score": 0, "цитата_из_романа": "", "цитата_из_стиха": ""}'
CP.P2.II.63	b.JOH.6.17	0			'{"score": 0, "цитата_из_романа": "", "цитата_из_стиха": ""}'
CP.P2.II.63	b.JER.46.17	0			'{"score": 0, "цитата_из_романа": "", "цитата_из_стиха": ""}'
CP.P2.II.63	b.EZE.21.7	0			'{"score": 0, "цитата_из_романа": "", "цитата_из_стиха": ""}'
CP.P2.II.63	b.ROM.6.21	0			'{"score": 0, "цитата_из_романа": "", "цитата_из_стиха": ""}'
CP.P2.II.63	b.NEH.2.2	0			'{"score": 0, "цитата_из_романа": "", "цитата_из_стиха": ""}'
CP.P2.II.63	b.JDG.21.8	0			'{"score": 0, "цитата_из_романа": "", "цитата_из_стиха": ""}'
CP.P2.II.63	b.1SA.13.8	0			'{"score": 0, "цитата_из_романа": "", "цитата_из_стиха": ""}'
CP.P2.II.63	b.2SA.23.17	2	кровь в тебе кричит	кровь ли это людей	'{"score": 2, "цитата_из_романа": "кровь в тебе кричит", "цитата_из_стиха": "кровь ли это людей"}'
CP.P2.II.63	b.2CO.2.1	1	никто не приходил	не приходить к вам опять	'{"score": 1, "цитата_из_романа": "никто не приходил", "цитата_из_стиха": "не приходить к вам опять"}'
CP.P2.II.63	b.NAH.3.19	0			'{"score": 0, "цитата_из_романа": "", "цитата_из_стиха": ""}'
CP.P2.II.63	b.JOH.7.52	0			'{"score": 0, "цитата_из_романа": "", "цитата_из_стиха": ""}'
CP.P2.II.63	b.LAM.2.11	0			'{"score": 0, "цитата_из_романа": "", "цитата_из_стиха": ""}'
CP.P2.II.63	b.JER.4.30	0			'{"score": 0, "цитата_из_романа": "", "цитата_из_стиха": ""}'
CP.P2.II.63	b.AMO.6.10	0			'{"score": 0, "цитата_из_романа": "", "цитата_из_стиха": ""}'
CP.P2.II.63	b.JOH.1.27	0			'{"score": 0, "цитата_из_романа": "", "цитата_из_стиха": ""}'
CP.P2.II.63	b.JOH.5.24	0			'{"score": 0, "цитата_из_романа": "", "цитата_из_стиха": ""}'
CP.P2.II.63	b.PRO.23.29	1	кричит	стон	'{"score": 1, "цитата_из_романа": "кричит", "цитата_из_стиха": "стон"}'
CP.P2.II.63	b.JOB.30.31	0			'{"score": 0, "цитата_из_романа": "", "цитата_из_стиха": ""}'
CP.P2.II.63	b.PRO.19.7	0			'{"score": 0, "цитата_из_романа": "", "цитата_из_стиха": ""}'
CP.P2.II.63	b.JAM.2.16	0			'{"score": 0, "цитата_из_романа": "", "цитата_из_стиха": ""}'
CP.P2.II.63	b.2CO.1.23	0			'{"score": 0, "цитата_из_романа": "", "цитата_из_стиха": ""}'
CP.P2.II.63	b.1SA.13.11	0			'{"score": 0, "цитата_из_романа": "", "цитата_из_стиха": ""}'
CP.P2.II.63	b.ACT.10.10	1	хотел	хотел есть	'{"score": 1, "цитата_из_романа": "хотел", "цитата_из_стиха": "хотел есть"}'
CP.P2.II.63	b.ISA.14.19	0			'{"score": 0, "цитата_из_романа": "", "цитата_из_стиха": ""}'
CP.P2.II.63	b.JER.47.6	0			'{"score": 0, "цитата_из_романа": "", "цитата_из_стиха": ""}'
CP.P2.II.63	b.ISA.1.5	0			'{"score": 0, "цитата_из_романа": "", "цитата_из_стиха": ""}'
CP.P2.II.63	b.ISA.65.14	0			'{"score": 0, "цитата_из_романа": "", "цитата_из_стиха": ""}'
CP.P2.II.63	b.RUT.1.13	0			'{"score": 0, "цитата_из_романа": "", "цитата_из_стиха": ""}'
CP.P2.II.63	b.JER.33.20	0			'{"score": 0, "цитата_из_романа": "", "цитата_из_стиха": ""}'
CP.P2.II.63	b.JOS.15.20	0			'{"score": 0, "цитата_из_романа": "", "цитата_из_стиха": ""}'
CP.P5.I.79	b.JOB.15.9	0			'{"score": 0, "цитата_из_романа": "", "цитата_из_стиха": ""}'
CP.P5.I.79	b.EXO.10.5	0			'{"score": 0, "цитата_из_романа": "", "цитата_из_стиха": ""}'
CP.P5.I.79	b.JOH.8.14	0			'{"score": 0, "цитата_из_романа": "", "цитата_из_стиха": ""}'
CP.P5.I.79	b.MIC.4.9	0			'{"score": 0, "цитата_из_романа": "", "цитата_из_стиха": ""}'
CP.P5.I.79	b.GEN.12.19	0			'{"score": 0, "цитата_из_романа": "", "цитата_из_стиха": ""}'
CP.P5.I.79	b.JOS.23.14	0			'{"score": 0, "цитата_из_романа": "", "цитата_из_стиха": ""}'
CP.P5.I.79	b.LUK.11.6	1	нечего предложить	нечего предложить ему	'{"score": 1, "цитата_из_романа": "нечего предложить", "цитата_из_стиха": "нечего предложить ему"}'
CP.P5.I.79	b.MAT.17.17	0			'{"score": 0, "цитата_из_романа": "", "цитата_из_стиха": ""}'
CP.P5.I.79	b.MAT.12.7	0			'{"score": 0, "цитата_из_романа": "", "цитата_из_стиха": ""}'
CP.P5.I.79	b.GEN.30.33	0			'{"score": 0, "цитата_из_романа": "", "цитата_из_стиха": ""}'
CP.P5.I.79	b.JOH.14.17	0			'{"score": 0, "цитата_из_романа": "", "цитата_из_стиха": ""}'
CP.P5.I.79	b.AMO.2.11	0			'{"score": 0, "цитата_из_романа": "", "цитата_из_стиха": ""}'
CP.P5.I.79	b.2KI.4.31	0			'{"score": 0, "цитата_из_романа": "", "цитата_из_стиха": ""}'
CP.P5.I.79	b.MAL.1.13	0			'{"score": 0, "цитата_из_романа": "", "цитата_из_стиха": ""}'
CP.P5.I.79	b.JOH.7.28	0			'{"score": 0, "цитата_из_романа": "", "цитата_из_стиха": ""}'
CP.P5.I.79	b.JOB.15.23	2	завтра же опять все на вас обрушится, до последнего куска хлеба	знает, что уже готов, в руках у него день тьмы	'{"score": 2, "цитата_из_романа": "завтра же опять все на вас обрушится, до последнего куска хлеба", "цитата_из_стиха": "знает, что уже готов, в руках у него день тьмы"}'
CP.P5.I.79	b.1JO.3.15	0			'{"score": 0, "цитата_из_романа": "", "цитата_из_стиха": ""}'
CP.P5.I.79	b.DEU.2.28	0			'{"score": 0, "цитата_из_романа": "", "цитата_из_стиха": ""}'
CP.P5.I.79	b.ISA.56.12	2	завтра же опять все на вас обрушится, до последнего куска хлеба; это уже нелепо-с.	и завтра то же будет, что сегодня, да еще и больше.	'{"score": 2, "цитата_из_романа": "завтра же опять все на вас обрушится, до последнего куска хлеба; это уже нелепо-с.", "цитата_из_стиха": "и завтра то же будет, что сегодня, да еще и больше."}'
CP.P5.I.79	b.RUT.4.4	0			'{"score": 0, "цитата_из_романа": "", "цитата_из_стиха": ""}'
CP.P5.I.79	b.DEU.30.19	0			'{"score": 0, "цитата_из_романа": "", "цитата_из_стиха": ""}'
CP.P5.I.79	b.PRO.28.21	2	и... ну, и обуви, и всего, покупается сегодня ямайский ром и даже, кажется, мадера и-и-и кофе. Завтра же опять все на вас обрушится, до последнего куска хлеба	за кусок хлеба сделает неправду	'{"score": 2, "цитата_из_романа": "и... ну, и обуви, и всего, покупается сегодня ямайский ром и даже, кажется, мадера и-и-и кофе. Завтра же опять все на вас обрушится, до последнего куска хлеба", "цита'
CP.P5.I.79	b.EZE.13.19	0			'{"score": 0, "цитата_из_романа": "", "цитата_из_стиха": ""}'
CP.P5.I.79	b.EZE.38.14	0			'{"score": 0, "цитата_из_романа": "", "цитата_из_стиха": ""}'
CP.P5.I.79	b.JOH.4.22	0			'{"score": 0, "цитата_из_романа": "", "цитата_из_стиха": ""}'
CP.P5.I.79	b.GEN.32.20	0			'{"score": 0, "цитата_из_романа": "", "цитата_из_стиха": ""}'
CP.P5.I.79	b.PRO.6.26	2	до последнего куска хлеба	до куска хлеба	'{"score": 2, "цитата_из_романа": "до последнего куска хлеба", "цитата_из_стиха": "до куска хлеба"}'
CP.P5.I.79	b.JOH.8.19	0			'{"score": 0, "цитата_из_романа": "", "цитата_из_стиха": ""}'
CP.P5.I.79	b.2TI.2.7	0			'{"score": 0, "цитата_из_романа": "", "цитата_из_стиха": ""}'
CP.P5.I.79	b.JDG.4.18	0			'{"score": 0, "цитата_из_романа": "", "цитата_из_стиха": ""}'
CP.P5.I.79	b.ACT.26.26	0			'{"score": 0, "цитата_из_романа": "", "цитата_из_стиха": ""}'
CP.P5.I.79	b.GEN.39.3	0			'{"score": 0, "цитата_из_романа": "", "цитата_из_стиха": ""}'
CP.P5.I.79	b.2PE.1.20	0			'{"score": 0, "цитата_из_романа": "", "цитата_из_стиха": ""}'
CP.P5.I.79	b.ROM.1.13	0			'{"score": 0, "цитата_из_романа": "", "цитата_из_стиха": ""}'
CP.P5.I.79	b.EPH.3.1	2	так сказать	так сказать	'{"score": 2, "цитата_из_романа": "так сказать", "цитата_из_стиха": "так сказать"}'
CP.P5.I.79	b.1SA.12.3	0			'{"score": 0, "цитата_из_романа": "", "цитата_из_стиха": ""}'
CP.P5.I.79	b.JER.50.31	0			'{"score": 0, "цитата_из_романа": "", "цитата_из_стиха": ""}'
CP.P5.I.79	b.EZR.6.8	0			'{"score": 0, "цитата_из_романа": "", "цитата_из_стиха": ""}'
CP.P5.I.79	b.JOH.14.4	0			'{"score": 0, "цитата_из_романа": "", "цитата_из_стиха": ""}'
CP.P5.I.79	b.MAT.5.47	0			'{"score": 0, "цитата_из_романа": "", "цитата_из_стиха": ""}'
CP.P5.I.79	b.2CO.12.14	0			'{"score": 0, "цитата_из_романа": "", "цитата_из_стиха": ""}'
CP.P5.I.79	b.REV.3.17	0			'{"score": 0, "цитата_из_романа": "", "цитата_из_стиха": ""}'
CP.P5.I.79	b.REV.13.17	0			'{"score": 0, "цитата_из_романа": "", "цитата_из_стиха": ""}'
CP.P5.I.79	b.1JO.2.19	0			'{"score": 0, "цитата_из_романа": "", "цитата_из_стиха": ""}'
CP.P5.I.79	b.NEH.13.18	0			'{"score": 0, "цитата_из_романа": "", "цитата_из_стиха": ""}'
CP.P5.I.79	b.LUK.24.26	0			'{"score": 0, "цитата_из_романа": "", "цитата_из_стиха": ""}'
CP.P5.I.79	b.JER.11.19	0			'{"score": 0, "цитата_из_романа": "", "цитата_из_стиха": ""}'
CP.P5.I.79	b.ACT.23.15	0			'{"score": 0, "цитата_из_романа": "", "цитата_из_стиха": ""}'
CP.P5.I.79	b.JDG.19.5	0			'{"score": 0, "цитата_из_романа": "", "цитата_из_стиха": ""}'
CP.P5.I.79	b.PRO.27.1	1	завтрашний день	потому что не знаешь, что родит тот день	'{"score": 1, "цитата_из_романа": "завтрашний день", "цитата_из_стиха": "потому что не знаешь, что родит тот день"}'
CP.P5.I.79	b.EXO.31.13	0			'{"score": 0, "цитата_из_романа": "", "цитата_из_стиха": ""}'
CP.P5.I.79	b.GEN.18.5	2	завтра же опять все на вас обрушится, до последнего куска хлеба	потом пойдите; так как вы идете мимо раба вашего	'{"score": 2, "цитата_из_романа": "завтра же опять все на вас обрушится, до последнего куска хлеба", "цитата_из_стиха": "потом пойдите; так как вы идете мимо раба вашего"}'
CP.P5.I.79	b.EZE.20.5	0			'{"score": 0, "цитата_из_романа": "", "цитата_из_стиха": ""}'
CP.P5.I.79	b.JOB.12.2	2	так сказать	так сказать	'{"score": 2, "цитата_из_романа": "так сказать", "цитата_из_стиха": "так сказать"}'
CP.P5.I.79	b.JOH.13.26	0			'{"score": 0, "цитата_из_романа": "", "цитата_из_стиха": ""}'
CP.P5.I.79	b.NUM.11.18	2	завтрашний день и... ну, и обуви, и всего, покупается сегодня ямайский ром и даже, кажется, мадера и-и-и кофе. Завтра же опять все на вас обрушится, до последнего куска хлеба	очиститесь к завтрашнему дню, ибудете есть мясо	'{"score": 2, "цитата_из_романа": "завтрашний день и... ну, и обуви, и всего, покупается сегодня ямайский ром и даже, кажется, мадера и-и-и кофе. Завтра же опять все на вас обрушится, до последнего кус'
CP.P5.I.79	b.LEV.22.30	0			'{"score": 0, "цитата_из_романа": "", "цитата_из_стиха": ""}'
CP.P5.I.79	b.2TI.1.12	0			'{"score": 0, "цитата_из_романа": "", "цитата_из_стиха": ""}'
CP.P5.I.79	b.JOH.14.7	0			'{"score": 0, "цитата_из_романа": "", "цитата_из_стиха": ""}'
CP.P5.I.79	b.GEN.20.6	0			'{"score": 0, "цитата_из_романа": "", "цитата_из_стиха": ""}'
CP.P5.I.79	b.1JO.3.8	0			'{"score": 0, "цитата_из_романа": "", "цитата_из_стиха": ""}'
CP.P5.I.79	b.EPH.6.21	0			'{"score": 0, "цитата_из_романа": "", "цитата_из_стиха": ""}'
CP.P5.I.79	b.JOS.9.13	0			'{"score": 0, "цитата_из_романа": "", "цитата_из_стиха": ""}'
CP.P1.II.25	b.DEU.2.14	0			'{"score": 0, "цитата_из_романа": "", "цитата_из_стиха": ""}'
CP.P1.II.25	b.HEB.12.27	0			'{"score": 0, "цитата_из_романа": "", "цитата_из_стиха": ""}'
CP.P1.II.25	b.LUK.7.45	2	воздел руки к небу	целование Мне не дал	'{"score": 2, "цитата_из_романа": "воздел руки к небу", "цитата_из_стиха": "целование Мне не дал"}'
CP.P1.II.25	b.MIC.4.9	0			'{"score": 0, "цитата_из_романа": "", "цитата_из_стиха": ""}'
CP.P1.II.25	b.GEN.12.19	0			'{"score": 0, "цитата_из_романа": "", "цитата_из_стиха": ""}'
CP.P1.II.25	b.REV.16.18	0			'{"score": 0, "цитата_из_романа": "", "цитата_из_стиха": ""}'
CP.P1.II.25	b.1SA.11.9	0			'{"score": 0, "цитата_из_романа": "", "цитата_из_стиха": ""}'
CP.P1.II.25	b.2KI.5.27	0			'{"score": 0, "цитата_из_романа": "", "цитата_из_стиха": ""}'
CP.P1.II.25	b.ISA.14.8	0			'{"score": 0, "цитата_из_романа": "", "цитата_из_стиха": ""}'
CP.P1.II.25	b.JDG.3.19	0			'{"score": 0, "цитата_из_романа": "", "цитата_из_стиха": ""}'
CP.P1.II.25	b.ISA.36.11	0			'{"score": 0, "цитата_из_романа": "", "цитата_из_стиха": ""}'
CP.P1.II.25	b.EZE.43.7	0			'{"score": 0, "цитата_из_романа": "", "цитата_из_стиха": ""}'
CP.P1.II.25	b.1CO.2.11	0			'{"score": 0, "цитата_из_романа": "", "цитата_из_стиха": ""}'
CP.P1.II.25	b.1KI.2.40	0			'{"score": 0, "цитата_из_романа": "", "цитата_из_стиха": ""}'
CP.P1.II.25	b.ZEC.1.6	0			'{"score": 0, "цитата_из_романа": "", "цитата_из_стиха": ""}'
CP.P1.II.25	b.JOH.6.51	0			'{"score": 0, "цитата_из_романа": "", "цитата_из_стиха": ""}'
CP.P1.II.25	b.2PE.3.4	0			'{"score": 0, "цитата_из_романа": "", "цитата_из_стиха": ""}'
CP.P1.II.25	b.1KI.18.3	0			'{"score": 0, "цитата_из_романа": "", "цитата_из_стиха": ""}'
CP.P1.II.25	b.EZR.5.16	0			'{"score": 0, "цитата_из_романа": "", "цитата_из_стиха": ""}'
CP.P1.II.25	b.EST.2.13	0			'{"score": 0, "цитата_из_романа": "", "цитата_из_стиха": ""}'
CP.P1.II.25	b.EZE.43.9	0			'{"score": 0, "цитата_из_романа": "", "цитата_из_стиха": ""}'
CP.P1.II.25	b.1SA.27.5	0			'{"score": 0, "цитата_из_романа": "", "цитата_из_стиха": ""}'
CP.P1.II.25	b.2KI.7.7	0			'{"score": 0, "цитата_из_романа": "", "цитата_из_стиха": ""}'
CP.P1.II.25	b.ACT.1.22	0			'{"score": 0, "цитата_из_романа": "", "цитата_из_стиха": ""}'
CP.P1.II.25	b.JER.41.10	0			'{"score": 0, "цитата_из_романа": "", "цитата_из_стиха": ""}'
CP.P1.II.25	b.MAR.1.25	0			'{"score": 0, "цитата_из_романа": "", "цитата_из_стиха": ""}'
CP.P1.II.25	b.2TH.1.7	0			'{"score": 0, "цитата_из_романа": "", "цитата_из_стиха": ""}'
CP.P1.II.25	b.JER.50.44	0			'{"score": 0, "цитата_из_романа": "", "цитата_из_стиха": ""}'
CP.P1.II.25	b.DAN.8.22	0			'{"score": 0, "цитата_из_романа": "", "цитата_из_стиха": ""}'
CP.P1.II.25	b.1KI.10.5	0			'{"score": 0, "цитата_из_романа": "", "цитата_из_стиха": ""}'
CP.P1.II.25	b.RUT.4.4	0			'{"score": 0, "цитата_из_романа": "", "цитата_из_стиха": ""}'
CP.P1.II.25	b.MAR.1.26	0			'{"score": 0, "цитата_из_романа": "", "цитата_из_стиха": ""}'
CP.P1.II.25	b.1SA.27.2	0			'{"score": 0, "цитата_из_романа": "", "цитата_из_стиха": ""}'
CP.P1.II.25	b.PSA.119.77	2	утешение мое	утешение мое	'{"score": 2, "цитата_из_романа": "утешение мое", "цитата_из_стиха": "утешение мое"}'
CP.P1.II.25	b.MAT.21.29	0			'{"score": 0, "цитата_из_романа": "", "цитата_из_стиха": ""}'
CP.P1.II.25	b.RUT.4.8	0			'{"score": 0, "цитата_из_романа": "", "цитата_из_стиха": ""}'
CP.P1.II.25	b.PRO.31.29	0			'{"score": 0, "цитата_из_романа": "", "цитата_из_стиха": ""}'
CP.P1.II.25	b.PRO.1.14	0			'{"score": 0, "цитата_из_романа": "", "цитата_из_стиха": ""}'
CP.P1.II.25	b.RUT.1.12	0			'{"score": 0, "цитата_из_романа": "", "цитата_из_стиха": ""}'
CP.P1.II.25	b.JDG.16.30	0			'{"score": 0, "цитата_из_романа": "", "цитата_из_стиха": ""}'
CP.P1.II.25	b.JOH.14.19	0			'{"score": 0, "цитата_из_романа": "", "цитата_из_стиха": ""}'
CP.P1.II.25	b.MAR.13.29	0			'{"score": 0, "цитата_из_романа": "", "цитата_из_стиха": ""}'
CP.P1.II.25	b.ACT.26.26	0			'{"score": 0, "цитата_из_романа": "", "цитата_из_стиха": ""}'
CP.P1.II.25	b.JDG.9.33	1	встал я тогда поутру-с, одел лохмотья мои, воздел руки к небу	при восхождении солнца, встань рано	'{"score": 1, "цитата_из_романа": "встал я тогда поутру-с, одел лохмотья мои, воздел руки к небу", "цитата_из_стиха": "при восхождении солнца, встань рано"}'
CP.P1.II.25	b.2KI.10.6	0			'{"score": 0, "цитата_из_романа": "", "цитата_из_стиха": ""}'
CP.P1.II.25	b.RUT.1.16	0			'{"score": 0, "цитата_из_романа": "", "цитата_из_стиха": ""}'
CP.P1.II.25	b.EZR.6.8	0			'{"score": 0, "цитата_из_романа": "", "цитата_из_стиха": ""}'
CP.P1.II.25	b.2SA.13.18	0			'{"score": 0, "цитата_из_романа": "", "цитата_из_стиха": ""}'
CP.P1.II.25	b.JDG.16.10	0			'{"score": 0, "цитата_из_романа": "", "цитата_из_стиха": ""}'
CP.P1.II.25	b.EZR.4.3	0			'{"score": 0, "цитата_из_романа": "", "цитата_из_стиха": ""}'
CP.P1.II.25	b.GEN.18.16	0			'{"score": 0, "цитата_из_романа": "", "цитата_из_стиха": ""}'
CP.P1.II.25	b.MAR.5.30	0			'{"score": 0, "цитата_из_романа": "", "цитата_из_стиха": ""}'
CP.P1.II.25	b.MAT.17.18	0			'{"score": 0, "цитата_из_романа": "", "цитата_из_стиха": ""}'
CP.P1.II.25	b.2KI.4.27	0			'{"score": 0, "цитата_из_романа": "", "цитата_из_стиха": ""}'
CP.P1.II.25	b.1SA.19.17	0			'{"score": 0, "цитата_из_романа": "", "цитата_из_стиха": ""}'
CP.P1.II.25	b.LUK.18.4	0			'{"score": 0, "цитата_из_романа": "", "цитата_из_стиха": ""}'
CP.P1.II.25	b.2CH.9.6	0			'{"score": 0, "цитата_из_романа": "", "цитата_из_стиха": ""}'
CP.P1.II.25	b.GEN.48.15	0			'{"score": 0, "цитата_из_романа": "", "цитата_из_стиха": ""}'
CP.P1.II.25	b.SON.1.1	0			'{"score": 0, "цитата_из_романа": "", "цитата_из_стиха": ""}'
CP.P1.II.25	b.1SA.22.15	0			'{"score": 0, "цитата_из_романа": "", "цитата_из_стиха": ""}'
CP.P1.II.25	b.2KI.5.18	0			'{"score": 0, "цитата_из_романа": "", "цитата_из_стиха": ""}'
CP.P1.II.25	b.PRO.7.10	0			'{"score": 0, "цитата_из_романа": "", "цитата_из_стиха": ""}'
CP.P1.II.25	b.DAN.12.1	0			'{"score": 0, "цитата_из_романа": "", "цитата_из_стиха": ""}'
CP.P1.II.25	b.JER.2.37	2	воздел руки к небу	положив руки на голову	'{"score": 2, "цитата_из_романа": "воздел руки к небу", "цитата_из_стиха": "положив руки на голову"}'
CP.P1.II.25	b.2CH.36.6	0			'{"score": 0, "цитата_из_романа": "", "цитата_из_стиха": ""}'
CP.P1.II.25	b.NEH.4.11	0			'{"score": 0, "цитата_из_романа": "", "цитата_из_стиха": ""}'
CP.P1.II.25	b.EST.1.19	0			'{"score": 0, "цитата_из_романа": "", "цитата_из_стиха": ""}'
CP.P1.II.25	b.DAN.12.7	2	воздел руки к небу	подняв правую и левую руку к небу	'{"score": 2, "цитата_из_романа": "воздел руки к небу", "цитата_из_стиха": "подняв правую и левую руку к небу"}'
CP.P1.II.25	b.2KI.18.26	0			'{"score": 0, "цитата_из_романа": "", "цитата_из_стиха": ""}'
CP.P1.II.25	b.1SA.1.26	0			'{"score": 0, "цитата_из_романа": "", "цитата_из_стиха": ""}'
CP.P1.II.25	b.JOH.7.14	0			'{"score": 0, "цитата_из_романа": "", "цитата_из_стиха": ""}'
CP.P5.III.55	b.LUK.18.41	0			'{"score": 0, "цитата_из_романа": "", "цитата_из_стиха": ""}'
CP.P5.III.55	b.ACT.20.3	0			'{"score": 0, "цитата_из_романа": "", "цитата_из_стиха": ""}'
CP.P5.III.55	b.LUK.7.45	0			'{"score": 0, "цитата_из_романа": "", "цитата_из_стиха": ""}'
CP.P5.III.55	b.GEN.12.19	0			'{"score": 0, "цитата_из_романа": "", "цитата_из_стиха": ""}'
CP.P5.III.55	b.2CO.12.13	0			'{"score": 0, "цитата_из_романа": "", "цитата_из_стиха": ""}'
CP.P5.III.55	b.ACT.17.13	0			'{"score": 0, "цитата_из_романа": "", "цитата_из_стиха": ""}'
CP.P5.III.55	b.GEN.48.17	0			'{"score": 0, "цитата_из_романа": "", "цитата_из_стиха": ""}'
CP.P5.III.55	b.1TH.4.10	0			'{"score": 0, "цитата_из_романа": "", "цитата_из_стиха": ""}'
CP.P5.III.55	b.2SA.13.14	0			'{"score": 0, "цитата_из_романа": "", "цитата_из_стиха": ""}'
CP.P5.III.55	b.DAN.2.8	0			'{"score": 0, "цитата_из_романа": "", "цитата_из_стиха": ""}'
CP.P5.III.55	b.PSA.35.8	0			'{"score": 0, "цитата_из_романа": "", "цитата_из_стиха": ""}'
CP.P5.III.55	b.GEN.30.33	0			'{"score": 0, "цитата_из_романа": "", "цитата_из_стиха": ""}'
CP.P5.III.55	b.GEN.19.9	0			'{"score": 0, "цитата_из_романа": "", "цитата_из_стиха": ""}'
CP.P5.III.55	b.JER.20.12	2	что хотите ее испытать	испытываешь праведного	'{"score": 2, "цитата_из_романа": "что хотите ее испытать", "цитата_из_стиха": "испытываешь праведного"}'
CP.P5.III.55	b.MAT.2.8	0			'{"score": 0, "цитата_из_романа": "", "цитата_из_стиха": ""}'
CP.P5.III.55	b.ISA.28.9	0			'{"score": 0, "цитата_из_романа": "", "цитата_из_стиха": ""}'
CP.P5.III.55	b.2SA.12.17	0			'{"score": 0, "цитата_из_романа": "", "цитата_из_стиха": ""}'
CP.P5.III.55	b.JOH.13.37	0			'{"score": 0, "цитата_из_романа": "", "цитата_из_стиха": ""}'
CP.P5.III.55	b.LEV.8.27	0			'{"score": 0, "цитата_из_романа": "", "цитата_из_стиха": ""}'
CP.P5.III.55	b.ROM.6.19	0			'{"score": 0, "цитата_из_романа": "", "цитата_из_стиха": ""}'
CP.P5.III.55	b.PSA.35.7	0			'{"score": 0, "цитата_из_романа": "", "цитата_из_стиха": ""}'
CP.P5.III.55	b.ISA.7.13	0			'{"score": 0, "цитата_из_романа": "", "цитата_из_стиха": ""}'
CP.P5.III.55	b.ACT.24.25	0			'{"score": 0, "цитата_из_романа": "", "цитата_из_стиха": ""}'
CP.P5.III.55	b.JOB.26.3	0			'{"score": 0, "цитата_из_романа": "", "цитата_из_стиха": ""}'
CP.P5.III.55	b.JOH.7.10	2	украдкой	тайно	'{"score": 2, "цитата_из_романа": "украдкой", "цитата_из_стиха": "тайно"}'
CP.P5.III.55	b.JOB.19.28	0			'{"score": 0, "цитата_из_романа": "", "цитата_из_стиха": ""}'
CP.P5.III.55	b.NUM.5.30	0			'{"score": 0, "цитата_из_романа": "", "цитата_из_стиха": ""}'
CP.P5.III.55	b.1CO.16.18	0			'{"score": 0, "цитата_из_романа": "", "цитата_из_стиха": ""}'
CP.P5.III.55	b.1SA.19.1	0			'{"score": 0, "цитата_из_романа": "", "цитата_из_стиха": ""}'
CP.P5.III.55	b.GEN.37.35	0			'{"score": 0, "цитата_из_романа": "", "цитата_из_стиха": ""}'
CP.P5.III.55	b.MAL.2.14	0			'{"score": 0, "цитата_из_романа": "", "цитата_из_стиха": ""}'
CP.P5.III.55	b.1CO.6.20	0			'{"score": 0, "цитата_из_романа": "", "цитата_из_стиха": ""}'
CP.P5.III.55	b.ISA.64.5	0			'{"score": 0, "цитата_из_романа": "", "цитата_из_стиха": ""}'
CP.P5.III.55	b.JOH.6.6	2	что Сам знал, что хотел сделать	испытывая его; ибо Сам знал, что хотел сделать	'{"score": 2, "цитата_из_романа": "что Сам знал, что хотел сделать", "цитата_из_стиха": "испытывая его; ибо Сам знал, что хотел сделать"}'
CP.P5.III.55	b.1CO.4.3	0			'{"score": 0, "цитата_из_романа": "", "цитата_из_стиха": ""}'
CP.P5.III.55	b.TIT.3.12	0			'{"score": 0, "цитата_из_романа": "", "цитата_из_стиха": ""}'
CP.P5.III.55	b.RUT.1.12	0			'{"score": 0, "цитата_из_романа": "", "цитата_из_стиха": ""}'
CP.P5.III.55	b.JOB.11.6	0			'{"score": 0, "цитата_из_романа": "", "цитата_из_стиха": ""}'
CP.P5.III.55	b.2TI.2.7	1	в голову вопрос пришел	разумение во всем	'{"score": 1, "цитата_из_романа": "в голову вопрос пришел", "цитата_из_стиха": "разумение во всем"}'
CP.P5.III.55	b.JOB.36.4	0			'{"score": 0, "цитата_из_романа": "", "цитата_из_стиха": ""}'
CP.P5.III.55	b.PRO.24.14	0			'{"score": 0, "цитата_из_романа": "", "цитата_из_стиха": ""}'
CP.P5.III.55	b.ACT.5.4	0			'{"score": 0, "цитата_из_романа": "", "цитата_из_стиха": ""}'
CP.P5.III.55	b.PRO.30.18	0			'{"score": 0, "цитата_из_романа": "", "цитата_из_стиха": ""}'
CP.P5.III.55	b.MAT.20.32	1	чего доброго	чего вы хотите	'{"score": 1, "цитата_из_романа": "чего доброго", "цитата_из_стиха": "чего вы хотите"}'
CP.P5.III.55	b.JER.8.8	0			'{"score": 0, "цитата_из_романа": "", "цитата_из_стиха": ""}'
CP.P5.III.55	b.2CH.32.26	0			'{"score": 0, "цитата_из_романа": "", "цитата_из_стиха": ""}'
CP.P5.III.55	b.PRO.27.16	2	чтобы правая рука, что ль, не знала	дающую знать о себе	'{"score": 2, "цитата_из_романа": "чтобы правая рука, что ль, не знала", "цитата_из_стиха": "дающую знать о себе"}'
CP.P5.III.55	b.2SA.13.16	0			'{"score": 0, "цитата_из_романа": "", "цитата_из_стиха": ""}'
CP.P5.III.55	b.MAR.10.51	0			'{"score": 0, "цитата_из_романа": "", "цитата_из_стиха": ""}'
CP.P5.III.55	b.ACT.25.20	0			'{"score": 0, "цитата_из_романа": "", "цитата_из_стиха": ""}'
CP.P5.III.55	b.MAR.9.30	2	чтобы правая рука, что ль, не знала	и Он не хотел, чтобы кто узнал	'{"score": 2, "цитата_из_романа": "чтобы правая рука, что ль, не знала", "цитата_из_стиха": "и Он не хотел, чтобы кто узнал"}'
CP.P5.III.55	b.EXO.7.14	0			'{"score": 0, "цитата_из_романа": "", "цитата_из_стиха": ""}'
CP.P5.III.55	b.PSA.36.3	0			'{"score": 0, "цитата_из_романа": "", "цитата_из_стиха": ""}'
CP.P5.III.55	b.2KI.4.27	0			'{"score": 0, "цитата_из_романа": "", "цитата_из_стиха": ""}'
CP.P5.III.55	b.2CO.11.21	0			'{"score": 0, "цитата_из_романа": "", "цитата_из_стиха": ""}'
CP.P5.III.55	b.LUK.18.4	0			'{"score": 0, "цитата_из_романа": "", "цитата_из_стиха": ""}'
CP.P5.III.55	b.JOH.1.46	0			'{"score": 0, "цитата_из_романа": "", "цитата_из_стиха": ""}'
CP.P5.III.55	b.GAL.3.4	0			'{"score": 0, "цитата_из_романа": "", "цитата_из_стиха": ""}'
CP.P5.III.55	b.JOH.8.55	0			'{"score": 0, "цитата_из_романа": "", "цитата_из_стиха": ""}'
CP.P5.III.55	b.GEN.44.28	0			'{"score": 0, "цитата_из_романа": "", "цитата_из_стиха": ""}'
CP.P5.III.55	b.2SA.13.9	0			'{"score": 0, "цитата_из_романа": "", "цитата_из_стиха": ""}'
CP.P5.III.55	b.1CO.4.21	0			'{"score": 0, "цитата_из_романа": "", "цитата_из_стиха": ""}'
CP.P5.III.55	b.LUK.1.62	0			'{"score": 0, "цитата_из_романа": "", "цитата_из_стиха": ""}'
CP.P5.III.55	b.JOH.9.27	0			'{"score": 0, "цитата_из_романа": "", "цитата_из_стиха": ""}'
CP.P5.III.55	b.JOH.8.14	0			'{"score": 0, "цитата_из_романа": "", "цитата_из_стиха": ""}'
CP.P5.III.55	b.PRO.14.2	0			'{"score": 0, "цитата_из_романа": "", "цитата_из_стиха": ""}'
CP.P5.IV.140	b.GEN.24.21	1	в изумлении	с изумлением	'{"score": 1, "цитата_из_романа": "в изумлении", "цитата_из_стиха": "с изумлением"}'
CP.P5.IV.140	b.1SA.10.19	0			'{"score": 0, "цитата_из_романа": "", "цитата_из_стиха": ""}'
CP.P5.IV.140	b.MAR.12.4	0			'{"score": 0, "цитата_из_романа": "", "цитата_из_стиха": ""}'
CP.P5.IV.140	b.2KI.14.8	0			'{"score": 0, "цитата_из_романа": "", "цитата_из_стиха": ""}'
CP.P5.IV.140	b.NUM.11.12	0			'{"score": 0, "цитата_из_романа": "", "цитата_из_стиха": ""}'
CP.P5.IV.140	b.JDG.5.27	0			'{"score": 0, "цитата_из_романа": "", "цитата_из_стиха": ""}'
CP.P5.IV.140	b.EZE.42.20	0			'{"score": 0, "цитата_из_романа": "", "цитата_из_стиха": ""}'
CP.P5.IV.140	b.LUK.13.13	0			'{"score": 0, "цитата_из_романа": "", "цитата_из_стиха": ""}'
CP.P5.IV.140	b.LUK.13.16	0			'{"score": 0, "цитата_из_романа": "", "цитата_из_стиха": ""}'
CP.P5.IV.140	b.EST.9.17	0			'{"score": 0, "цитата_из_романа": "", "цитата_из_стиха": ""}'
CP.P5.IV.140	b.GEN.27.45	0			'{"score": 0, "цитата_из_романа": "", "цитата_из_стиха": ""}'
CP.P5.IV.140	b.JER.3.2	0			'{"score": 0, "цитата_из_романа": "", "цитата_из_стиха": ""}'
CP.P5.IV.140	b.2SA.14.11	0			'{"score": 0, "цитата_из_романа": "", "цитата_из_стиха": ""}'
CP.P5.IV.140	b.JER.38.14	0			'{"score": 0, "цитата_из_романа": "", "цитата_из_стиха": ""}'
CP.P5.IV.140	b.DEU.25.11	0			'{"score": 0, "цитата_из_романа": "", "цитата_из_стиха": ""}'
CP.P5.IV.140	b.1CH.19.6	0			'{"score": 0, "цитата_из_романа": "", "цитата_из_стиха": ""}'
CP.P5.IV.140	b.NEH.9.35	0			'{"score": 0, "цитата_из_романа": "", "цитата_из_стиха": ""}'
CP.P5.IV.140	b.ROM.11.20	0			'{"score": 0, "цитата_из_романа": "", "цитата_из_стиха": ""}'
CP.P5.IV.140	b.1CO.14.15	0			'{"score": 0, "цитата_из_романа": "", "цитата_из_стиха": ""}'
CP.P5.IV.140	b.1KI.8.40	0			'{"score": 0, "цитата_из_романа": "", "цитата_из_стиха": ""}'
CP.P5.IV.140	b.2CH.6.31	0			'{"score": 0, "цитата_из_романа": "", "цитата_из_стиха": ""}'
CP.P5.IV.140	b.LAM.1.7	0			'{"score": 0, "цитата_из_романа": "", "цитата_из_стиха": ""}'
CP.P5.IV.140	b.LAM.1.8	0			'{"score": 0, "цитата_из_романа": "", "цитата_из_стиха": ""}'
CP.P5.IV.140	b.GEN.39.23	0			'{"score": 0, "цитата_из_романа": "", "цитата_из_стиха": ""}'
CP.P5.IV.140	b.EZE.22.4	0			'{"score": 0, "цитата_из_романа": "", "цитата_из_стиха": ""}'
CP.P5.IV.140	b.2KI.4.7	0			'{"score": 0, "цитата_из_романа": "", "цитата_из_стиха": ""}'
CP.P5.IV.140	b.JER.50.15	0			'{"score": 0, "цитата_из_романа": "", "цитата_из_стиха": ""}'
CP.P5.IV.140	b.EXO.21.31	0			'{"score": 0, "цитата_из_романа": "", "цитата_из_стиха": ""}'
CP.P5.IV.140	b.DEU.26.10	0			'{"score": 0, "цитата_из_романа": "", "цитата_из_стиха": ""}'
CP.P5.IV.140	b.EZE.43.17	0			'{"score": 0, "цитата_из_романа": "", "цитата_из_стиха": ""}'
CP.P5.IV.140	b.NUM.23.9	0			'{"score": 0, "цитата_из_романа": "", "цитата_из_стиха": ""}'
CP.P5.IV.140	b.JER.36.14	0			'{"score": 0, "цитата_из_романа": "", "цитата_из_стиха": ""}'
CP.P5.IV.140	b.MAT.22.4	0			'{"score": 0, "цитата_из_романа": "", "цитата_из_стиха": ""}'
CP.P5.IV.140	b.EZE.5.11	2	осквернил	осквернил	'{"score": 2, "цитата_из_романа": "осквернил", "цитата_из_стиха": "осквернил"}'
CP.P5.IV.140	b.ISA.13.8	0			'{"score": 0, "цитата_из_романа": "", "цитата_из_стиха": ""}'
CP.P5.IV.140	b.1SA.28.13	0			'{"score": 0, "цитата_из_романа": "", "цитата_из_стиха": ""}'
CP.P5.IV.140	b.RUT.1.12	0			'{"score": 0, "цитата_из_романа": "", "цитата_из_стиха": ""}'
CP.P5.IV.140	b.2SA.14.5	0			'{"score": 0, "цитата_из_романа": "", "цитата_из_стиха": ""}'
CP.P5.IV.140	b.ACT.7.60	0			'{"score": 0, "цитата_из_романа": "", "цитата_из_стиха": ""}'
CP.P5.IV.140	b.1SA.12.11	0			'{"score": 0, "цитата_из_романа": "", "цитата_из_стиха": ""}'
CP.P5.IV.140	b.2KI.4.37	0			'{"score": 0, "цитата_из_романа": "", "цитата_из_стиха": ""}'
CP.P5.IV.140	b.DEU.26.15	0			'{"score": 0, "цитата_из_романа": "", "цитата_из_стиха": ""}'
CP.P5.IV.140	b.GEN.21.16	0			'{"score": 0, "цитата_из_романа": "", "цитата_из_стиха": ""}'
CP.P5.IV.140	b.MAT.21.1	0			'{"score": 0, "цитата_из_романа": "", "цитата_из_стиха": ""}'
CP.P5.IV.140	b.1KI.3.26	0			'{"score": 0, "цитата_из_романа": "", "цитата_из_стиха": ""}'
CP.P5.IV.140	b.EZE.28.9				'{"score": 2, "цитата_из_романа": "скажи всем, вслух: \\"Я убил!\\"", "цитата_из_стиха": "скажешь ли тогда перед твоим убийцею: „я бог""}'
CP.P5.IV.140	b.MAR.13.27	0			'{"score": 0, "цитата_из_романа": "", "цитата_из_стиха": ""}'
CP.P5.IV.140	b.MAT.21.36	0			'{"score": 0, "цитата_из_романа": "", "цитата_из_стиха": ""}'
CP.P5.IV.140	b.GEN.49.4	1	осквернил	взошел на ложе отца твоего, ты осквернил постель мою	'{"score": 1, "цитата_из_романа": "осквернил", "цитата_из_стиха": "взошел на ложе отца твоего, ты осквернил постель мою"}'
CP.P5.IV.140	b.MAR.12.5	0			'{"score": 0, "цитата_из_романа": "", "цитата_из_стиха": ""}'
CP.P5.IV.140	b.EZE.28.18	2	осквернил	осквернил	'{"score": 2, "цитата_из_романа": "осквернил", "цитата_из_стиха": "осквернил"}'
CP.P5.IV.140	b.EZE.1.17	0			'{"score": 0, "цитата_из_романа": "", "цитата_из_стиха": ""}'
CP.P5.IV.140	b.EZE.43.16	0			'{"score": 0, "цитата_из_романа": "", "цитата_из_стиха": ""}'
CP.P5.IV.140	b.NEH.9.36	0			'{"score": 0, "цитата_из_романа": "", "цитата_из_стиха": ""}'
CP.P5.IV.140	b.2CH.6.25	0			'{"score": 0, "цитата_из_романа": "", "цитата_из_стиха": ""}'
CP.P5.IV.140	b.MAR.3.5	0			'{"score": 0, "цитата_из_романа": "", "цитата_из_стиха": ""}'
CP.P5.IV.140	b.GEN.39.12	0			'{"score": 0, "цитата_из_романа": "", "цитата_из_стиха": ""}'
CP.P5.IV.140	b.1KI.20.22	0			'{"score": 0, "цитата_из_романа": "", "цитата_из_стиха": ""}'
CP.P5.IV.140	b.EZE.10.11	0			'{"score": 0, "цитата_из_романа": "", "цитата_из_стиха": ""}'
CP.P5.IV.140	b.GEN.13.15	0			'{"score": 0, "цитата_из_романа": "", "цитата_из_стиха": ""}'
CP.P5.IV.140	b.1SA.1.18	0			'{"score": 0, "цитата_из_романа": "", "цитата_из_стиха": ""}'
CP.P5.IV.140	b.1SA.25.41	0			'{"score": 0, "цитата_из_романа": "", "цитата_из_стиха": ""}'
CP.P5.IV.140	b.LUK.7.38	0			'{"score": 0, "цитата_из_романа": "", "цитата_из_стиха": ""}'
CP.P5.IV.140	b.MAT.17.21	0			'{"score": 0, "цитата_из_романа": "", "цитата_из_стиха": ""}'
CP.P5.IV.140	b.RUT.2.10	0			'{"score": 0, "цитата_из_романа": "", "цитата_из_стиха": ""}'
CP.P5.IV.140	b.EZE.23.30	2	осквернил	осквернила себя	'{"score": 2, "цитата_из_романа": "осквернил", "цитата_из_стиха": "осквернила себя"}'
CP.P5.IV.140	b.LUK.19.41	0			'{"score": 0, "цитата_из_романа": "", "цитата_из_стиха": ""}'
CP.P5.IV.140	b.PRO.7.13	1	схватила его	схватила его, целовала его	'{"score": 1, "цитата_из_романа": "схватила его", "цитата_из_стиха": "схватила его, целовала его"}'
CP.P5.IV.140	b.1KI.8.34	0			'{"score": 0, "цитата_из_романа": "", "цитата_из_стиха": ""}'
CP.P5.IV.140	b.PSA.104.18	0			'{"score": 0, "цитата_из_романа": "", "цитата_из_стиха": ""}'
CP.P6.II.46	b.AMO.5.14	2	Ищите	Ищите добра, а не зла	'{"score": 2, "цитата_из_романа": "Ищите", "цитата_из_стиха": "Ищите добра, а не зла"}'
CP.P6.II.46	b.PHI.4.15	0			'{"score": 0, "цитата_из_романа": "", "цитата_из_стиха": ""}'
CP.P6.II.46	b.ACT.2.30	0			'{"score": 0, "цитата_из_романа": "", "цитата_из_стиха": ""}'
CP.P6.II.46	b.EZE.2.5	2	пророк, много ль вы знаете	был пророк среди них	'{"score": 2, "цитата_из_романа": "пророк, много ль вы знаете", "цитата_из_стиха": "был пророк среди них"}'
CP.P6.II.46	b.PRO.27.24	2	не навек	не навек	'{"score": 2, "цитата_из_романа": "не навек", "цитата_из_стиха": "не навек"}'
CP.P6.II.46	b.ROM.6.16	0			'{"score": 0, "цитата_из_романа": "", "цитата_из_стиха": ""}'
CP.P6.II.46	b.ISA.40.18	0			'{"score": 0, "цитата_из_романа": "", "цитата_из_стиха": ""}'
CP.P6.II.46	b.LUK.4.34	0			'{"score": 0, "цитата_из_романа": "", "цитата_из_стиха": ""}'
CP.P6.II.46	b.2KI.9.3	0			'{"score": 0, "цитата_из_романа": "", "цитата_из_стиха": ""}'
CP.P6.II.46	b.PHI.1.12	0			'{"score": 0, "цитата_из_романа": "", "цитата_из_стиха": ""}'
CP.P6.II.46	b.LAM.2.16	0			'{"score": 0, "цитата_из_романа": "", "цитата_из_стиха": ""}'
CP.P6.II.46	b.1KI.20.41	0			'{"score": 0, "цитата_из_романа": "", "цитата_из_стиха": ""}'
CP.P6.II.46	b.MAR.1.24	0			'{"score": 0, "цитата_из_романа": "", "цитата_из_стиха": ""}'
CP.P6.II.46	b.MAR.11.32	1	пророк	пророк	'{"score": 1, "цитата_из_романа": "пророк", "цитата_из_стиха": "пророк"}'
CP.P6.II.46	b.ROM.14.22	0			'{"score": 0, "цитата_из_романа": "", "цитата_из_стиха": ""}'
CP.P6.II.46	b.JOB.24.15	0			'{"score": 0, "цитата_из_романа": "", "цитата_из_стиха": ""}'
CP.P6.II.46	b.1SA.13.8	0			'{"score": 0, "цитата_из_романа": "", "цитата_из_стиха": ""}'
CP.P6.II.46	b.MAT.11.9	2	пророк	пророка	'{"score": 2, "цитата_из_романа": "пророк", "цитата_из_стиха": "пророка"}'
CP.P6.II.46	b.ISA.5.7	0			'{"score": 0, "цитата_из_романа": "", "цитата_из_стиха": ""}'
CP.P6.II.46	b.ISA.64.5	0			'{"score": 0, "цитата_из_романа": "", "цитата_из_стиха": ""}'
CP.P6.II.46	b.JOB.7.2	1	ищите и обрящете	ждет окончания работы своей	'{"score": 1, "цитата_из_романа": "ищите и обрящете", "цитата_из_стиха": "ждет окончания работы своей"}'
CP.P6.II.46	b.PHI.4.5	0			'{"score": 0, "цитата_из_романа": "", "цитата_из_стиха": ""}'
CP.P6.II.46	b.2TI.2.7	2	разумение	разумение	'{"score": 2, "цитата_из_романа": "разумение", "цитата_из_стиха": "разумение"}'
CP.P6.II.46	b.JOB.5.1	1	ищите и обрящете	взывай, если есть отвечающий тебе	'{"score": 1, "цитата_из_романа": "ищите и обрящете", "цитата_из_стиха": "взывай, если есть отвечающий тебе"}'
CP.P6.II.46	b.DEU.33.27	0			'{"score": 0, "цитата_из_романа": "", "цитата_из_стиха": ""}'
CP.P6.II.46	b.LAM.3.31	3	не навек	не навек оставляет	'{"score": 3, "цитата_из_романа": "не навек", "цитата_из_стиха": "не навек оставляет"}'
CP.P6.II.46	b.2TH.3.16	0			'{"score": 0, "цитата_из_романа": "", "цитата_из_стиха": ""}'
CP.P6.II.46	b.ISA.44.8	0			'{"score": 0, "цитата_из_романа": "", "цитата_из_стиха": ""}'
CP.P6.II.46	b.JER.23.37	2	пророк	пророку	'{"score": 2, "цитата_из_романа": "пророк", "цитата_из_стиха": "пророку"}'
CP.P6.II.46	b.RUT.3.13	0			'{"score": 0, "цитата_из_романа": "", "цитата_из_стиха": ""}'
CP.P6.II.46	b.NEH.9.30	0			'{"score": 0, "цитата_из_романа": "", "цитата_из_стиха": ""}'
CP.P6.II.46	b.MAT.28.6	0			'{"score": 0, "цитата_из_романа": "", "цитата_из_стиха": ""}'
CP.P6.II.46	b.JOH.4.19	2	пророк	пророк	'{"score": 2, "цитата_из_романа": "пророк", "цитата_из_стиха": "пророк"}'
CP.P6.II.46	b.JOB.32.16	2	ищите и обрящете	не говорят, остановились и не отвечают более	'{"score": 2, "цитата_из_романа": "ищите и обрящете", "цитата_из_стиха": "не говорят, остановились и не отвечают более"}'
CP.P6.II.46	b.ROM.7.1	1	ищите и обрящете	ищете и обрящете	'{"score": 1, "цитата_из_романа": "ищите и обрящете", "цитата_из_стиха": "ищете и обрящете"}'
CP.P6.II.46	b.LUK.7.26	2	пророк	пророка	'{"score": 2, "цитата_из_романа": "пророк", "цитата_из_стиха": "пророка"}'
CP.P6.II.46	b.JOB.35.14	1	ищите и обрящете	и – жди его	'{"score": 1, "цитата_из_романа": "ищите и обрящете", "цитата_из_стиха": "и – жди его"}'
CP.P6.II.46	b.DEU.24.15	0			'{"score": 0, "цитата_из_романа": "", "цитата_из_стиха": ""}'
CP.P6.II.46	b.JOH.13.33	2	ищите и обрящете	будете искать	'{"score": 2, "цитата_из_романа": "ищите и обрящете", "цитата_из_стиха": "будете искать"}'
CP.P6.II.46	b.ZEC.1.5	2	пророк	пророки	'{"score": 2, "цитата_из_романа": "пророк", "цитата_из_стиха": "пророки"}'
CP.P6.II.46	b.EZE.10.6	0			'{"score": 0, "цитата_из_романа": "", "цитата_из_стиха": ""}'
CP.P4.IV.177	b.GEN.31.30	0			'{"score": 0, "цитата_из_романа": "", "цитата_из_стиха": ""}'
CP.P4.IV.177	b.DAN.2.9	0			'{"score": 0, "цитата_из_романа": "", "цитата_из_стиха": ""}'
CP.P4.IV.177	b.GEN.44.26	0			'{"score": 0, "цитата_из_романа": "", "цитата_из_стиха": ""}'
CP.P4.IV.177	b.LUK.8.55	0			'{"score": 0, "цитата_из_романа": "", "цитата_из_стиха": ""}'
CP.P4.IV.177	b.1SA.20.9	0			'{"score": 0, "цитата_из_романа": "", "цитата_из_стиха": ""}'
CP.P4.IV.177	b.NUM.13.22	0			'{"score": 0, "цитата_из_романа": "", "цитата_из_стиха": ""}'
CP.P4.IV.177	b.GEN.42.33	0			'{"score": 0, "цитата_из_романа": "", "цитата_из_стиха": ""}'
CP.P4.IV.177	b.JER.46.5	0			'{"score": 0, "цитата_из_романа": "", "цитата_из_стиха": ""}'
CP.P4.IV.177	b.1SA.26.16	0			'{"score": 0, "цитата_из_романа": "", "цитата_из_стиха": ""}'
CP.P4.IV.177	b.EZE.43.7	0			'{"score": 0, "цитата_из_романа": "", "цитата_из_стиха": ""}'
CP.P4.IV.177	b.2CH.36.22	0			'{"score": 0, "цитата_из_романа": "", "цитата_из_стиха": ""}'
CP.P4.IV.177	b.EZE.14.18	2	дети -- образ Христов: "Сих есть царствие божие"	сыновей, ни дочерей	'{"score": 2, "цитата_из_романа": "дети -- образ Христов: \\"Сих есть царствие божие\\"", "цитата_из_стиха": "сыновей, ни дочерей"}'
CP.P4.IV.177	b.ROM.11.20	0			'{"score": 0, "цитата_из_романа": "", "цитата_из_стиха": ""}'
CP.P4.IV.177	b.2CO.11.11	0			'{"score": 0, "цитата_из_романа": "", "цитата_из_стиха": ""}'
CP.P4.IV.177	b.EZE.14.16	0			'{"score": 0, "цитата_из_романа": "", "цитата_из_стиха": ""}'
CP.P4.IV.177	b.1CO.6.9	0			'{"score": 0, "цитата_из_романа": "", "цитата_из_стиха": ""}'
CP.P4.IV.177	b.1CO.3.3	0			'{"score": 0, "цитата_из_романа": "", "цитата_из_стиха": ""}'
CP.P4.IV.177	b.1SA.1.7	0			'{"score": 0, "цитата_из_романа": "", "цитата_из_стиха": ""}'
CP.P4.IV.177	b.LUK.20.25	0			'{"score": 0, "цитата_из_романа": "", "цитата_из_стиха": ""}'
CP.P4.IV.177	b.EST.6.1	0			'{"score": 0, "цитата_из_романа": "", "цитата_из_стиха": ""}'
CP.P4.IV.177	b.NUM.31.18	0			'{"score": 0, "цитата_из_романа": "", "цитата_из_стиха": ""}'
CP.P4.IV.177	b.2CH.22.9	0			'{"score": 0, "цитата_из_романа": "", "цитата_из_стиха": ""}'
CP.P4.IV.177	b.LUK.18.16	2	образ Христов: 'Сих есть царствие божие'	таковых есть Царствие Божие	'{"score": 2, "цитата_из_романа": "образ Христов: \'Сих есть царствие божие\'", "цитата_из_стиха": "таковых есть Царствие Божие"}'
CP.P4.IV.177	b.EST.4.14	0			'{"score": 0, "цитата_из_романа": "", "цитата_из_стиха": ""}'
CP.P4.IV.177	b.MAT.22.21	0			'{"score": 0, "цитата_из_романа": "", "цитата_из_стиха": ""}'
CP.P4.IV.177	b.MAR.8.7	0			'{"score": 0, "цитата_из_романа": "", "цитата_из_стиха": ""}'
CP.P4.IV.177	b.MAL.2.14	0			'{"score": 0, "цитата_из_романа": "", "цитата_из_стиха": ""}'
CP.P4.IV.177	b.NUM.22.19	0			'{"score": 0, "цитата_из_романа": "", "цитата_из_стиха": ""}'
CP.P4.IV.177	b.EZE.5.11	0			'{"score": 0, "цитата_из_романа": "", "цитата_из_стиха": ""}'
CP.P4.IV.177	b.1CO.14.33	0			'{"score": 0, "цитата_из_романа": "", "цитата_из_стиха": ""}'
CP.P4.IV.177	b.JOE.1.3	2	дети	детям	'{"score": 2, "цитата_из_романа": "дети", "цитата_из_стиха": "детям"}'
CP.P4.IV.177	b.LUK.6.20	2	образ Христов	Блаженны нищие духом, ибо ваше есть Царствие Божие	'{"score": 2, "цитата_из_романа": "образ Христов", "цитата_из_стиха": "Блаженны нищие духом, ибо ваше есть Царствие Божие"}'
CP.P4.IV.177	b.JOH.1.38	0			'{"score": 0, "цитата_из_романа": "", "цитата_из_стиха": ""}'
CP.P4.IV.177	b.MAR.12.17	0			'{"score": 0, "цитата_из_романа": "", "цитата_из_стиха": ""}'
CP.P4.IV.177	b.MAR.10.14	2	Сих есть царствие божие	таковых есть Царствие Божие	'{"score": 2, "цитата_из_романа": "Сих есть царствие божие", "цитата_из_стиха": "таковых есть Царствие Божие"}'
CP.P4.IV.177	b.LEV.10.1	0			'{"score": 0, "цитата_из_романа": "", "цитата_из_стиха": ""}'
CP.P4.IV.177	b.LUK.1.18	0			'{"score": 0, "цитата_из_романа": "", "цитата_из_стиха": ""}'
CP.P4.IV.177	b.JER.31.29	0			'{"score": 0, "цитата_из_романа": "", "цитата_из_стиха": ""}'
CP.P4.IV.177	b.ACT.25.24	0			'{"score": 0, "цитата_из_романа": "", "цитата_из_стиха": ""}'
CP.P4.IV.177	b.RUT.1.16	0			'{"score": 0, "цитата_из_романа": "", "цитата_из_стиха": ""}'
CP.P4.IV.177	b.LUK.17.21	2	образ Христов	Царствие Божие	'{"score": 2, "цитата_из_романа": "образ Христов", "цитата_из_стиха": "Царствие Божие"}'
CP.P4.IV.177	b.MAT.19.12	0			'{"score": 0, "цитата_из_романа": "", "цитата_из_стиха": ""}'
CP.P4.IV.177	b.JOB.14.21	2	дети	дети	'{"score": 2, "цитата_из_романа": "дети", "цитата_из_стиха": "дети"}'
CP.P4.IV.177	b.MAR.9.9	0			'{"score": 0, "цитата_из_романа": "", "цитата_из_стиха": ""}'
CP.P4.IV.177	b.PSA.56.9	0			'{"score": 0, "цитата_из_романа": "", "цитата_из_стиха": ""}'
CP.P4.IV.177	b.1SA.25.33	0			'{"score": 0, "цитата_из_романа": "", "цитата_из_стиха": ""}'
CP.P4.IV.177	b.JOH.1.39	0			'{"score": 0, "цитата_из_романа": "", "цитата_из_стиха": ""}'
CP.P4.IV.177	b.1SA.22.3	0			'{"score": 0, "цитата_из_романа": "", "цитата_из_стиха": ""}'
CP.P4.IV.177	b.JOH.11.1	0			'{"score": 0, "цитата_из_романа": "", "цитата_из_стиха": ""}'
CP.P4.IV.177	b.1PE.2.20	0			'{"score": 0, "цитата_из_романа": "", "цитата_из_стиха": ""}'
CP.P4.IV.177	b.EZE.18.2	0			'{"score": 0, "цитата_из_романа": "", "цитата_из_стиха": ""}'
CP.P4.IV.177	b.EZE.3.15	0			'{"score": 0, "цитата_из_романа": "", "цитата_из_стиха": ""}'
CP.P4.IV.177	b.RUT.1.13	0			'{"score": 0, "цитата_из_романа": "", "цитата_из_стиха": ""}'
CP.P4.IV.177	b.EZR.1.4	0			'{"score": 0, "цитата_из_романа": "", "цитата_из_стиха": ""}'
CP.P4.IV.177	b.JOH.13.33	2	дети	Дети	'{"score": 2, "цитата_из_романа": "дети", "цитата_из_стиха": "Дети"}'
CP.P4.IV.177	b.JOB.31.11	0			'{"score": 0, "цитата_из_романа": "", "цитата_из_стиха": ""}'
CP.P4.IV.177	b.JER.48.38	0			'{"score": 0, "цитата_из_романа": "", "цитата_из_стиха": ""}'
CP.P4.IV.157	b.MAT.24.2	0			'{"score": 0, "цитата_из_романа": "", "цитата_из_стиха": ""}'
CP.P4.IV.157	b.MAT.26.50	0			'{"score": 0, "цитата_из_романа": "", "цитата_из_стиха": ""}'
CP.P4.IV.157	b.1JO.5.19	0			'{"score": 0, "цитата_из_романа": "", "цитата_из_стиха": ""}'
CP.P4.IV.157	b.MAT.9.22	0			'{"score": 0, "цитата_из_романа": "", "цитата_из_стиха": ""}'
CP.P4.IV.157	b.JOH.11.39	3	Иисус говорит: отнимите камень. Сестра умершего Марфа говорит ему: господи! уже смердит; ибо четыре дни, как он во гробе	Иисус говорит: отнимите камень. Сестра умершего, Марфа, говорит Ему: Господи! уже смердит; ибо четыре дня, как он во гробе	'{"score": 3, "цитата_из_романа": "Иисус говорит: отнимите камень. Сестра умершего Марфа говорит ему: господи! уже смердит; ибо четыре дни, как он во гробе", "цитата_из_стиха": "Иисус говорит: отнимите'
CP.P4.IV.157	b.ZEC.3.9	0			'{"score": 0, "цитата_из_романа": "", "цитата_из_стиха": ""}'
CP.P4.IV.157	b.1SA.24.3	0			'{"score": 0, "цитата_из_романа": "", "цитата_из_стиха": ""}'
CP.P4.IV.157	b.JOH.5.17	0			'{"score": 0, "цитата_из_романа": "", "цитата_из_стиха": ""}'
CP.P4.IV.157	b.1KI.19.9	0			'{"score": 0, "цитата_из_романа": "", "цитата_из_стиха": ""}'
CP.P4.IV.157	b.MAT.8.7	0			'{"score": 0, "цитата_из_романа": "", "цитата_из_стиха": ""}'
CP.P4.IV.157	b.MAT.21.16	0			'{"score": 0, "цитата_из_романа": "", "цитата_из_стиха": ""}'
CP.P4.IV.157	b.DEU.31.14	0			'{"score": 0, "цитата_из_романа": "", "цитата_из_стиха": ""}'
CP.P4.IV.157	b.MAT.4.10	0			'{"score": 0, "цитата_из_романа": "", "цитата_из_стиха": ""}'
CP.P4.IV.157	b.MAT.17.20	0			'{"score": 0, "цитата_из_романа": "", "цитата_из_стиха": ""}'
CP.P4.IV.157	b.LUK.23.34	0			'{"score": 0, "цитата_из_романа": "", "цитата_из_стиха": ""}'
CP.P4.IV.157	b.JOS.7.25	0			'{"score": 0, "цитата_из_романа": "", "цитата_из_стиха": ""}'
CP.P4.IV.157	b.JOH.21.23	0			'{"score": 0, "цитата_из_романа": "", "цитата_из_стиха": ""}'
CP.P4.IV.157	b.JOH.11.41	2	отнимите камень	отняли камень	'{"score": 2, "цитата_из_романа": "отнимите камень", "цитата_из_стиха": "отняли камень"}'
CP.P4.IV.157	b.MAT.9.12	0			'{"score": 0, "цитата_из_романа": "", "цитата_из_стиха": ""}'
CP.P4.IV.157	b.MAT.21.21	0			'{"score": 0, "цитата_из_романа": "", "цитата_из_стиха": ""}'
CP.P4.IV.157	b.JOS.13.1	0			'{"score": 0, "цитата_из_романа": "", "цитата_из_стиха": ""}'
CP.P4.IV.157	b.JOH.1.38	0			'{"score": 0, "цитата_из_романа": "", "цитата_из_стиха": ""}'
CP.P4.IV.157	b.MAT.19.18	0			'{"score": 0, "цитата_из_романа": "", "цитата_из_стиха": ""}'
CP.P4.IV.157	b.HOS.14.2	0			'{"score": 0, "цитата_из_романа": "", "цитата_из_стиха": ""}'
CP.P4.IV.157	b.MAT.8.20	0			'{"score": 0, "цитата_из_романа": "", "цитата_из_стиха": ""}'
CP.P4.IV.157	b.MAT.26.52	0			'{"score": 0, "цитата_из_романа": "", "цитата_из_стиха": ""}'
CP.P4.IV.157	b.JOH.11.38	3	Иисус же, опять скорбя внутренно, проходит ко гробу. То была пещера, и камень лежал на ней.	Иисус же, опять скорбя внутренно, приходит ко гробу. То была пещера, и камень лежал на ней.	'{"score": 3, "цитата_из_романа": "Иисус же, опять скорбя внутренно, проходит ко гробу. То была пещера, и камень лежал на ней.", "цитата_из_стиха": "Иисус же, опять скорбя внутренно, приходит ко гробу.'
CP.P4.IV.157	b.MAT.27.11	0			'{"score": 0, "цитата_из_романа": "", "цитата_из_стиха": ""}'
CP.P4.IV.157	b.EZE.45.19	0			'{"score": 0, "цитата_из_романа": "", "цитата_из_стиха": ""}'
CP.P4.IV.157	b.MAT.26.64	0			'{"score": 0, "цитата_из_романа": "", "цитата_из_стиха": ""}'
CP.P4.IV.157	b.2KI.6.17	0			'{"score": 0, "цитата_из_романа": "", "цитата_из_стиха": ""}'
CP.P4.IV.157	b.LUK.7.6	0			'{"score": 0, "цитата_из_романа": "", "цитата_из_стиха": ""}'
CP.P4.IV.157	b.MAT.26.25	0			'{"score": 0, "цитата_из_романа": "", "цитата_из_стиха": ""}'
CP.P4.IV.157	b.MAT.9.4	0			'{"score": 0, "цитата_из_романа": "", "цитата_из_стиха": ""}'
CP.P4.IV.157	b.MAT.9.28	0			'{"score": 0, "цитата_из_романа": "", "цитата_из_стиха": ""}'
CP.P4.IV.157	b.MAT.20.34	0			'{"score": 0, "цитата_из_романа": "", "цитата_из_стиха": ""}'
CP.P4.IV.157	b.ZEC.3.3	0			'{"score": 0, "цитата_из_романа": "", "цитата_из_стиха": ""}'
CP.P4.IV.157	b.MAT.27.50	0			'{"score": 0, "цитата_из_романа": "", "цитата_из_стиха": ""}'
CP.P4.IV.157	b.LUK.10.41	0			'{"score": 0, "цитата_из_романа": "", "цитата_из_стиха": ""}'
CP.P4.IV.157	b.MAT.28.6	0			'{"score": 0, "цитата_из_романа": "", "цитата_из_стиха": ""}'
CP.P4.IV.157	b.MAT.18.22	0			'{"score": 0, "цитата_из_романа": "", "цитата_из_стиха": ""}'
CP.P4.IV.157	b.JOH.5.8	0			'{"score": 0, "цитата_из_романа": "", "цитата_из_стиха": ""}'
CP.P4.IV.157	b.JOB.41.30	0			'{"score": 0, "цитата_из_романа": "", "цитата_из_стиха": ""}'
CP.P4.IV.157	b.JOH.20.11	0			'{"score": 0, "цитата_из_романа": "", "цитата_из_стиха": ""}'
CP.P4.IV.157	b.ISA.14.19	0			'{"score": 0, "цитата_из_романа": "", "цитата_из_стиха": ""}'
CP.P4.IV.157	b.MAT.8.4	0			'{"score": 0, "цитата_из_романа": "", "цитата_из_стиха": ""}'
CP.P4.IV.157	b.JDG.11.40	0			'{"score": 0, "цитата_из_романа": "", "цитата_из_стиха": ""}'
CP.P4.IV.157	b.RUT.3.8	0			'{"score": 0, "цитата_из_романа": "", "цитата_из_стиха": ""}'
CP.P4.IV.157	b.JOS.10.18	0			'{"score": 0, "цитата_из_романа": "", "цитата_из_стиха": ""}'
CP.P4.IV.157	b.JOH.11.44	2	отнимите камень	развяжите его	'{"score": 2, "цитата_из_романа": "отнимите камень", "цитата_из_стиха": "развяжите его"}'
CP.P4.IV.157	b.MAT.21.31	0			'{"score": 0, "цитата_из_романа": "", "цитата_из_стиха": ""}'
CP.P4.IV.157	b.PSA.142.1	0			'{"score": 0, "цитата_из_романа": "", "цитата_из_стиха": ""}'
CP.P4.IV.157	b.JOH.11.17	2	четыре дни	четыре дня	'{"score": 2, "цитата_из_романа": "четыре дни", "цитата_из_стиха": "четыре дня"}'
CP.P4.IV.157	b.LUK.23.49	0			'{"score": 0, "цитата_из_романа": "", "цитата_из_стиха": ""}'
CP.P3.I.43	b.MIC.4.9	0			'{"score": 0, "цитата_из_романа": "", "цитата_из_стиха": ""}'
CP.P3.I.43	b.2CH.18.7	0			'{"score": 0, "цитата_из_романа": "", "цитата_из_стиха": ""}'
CP.P3.I.43	b.JOB.6.26	2	ври	придумываете речи	'{"score": 2, "цитата_из_романа": "ври", "цитата_из_стиха": "придумываете речи"}'
CP.P3.I.43	b.GEN.30.33	0			'{"score": 0, "цитата_из_романа": "", "цитата_из_стиха": ""}'
CP.P3.I.43	b.LUK.22.47	2	и я тебя тогда поцелую	чтобы поцеловать Его	'{"score": 2, "цитата_из_романа": "и я тебя тогда поцелую", "цитата_из_стиха": "чтобы поцеловать Его"}'
CP.P3.I.43	b.ROM.11.20	0			'{"score": 0, "цитата_из_романа": "", "цитата_из_стиха": ""}'
CP.P3.I.43	b.1CO.9.8	0			'{"score": 0, "цитата_из_романа": "", "цитата_из_стиха": ""}'
CP.P3.I.43	b.1CH.26.6	0			'{"score": 0, "цитата_из_романа": "", "цитата_из_стиха": ""}'
CP.P3.I.43	b.MAT.26.48	2	и я тебя тогда поцелую	дал им знак, сказав: Кого я поцелую	'{"score": 2, "цитата_из_романа": "и я тебя тогда поцелую", "цитата_из_стиха": "дал им знак, сказав: Кого я поцелую"}'
CP.P3.I.43	b.1CO.3.3	0			'{"score": 0, "цитата_из_романа": "", "цитата_из_стиха": ""}'
CP.P3.I.43	b.HEB.9.7	0			'{"score": 0, "цитата_из_романа": "", "цитата_из_стиха": ""}'
CP.P3.I.43	b.JER.34.17	0			'{"score": 0, "цитата_из_романа": "", "цитата_из_стиха": ""}'
CP.P3.I.43	b.EZE.28.2	0			'{"score": 0, "цитата_из_романа": "", "цитата_из_стиха": ""}'
CP.P3.I.43	b.JOB.6.25	0			'{"score": 0, "цитата_из_романа": "", "цитата_из_стиха": ""}'
CP.P3.I.43	b.EZE.38.14	0			'{"score": 0, "цитата_из_романа": "", "цитата_из_стиха": ""}'
CP.P3.I.43	b.ECC.1.16	0			'{"score": 0, "цитата_из_романа": "", "цитата_из_стиха": ""}'
CP.P3.I.43	b.PRO.17.7	2	вру	лживые	'{"score": 2, "цитата_из_романа": "вру", "цитата_из_стиха": "лживые"}'
CP.P3.I.43	b.MAR.13.23	0			'{"score": 0, "цитата_из_романа": "", "цитата_из_стиха": ""}'
CP.P3.I.43	b.MAR.14.44	0			'{"score": 0, "цитата_из_романа": "", "цитата_из_стиха": ""}'
CP.P3.I.43	b.JER.8.14				'{"score": 1, "цитата_из_романа": "все, все, все, все, все", "цитата_из_стиха": "все, все, все, все, все, все, все, все, все, все, все, все, все, все, все, все, все, все, все, все, все, все, все, все, '
CP.P3.I.43	b.JER.27.16	0			'{"score": 0, "цитата_из_романа": "", "цитата_из_стиха": ""}'
CP.P3.I.43	b.PRO.31.29	0			'{"score": 0, "цитата_из_романа": "", "цитата_из_стиха": ""}'
CP.P3.I.43	b.JOB.36.4	2	вру	точно не ложь	'{"score": 2, "цитата_из_романа": "вру", "цитата_из_стиха": "точно не ложь"}'
CP.P3.I.43	b.ISA.17.12	0			'{"score": 0, "цитата_из_романа": "", "цитата_из_стиха": ""}'
CP.P3.I.43	b.2TI.2.7	1	говорю	что я говорю	'{"score": 1, "цитата_из_романа": "говорю", "цитата_из_стиха": "что я говорю"}'
CP.P3.I.43	b.ZEC.6.2	0			'{"score": 0, "цитата_из_романа": "", "цитата_из_стиха": ""}'
CP.P3.I.43	b.GEN.15.10	0			'{"score": 0, "цитата_из_романа": "", "цитата_из_стиха": ""}'
CP.P3.I.43	b.PRO.1.20	0			'{"score": 0, "цитата_из_романа": "", "цитата_из_стиха": ""}'
CP.P3.I.43	b.JAM.3.2	0			'{"score": 0, "цитата_из_романа": "", "цитата_из_стиха": ""}'
CP.P3.I.43	b.EZE.38.17	0			'{"score": 0, "цитата_из_романа": "", "цитата_из_стиха": ""}'
CP.P3.I.43	b.2CO.12.19	0			'{"score": 0, "цитата_из_романа": "", "цитата_из_стиха": ""}'
CP.P3.I.43	b.PSA.93.3	0			'{"score": 0, "цитата_из_романа": "", "цитата_из_стиха": ""}'
CP.P3.I.43	b.1CO.4.8	0			'{"score": 0, "цитата_из_романа": "", "цитата_из_стиха": ""}'
CP.P3.I.43	b.2SA.12.7	0			'{"score": 0, "цитата_из_романа": "", "цитата_из_стиха": ""}'
CP.P3.I.43	b.EZE.3.27	0			'{"score": 0, "цитата_из_романа": "", "цитата_из_стиха": ""}'
CP.P3.I.43	b.ISA.27.7	0			'{"score": 0, "цитата_из_романа": "", "цитата_из_стиха": ""}'
CP.P3.I.43	b.PRO.8.1	2	соврешь -- до правды дойдешь	не разум ли возвышает голос свой	'{"score": 2, "цитата_из_романа": "соврешь -- до правды дойдешь", "цитата_из_стиха": "не разум ли возвышает голос свой"}'
CP.P3.I.43	b.PRO.16.22	1	раз	имеющих	'{"score": 1, "цитата_из_романа": "раз", "цитата_из_стиха": "имеющих"}'
CP.P3.I.43	b.LUK.7.8	0			'{"score": 0, "цитата_из_романа": "", "цитата_из_стиха": ""}'
CP.P3.I.43	b.2CO.11.21	0			'{"score": 0, "цитата_из_романа": "", "цитата_из_стиха": ""}'
CP.P3.I.43	b.2CH.9.6	0			'{"score": 0, "цитата_из_романа": "", "цитата_из_стиха": ""}'
CP.P3.I.43	b.EZE.17.9	0			'{"score": 0, "цитата_из_романа": "", "цитата_из_стиха": ""}'
CP.P3.I.43	b.PSA.137.1	0			'{"score": 0, "цитата_из_романа": "", "цитата_из_стиха": ""}'
CP.P3.I.43	b.EZE.13.8	1	врут	говорите пустое	'{"score": 1, "цитата_из_романа": "врут", "цитата_из_стиха": "говорите пустое"}'
CP.P3.I.43	b.ROM.1.23	0			'{"score": 0, "цитата_из_романа": "", "цитата_из_стиха": ""}'
CP.P3.I.43	b.2CO.8.7	0			'{"score": 0, "цитата_из_романа": "", "цитата_из_стиха": ""}'
CP.P3.I.43	b.ISA.59.4	2	вру	говорят ложь	'{"score": 2, "цитата_из_романа": "вру", "цитата_из_стиха": "говорят ложь"}'
CP.P3.I.43	b.JOS.10.36	0			'{"score": 0, "цитата_из_романа": "", "цитата_из_стиха": ""}'
CP.P2.II.48	b.LUK.23.49	0			'{"score": 0, "цитата_из_романа": "", "цитата_из_стиха": ""}'
CP.P2.II.48	b.REV.21.16	0			'{"score": 0, "цитата_из_романа": "", "цитата_из_стиха": ""}'
CP.P2.II.48	b.2CO.12.13	0			'{"score": 0, "цитата_из_романа": "", "цитата_из_стиха": ""}'
CP.P2.II.48	b.PRO.7.22	0			'{"score": 0, "цитата_из_романа": "", "цитата_из_стиха": ""}'
CP.P2.II.48	b.EZE.42.12	0			'{"score": 0, "цитата_из_романа": "", "цитата_из_стиха": ""}'
CP.P2.II.48	b.GAL.5.21	0			'{"score": 0, "цитата_из_романа": "", "цитата_из_стиха": ""}'
CP.P2.II.48	b.ISA.10.15	0			'{"score": 0, "цитата_из_романа": "", "цитата_из_стиха": ""}'
CP.P2.II.48	b.GEN.4.5	0			'{"score": 0, "цитата_из_романа": "", "цитата_из_стиха": ""}'
CP.P2.II.48	b.LUK.23.35	0			'{"score": 0, "цитата_из_романа": "", "цитата_из_стиха": ""}'
CP.P2.II.48	b.1SA.25.15	0			'{"score": 0, "цитата_из_романа": "", "цитата_из_стиха": ""}'
CP.P2.II.48	b.1KI.22.43	0			'{"score": 0, "цитата_из_романа": "", "цитата_из_стиха": ""}'
CP.P2.II.48	b.MAR.9.25	2	неясным и неразрешимым впечатлением	немой и глухой	'{"score": 2, "цитата_из_романа": "неясным и неразрешимым впечатлением", "цитата_из_стиха": "немой и глухой"}'
CP.P2.II.48	b.MAR.11.27	0			'{"score": 0, "цитата_из_романа": "", "цитата_из_стиха": ""}'
CP.P2.II.48	b.GEN.19.14	0			'{"score": 0, "цитата_из_романа": "", "цитата_из_стиха": ""}'
CP.P2.II.48	b.1TH.4.6	0			'{"score": 0, "цитата_из_романа": "", "цитата_из_стиха": ""}'
CP.P2.II.48	b.ISA.5.28	0			'{"score": 0, "цитата_из_романа": "", "цитата_из_стиха": ""}'
CP.P2.II.48	b.MAL.1.13	0			'{"score": 0, "цитата_из_романа": "", "цитата_из_стиха": ""}'
CP.P2.II.48	b.ACT.1.11	0			'{"score": 0, "цитата_из_романа": "", "цитата_из_стиха": ""}'
CP.P2.II.48	b.ACT.6.15	0			'{"score": 0, "цитата_из_романа": "", "цитата_из_стиха": ""}'
CP.P2.II.48	b.1SA.1.7	0			'{"score": 0, "цитата_из_романа": "", "цитата_из_стиха": ""}'
CP.P2.II.48	b.LAM.1.7	0			'{"score": 0, "цитата_из_романа": "", "цитата_из_стиха": ""}'
CP.P2.II.48	b.LAM.1.8	0			'{"score": 0, "цитата_из_романа": "", "цитата_из_стиха": ""}'
CP.P2.II.48	b.EZE.41.25	0			'{"score": 0, "цитата_из_романа": "", "цитата_из_стиха": ""}'
CP.P2.II.48	b.1KI.14.4	0			'{"score": 0, "цитата_из_романа": "", "цитата_из_стиха": ""}'
CP.P2.II.48	b.HEB.10.33	0			'{"score": 0, "цитата_из_романа": "", "цитата_из_стиха": ""}'
CP.P2.II.48	b.2KI.23.6	0			'{"score": 0, "цитата_из_романа": "", "цитата_из_стиха": ""}'
CP.P2.II.48	b.ISA.25.2	0			'{"score": 0, "цитата_из_романа": "", "цитата_из_стиха": ""}'
CP.P2.II.48	b.LEV.26.45	0			'{"score": 0, "цитата_из_романа": "", "цитата_из_стиха": ""}'
CP.P2.II.48	b.1KI.15.3	0			'{"score": 0, "цитата_из_романа": "", "цитата_из_стиха": ""}'
CP.P2.II.48	b.1KI.10.5	0			'{"score": 0, "цитата_из_романа": "", "цитата_из_стиха": ""}'
CP.P2.II.48	b.NEH.6.4	0			'{"score": 0, "цитата_из_романа": "", "цитата_из_стиха": ""}'
CP.P2.II.48	b.NUM.23.9	0			'{"score": 0, "цитата_из_романа": "", "цитата_из_стиха": ""}'
CP.P2.II.48	b.EST.1.13	0			'{"score": 0, "цитата_из_романа": "", "цитата_из_стиха": ""}'
CP.P2.II.48	b.LAM.1.1	0			'{"score": 0, "цитата_из_романа": "", "цитата_из_стиха": ""}'
CP.P2.II.48	b.PRO.13.10	0			'{"score": 0, "цитата_из_романа": "", "цитата_из_стиха": ""}'
CP.P2.II.48	b.GEN.28.11	0			'{"score": 0, "цитата_из_романа": "", "цитата_из_стиха": ""}'
CP.P2.II.48	b.DAN.7.19	0			'{"score": 0, "цитата_из_романа": "", "цитата_из_стиха": ""}'
CP.P2.II.48	b.SON.5.12	0			'{"score": 0, "цитата_из_романа": "", "цитата_из_стиха": ""}'
CP.P2.II.48	b.JOS.8.6	0			'{"score": 0, "цитата_из_романа": "", "цитата_из_стиха": ""}'
CP.P2.II.48	b.DAN.7.4	0			'{"score": 0, "цитата_из_романа": "", "цитата_из_стиха": ""}'
CP.P2.II.48	b.2CH.9.4	0			'{"score": 0, "цитата_из_романа": "", "цитата_из_стиха": ""}'
CP.P2.II.48	b.ISA.36.17	0			'{"score": 0, "цитата_из_романа": "", "цитата_из_стиха": ""}'
CP.P2.II.48	b.JOS.6.15	0			'{"score": 0, "цитата_из_романа": "", "цитата_из_стиха": ""}'
CP.P2.II.48	b.JOS.8.5	0			'{"score": 0, "цитата_из_романа": "", "цитата_из_стиха": ""}'
CP.P2.II.48	b.HAG.2.3	2	вспомнил он про эти прежние свои вопросы и недоумения	кто остался между вами, который видел этот дом в прежней его славе	'{"score": 2, "цитата_из_романа": "вспомнил он про эти прежние свои вопросы и недоумения", "цитата_из_стиха": "кто остался между вами, который видел этот дом в прежней его славе"}'
CP.P2.II.48	b.JOB.20.6	0			'{"score": 0, "цитата_из_романа": "", "цитата_из_стиха": ""}'
CP.P2.II.48	b.EZE.26.12	0			'{"score": 0, "цитата_из_романа": "", "цитата_из_стиха": ""}'
CP.P2.II.48	b.EXO.15.25	0			'{"score": 0, "цитата_из_романа": "", "цитата_из_стиха": ""}'
CP.P2.II.48	b.PHI.1.30	0			'{"score": 0, "цитата_из_романа": "", "цитата_из_стиха": ""}'
CP.P2.II.48	b.EXO.7.23	0			'{"score": 0, "цитата_из_романа": "", "цитата_из_стиха": ""}'
CP.P2.II.48	b.LAM.1.9	0			'{"score": 0, "цитата_из_романа": "", "цитата_из_стиха": ""}'
CP.P2.II.48	b.1SA.24.5	0			'{"score": 0, "цитата_из_романа": "", "цитата_из_стиха": ""}'
CP.P2.II.48	b.HEB.2.8	0			'{"score": 0, "цитата_из_романа": "", "цитата_из_стиха": ""}'
CP.P2.II.48	b.JDG.20.32	0			'{"score": 0, "цитата_из_романа": "", "цитата_из_стиха": ""}'
CP.P2.II.48	b.ISA.57.10	0			'{"score": 0, "цитата_из_романа": "", "цитата_из_стиха": ""}'
CP.P2.II.48	b.EXO.10.19	0			'{"score": 0, "цитата_из_романа": "", "цитата_из_стиха": ""}'
CP.P2.II.48	b.PSA.45.10	0			'{"score": 0, "цитата_из_романа": "", "цитата_из_стиха": ""}'
CP.P2.II.48	b.HEB.6.11	0			'{"score": 0, "цитата_из_романа": "", "цитата_из_стиха": ""}'
CP.P2.II.48	b.JER.28.16	0			'{"score": 0, "цитата_из_романа": "", "цитата_из_стиха": ""}'
CP.P2.II.48	b.JDG.16.20	0			'{"score": 0, "цитата_из_романа": "", "цитата_из_стиха": ""}'
CP.P2.II.48	b.NUM.28.8	0			'{"score": 0, "цитата_из_романа": "", "цитата_из_стиха": ""}'
CP.P2.II.48	b.ZEC.5.8	0			'{"score": 0, "цитата_из_романа": "", "цитата_из_стиха": ""}'
CP.P2.II.48	b.JOS.20.6	0			'{"score": 0, "цитата_из_романа": "", "цитата_из_стиха": ""}'
CP.P2.II.48	b.ACT.3.12	0			'{"score": 0, "цитата_из_романа": "", "цитата_из_стиха": ""}'
CP.P2.II.48	b.EZE.40.3	0			'{"score": 0, "цитата_из_романа": "", "цитата_из_стиха": ""}'
CP.P2.II.48	b.LUK.19.41	2	остановиться именно на этом же самом месте пристально вглядываться	заплакал о нем	'{"score": 2, "цитата_из_романа": "остановиться именно на этом же самом месте пристально вглядываться", "цитата_из_стиха": "заплакал о нем"}'
CP.P2.II.48	b.EZE.1.27	0			'{"score": 0, "цитата_из_романа": "", "цитата_из_стиха": ""}'
CP.P2.II.48	b.ZEC.14.15	0			'{"score": 0, "цитата_из_романа": "", "цитата_из_стиха": ""}'
CP.P2.II.48	b.LEV.13.32	0			'{"score": 0, "цитата_из_романа": "", "цитата_из_стиха": ""}'
CP.P6.VIII.24	b.NUM.2.17	0			'{"score": 0, "цитата_из_романа": "", "цитата_из_стиха": ""}'
CP.P6.VIII.24	b.MAR.14.72	0			'{"score": 0, "цитата_из_романа": "", "цитата_из_стиха": ""}'
CP.P6.VIII.24	b.GEN.4.5	0			'{"score": 0, "цитата_из_романа": "", "цитата_из_стиха": ""}'
CP.P6.VIII.24	b.HAB.3.6	0			'{"score": 0, "цитата_из_романа": "", "цитата_из_стиха": ""}'
CP.P6.VIII.24	b.REV.13.3	0			'{"score": 0, "цитата_из_романа": "", "цитата_из_стиха": ""}'
CP.P6.VIII.24	b.ECC.9.14	0			'{"score": 0, "цитата_из_романа": "", "цитата_из_стиха": ""}'
CP.P6.VIII.24	b.JER.50.7	0			'{"score": 0, "цитата_из_романа": "", "цитата_из_стиха": ""}'
CP.P6.VIII.24	b.EZE.22.4	0			'{"score": 0, "цитата_из_романа": "", "цитата_из_стиха": ""}'
CP.P6.VIII.24	b.DEU.31.28	1	скажи вслух	скажу вслух их слова сии	'{"score": 1, "цитата_из_романа": "скажи вслух", "цитата_из_стиха": "скажу вслух их слова сии"}'
CP.P6.VIII.24	b.EZE.28.16	0			'{"score": 0, "цитата_из_романа": "", "цитата_из_стиха": ""}'
CP.P6.VIII.24	b.NEH.8.7	0			'{"score": 0, "цитата_из_романа": "", "цитата_из_стиха": ""}'
CP.P6.VIII.24	b.JER.50.15	0			'{"score": 0, "цитата_из_романа": "", "цитата_из_стиха": ""}'
CP.P6.VIII.24	b.2KI.10.9	0			'{"score": 0, "цитата_из_романа": "", "цитата_из_стиха": ""}'
CP.P6.VIII.24	b.PSA.105.42	0			'{"score": 0, "цитата_из_романа": "", "цитата_из_стиха": ""}'
CP.P6.VIII.24	b.ACT.11.16	0			'{"score": 0, "цитата_из_романа": "", "цитата_из_стиха": ""}'
CP.P6.VIII.24	b.ECC.8.9	0			'{"score": 0, "цитата_из_романа": "", "цитата_из_стиха": ""}'
CP.P6.VIII.24	b.LAM.1.2	0			'{"score": 0, "цитата_из_романа": "", "цитата_из_стиха": ""}'
CP.P6.VIII.24	b.ROM.5.12	0			'{"score": 0, "цитата_из_романа": "", "цитата_из_стиха": ""}'
CP.P6.VIII.24	b.ROM.3.23	0			'{"score": 0, "цитата_из_романа": "", "цитата_из_стиха": ""}'
CP.P6.VIII.24	b.ACT.7.60	0			'{"score": 0, "цитата_из_романа": "", "цитата_из_стиха": ""}'
CP.P6.VIII.24	b.DAN.9.8	2	согрешил	согрешили	'{"score": 2, "цитата_из_романа": "согрешил", "цитата_из_стиха": "согрешили"}'
CP.P6.VIII.24	b.MAR.9.20	0			'{"score": 0, "цитата_из_романа": "", "цитата_из_стиха": ""}'
CP.P6.VIII.24	b.2SA.3.34	0			'{"score": 0, "цитата_из_романа": "", "цитата_из_стиха": ""}'
CP.P6.VIII.24	b.MAT.26.75	2	вспомнил слова	вспомнил слово	'{"score": 2, "цитата_из_романа": "вспомнил слова", "цитата_из_стиха": "вспомнил слово"}'
CP.P6.VIII.24	b.MIC.7.9	0			'{"score": 0, "цитата_из_романа": "", "цитата_из_стиха": ""}'
CP.P6.VIII.24	b.REV.1.7	0			'{"score": 0, "цитата_из_романа": "", "цитата_из_стиха": ""}'
CP.P6.VIII.24	b.JER.28.7	1	скажи всему миру вслух	слово сие, которое я скажу вслух тебе и вслух всего народа	'{"score": 1, "цитата_из_романа": "скажи всему миру вслух", "цитата_из_стиха": "слово сие, которое я скажу вслух тебе и вслух всего народа"}'
CP.P6.VIII.24	b.DAN.10.9	2	поклонись народу, поцелуй землю	воцепенении пал я на лице мое и лежал лицем к земли	'{"score": 2, "цитата_из_романа": "поклонись народу, поцелуй землю", "цитата_из_стиха": "воцепенении пал я на лице мое и лежал лицем к земли"}'
CP.P6.VIII.24	b.MAR.3.5	0			'{"score": 0, "цитата_из_романа": "", "цитата_из_стиха": ""}'
CP.P6.VIII.24	b.JER.20.9	0			'{"score": 0, "цитата_из_романа": "", "цитата_из_стиха": ""}'
CP.P6.VIII.24	b.ACT.9.4	2	он так и ринулся в возможность этого цельного, нового, полного ощущения	и хлынули слезы	'{"score": 2, "цитата_из_романа": "он так и ринулся в возможность этого цельного, нового, полного ощущения", "цитата_из_стиха": "и хлынули слезы"}'
CP.P6.VIII.24	b.LAM.1.20	0			'{"score": 0, "цитата_из_романа": "", "цитата_из_стиха": ""}'
CP.P6.VIII.24	b.NUM.16.45	0			'{"score": 0, "цитата_из_романа": "", "цитата_из_стиха": ""}'
CP.P6.VIII.24	b.MAT.18.26	1	поклонись народу	кланяясь ему	'{"score": 1, "цитата_из_романа": "поклонись народу", "цитата_из_стиха": "кланяясь ему"}'
CP.P6.VIII.24	b.LUK.22.61	0			'{"score": 0, "цитата_из_романа": "", "цитата_из_стиха": ""}'
CP.P6.VIII.24	b.2CH.34.27	0			'{"score": 0, "цитата_из_романа": "", "цитата_из_стиха": ""}'
CP.P6.VIII.24	b.JER.40.3	0			'{"score": 0, "цитата_из_романа": "", "цитата_из_стиха": ""}'
CP.P6.VIII.24	b.LUK.7.38	0			'{"score": 0, "цитата_из_романа": "", "цитата_из_стиха": ""}'
CP.P6.VIII.24	b.LUK.24.8	1	вспомнил слова	вспомнили слова	'{"score": 1, "цитата_из_романа": "вспомнил слова", "цитата_из_стиха": "вспомнили слова"}'
CP.P6.VIII.24	b.ZEP.1.17	0			'{"score": 0, "цитата_из_романа": "", "цитата_из_стиха": ""}'
CP.P6.VIII.24	b.DAN.8.17	0			'{"score": 0, "цитата_из_романа": "", "цитата_из_стиха": ""}'
CP.P6.VIII.24	b.1KI.13.1	0			'{"score": 0, "цитата_из_романа": "", "цитата_из_стиха": ""}'
CP.P6.VIII.24	b.1JO.3.8	0			'{"score": 0, "цитата_из_романа": "", "цитата_из_стиха": ""}'
CP.P6.VIII.24	b.1SA.17.49	0			'{"score": 0, "цитата_из_романа": "", "цитата_из_стиха": ""}'
CP.P6.VIII.24	b.PSA.47.8	0			'{"score": 0, "цитата_из_романа": "", "цитата_из_стиха": ""}'
CP.P1.II.17	b.ISA.54.4	1	не смущайся	не смущайся	'{"score": 1, "цитата_из_романа": "не смущайся", "цитата_из_стиха": "не смущайся"}'
CP.P1.II.17	b.GEN.19.20	0			'{"score": 0, "цитата_из_романа": "", "цитата_из_стиха": ""}'
CP.P1.II.17	b.ECC.12.14	0			'{"score": 0, "цитата_из_романа": "", "цитата_из_стиха": ""}'
CP.P1.II.17	b.1KI.18.12	0			'{"score": 0, "цитата_из_романа": "", "цитата_из_стиха": ""}'
CP.P1.II.17	b.NUM.10.13	0			'{"score": 0, "цитата_из_романа": "", "цитата_из_стиха": ""}'
CP.P1.II.17	b.GEN.12.19	0			'{"score": 0, "цитата_из_романа": "", "цитата_из_стиха": ""}'
CP.P1.II.17	b.2SA.17.12	0			'{"score": 0, "цитата_из_романа": "", "цитата_из_стиха": ""}'
CP.P1.II.17	b.MAT.11.16	0			'{"score": 0, "цитата_из_романа": "", "цитата_из_стиха": ""}'
CP.P1.II.17	b.JER.11.12	0			'{"score": 0, "цитата_из_романа": "", "цитата_из_стиха": ""}'
CP.P1.II.17	b.2KI.16.5	0			'{"score": 0, "цитата_из_романа": "", "цитата_из_стиха": ""}'
CP.P1.II.17	b.JOH.18.28	0			'{"score": 0, "цитата_из_романа": "", "цитата_из_стиха": ""}'
CP.P1.II.17	b.ACT.7.12	0			'{"score": 0, "цитата_из_романа": "", "цитата_из_стиха": ""}'
CP.P1.II.17	b.1CH.16.7	0			'{"score": 0, "цитата_из_романа": "", "цитата_из_стиха": ""}'
CP.P1.II.17	b.LUK.22.27	0			'{"score": 0, "цитата_из_романа": "", "цитата_из_стиха": ""}'
CP.P1.II.17	b.GEN.30.33	0			'{"score": 0, "цитата_из_романа": "", "цитата_из_стиха": ""}'
CP.P1.II.17	b.ISA.43.9	0			'{"score": 0, "цитата_из_романа": "", "цитата_из_стиха": ""}'
CP.P1.II.17	b.EZE.30.18	0			'{"score": 0, "цитата_из_романа": "", "цитата_из_стиха": ""}'
CP.P1.II.17	b.LUK.9.57	2	ибо дочь моя по желтому билету живет-с...	я пойду за Тобою, куда бы Ты ни пошел	'{"score": 2, "цитата_из_романа": "ибо дочь моя по желтому билету живет-с...", "цитата_из_стиха": "я пойду за Тобою, куда бы Ты ни пошел"}'
CP.P1.II.17	b.JOH.8.22	0			'{"score": 0, "цитата_из_романа": "", "цитата_из_стиха": ""}'
CP.P1.II.17	b.HAB.2.19	0			'{"score": 0, "цитата_из_романа": "", "цитата_из_стиха": ""}'
CP.P1.II.17	b.2KI.4.23	0			'{"score": 0, "цитата_из_романа": "", "цитата_из_стиха": ""}'
CP.P1.II.17	b.LUK.22.26	0			'{"score": 0, "цитата_из_романа": "", "цитата_из_стиха": ""}'
CP.P1.II.17	b.ACT.23.29	0			'{"score": 0, "цитата_из_романа": "", "цитата_из_стиха": ""}'
CP.P1.II.17	b.GEN.31.10	0			'{"score": 0, "цитата_из_романа": "", "цитата_из_стиха": ""}'
CP.P1.II.17	b.GAL.4.12	0			'{"score": 0, "цитата_из_романа": "", "цитата_из_стиха": ""}'
CP.P1.II.17	b.ISA.41.26	0			'{"score": 0, "цитата_из_романа": "", "цитата_из_стиха": ""}'
CP.P1.II.17	b.EPH.6.11	0			'{"score": 0, "цитата_из_романа": "", "цитата_из_стиха": ""}'
CP.P1.II.17	b.2SA.16.19	0			'{"score": 0, "цитата_из_романа": "", "цитата_из_стиха": ""}'
CP.P1.II.17	b.MAT.8.9	0			'{"score": 0, "цитата_из_романа": "", "цитата_из_стиха": ""}'
CP.P1.II.17	b.RUT.4.4	0			'{"score": 0, "цитата_из_романа": "", "цитата_из_стиха": ""}'
CP.P1.II.17	b.JER.13.21	0			'{"score": 0, "цитата_из_романа": "", "цитата_из_стиха": ""}'
CP.P1.II.17	b.LEV.11.26	0			'{"score": 0, "цитата_из_романа": "", "цитата_из_стиха": ""}'
CP.P1.II.17	b.1KI.20.9	0			'{"score": 0, "цитата_из_романа": "", "цитата_из_стиха": ""}'
CP.P1.II.17	b.PRO.17.7	0			'{"score": 0, "цитата_из_романа": "", "цитата_из_стиха": ""}'
CP.P1.II.17	b.JOH.8.21	0			'{"score": 0, "цитата_из_романа": "", "цитата_из_стиха": ""}'
CP.P1.II.17	b.EXO.34.9	0			'{"score": 0, "цитата_из_романа": "", "цитата_из_стиха": ""}'
CP.P1.II.17	b.1CH.17.17	0			'{"score": 0, "цитата_из_романа": "", "цитата_из_стиха": ""}'
CP.P1.II.17	b.JDG.1.12	0			'{"score": 0, "цитата_из_романа": "", "цитата_из_стиха": ""}'
CP.P1.II.17	b.ACT.27.12	0			'{"score": 0, "цитата_из_романа": "", "цитата_из_стиха": ""}'
CP.P1.II.17	b.2TI.2.7	0			'{"score": 0, "цитата_из_романа": "", "цитата_из_стиха": ""}'
CP.P1.II.17	b.MAT.22.15	0			'{"score": 0, "цитата_из_романа": "", "цитата_из_стиха": ""}'
CP.P1.II.17	b.ACT.5.26	0			'{"score": 0, "цитата_из_романа": "", "цитата_из_стиха": ""}'
CP.P1.II.17	b.JOB.21.4	1	и не малодушествовать	как же мне и не малодушествовать	'{"score": 1, "цитата_из_романа": "и не малодушествовать", "цитата_из_стиха": "как же мне и не малодушествовать"}'
CP.P1.II.17	b.GAL.4.13	0			'{"score": 0, "цитата_из_романа": "", "цитата_из_стиха": ""}'
CP.P1.II.17	b.LAM.1.17	0			'{"score": 0, "цитата_из_романа": "", "цитата_из_стиха": ""}'
CP.P1.II.17	b.JER.4.31	0			'{"score": 0, "цитата_из_романа": "", "цитата_из_стиха": ""}'
CP.P1.II.17	b.1KI.3.26	0			'{"score": 0, "цитата_из_романа": "", "цитата_из_стиха": ""}'
CP.P1.II.17	b.ROM.1.13	0			'{"score": 0, "цитата_из_романа": "", "цитата_из_стиха": ""}'
CP.P1.II.17	b.JOS.15.16	0			'{"score": 0, "цитата_из_романа": "", "цитата_из_стиха": ""}'
CP.P1.II.17	b.NUM.10.9	0			'{"score": 0, "цитата_из_романа": "", "цитата_из_стиха": ""}'
CP.P1.II.17	b.DEU.30.12	0			'{"score": 0, "цитата_из_романа": "", "цитата_из_стиха": ""}'
CP.P1.II.17	b.JER.13.23	0			'{"score": 0, "цитата_из_романа": "", "цитата_из_стиха": ""}'
CP.P1.II.17	b.MAT.26.40	0			'{"score": 0, "цитата_из_романа": "", "цитата_из_стиха": ""}'
CP.P1.II.17	b.JOB.38.35	0			'{"score": 0, "цитата_из_романа": "", "цитата_из_стиха": ""}'
CP.P1.II.17	b.DEU.30.13	0			'{"score": 0, "цитата_из_романа": "", "цитата_из_стиха": ""}'
CP.P1.II.17	b.DEU.25.9	0			'{"score": 0, "цитата_из_романа": "", "цитата_из_стиха": ""}'
CP.P1.II.17	b.ISA.41.10	0			'{"score": 0, "цитата_из_романа": "", "цитата_из_стиха": ""}'
CP.P1.II.17	b.PRO.3.23	0			'{"score": 0, "цитата_из_романа": "", "цитата_из_стиха": ""}'
CP.P1.II.17	b.MAT.26.14	0			'{"score": 0, "цитата_из_романа": "", "цитата_из_стиха": ""}'
CP.P1.II.17	b.GAL.5.3	0			'{"score": 0, "цитата_из_романа": "", "цитата_из_стиха": ""}'
CP.P1.II.17	b.2TI.2.9	0			'{"score": 0, "цитата_из_романа": "", "цитата_из_стиха": ""}'
CP.P1.II.17	b.ACT.11.26	0			'{"score": 0, "цитата_из_романа": "", "цитата_из_стиха": ""}'
CP.P1.II.17	b.ISA.44.7	0			'{"score": 0, "цитата_из_романа": "", "цитата_из_стиха": ""}'
CP.P1.II.17	b.RUT.1.13	0			'{"score": 0, "цитата_из_романа": "", "цитата_из_стиха": ""}'
CP.P1.II.17	b.JOH.21.18	2	ибо уже всем все известно и все тайное становиться явным	и когда состаришься, то прострешь руки твои, и другой препояшет тебя	'{"score": 2, "цитата_из_романа": "ибо уже всем все известно и все тайное становиться явным", "цитата_из_стиха": "и когда состаришься, то прострешь руки твои, и другой препояшет тебя"}'
CP.P1.II.17	b.RUT.2.2	0			'{"score": 0, "цитата_из_романа": "", "цитата_из_стиха": ""}'
CP.P1.II.17	b.2SA.13.13	0			'{"score": 0, "цитата_из_романа": "", "цитата_из_стиха": ""}'
CP.P1.II.17	b.JDG.20.26	0			'{"score": 0, "цитата_из_романа": "", "цитата_из_стиха": ""}'
CP.P1.II.17	b.2KI.15.16	0			'{"score": 0, "цитата_из_романа": "", "цитата_из_стиха": ""}'
CP.P5.I.31	b.1SA.28.8	0			'{"score": 0, "цитата_из_романа": "", "цитата_из_стиха": ""}'
CP.P5.I.31	b.ECC.2.24	1	сущность	благо	'{"score": 1, "цитата_из_романа": "сущность", "цитата_из_стиха": "благо"}'
CP.P5.I.31	b.JOH.9.3	0			'{"score": 0, "цитата_из_романа": "", "цитата_из_стиха": ""}'
CP.P5.I.31	b.JOH.5.34	0			'{"score": 0, "цитата_из_романа": "", "цитата_из_стиха": ""}'
CP.P5.I.31	b.HEB.9.25	0			'{"score": 0, "цитата_из_романа": "", "цитата_из_стиха": ""}'
CP.P5.I.31	b.MIC.4.9	0			'{"score": 0, "цитата_из_романа": "", "цитата_из_стиха": ""}'
CP.P5.I.31	b.GEN.12.19	0			'{"score": 0, "цитата_из_романа": "", "цитата_из_стиха": ""}'
CP.P5.I.31	b.2CO.12.13	0			'{"score": 0, "цитата_из_романа": "", "цитата_из_стиха": ""}'
CP.P5.I.31	b.DEU.12.23	0			'{"score": 0, "цитата_из_романа": "", "цитата_из_стиха": ""}'
CP.P5.I.31	b.JOB.33.10	2	врагом	Своим противником	'{"score": 2, "цитата_из_романа": "врагом", "цитата_из_стиха": "Своим противником"}'
CP.P5.I.31	b.GAL.1.7	0			'{"score": 0, "цитата_из_романа": "", "цитата_из_стиха": ""}'
CP.P5.I.31	b.NUM.15.39	0			'{"score": 0, "цитата_из_романа": "", "цитата_из_стиха": ""}'
CP.P5.I.31	b.JOB.6.26	1	в какой среде человек	на ветер пускаете слова ваши	'{"score": 1, "цитата_из_романа": "в какой среде человек", "цитата_из_стиха": "на ветер пускаете слова ваши"}'
CP.P5.I.31	b.JOH.10.10	0			'{"score": 0, "цитата_из_романа": "", "цитата_из_стиха": ""}'
CP.P5.I.31	b.ACT.23.14	0			'{"score": 0, "цитата_из_романа": "", "цитата_из_стиха": ""}'
CP.P5.I.31	b.ISA.36.12	0			'{"score": 0, "цитата_из_романа": "", "цитата_из_стиха": ""}'
CP.P5.I.31	b.2CO.8.14	0			'{"score": 0, "цитата_из_романа": "", "цитата_из_стиха": ""}'
CP.P5.I.31	b.ROM.11.20	0			'{"score": 0, "цитата_из_романа": "", "цитата_из_стиха": ""}'
CP.P5.I.31	b.2KI.18.20	0			'{"score": 0, "цитата_из_романа": "", "цитата_из_стиха": ""}'
CP.P5.I.31	b.MAT.19.8	0			'{"score": 0, "цитата_из_романа": "", "цитата_из_стиха": ""}'
CP.P5.I.31	b.LEV.17.5	0			'{"score": 0, "цитата_из_романа": "", "цитата_из_стиха": ""}'
CP.P5.I.31	b.MAT.5.13	0			'{"score": 0, "цитата_из_романа": "", "цитата_из_стиха": ""}'
CP.P5.I.31	b.EZE.18.30	0			'{"score": 0, "цитата_из_романа": "", "цитата_из_стиха": ""}'
CP.P5.I.31	b.GEN.18.19	0			'{"score": 0, "цитата_из_романа": "", "цитата_из_стиха": ""}'
CP.P5.I.31	b.ISA.54.11	0			'{"score": 0, "цитата_из_романа": "", "цитата_из_стиха": ""}'
CP.P5.I.31	b.1CO.6.7	0			'{"score": 0, "цитата_из_романа": "", "цитата_из_стиха": ""}'
CP.P5.I.31	b.GEN.35.6	0			'{"score": 0, "цитата_из_романа": "", "цитата_из_стиха": ""}'
CP.P5.I.31	b.EZE.44.3	0			'{"score": 0, "цитата_из_романа": "", "цитата_из_стиха": ""}'
CP.P5.I.31	b.LEV.20.14	0			'{"score": 0, "цитата_из_романа": "", "цитата_из_стиха": ""}'
CP.P5.I.31	b.EZE.6.6	0			'{"score": 0, "цитата_из_романа": "", "цитата_из_стиха": ""}'
CP.P5.I.31	b.JOB.19.28	0			'{"score": 0, "цитата_из_романа": "", "цитата_из_стиха": ""}'
CP.P5.I.31	b.NEH.6.8	0			'{"score": 0, "цитата_из_романа": "", "цитата_из_стиха": ""}'
CP.P5.I.31	b.JER.2.21	0			'{"score": 0, "цитата_из_романа": "", "цитата_из_стиха": ""}'
CP.P5.I.31	b.1KI.10.3	1	ничего не понимаете	ничего незнакомого	'{"score": 1, "цитата_из_романа": "ничего не понимаете", "цитата_из_стиха": "ничего незнакомого"}'
CP.P5.I.31	b.JOH.16.4	0			'{"score": 0, "цитата_из_романа": "", "цитата_из_стиха": ""}'
CP.P5.I.31	b.ISA.59.1	0			'{"score": 0, "цитата_из_романа": "", "цитата_из_стиха": ""}'
CP.P5.I.31	b.MAL.3.10	0			'{"score": 0, "цитата_из_романа": "", "цитата_из_стиха": ""}'
CP.P5.I.31	b.PSA.149.7	0			'{"score": 0, "цитата_из_романа": "", "цитата_из_стиха": ""}'
CP.P5.I.31	b.JOH.8.43	1	ничего не понимаете	не понимаете речи Моей	'{"score": 1, "цитата_из_романа": "ничего не понимаете", "цитата_из_стиха": "не понимаете речи Моей"}'
CP.P5.I.31	b.TIT.3.13	0			'{"score": 0, "цитата_из_романа": "", "цитата_из_стиха": ""}'
CP.P5.I.31	b.PRO.17.7	1	ничего не понимаете	важная речь	'{"score": 1, "цитата_из_романа": "ничего не понимаете", "цитата_из_стиха": "важная речь"}'
CP.P5.I.31	b.GAL.6.12	0			'{"score": 0, "цитата_из_романа": "", "цитата_из_стиха": ""}'
CP.P5.I.31	b.PSA.59.13	0			'{"score": 0, "цитата_из_романа": "", "цитата_из_стиха": ""}'
CP.P5.I.31	b.HAG.2.3	0			'{"score": 0, "цитата_из_романа": "", "цитата_из_стиха": ""}'
CP.P5.I.31	b.JOB.10.16	0			'{"score": 0, "цитата_из_романа": "", "цитата_из_стиха": ""}'
CP.P5.I.31	b.JOH.6.38	0			'{"score": 0, "цитата_из_романа": "", "цитата_из_стиха": ""}'
CP.P5.I.31	b.HEB.12.19	0			'{"score": 0, "цитата_из_романа": "", "цитата_из_стиха": ""}'
CP.P5.I.31	b.2CO.12.11	2	все от среды, а сам человек есть ничто	у меня ни в чем нет недостатка против высших Апостолов, хотя я и ничто	'{"score": 2, "цитата_из_романа": "все от среды, а сам человек есть ничто", "цитата_из_стиха": "у меня ни в чем нет недостатка против высших Апостолов, хотя я и ничто"}'
CP.P5.I.31	b.1KI.8.9	0			'{"score": 0, "цитата_из_романа": "", "цитата_из_стиха": ""}'
CP.P5.I.31	b.1KI.10.21	0			'{"score": 0, "цитата_из_романа": "", "цитата_из_стиха": ""}'
CP.P5.I.31	b.ROM.4.16	0			'{"score": 0, "цитата_из_романа": "", "цитата_из_стиха": ""}'
CP.P5.I.31	b.ISA.29.14	0			'{"score": 0, "цитата_из_романа": "", "цитата_из_стиха": ""}'
CP.P5.I.31	b.JOB.13.24	2	врагом	врагом	'{"score": 2, "цитата_из_романа": "врагом", "цитата_из_стиха": "врагом"}'
CP.P5.I.31	b.ISA.50.2	0			'{"score": 0, "цитата_из_романа": "", "цитата_из_стиха": ""}'
CP.P5.I.31	b.JOS.14.11	0			'{"score": 0, "цитата_из_романа": "", "цитата_из_стиха": ""}'
CP.P5.I.31	b.2SA.13.25	0			'{"score": 0, "цитата_из_романа": "", "цитата_из_стиха": ""}'
CP.P5.I.31	b.JAM.5.17	0			'{"score": 0, "цитата_из_романа": "", "цитата_из_стиха": ""}'
CP.P5.I.31	b.REV.9.15	0			'{"score": 0, "цитата_из_романа": "", "цитата_из_стиха": ""}'
CP.P5.I.31	b.1SA.27.3	0			'{"score": 0, "цитата_из_романа": "", "цитата_из_стиха": ""}'
CP.P5.I.31	b.ISA.58.4	0			'{"score": 0, "цитата_из_романа": "", "цитата_из_стиха": ""}'
CP.P5.I.31	b.NUM.32.32	0			'{"score": 0, "цитата_из_романа": "", "цитата_из_стиха": ""}'
CP.P5.I.31	b.JOS.11.20	0			'{"score": 0, "цитата_из_романа": "", "цитата_из_стиха": ""}'
CP.P5.I.31	b.JER.14.4	0			'{"score": 0, "цитата_из_романа": "", "цитата_из_стиха": ""}'
CP.P5.I.31	b.2CO.11.21	1	что может вам послужить доказательством	то(скажу по неразумию) смею и я	'{"score": 1, "цитата_из_романа": "что может вам послужить доказательством", "цитата_из_стиха": "то(скажу по неразумию) смею и я"}'
CP.P5.I.31	b.1CO.3.18	2	соблазняю	обольщай	'{"score": 2, "цитата_из_романа": "соблазняю", "цитата_из_стиха": "обольщай"}'
CP.P5.I.31	b.2CH.9.6	0			'{"score": 0, "цитата_из_романа": "", "цитата_из_стиха": ""}'
CP.P5.I.31	b.EXO.21.19	0			'{"score": 0, "цитата_из_романа": "", "цитата_из_стиха": ""}'
CP.P5.I.31	b.NUM.16.45	0			'{"score": 0, "цитата_из_романа": "", "цитата_из_стиха": ""}'
CP.P5.I.31	b.JDG.14.6	0			'{"score": 0, "цитата_из_романа": "", "цитата_из_стиха": ""}'
CP.P5.I.31	b.NUM.1.53	0			'{"score": 0, "цитата_из_романа": "", "цитата_из_стиха": ""}'
CP.P5.I.31	b.JOB.19.15	1	чужим считают	чужим считают меня	'{"score": 1, "цитата_из_романа": "чужим считают", "цитата_из_стиха": "чужим считают меня"}'
CP.P5.I.31	b.DAN.6.2	0			'{"score": 0, "цитата_из_романа": "", "цитата_из_стиха": ""}'
CP.P5.I.31	b.ISA.9.3	1	ничего не понимаете	веселиться	'{"score": 1, "цитата_из_романа": "ничего не понимаете", "цитата_из_стиха": "веселиться"}'
CP.P5.I.31	b.EZE.31.14	0			'{"score": 0, "цитата_из_романа": "", "цитата_из_стиха": ""}'
CP.P5.I.31	b.NUM.29.38	0			'{"score": 0, "цитата_из_романа": "", "цитата_из_стиха": ""}'
CP.P4.IV.124	b.GEN.24.21	0			'{"score": 0, "цитата_из_романа": "", "цитата_из_стиха": ""}'
CP.P4.IV.124	b.RUT.2.13	0			'{"score": 0, "цитата_из_романа": "", "цитата_из_стиха": ""}'
CP.P4.IV.124	b.JER.3.7	0			'{"score": 0, "цитата_из_романа": "", "цитата_из_стиха": ""}'
CP.P4.IV.124	b.GEN.39.14	0			'{"score": 0, "цитата_из_романа": "", "цитата_из_стиха": ""}'
CP.P4.IV.124	b.PRO.9.16	0			'{"score": 0, "цитата_из_романа": "", "цитата_из_стиха": ""}'
CP.P4.IV.124	b.JOH.8.11	0			'{"score": 0, "цитата_из_романа": "", "цитата_из_стиха": ""}'
CP.P4.IV.124	b.JER.3.10	0			'{"score": 0, "цитата_из_романа": "", "цитата_из_стиха": ""}'
CP.P4.IV.124	b.ACT.12.4	0			'{"score": 0, "цитата_из_романа": "", "цитата_из_стиха": ""}'
CP.P4.IV.124	b.DEU.22.27	0			'{"score": 0, "цитата_из_романа": "", "цитата_из_стиха": ""}'
CP.P4.IV.124	b.MAT.27.55	1	смотреть	смотреть издали	'{"score": 1, "цитата_из_романа": "смотреть", "цитата_из_стиха": "смотреть издали"}'
CP.P4.IV.124	b.LUK.18.13	0			'{"score": 0, "цитата_из_романа": "", "цитата_из_стиха": ""}'
CP.P4.IV.124	b.JOH.8.6	0			'{"score": 0, "цитата_из_романа": "", "цитата_из_стиха": ""}'
CP.P4.IV.124	b.REV.22.5	0			'{"score": 0, "цитата_из_романа": "", "цитата_из_стиха": ""}'
CP.P4.IV.124	b.JOH.20.14	2	обратилась назад	обратилась назад	'{"score": 2, "цитата_из_романа": "обратилась назад", "цитата_из_стиха": "обратилась назад"}'
CP.P4.IV.124	b.ROM.15.20	2	не там	не там, где уже было известно имя Христово	'{"score": 2, "цитата_из_романа": "не там", "цитата_из_стиха": "не там, где уже было известно имя Христово"}'
CP.P4.IV.124	b.JOH.11.15	0			'{"score": 0, "цитата_из_романа": "", "цитата_из_стиха": ""}'
CP.P4.IV.124	b.LUK.7.13	1	сжалился	сжалился	'{"score": 1, "цитата_из_романа": "сжалился", "цитата_из_стиха": "сжалился"}'
CP.P4.IV.124	b.1SA.1.6	0			'{"score": 0, "цитата_из_романа": "", "цитата_из_стиха": ""}'
CP.P4.IV.124	b.REV.6.7	0			'{"score": 0, "цитата_из_романа": "", "цитата_из_стиха": ""}'
CP.P4.IV.124	b.PRO.7.10	0			'{"score": 0, "цитата_из_романа": "", "цитата_из_стиха": ""}'
CP.P4.IV.124	b.LUK.9.7	0			'{"score": 0, "цитата_из_романа": "", "цитата_из_стиха": ""}'
CP.P4.IV.124	b.ISA.35.9	0			'{"score": 0, "цитата_из_романа": "", "цитата_из_стиха": ""}'
CP.P4.IV.124	b.1SA.4.20	0			'{"score": 0, "цитата_из_романа": "", "цитата_из_стиха": ""}'
CP.P4.IV.124	b.PRO.9.4	0			'{"score": 0, "цитата_из_романа": "", "цитата_из_стиха": ""}'
CP.P4.IV.124	b.PRO.7.13	0			'{"score": 0, "цитата_из_романа": "", "цитата_из_стиха": ""}'
CP.P4.IV.124	b.LEV.9.18	0			'{"score": 0, "цитата_из_романа": "", "цитата_из_стиха": ""}'
CP.EP.II.19	b.DEU.30.1	0			'{"score": 0, "цитата_из_романа": "", "цитата_из_стиха": ""}'
CP.EP.II.19	b.ISA.1.7	0			'{"score": 0, "цитата_из_романа": "", "цитата_из_стиха": ""}'
CP.EP.II.19	b.EZE.6.13	0			'{"score": 0, "цитата_из_романа": "", "цитата_из_стиха": ""}'
CP.EP.II.19	b.LUK.9.11	0			'{"score": 0, "цитата_из_романа": "", "цитата_из_стиха": ""}'
CP.EP.II.19	b.ACT.17.7	0			'{"score": 0, "цитата_из_романа": "", "цитата_из_стиха": ""}'
CP.EP.II.19	b.EZE.20.40	0			'{"score": 0, "цитата_из_романа": "", "цитата_из_стиха": ""}'
CP.EP.II.19	b.PHI.1.10	2	избранных	были чисты и непреткновенны	'{"score": 2, "цитата_из_романа": "избранных", "цитата_из_стиха": "были чисты и непреткновенны"}'
CP.EP.II.19	b.AMO.4.10	0			'{"score": 0, "цитата_из_романа": "", "цитата_из_стиха": ""}'
CP.EP.II.19	b.DAN.8.27	0			'{"score": 0, "цитата_из_романа": "", "цитата_из_стиха": ""}'
CP.EP.II.19	b.JOH.13.22	0			'{"score": 0, "цитата_из_романа": "", "цитата_из_стиха": ""}'
CP.EP.II.19	b.ROM.11.20	0			'{"score": 0, "цитата_из_романа": "", "цитата_из_стиха": ""}'
CP.EP.II.19	b.LUK.11.44	0			'{"score": 0, "цитата_из_романа": "", "цитата_из_стиха": ""}'
CP.EP.II.19	b.EZE.4.17	1	не могли согласиться, что считать злом, что добром	и они с ужасом будут смотреть друг на друга	'{"score": 1, "цитата_из_романа": "не могли согласиться, что считать злом, что добром", "цитата_из_стиха": "и они с ужасом будут смотреть друг на друга"}'
CP.EP.II.19	b.LEV.5.4	0			'{"score": 0, "цитата_из_романа": "", "цитата_из_стиха": ""}'
CP.EP.II.19	b.JER.46.21	0			'{"score": 0, "цитата_из_романа": "", "цитата_из_стиха": ""}'
CP.EP.II.19	b.EZE.22.4	0			'{"score": 0, "цитата_из_романа": "", "цитата_из_стиха": ""}'
CP.EP.II.19	b.ISA.41.26	0			'{"score": 0, "цитата_из_романа": "", "цитата_из_стиха": ""}'
CP.EP.II.19	b.NEH.9.17	0			'{"score": 0, "цитата_из_романа": "", "цитата_из_стиха": ""}'
CP.EP.II.19	b.ISA.25.2	0			'{"score": 0, "цитата_из_романа": "", "цитата_из_стиха": ""}'
CP.EP.II.19	b.PSA.74.6	0			'{"score": 0, "цитата_из_романа": "", "цитата_из_стиха": ""}'
CP.EP.II.19	b.JER.52.16	0			'{"score": 0, "цитата_из_романа": "", "цитата_из_стиха": ""}'
CP.EP.II.19	b.LEV.26.37	0			'{"score": 0, "цитата_из_романа": "", "цитата_из_стиха": ""}'
CP.EP.II.19	b.ECC.8.9	0			'{"score": 0, "цитата_из_романа": "", "цитата_из_стиха": ""}'
CP.EP.II.19	b.JER.36.16	0			'{"score": 0, "цитата_из_романа": "", "цитата_из_стиха": ""}'
CP.EP.II.19	b.JOB.38.40	0			'{"score": 0, "цитата_из_романа": "", "цитата_из_стиха": ""}'
CP.EP.II.19	b.REV.18.17	0			'{"score": 0, "цитата_из_романа": "", "цитата_из_стиха": ""}'
CP.EP.II.19	b.EST.1.13	0			'{"score": 0, "цитата_из_романа": "", "цитата_из_стиха": ""}'
CP.EP.II.19	b.LUK.18.13	0			'{"score": 0, "цитата_из_романа": "", "цитата_из_стиха": ""}'
CP.EP.II.19	b.ISA.13.8	0			'{"score": 0, "цитата_из_романа": "", "цитата_из_стиха": ""}'
CP.EP.II.19	b.ISA.22.2	0			'{"score": 0, "цитата_из_романа": "", "цитата_из_стиха": ""}'
CP.EP.II.19	b.ECC.11.5	0			'{"score": 0, "цитата_из_романа": "", "цитата_из_стиха": ""}'
CP.EP.II.19	b.PSA.78.50	2	моровой язве	моровой язве	'{"score": 2, "цитата_из_романа": "моровой язве", "цитата_из_стиха": "моровой язве"}'
CP.EP.II.19	b.ISA.17.12	0			'{"score": 0, "цитата_из_романа": "", "цитата_из_стиха": ""}'
CP.EP.II.19	b.NAH.3.19	0			'{"score": 0, "цитата_из_романа": "", "цитата_из_стиха": ""}'
CP.EP.II.19	b.EZE.7.27	0			'{"score": 0, "цитата_из_романа": "", "цитата_из_стиха": ""}'
CP.EP.II.19	b.PRO.30.18	0			'{"score": 0, "цитата_из_романа": "", "цитата_из_стиха": ""}'
CP.EP.II.19	b.JER.14.18	0			'{"score": 0, "цитата_из_романа": "", "цитата_из_стиха": ""}'
CP.EP.II.19	b.ISA.32.12	0			'{"score": 0, "цитата_из_романа": "", "цитата_из_стиха": ""}'
CP.EP.II.19	b.ROM.1.27	0			'{"score": 0, "цитата_из_романа": "", "цитата_из_стиха": ""}'
CP.EP.II.19	b.2SA.3.34	0			'{"score": 0, "цитата_из_романа": "", "цитата_из_стиха": ""}'
CP.EP.II.19	b.ISA.50.2	0			'{"score": 0, "цитата_из_романа": "", "цитата_из_стиха": ""}'
CP.EP.II.19	b.EZE.39.16	0			'{"score": 0, "цитата_из_романа": "", "цитата_из_стиха": ""}'
CP.EP.II.19	b.2KI.25.12	2	некоторых, весьма немногих, избранных	некоторых из бедного народа земли оставил	'{"score": 2, "цитата_из_романа": "некоторых, весьма немногих, избранных", "цитата_из_стиха": "некоторых из бедного народа земли оставил"}'
CP.EP.II.19	b.1KI.20.25	0			'{"score": 0, "цитата_из_романа": "", "цитата_из_стиха": ""}'
CP.EP.II.19	b.1SA.3.2	0			'{"score": 0, "цитата_из_романа": "", "цитата_из_стиха": ""}'
CP.EP.II.19	b.EZE.43.3	0			'{"score": 0, "цитата_из_романа": "", "цитата_из_стиха": ""}'
CP.EP.II.19	b.DEU.32.43	0			'{"score": 0, "цитата_из_романа": "", "цитата_из_стиха": ""}'
CP.EP.II.19	b.ECC.8.17	0			'{"score": 0, "цитата_из_романа": "", "цитата_из_стиха": ""}'
CP.EP.II.19	b.REV.21.8	0			'{"score": 0, "цитата_из_романа": "", "цитата_из_стиха": ""}'
CP.EP.II.19	b.LEV.5.3	0			'{"score": 0, "цитата_из_романа": "", "цитата_из_стиха": ""}'
CP.EP.II.19	b.GEN.42.23	0			'{"score": 0, "цитата_из_романа": "", "цитата_из_стиха": ""}'
CP.EP.II.19	b.LUK.23.48	1	бия себя в грудь	бия себя в грудь	'{"score": 1, "цитата_из_романа": "бия себя в грудь", "цитата_из_стиха": "бия себя в грудь"}'
CP.EP.II.19	b.ACT.19.38	0			'{"score": 0, "цитата_из_романа": "", "цитата_из_стиха": ""}'
CP.EP.II.19	b.REV.3.8	0			'{"score": 0, "цитата_из_романа": "", "цитата_из_стиха": ""}'
CP.EP.II.19	b.REV.6.4	0			'{"score": 0, "цитата_из_романа": "", "цитата_из_стиха": ""}'
CP.EP.II.19	b.GEN.19.17	0			'{"score": 0, "цитата_из_романа": "", "цитата_из_стиха": ""}'
CP.EP.II.19	b.ISA.14.19	0			'{"score": 0, "цитата_из_романа": "", "цитата_из_стиха": ""}'
CP.EP.II.19	b.AMO.5.22	0			'{"score": 0, "цитата_из_романа": "", "цитата_из_стиха": ""}'
CP.EP.II.19	b.NAH.2.7	0			'{"score": 0, "цитата_из_романа": "", "цитата_из_стиха": ""}'
CP.EP.II.19	b.JOH.7.46	0			'{"score": 0, "цитата_из_романа": "", "цитата_из_стиха": ""}'
CP.EP.II.19	b.COL.1.23	2	не считали непоколебимее своих приговоров, своих научных выводов, своих нравственных убеждений и верований	не отпадаете от надежды благовествования, которое вы слышали	'{"score": 2, "цитата_из_романа": "не считали непоколебимее своих приговоров, своих научных выводов, своих нравственных убеждений и верований", "цитата_из_стиха": "не отпадаете от надежды благовествова'
CP.EP.II.19	b.EZE.39.12	0			'{"score": 0, "цитата_из_романа": "", "цитата_из_стиха": ""}'
CP.EP.II.19	b.MAR.14.68	0			'{"score": 0, "цитата_из_романа": "", "цитата_из_стиха": ""}'
CP.EP.II.19	b.JAM.5.9	0			'{"score": 0, "цитата_из_романа": "", "цитата_из_стиха": ""}'
CP.EP.II.19	b.LEV.5.2	0			'{"score": 0, "цитата_из_романа": "", "цитата_из_стиха": ""}'
CP.EP.II.19	b.2TH.3.15	0			'{"score": 0, "цитата_из_романа": "", "цитата_из_стиха": ""}'
CP.EP.II.19	b.SON.8.11	0			'{"score": 0, "цитата_из_романа": "", "цитата_из_стиха": ""}'
CP.EP.II.31	b.GEN.24.21	0			'{"score": 0, "цитата_из_романа": "", "цитата_из_стиха": ""}'
CP.EP.II.31	b.REV.10.9	0			'{"score": 0, "цитата_из_романа": "", "цитата_из_стиха": ""}'
CP.EP.II.31	b.JOS.10.32	0			'{"score": 0, "цитата_из_романа": "", "цитата_из_стиха": ""}'
CP.EP.II.31	b.JER.36.21	0			'{"score": 0, "цитата_из_романа": "", "цитата_из_стиха": ""}'
CP.EP.II.31	b.HEB.11.19	2	воскресении Лазаря	воскресить	'{"score": 2, "цитата_из_романа": "воскресении Лазаря", "цитата_из_стиха": "воскресить"}'
CP.EP.II.31	b.EXO.22.27	0			'{"score": 0, "цитата_из_романа": "", "цитата_из_стиха": ""}'
CP.EP.II.31	b.JDG.14.9	0			'{"score": 0, "цитата_из_романа": "", "цитата_из_стиха": ""}'
CP.EP.II.31	b.LUK.2.28	0	взял его	взял Его	'{"score": 0, "цитата_из_романа": "взял его", "цитата_из_стиха": "взял Его"}'
CP.EP.II.31	b.LEV.9.13	0			'{"score": 0, "цитата_из_романа": "", "цитата_из_стиха": ""}'
CP.EP.II.31	b.GEN.38.18	0			'{"score": 0, "цитата_из_романа": "", "цитата_из_стиха": ""}'
CP.EP.II.31	b.JER.38.3	0			'{"score": 0, "цитата_из_романа": "", "цитата_из_стиха": ""}'
CP.EP.II.31	b.ISA.53.7	0			'{"score": 0, "цитата_из_романа": "", "цитата_из_стиха": ""}'
CP.EP.II.31	b.1KI.10.5	0			'{"score": 0, "цитата_из_романа": "", "цитата_из_стиха": ""}'
CP.EP.II.31	b.EXO.32.8	0			'{"score": 0, "цитата_из_романа": "", "цитата_из_стиха": ""}'
CP.EP.II.31	b.GEN.31.32	0			'{"score": 0, "цитата_из_романа": "", "цитата_из_стиха": ""}'
CP.EP.II.31	b.ACT.12.15	0			'{"score": 0, "цитата_из_романа": "", "цитата_из_стиха": ""}'
CP.EP.II.31	b.1CH.10.12	0			'{"score": 0, "цитата_из_романа": "", "цитата_из_стиха": ""}'
CP.EP.II.31	b.HEB.11.7	0			'{"score": 0, "цитата_из_романа": "", "цитата_из_стиха": ""}'
CP.EP.II.31	b.LAM.2.14	0			'{"score": 0, "цитата_из_романа": "", "цитата_из_стиха": ""}'
CP.EP.II.31	b.JER.32.3	0			'{"score": 0, "цитата_из_романа": "", "цитата_из_стиха": ""}'
CP.EP.II.31	b.EZE.33.22	0			'{"score": 0, "цитата_из_романа": "", "цитата_из_стиха": ""}'
CP.EP.II.31	b.JOB.11.6	0			'{"score": 0, "цитата_из_романа": "", "цитата_из_стиха": ""}'
CP.EP.II.31	b.REV.10.2	0			'{"score": 0, "цитата_из_романа": "", "цитата_из_стиха": ""}'
CP.EP.II.31	b.EXO.4.7	0			'{"score": 0, "цитата_из_романа": "", "цитата_из_стиха": ""}'
CP.EP.II.31	b.ACT.5.4	0			'{"score": 0, "цитата_из_романа": "", "цитата_из_стиха": ""}'
CP.EP.II.31	b.GEN.43.26	0			'{"score": 0, "цитата_из_романа": "", "цитата_из_стиха": ""}'
CP.EP.II.31	b.JDG.6.18	0			'{"score": 0, "цитата_из_романа": "", "цитата_из_стиха": ""}'
CP.EP.II.31	b.JER.32.28	0			'{"score": 0, "цитата_из_романа": "", "цитата_из_стиха": ""}'
CP.EP.II.31	b.2KI.6.13	0			'{"score": 0, "цитата_из_романа": "", "цитата_из_стиха": ""}'
CP.EP.II.31	b.ISA.57.10	0			'{"score": 0, "цитата_из_романа": "", "цитата_из_стиха": ""}'
CP.EP.II.31	b.COL.2.14	0			'{"score": 0, "цитата_из_романа": "", "цитата_из_стиха": ""}'
CP.EP.II.31	b.EXO.4.6	0			'{"score": 0, "цитата_из_романа": "", "цитата_из_стиха": ""}'
CP.EP.II.31	b.EXO.5.14	0			'{"score": 0, "цитата_из_романа": "", "цитата_из_стиха": ""}'
CP.EP.II.31	b.ACT.10.4	0			'{"score": 0, "цитата_из_романа": "", "цитата_из_стиха": ""}'
CP.EP.II.31	b.1SA.25.35	0			'{"score": 0, "цитата_из_романа": "", "цитата_из_стиха": ""}'
CP.EP.II.31	b.MAT.2.11	0			'{"score": 0, "цитата_из_романа": "", "цитата_из_стиха": ""}'
CP.EP.II.31	b.LUK.18.4	0			'{"score": 0, "цитата_из_романа": "", "цитата_из_стиха": ""}'
CP.EP.II.31	b.JOS.14.7	0			'{"score": 0, "цитата_из_романа": "", "цитата_из_стиха": ""}'
CP.EP.II.31	b.JDG.14.6	0			'{"score": 0, "цитата_из_романа": "", "цитата_из_стиха": ""}'
CP.EP.II.31	b.ACT.7.5	0			'{"score": 0, "цитата_из_романа": "", "цитата_из_стиха": ""}'
CP.EP.II.31	b.JER.40.1	0			'{"score": 0, "цитата_из_романа": "", "цитата_из_стиха": ""}'
CP.EP.II.31	b.MAT.22.31	2	о воскресении Лазаря	о воскресении мертвых	'{"score": 2, "цитата_из_романа": "о воскресении Лазаря", "цитата_из_стиха": "о воскресении мертвых"}'
CP.EP.II.31	b.JOH.11.7	0			'{"score": 0, "цитата_из_романа": "", "цитата_из_стиха": ""}'
CP.P3.VI.62	b.JOS.24.20	0			'{"score": 0, "цитата_из_романа": "", "цитата_из_стиха": ""}'
CP.P3.VI.62	b.MIC.4.9	0			'{"score": 0, "цитата_из_романа": "", "цитата_из_стиха": ""}'
CP.P3.VI.62	b.2KI.2.16	0			'{"score": 0, "цитата_из_романа": "", "цитата_из_стиха": ""}'
CP.P3.VI.62	b.PSA.52.1	2	общим счастием	всеобщего счастья	'{"score": 2, "цитата_из_романа": "общим счастием", "цитата_из_стиха": "всеобщего счастья"}'
CP.P3.VI.62	b.2CO.12.13	0			'{"score": 0, "цитата_из_романа": "", "цитата_из_стиха": ""}'
CP.P3.VI.62	b.MAT.8.19	0			'{"score": 0, "цитата_из_романа": "", "цитата_из_стиха": ""}'
CP.P3.VI.62	b.ISA.47.7	2	всеобщего счастья	вечно буду госпожею	'{"score": 2, "цитата_из_романа": "всеобщего счастья", "цитата_из_стиха": "вечно буду госпожею"}'
CP.P3.VI.62	b.JOS.23.1	0			'{"score": 0, "цитата_из_романа": "", "цитата_из_стиха": ""}'
CP.P3.VI.62	b.LUK.12.57				'{"score": 2, "цитата_из_романа": " "я не хочу дожидаться "всеобщего счастья". Я и сам хочу жить, а то лучше уж и не жить. ", "цитата_из_стиха": " "Зачем же вы и по самим себе не судите, чему быть долж'
CP.P3.VI.62	b.LUK.9.57	0			'{"score": 0, "цитата_из_романа": "", "цитата_из_стиха": ""}'
CP.P3.VI.62	b.GEN.30.33	0			'{"score": 0, "цитата_из_романа": "", "цитата_из_стиха": ""}'
CP.P3.VI.62	b.ACT.21.3	0			'{"score": 0, "цитата_из_романа": "", "цитата_из_стиха": ""}'
CP.P3.VI.62	b.JER.2.31	0			'{"score": 0, "цитата_из_романа": "", "цитата_из_стиха": ""}'
CP.P3.VI.62	b.LEV.14.43	0			'{"score": 0, "цитата_из_романа": "", "цитата_из_стиха": ""}'
CP.P3.VI.62	b.JDG.15.16	0			'{"score": 0, "цитата_из_романа": "", "цитата_из_стиха": ""}'
CP.P3.VI.62	b.2KI.18.20	0			'{"score": 0, "цитата_из_романа": "", "цитата_из_стиха": ""}'
CP.P3.VI.62	b.MAT.1.19	0			'{"score": 0, "цитата_из_романа": "", "цитата_из_стиха": ""}'
CP.P3.VI.62	b.JER.17.16	2	я не хочу дожидаться "всеобщего счастья". Я и сам хочу жить	не желал бедственного дня	'{"score": 2, "цитата_из_романа": "я не хочу дожидаться \\"всеобщего счастья\\". Я и сам хочу жить", "цитата_из_стиха": "не желал бедственного дня"}'
CP.P3.VI.62	b.EZE.1.20	0			'{"score": 0, "цитата_из_романа": "", "цитата_из_стиха": ""}'
CP.P3.VI.62	b.1CO.3.3	2	не человек убил, я принцип убил	потому что вы еще плотские	'{"score": 2, "цитата_из_романа": "не человек убил, я принцип убил", "цитата_из_стиха": "потому что вы еще плотские"}'
CP.P3.VI.62	b.ACT.7.28	2	убил	убил	'{"score": 2, "цитата_из_романа": "убил", "цитата_из_стиха": "убил"}'
CP.P3.VI.62	b.NUM.30.15	0			'{"score": 0, "цитата_из_романа": "", "цитата_из_стиха": ""}'
CP.P3.VI.62	b.GAL.4.12	0			'{"score": 0, "цитата_из_романа": "", "цитата_из_стиха": ""}'
CP.P3.VI.62	b.LEV.14.48	0			'{"score": 0, "цитата_из_романа": "", "цитата_из_стиха": ""}'
CP.P3.VI.62	b.GEN.29.14	0			'{"score": 0, "цитата_из_романа": "", "цитата_из_стиха": ""}'
CP.P3.VI.62	b.2CH.31.21	0			'{"score": 0, "цитата_из_романа": "", "цитата_из_стиха": ""}'
CP.P3.VI.62	b.JOB.19.28	2	принцип	корень зла	'{"score": 2, "цитата_из_романа": "принцип", "цитата_из_стиха": "корень зла"}'
CP.P3.VI.62	b.RUT.4.4	0			'{"score": 0, "цитата_из_романа": "", "цитата_из_стиха": ""}'
CP.P3.VI.62	b.PRO.23.35	0			'{"score": 0, "цитата_из_романа": "", "цитата_из_стиха": ""}'
CP.P3.VI.62	b.JOB.24.6	0			'{"score": 0, "цитата_из_романа": "", "цитата_из_стиха": ""}'
CP.P3.VI.62	b.1CO.9.15				'{"score": 2, "цитата_из_романа": " "Несу, дескать, кирпичик на всеобщее счастье и оттого ощущаю спокойствие сердца".", "цитата_из_стиха": " "написал это не для того, чтобы так было для меня.""}'
CP.P3.VI.62	b.JOB.22.2	2	достать мимо голодной матери зажимая в кармане свой рубль в ожидании всеобщего счастья	доставлять пользу себе самому	'{"score": 2, "цитата_из_романа": "достать мимо голодной матери зажимая в кармане свой рубль в ожидании всеобщего счастья", "цитата_из_стиха": "доставлять пользу себе самому"}'
CP.P3.VI.62	b.JOS.7.8				'{"score": 2, "цитата_из_романа": " "Несу, дескать, кирпичик на всеобщее счастье и оттого ощущаю спокойствие сердца".", "цитата_из_стиха": " что сказать мне после того, как..."}'
CP.P3.VI.62	b.JOB.12.12	0			'{"score": 0, "цитата_из_романа": "", "цитата_из_стиха": ""}'
CP.P3.VI.62	b.JOB.13.3	2	против	состязаться	'{"score": 2, "цитата_из_романа": "против", "цитата_из_стиха": "состязаться"}'
CP.P3.VI.62	b.MAT.26.4	2	убить	убить	'{"score": 2, "цитата_из_романа": "убить", "цитата_из_стиха": "убить"}'
CP.P3.VI.62	b.NUM.16.50	0			'{"score": 0, "цитата_из_романа": "", "цитата_из_стиха": ""}'
CP.P3.VI.62	b.NUM.11.21	0			'{"score": 0, "цитата_из_романа": "", "цитата_из_стиха": ""}'
CP.P3.VI.62	b.2TI.2.7	2	разумение	разумение	'{"score": 2, "цитата_из_романа": "разумение", "цитата_из_стиха": "разумение"}'
CP.P3.VI.62	b.GEN.15.13	0			'{"score": 0, "цитата_из_романа": "", "цитата_из_стиха": ""}'
CP.P3.VI.62	b.ACT.5.4				'{"score": 2, "цитата_из_романа": " "общим счастием" занимаются", "цитата_из_стиха": " и приобретенное продажею не в твоей ли власти находилось"}'
CP.P3.VI.62	b.GEN.20.10	0			'{"score": 0, "цитата_из_романа": "", "цитата_из_стиха": ""}'
CP.P3.VI.62	b.REV.14.4	0			'{"score": 0, "цитата_из_романа": "", "цитата_из_стиха": ""}'
CP.P3.VI.62	b.ROM.1.13	0			'{"score": 0, "цитата_из_романа": "", "цитата_из_стиха": ""}'
CP.P3.VI.62	b.1KI.7.17	0			'{"score": 0, "цитата_из_романа": "", "цитата_из_стиха": ""}'
CP.P3.VI.62	b.JOB.42.7	0			'{"score": 0, "цитата_из_романа": "", "цитата_из_стиха": ""}'
CP.P3.VI.62	b.2SA.7.6	0			'{"score": 0, "цитата_из_романа": "", "цитата_из_стиха": ""}'
CP.P3.VI.62	b.REV.3.17	2	всеобщего счастья	ни в чем не имею нужды	'{"score": 2, "цитата_из_романа": "всеобщего счастья", "цитата_из_стиха": "ни в чем не имею нужды"}'
CP.P3.VI.62	b.2SA.12.23	0			'{"score": 0, "цитата_из_романа": "", "цитата_из_стиха": ""}'
CP.P3.VI.62	b.PRO.24.1	2	не желай	не желай	'{"score": 2, "цитата_из_романа": "не желай", "цитата_из_стиха": "не желай"}'
CP.P3.VI.62	b.2CO.1.23	2	провидение беспокоил, призывая в свидетели	Бога призываю во свидетели на душу мою	'{"score": 2, "цитата_из_романа": "провидение беспокоил, призывая в свидетели", "цитата_из_стиха": "Бога призываю во свидетели на душу мою"}'
CP.P3.VI.62	b.JOS.5.12	0			'{"score": 0, "цитата_из_романа": "", "цитата_из_стиха": ""}'
CP.P3.VI.62	b.1SA.26.23	0			'{"score": 0, "цитата_из_романа": "", "цитата_из_стиха": ""}'
CP.P3.VI.62	b.JOS.10.20	0			'{"score": 0, "цитата_из_романа": "", "цитата_из_стиха": ""}'
CP.P3.VI.62	b.JOS.2.7	0			'{"score": 0, "цитата_из_романа": "", "цитата_из_стиха": ""}'
CP.P3.VI.62	b.2CO.11.21	2	хвалиться чем-либо	хвалиться чем-либо	'{"score": 2, "цитата_из_романа": "хвалиться чем-либо", "цитата_из_стиха": "хвалиться чем-либо"}'
CP.P3.VI.62	b.1CO.10.33	2	не для своей, дескать, плоти и похоти предпринимаю, а имею в виду великолепную и приятную цель	ища не своей пользы, но пользы многих	'{"score": 2, "цитата_из_романа": "не для своей, дескать, плоти и похоти предпринимаю, а имею в виду великолепную и приятную цель", "цитата_из_стиха": "ища не своей пользы, но пользы многих"}'
CP.P3.VI.62	b.2CO.8.8	0			'{"score": 0, "цитата_из_романа": "", "цитата_из_стиха": ""}'
CP.P3.VI.62	b.NUM.35.23	0			'{"score": 0, "цитата_из_романа": "", "цитата_из_стиха": ""}'
CP.P3.VI.62	b.NUM.11.20	0			'{"score": 0, "цитата_из_романа": "", "цитата_из_стиха": ""}'
CP.P3.VI.62	b.PSA.23.5	0			'{"score": 0, "цитата_из_романа": "", "цитата_из_стиха": ""}'
CP.P3.VI.62	b.GAL.3.4				'{"score": 2, "цитата_из_романа": " "общим счастием" занимаются", "цитата_из_стиха": "без пользы"}'
CP.P3.VI.62	b.JOS.5.5	0			'{"score": 0, "цитата_из_романа": "", "цитата_из_стиха": ""}'
CP.P3.VI.62	b.PSA.51.1	0			'{"score": 0, "цитата_из_романа": "", "цитата_из_стиха": ""}'
CP.P3.VI.62	b.ISA.44.7	0			'{"score": 0, "цитата_из_романа": "", "цитата_из_стиха": ""}'
CP.P3.VI.62	b.2SA.14.14	0			'{"score": 0, "цитата_из_романа": "", "цитата_из_стиха": ""}'
CP.P3.VI.62	b.JER.42.13	0			'{"score": 0, "цитата_из_романа": "", "цитата_из_стиха": ""}'
CP.P3.VI.62	b.1SA.9.24	0			'{"score": 0, "цитата_из_романа": "", "цитата_из_стиха": ""}'
CP.P3.VI.62	b.1CO.9.22	2	принцип	чтобы приобрести	'{"score": 2, "цитата_из_романа": "принцип", "цитата_из_стиха": "чтобы приобрести"}'
CP.P3.VI.62	b.NUM.6.19	0			'{"score": 0, "цитата_из_романа": "", "цитата_из_стиха": ""}'
CP.P3.VI.62	b.1CH.17.5	0			'{"score": 0, "цитата_из_романа": "", "цитата_из_стиха": ""}'
CP.P3.VI.62	b.LEV.13.7	0			'{"score": 0, "цитата_из_романа": "", "цитата_из_стиха": ""}'
CP.P3.VI.62	b.JER.41.16	0			'{"score": 0, "цитата_из_романа": "", "цитата_из_стиха": ""}'
CP.P3.VI.62	b.NEH.2.6	0			'{"score": 0, "цитата_из_романа": "", "цитата_из_стиха": ""}'
CP.P3.VI.62	b.GAL.5.13	0			'{"score": 0, "цитата_из_романа": "", "цитата_из_стиха": ""}'
CP.P6.II.62	b.GEN.19.20	0			'{"score": 0, "цитата_из_романа": "", "цитата_из_стиха": ""}'
CP.P6.II.62	b.2SA.16.10	0			'{"score": 0, "цитата_из_романа": "", "цитата_из_стиха": ""}'
CP.P6.II.62	b.2CO.13.2	0			'{"score": 0, "цитата_из_романа": "", "цитата_из_стиха": ""}'
CP.P6.II.62	b.ACT.10.21	0			'{"score": 0, "цитата_из_романа": "", "цитата_из_стиха": ""}'
CP.P6.II.62	b.MAT.25.23	0			'{"score": 0, "цитата_из_романа": "", "цитата_из_стиха": ""}'
CP.P6.II.62	b.2SA.19.22	0			'{"score": 0, "цитата_из_романа": "", "цитата_из_стиха": ""}'
CP.P6.II.62	b.PSA.144.12	0			'{"score": 0, "цитата_из_романа": "", "цитата_из_стиха": ""}'
CP.P6.II.62	b.1SA.25.26	0			'{"score": 0, "цитата_из_романа": "", "цитата_из_стиха": ""}'
CP.P6.II.62	b.DEU.28.67	0			'{"score": 0, "цитата_из_романа": "", "цитата_из_стиха": ""}'
CP.P6.II.62	b.ROM.1.15	0			'{"score": 0, "цитата_из_романа": "", "цитата_из_стиха": ""}'
CP.P6.II.62	b.REV.18.10	0			'{"score": 0, "цитата_из_романа": "", "цитата_из_стиха": ""}'
CP.P6.II.62	b.1CO.9.10	0			'{"score": 0, "цитата_из_романа": "", "цитата_из_стиха": ""}'
CP.P6.II.62	b.LUK.13.35	0			'{"score": 0, "цитата_из_романа": "", "цитата_из_стиха": ""}'
CP.P6.II.62	b.JER.17.17	0			'{"score": 0, "цитата_из_романа": "", "цитата_из_стиха": ""}'
CP.P6.II.62	b.MAT.25.21	0			'{"score": 0, "цитата_из_романа": "", "цитата_из_стиха": ""}'
CP.P6.II.62	b.JOH.11.27	0			'{"score": 0, "цитата_из_романа": "", "цитата_из_стиха": ""}'
CP.P6.II.62	b.2CO.4.13	0			'{"score": 0, "цитата_из_романа": "", "цитата_из_стиха": ""}'
CP.P6.II.62	b.PSA.130.2	0			'{"score": 0, "цитата_из_романа": "", "цитата_из_стиха": ""}'
CP.P6.II.62	b.PSA.27.13	0			'{"score": 0, "цитата_из_романа": "", "цитата_из_стиха": ""}'
CP.P6.II.62	b.PSA.149.6	0			'{"score": 0, "цитата_из_романа": "", "цитата_из_стиха": ""}'
CP.P6.II.62	b.JOB.34.37	0			'{"score": 0, "цитата_из_романа": "", "цитата_из_стиха": ""}'
CP.P6.II.62	b.JER.45.5	0			'{"score": 0, "цитата_из_романа": "", "цитата_из_стиха": ""}'
CP.P6.II.62	b.JER.49.9	0			'{"score": 0, "цитата_из_романа": "", "цитата_из_стиха": ""}'
CP.P6.II.62	b.JAM.5.13	0			'{"score": 0, "цитата_из_романа": "", "цитата_из_стиха": ""}'
CP.P6.II.62	b.2TI.2.7	1	на всякий случай	разумение во всем	'{"score": 1, "цитата_из_романа": "на всякий случай", "цитата_из_стиха": "разумение во всем"}'
CP.P6.II.62	b.JDG.7.2	0			'{"score": 0, "цитата_из_романа": "", "цитата_из_стиха": ""}'
CP.P6.II.62	b.2CH.32.1	0			'{"score": 0, "цитата_из_романа": "", "цитата_из_стиха": ""}'
CP.P6.II.62	b.HEB.13.25	0			'{"score": 0, "цитата_из_романа": "", "цитата_из_стиха": ""}'
CP.P6.II.62	b.ISA.12.5	0			'{"score": 0, "цитата_из_романа": "", "цитата_из_стиха": ""}'
CP.P6.II.62	b.LEV.27.19	0			'{"score": 0, "цитата_из_романа": "", "цитата_из_стиха": ""}'
CP.P6.II.62	b.ROM.15.24	0			'{"score": 0, "цитата_из_романа": "", "цитата_из_стиха": ""}'
CP.P6.II.62	b.ROM.1.13	0			'{"score": 0, "цитата_из_романа": "", "цитата_из_стиха": ""}'
CP.P6.II.62	b.JOS.22.22	0			'{"score": 0, "цитата_из_романа": "", "цитата_из_стиха": ""}'
CP.P6.II.62	b.2CO.3.1	0			'{"score": 0, "цитата_из_романа": "", "цитата_из_стиха": ""}'
CP.P6.II.62	b.1PE.4.7	0			'{"score": 0, "цитата_из_романа": "", "цитата_из_стиха": ""}'
CP.P6.II.62	b.DEU.14.29	0			'{"score": 0, "цитата_из_романа": "", "цитата_из_стиха": ""}'
CP.P6.II.62	b.RUT.3.13	0			'{"score": 0, "цитата_из_романа": "", "цитата_из_стиха": ""}'
CP.P6.II.62	b.1SA.2.16	0			'{"score": 0, "цитата_из_романа": "", "цитата_из_стиха": ""}'
CP.P6.II.62	b.JOB.8.2	1	на всякий случай	долго ли ты будешь говорить так?	'{"score": 1, "цитата_из_романа": "на всякий случай", "цитата_из_стиха": "долго ли ты будешь говорить так?"}'
CP.P6.II.62	b.PSA.119.66	0			'{"score": 0, "цитата_из_романа": "", "цитата_из_стиха": ""}'
CP.P6.II.62	b.SON.1.1	0			'{"score": 0, "цитата_из_романа": "", "цитата_из_стиха": ""}'
CP.P6.II.62	b.PSA.109.8	2	дни его кратки	дни его кратки	'{"score": 2, "цитата_из_романа": "дни его кратки", "цитата_из_стиха": "дни его кратки"}'
CP.P6.II.62	b.NUM.18.3	0			'{"score": 0, "цитата_из_романа": "", "цитата_из_стиха": ""}'
CP.P6.II.62	b.JOH.15.7	1	на всякий случай	пожелаете, и будет вам	'{"score": 1, "цитата_из_романа": "на всякий случай", "цитата_из_стиха": "пожелаете, и будет вам"}'
CP.P6.II.62	b.1KI.10.9	0			'{"score": 0, "цитата_из_романа": "", "цитата_из_стиха": ""}'
CP.P6.II.62	b.NAH.3.10	0			'{"score": 0, "цитата_из_романа": "", "цитата_из_стиха": ""}'
CP.P6.IV.25	b.GAL.6.1	1	сумеет надуть	наблюдая каждый за собою	'{"score": 1, "цитата_из_романа": "сумеет надуть", "цитата_из_стиха": "наблюдая каждый за собою"}'
CP.P6.IV.25	b.ECC.2.1	1	веселей	весельем	'{"score": 1, "цитата_из_романа": "веселей", "цитата_из_стиха": "весельем"}'
CP.P6.IV.25	b.GEN.27.11	2	человек грешный	человек гладкий	'{"score": 2, "цитата_из_романа": "человек грешный", "цитата_из_стиха": "человек гладкий"}'
CP.P6.IV.25	b.MIC.4.9	0			'{"score": 0, "цитата_из_романа": "", "цитата_из_стиха": ""}'
CP.P6.IV.25	b.2CO.12.13	0			'{"score": 0, "цитата_из_романа": "", "цитата_из_стиха": ""}'
CP.P6.IV.25	b.JOB.6.26	0			'{"score": 0, "цитата_из_романа": "", "цитата_из_стиха": ""}'
CP.P6.IV.25	b.ZEC.8.8	0			'{"score": 0, "цитата_из_романа": "", "цитата_из_стиха": ""}'
CP.P6.IV.25	b.PHI.1.18	0			'{"score": 0, "цитата_из_романа": "", "цитата_из_стиха": ""}'
CP.P6.IV.25	b.ROM.7.24	0			'{"score": 0, "цитата_из_романа": "", "цитата_из_стиха": ""}'
CP.P6.IV.25	b.ROM.11.20	0			'{"score": 0, "цитата_из_романа": "", "цитата_из_стиха": ""}'
CP.P6.IV.25	b.EXO.16.7	0			'{"score": 0, "цитата_из_романа": "", "цитата_из_стиха": ""}'
CP.P6.IV.25	b.JOH.6.62	0			'{"score": 0, "цитата_из_романа": "", "цитата_из_стиха": ""}'
CP.P6.IV.25	b.1CO.3.3	0			'{"score": 0, "цитата_из_романа": "", "цитата_из_стиха": ""}'
CP.P6.IV.25	b.GAL.4.12	0			'{"score": 0, "цитата_из_романа": "", "цитата_из_стиха": ""}'
CP.P6.IV.25	b.1SA.18.23	1	человек грешный	человек бедный и незначительный	'{"score": 1, "цитата_из_романа": "человек грешный", "цитата_из_стиха": "человек бедный и незначительный"}'
CP.P6.IV.25	b.MAT.8.9	0			'{"score": 0, "цитата_из_романа": "", "цитата_из_стиха": ""}'
CP.P6.IV.25	b.2KI.1.12	0			'{"score": 0, "цитата_из_романа": "", "цитата_из_стиха": ""}'
CP.P6.IV.25	b.JOH.21.21	0			'{"score": 0, "цитата_из_романа": "", "цитата_из_стиха": ""}'
CP.P6.IV.25	b.ROM.12.3	0			'{"score": 0, "цитата_из_романа": "", "цитата_из_стиха": ""}'
CP.P6.IV.25	b.LAM.3.1	0			'{"score": 0, "цитата_из_романа": "", "цитата_из_стиха": ""}'
CP.P6.IV.25	b.ROM.14.22	0			'{"score": 0, "цитата_из_романа": "", "цитата_из_стиха": ""}'
CP.P6.IV.25	b.ZEC.14.11	0			'{"score": 0, "цитата_из_романа": "", "цитата_из_стиха": ""}'
CP.P6.IV.25	b.ISA.64.5	0			'{"score": 0, "цитата_из_романа": "", "цитата_из_стиха": ""}'
CP.P6.IV.25	b.EZE.5.11	0			'{"score": 0, "цитата_из_романа": "", "цитата_из_стиха": ""}'
CP.P6.IV.25	b.EXO.16.8	0			'{"score": 0, "цитата_из_романа": "", "цитата_из_стиха": ""}'
CP.P6.IV.25	b.LUK.19.7	0			'{"score": 0, "цитата_из_романа": "", "цитата_из_стиха": ""}'
CP.P6.IV.25	b.JER.20.7	0			'{"score": 0, "цитата_из_романа": "", "цитата_из_стиха": ""}'
CP.P6.IV.25	b.2TI.2.7	0			'{"score": 0, "цитата_из_романа": "", "цитата_из_стиха": ""}'
CP.P6.IV.25	b.ACT.10.26	0			'{"score": 0, "цитата_из_романа": "", "цитата_из_стиха": ""}'
CP.P6.IV.25	b.HEB.13.25	0			'{"score": 0, "цитата_из_романа": "", "цитата_из_стиха": ""}'
CP.P6.IV.25	b.2CO.12.11	0			'{"score": 0, "цитата_из_романа": "", "цитата_из_стиха": ""}'
CP.P6.IV.25	b.2KI.1.10	0			'{"score": 0, "цитата_из_романа": "", "цитата_из_стиха": ""}'
CP.P6.IV.25	b.ZEC.8.3	0			'{"score": 0, "цитата_из_романа": "", "цитата_из_стиха": ""}'
CP.P6.IV.25	b.2CO.11.21	0			'{"score": 0, "цитата_из_романа": "", "цитата_из_стиха": ""}'
CP.P6.IV.25	b.1SA.22.15	0			'{"score": 0, "цитата_из_романа": "", "цитата_из_стиха": ""}'
CP.P6.IV.25	b.ISA.6.5	0			'{"score": 0, "цитата_из_романа": "", "цитата_из_стиха": ""}'
CP.P6.IV.25	b.JOH.9.16	0			'{"score": 0, "цитата_из_романа": "", "цитата_из_стиха": ""}'
CP.P6.IV.25	b.1CO.9.22	0			'{"score": 0, "цитата_из_романа": "", "цитата_из_стиха": ""}'
CP.P6.IV.25	b.LUK.5.8	2	человек грешный	человек грешный	'{"score": 2, "цитата_из_романа": "человек грешный", "цитата_из_стиха": "человек грешный"}'
CP.P6.IV.25	b.LUK.19.22	0			'{"score": 0, "цитата_из_романа": "", "цитата_из_стиха": ""}'
CP.P6.IV.25	b.EZE.16.27	0			'{"score": 0, "цитата_из_романа": "", "цитата_из_стиха": ""}'
CP.EP.II.22	b.DEU.16.6	0			'{"score": 0, "цитата_из_романа": "", "цитата_из_стиха": ""}'
CP.EP.II.22	b.MAT.21.33	0			'{"score": 0, "цитата_из_романа": "", "цитата_из_стиха": ""}'
CP.EP.II.22	b.PSA.49.17	0			'{"score": 0, "цитата_из_романа": "", "цитата_из_стиха": ""}'
CP.EP.II.22	b.JER.5.16	0			'{"score": 0, "цитата_из_романа": "", "цитата_из_стиха": ""}'
CP.EP.II.22	b.EZE.17.7	0			'{"score": 0, "цитата_из_романа": "", "цитата_из_стиха": ""}'
CP.EP.II.22	b.JDG.19.9	0			'{"score": 0, "цитата_из_романа": "", "цитата_из_стиха": ""}'
CP.EP.II.22	b.GEN.19.30	0			'{"score": 0, "цитата_из_романа": "", "цитата_из_стиха": ""}'
CP.EP.II.22	b.JER.33.12	0			'{"score": 0, "цитата_из_романа": "", "цитата_из_стиха": ""}'
CP.EP.II.22	b.2CH.16.10	0			'{"score": 0, "цитата_из_романа": "", "цитата_из_стиха": ""}'
CP.EP.II.22	b.DAN.3.8	0			'{"score": 0, "цитата_из_романа": "", "цитата_из_стиха": ""}'
CP.EP.II.22	b.GEN.41.3	0			'{"score": 0, "цитата_из_романа": "", "цитата_из_стиха": ""}'
CP.EP.II.22	b.1SA.30.9	0			'{"score": 0, "цитата_из_романа": "", "цитата_из_стиха": ""}'
CP.EP.II.22	b.NEH.7.63	0			'{"score": 0, "цитата_из_романа": "", "цитата_из_стиха": ""}'
CP.EP.II.22	b.PSA.109.16	0			'{"score": 0, "цитата_из_романа": "", "цитата_из_стиха": ""}'
CP.EP.II.22	b.2SA.15.2	0			'{"score": 0, "цитата_из_романа": "", "цитата_из_стиха": ""}'
CP.EP.II.22	b.2SA.5.17	0			'{"score": 0, "цитата_из_романа": "", "цитата_из_стиха": ""}'
CP.EP.II.22	b.ISA.5.28	0			'{"score": 0, "цитата_из_романа": "", "цитата_из_стиха": ""}'
CP.EP.II.22	b.EXO.7.15	0			'{"score": 0, "цитата_из_романа": "", "цитата_из_стиха": ""}'
CP.EP.II.22	b.DEU.8.12	0			'{"score": 0, "цитата_из_романа": "", "цитата_из_стиха": ""}'
CP.EP.II.22	b.RUT.2.23	0			'{"score": 0, "цитата_из_романа": "", "цитата_из_стиха": ""}'
CP.EP.II.22	b.2KI.4.16	0			'{"score": 0, "цитата_из_романа": "", "цитата_из_стиха": ""}'
CP.EP.II.22	b.JER.46.21	0			'{"score": 0, "цитата_из_романа": "", "цитата_из_стиха": ""}'
CP.EP.II.22	b.2KI.4.17	0			'{"score": 0, "цитата_из_романа": "", "цитата_из_стиха": ""}'
CP.EP.II.22	b.PSA.101.8	0			'{"score": 0, "цитата_из_романа": "", "цитата_из_стиха": ""}'
CP.EP.II.22	b.ISA.20.2	0			'{"score": 0, "цитата_из_романа": "", "цитата_из_стиха": ""}'
CP.EP.II.22	b.GEN.17.21	0			'{"score": 0, "цитата_из_романа": "", "цитата_из_стиха": ""}'
CP.EP.II.22	b.EXO.9.18	0			'{"score": 0, "цитата_из_романа": "", "цитата_из_стиха": ""}'
CP.EP.II.22	b.PRO.27.14	0			'{"score": 0, "цитата_из_романа": "", "цитата_из_стиха": ""}'
CP.EP.II.22	b.2SA.23.10	0			'{"score": 0, "цитата_из_романа": "", "цитата_из_стиха": ""}'
CP.EP.II.22	b.EST.1.13	0			'{"score": 0, "цитата_из_романа": "", "цитата_из_стиха": ""}'
CP.EP.II.22	b.REV.18.17	0			'{"score": 0, "цитата_из_романа": "", "цитата_из_стиха": ""}'
CP.EP.II.22	b.EZR.2.61	0			'{"score": 0, "цитата_из_романа": "", "цитата_из_стиха": ""}'
CP.EP.II.22	b.GEN.28.11	0			'{"score": 0, "цитата_из_романа": "", "цитата_из_стиха": ""}'
CP.EP.II.22	b.ACT.12.10	0			'{"score": 0, "цитата_из_романа": "", "цитата_из_стиха": ""}'
CP.EP.II.22	b.JOS.8.21	0			'{"score": 0, "цитата_из_романа": "", "цитата_из_стиха": ""}'
CP.EP.II.22	b.PSA.78.34	0			'{"score": 0, "цитата_из_романа": "", "цитата_из_стиха": ""}'
CP.EP.II.22	b.2KI.7.8	0			'{"score": 0, "цитата_из_романа": "", "цитата_из_стиха": ""}'
CP.EP.II.22	b.ISA.17.14	0			'{"score": 0, "цитата_из_романа": "", "цитата_из_стиха": ""}'
CP.EP.II.22	b.1CO.4.3	0			'{"score": 0, "цитата_из_романа": "", "цитата_из_стиха": ""}'
CP.EP.II.22	b.JER.35.15	0			'{"score": 0, "цитата_из_романа": "", "цитата_из_стиха": ""}'
CP.EP.II.22	b.ISA.17.12	0			'{"score": 0, "цитата_из_романа": "", "цитата_из_стиха": ""}'
CP.EP.II.22	b.ACT.21.34	1	в крепость	в крепость	'{"score": 1, "цитата_из_романа": "в крепость", "цитата_из_стиха": "в крепость"}'
CP.EP.II.22	b.JOH.18.18	0			'{"score": 0, "цитата_из_романа": "", "цитата_из_стиха": ""}'
CP.EP.II.22	b.2KI.6.15	0			'{"score": 0, "цитата_из_романа": "", "цитата_из_стиха": ""}'
CP.EP.II.22	b.JER.49.33	0			'{"score": 0, "цитата_из_романа": "", "цитата_из_стиха": ""}'
CP.EP.II.22	b.PSA.46.5	0			'{"score": 0, "цитата_из_романа": "", "цитата_из_стиха": ""}'
CP.EP.II.22	b.JER.7.25	0			'{"score": 0, "цитата_из_романа": "", "цитата_из_стиха": ""}'
CP.EP.II.22	b.1KI.20.25	0			'{"score": 0, "цитата_из_романа": "", "цитата_из_стиха": ""}'
CP.EP.II.22	b.JOS.10.14	0			'{"score": 0, "цитата_из_романа": "", "цитата_из_стиха": ""}'
CP.EP.II.22	b.LUK.8.23	0			'{"score": 0, "цитата_из_романа": "", "цитата_из_стиха": ""}'
CP.EP.II.22	b.JDG.9.35	0			'{"score": 0, "цитата_из_романа": "", "цитата_из_стиха": ""}'
CP.EP.II.22	b.NUM.16.18	0			'{"score": 0, "цитата_из_романа": "", "цитата_из_стиха": ""}'
CP.EP.II.22	b.MAR.12.1	0			'{"score": 0, "цитата_из_романа": "", "цитата_из_стиха": ""}'
CP.EP.II.22	b.EZE.9.7	0			'{"score": 0, "цитата_из_романа": "", "цитата_из_стиха": ""}'
CP.EP.II.22	b.JOH.9.4	1	день	день	'{"score": 1, "цитата_из_романа": "день", "цитата_из_стиха": "день"}'
CP.EP.II.22	b.1CH.20.5	0			'{"score": 0, "цитата_из_романа": "", "цитата_из_стиха": ""}'
CP.EP.II.22	b.JOE.3.1	0			'{"score": 0, "цитата_из_романа": "", "цитата_из_стиха": ""}'
CP.EP.II.22	b.JER.7.13	0			'{"score": 0, "цитата_из_романа": "", "цитата_из_стиха": ""}'
CP.EP.II.22	b.GEN.41.17	0			'{"score": 0, "цитата_из_романа": "", "цитата_из_стиха": ""}'
CP.EP.II.22	b.EZE.10.6	0			'{"score": 0, "цитата_из_романа": "", "цитата_из_стиха": ""}'
CP.EP.II.22	b.GEN.45.14	0			'{"score": 0, "цитата_из_романа": "", "цитата_из_стиха": ""}'
CP.EP.II.33	b.ECC.8.7	0			'{"score": 0, "цитата_из_романа": "", "цитата_из_стиха": ""}'
CP.EP.II.33	b.LEV.24.18	0			'{"score": 0, "цитата_из_романа": "", "цитата_из_стиха": ""}'
CP.EP.II.33	b.DEU.31.10	2	семь лет	семь лет	'{"score": 2, "цитата_из_романа": "семь лет", "цитата_из_стиха": "семь лет"}'
CP.EP.II.33	b.GEN.41.5	0			'{"score": 0, "цитата_из_романа": "", "цитата_из_стиха": ""}'
CP.EP.II.33	b.GEN.19.35	0			'{"score": 0, "цитата_из_романа": "", "цитата_из_стиха": ""}'
CP.EP.II.33	b.JOS.8.14	0			'{"score": 0, "цитата_из_романа": "", "цитата_из_стиха": ""}'
CP.EP.II.33	b.LEV.15.24	0			'{"score": 0, "цитата_из_романа": "", "цитата_из_стиха": ""}'
CP.EP.II.33	b.LEV.23.15	0			'{"score": 0, "цитата_из_романа": "", "цитата_из_стиха": ""}'
CP.EP.II.33	b.ROM.11.20	0			'{"score": 0, "цитата_из_романа": "", "цитата_из_стиха": ""}'
CP.EP.II.33	b.LUK.11.44	0			'{"score": 0, "цитата_из_романа": "", "цитата_из_стиха": ""}'
CP.EP.II.33	b.LEV.5.4	0			'{"score": 0, "цитата_из_романа": "", "цитата_из_стиха": ""}'
CP.EP.II.33	b.LEV.15.28	0			'{"score": 0, "цитата_из_романа": "", "цитата_из_стиха": ""}'
CP.EP.II.33	b.2CO.5.16	0			'{"score": 0, "цитата_из_романа": "", "цитата_из_стиха": ""}'
CP.EP.II.33	b.PRO.9.18	0			'{"score": 0, "цитата_из_романа": "", "цитата_из_стиха": ""}'
CP.EP.II.33	b.JOB.2.13	0			'{"score": 0, "цитата_из_романа": "", "цитата_из_стиха": ""}'
CP.EP.II.33	b.ECC.9.11	0			'{"score": 0, "цитата_из_романа": "", "цитата_из_стиха": ""}'
CP.EP.II.33	b.EZE.44.26	0			'{"score": 0, "цитата_из_романа": "", "цитата_из_стиха": ""}'
CP.EP.II.33	b.JOH.13.11	0			'{"score": 0, "цитата_из_романа": "", "цитата_из_стиха": ""}'
CP.EP.II.33	b.2KI.8.2	0			'{"score": 0, "цитата_из_романа": "", "цитата_из_стиха": ""}'
CP.EP.II.33	b.LEV.13.54	0			'{"score": 0, "цитата_из_романа": "", "цитата_из_стиха": ""}'
CP.EP.II.33	b.JOB.11.11	0			'{"score": 0, "цитата_из_романа": "", "цитата_из_стиха": ""}'
CP.EP.II.33	b.LUK.17.4	0			'{"score": 0, "цитата_из_романа": "", "цитата_из_стиха": ""}'
CP.EP.II.33	b.LEV.13.31	0			'{"score": 0, "цитата_из_романа": "", "цитата_из_стиха": ""}'
CP.EP.II.33	b.LEV.13.26	0			'{"score": 0, "цитата_из_романа": "", "цитата_из_стиха": ""}'
CP.EP.II.33	b.EXO.29.37	0			'{"score": 0, "цитата_из_романа": "", "цитата_из_стиха": ""}'
CP.EP.II.33	b.ROM.11.2	0			'{"score": 0, "цитата_из_романа": "", "цитата_из_стиха": ""}'
CP.EP.II.33	b.JOH.19.35	0			'{"score": 0, "цитата_из_романа": "", "цитата_из_стиха": ""}'
CP.EP.II.33	b.JOH.2.9	0			'{"score": 0, "цитата_из_романа": "", "цитата_из_стиха": ""}'
CP.EP.II.33	b.HOS.7.9	0			'{"score": 0, "цитата_из_романа": "", "цитата_из_стиха": ""}'
CP.EP.II.33	b.LEV.13.50	0			'{"score": 0, "цитата_из_романа": "", "цитата_из_стиха": ""}'
CP.EP.II.33	b.LEV.8.11	0			'{"score": 0, "цитата_из_романа": "", "цитата_из_стиха": ""}'
CP.EP.II.33	b.ACT.23.27	0			'{"score": 0, "цитата_из_романа": "", "цитата_из_стиха": ""}'
CP.EP.II.33	b.EST.2.9	0			'{"score": 0, "цитата_из_романа": "", "цитата_из_стиха": ""}'
CP.EP.II.33	b.JOH.7.15	0			'{"score": 0, "цитата_из_романа": "", "цитата_из_стиха": ""}'
CP.EP.II.33	b.EZE.45.25	0			'{"score": 0, "цитата_из_романа": "", "цитата_из_стиха": ""}'
CP.EP.II.33	b.LEV.13.21	0			'{"score": 0, "цитата_из_романа": "", "цитата_из_стиха": ""}'
CP.EP.II.33	b.LEV.13.33	0			'{"score": 0, "цитата_из_романа": "", "цитата_из_стиха": ""}'
CP.EP.II.33	b.HEB.9.26	0			'{"score": 0, "цитата_из_романа": "", "цитата_из_стиха": ""}'
CP.EP.II.33	b.JDG.14.17	0			'{"score": 0, "цитата_из_романа": "", "цитата_из_стиха": ""}'
CP.EP.II.33	b.LEV.13.4	0			'{"score": 0, "цитата_из_романа": "", "цитата_из_стиха": ""}'
CP.EP.II.33	b.JOS.22.22	0			'{"score": 0, "цитата_из_романа": "", "цитата_из_стиха": ""}'
CP.EP.II.33	b.ISA.57.10	0			'{"score": 0, "цитата_из_романа": "", "цитата_из_стиха": ""}'
CP.EP.II.33	b.LEV.14.38	0			'{"score": 0, "цитата_из_романа": "", "цитата_из_стиха": ""}'
CP.EP.II.33	b.JOB.14.21	0			'{"score": 0, "цитата_из_романа": "", "цитата_из_стиха": ""}'
CP.EP.II.33	b.ACT.23.21	0			'{"score": 0, "цитата_из_романа": "", "цитата_из_стиха": ""}'
CP.EP.II.33	b.JER.28.1	0			'{"score": 0, "цитата_из_романа": "", "цитата_из_стиха": ""}'
CP.EP.II.33	b.EST.3.14	0			'{"score": 0, "цитата_из_романа": "", "цитата_из_стиха": ""}'
CP.EP.II.33	b.EST.8.13	0			'{"score": 0, "цитата_из_романа": "", "цитата_из_стиха": ""}'
CP.EP.II.33	b.LEV.5.3	0			'{"score": 0, "цитата_из_романа": "", "цитата_из_стиха": ""}'
CP.EP.II.33	b.JER.15.9	0			'{"score": 0, "цитата_из_романа": "", "цитата_из_стиха": ""}'
CP.EP.II.33	b.GEN.42.23	0			'{"score": 0, "цитата_из_романа": "", "цитата_из_стиха": ""}'
CP.EP.II.33	b.PSA.103.14	0			'{"score": 0, "цитата_из_романа": "", "цитата_из_стиха": ""}'
CP.EP.II.33	b.JOB.23.10	0			'{"score": 0, "цитата_из_романа": "", "цитата_из_стиха": ""}'
CP.EP.II.33	b.1CH.9.25	1	семь лет	на семь дней	'{"score": 1, "цитата_из_романа": "семь лет", "цитата_из_стиха": "на семь дней"}'
CP.EP.II.33	b.JOB.12.3	0			'{"score": 0, "цитата_из_романа": "", "цитата_из_стиха": ""}'
CP.EP.II.33	b.MAR.4.27	0			'{"score": 0, "цитата_из_романа": "", "цитата_из_стиха": ""}'
CP.EP.II.33	b.DAN.7.8	0			'{"score": 0, "цитата_из_романа": "", "цитата_из_стиха": ""}'
CP.EP.II.33	b.LEV.22.27	0			'{"score": 0, "цитата_из_романа": "", "цитата_из_стиха": ""}'
CP.EP.II.33	b.1SA.1.18	0			'{"score": 0, "цитата_из_романа": "", "цитата_из_стиха": ""}'
CP.EP.II.33	b.DEU.16.3	0			'{"score": 0, "цитата_из_романа": "", "цитата_из_стиха": ""}'
CP.EP.II.33	b.GEN.29.20	2	семь лет	семь лет	'{"score": 2, "цитата_из_романа": "семь лет", "цитата_из_стиха": "семь лет"}'
CP.EP.II.33	b.LEV.5.2	0			'{"score": 0, "цитата_из_романа": "", "цитата_из_стиха": ""}'
CP.EP.II.33	b.PSA.44.21	0			'{"score": 0, "цитата_из_романа": "", "цитата_из_стиха": ""}'
CP.EP.II.33	b.GEN.19.33	0			'{"score": 0, "цитата_из_романа": "", "цитата_из_стиха": ""}'
CP.EP.II.33	b.LEV.24.21	0			'{"score": 0, "цитата_из_романа": "", "цитата_из_стиха": ""}'
CP.EP.II.33	b.JER.30.7	0			'{"score": 0, "цитата_из_романа": "", "цитата_из_стиха": ""}'
CP.EP.II.33	b.JER.23.27	0			'{"score": 0, "цитата_из_романа": "", "цитата_из_стиха": ""}'
CP.P6.VIII.34	b.DEU.2.14	0			'{"score": 0, "цитата_из_романа": "", "цитата_из_стиха": ""}'
CP.P6.VIII.34	b.PRO.23.7	2	пить	ешь и пей	'{"score": 2, "цитата_из_романа": "пить", "цитата_из_стиха": "ешь и пей"}'
CP.P6.VIII.34	b.LUK.7.45	0			'{"score": 0, "цитата_из_романа": "", "цитата_из_стиха": ""}'
CP.P6.VIII.34	b.MIC.4.9	0			'{"score": 0, "цитата_из_романа": "", "цитата_из_стиха": ""}'
CP.P6.VIII.34	b.REV.16.18	0			'{"score": 0, "цитата_из_романа": "", "цитата_из_стиха": ""}'
CP.P6.VIII.34	b.2CO.12.13	0			'{"score": 0, "цитата_из_романа": "", "цитата_из_стиха": ""}'
CP.P6.VIII.34	b.GEN.38.22	0			'{"score": 0, "цитата_из_романа": "", "цитата_из_стиха": ""}'
CP.P6.VIII.34	b.EZE.4.11	0			'{"score": 0, "цитата_из_романа": "", "цитата_из_стиха": ""}'
CP.P6.VIII.34	b.ISA.14.8	0			'{"score": 0, "цитата_из_романа": "", "цитата_из_стиха": ""}'
CP.P6.VIII.34	b.EZE.7.14	0			'{"score": 0, "цитата_из_романа": "", "цитата_из_стиха": ""}'
CP.P6.VIII.34	b.JOB.6.26	1	чтоб оправиться	на ветер пускаете слова ваши	'{"score": 1, "цитата_из_романа": "чтоб оправиться", "цитата_из_стиха": "на ветер пускаете слова ваши"}'
CP.P6.VIII.34	b.JER.46.20	0			'{"score": 0, "цитата_из_романа": "", "цитата_из_стиха": ""}'
CP.P6.VIII.34	b.LUK.9.33	0			'{"score": 0, "цитата_из_романа": "", "цитата_из_стиха": ""}'
CP.P6.VIII.34	b.MAR.16.7	0			'{"score": 0, "цитата_из_романа": "", "цитата_из_стиха": ""}'
CP.P6.VIII.34	b.GEN.44.5	0			'{"score": 0, "цитата_из_романа": "", "цитата_из_стиха": ""}'
CP.P6.VIII.34	b.NUM.21.33	0			'{"score": 0, "цитата_из_романа": "", "цитата_из_стиха": ""}'
CP.P6.VIII.34	b.EZR.5.16	0			'{"score": 0, "цитата_из_романа": "", "цитата_из_стиха": ""}'
CP.P6.VIII.34	b.1CO.3.3	2	чад и вонь	плотские	'{"score": 2, "цитата_из_романа": "чад и вонь", "цитата_из_стиха": "плотские"}'
CP.P6.VIII.34	b.MAT.12.29	0			'{"score": 0, "цитата_из_романа": "", "цитата_из_стиха": ""}'
CP.P6.VIII.34	b.ROM.11.18	0			'{"score": 0, "цитата_из_романа": "", "цитата_из_стиха": ""}'
CP.P6.VIII.34	b.ECC.4.10	1	если уж надо выпить эту чашу, то не все ли уж равно?	ибо если упадет один, то другой поднимет товарища своего	'{"score": 1, "цитата_из_романа": "если уж надо выпить эту чашу, то не все ли уж равно?", "цитата_из_стиха": "ибо если упадет один, то другой поднимет товарища своего"}'
CP.P6.VIII.34	b.JER.50.44	0			'{"score": 0, "цитата_из_романа": "", "цитата_из_стиха": ""}'
CP.P6.VIII.34	b.JOB.9.18	1	чтобы перевести дух	не дает мне перевести духа	'{"score": 1, "цитата_из_романа": "чтобы перевести дух", "цитата_из_стиха": "не дает мне перевести духа"}'
CP.P6.VIII.34	b.MAT.13.56	0			'{"score": 0, "цитата_из_романа": "", "цитата_из_стиха": ""}'
CP.P6.VIII.34	b.2CH.25.8	2	человеком	мужественно подвизайся	'{"score": 2, "цитата_из_романа": "человеком", "цитата_из_стиха": "мужественно подвизайся"}'
CP.P6.VIII.34	b.DEU.15.17	0			'{"score": 0, "цитата_из_романа": "", "цитата_из_стиха": ""}'
CP.P6.VIII.34	b.JOH.6.9	0			'{"score": 0, "цитата_из_романа": "", "цитата_из_стиха": ""}'
CP.P6.VIII.34	b.JDG.21.24	0			'{"score": 0, "цитата_из_романа": "", "цитата_из_стиха": ""}'
CP.P6.VIII.34	b.JDG.19.28	0			'{"score": 0, "цитата_из_романа": "", "цитата_из_стиха": ""}'
CP.P6.VIII.34	b.JOH.11.11	0			'{"score": 0, "цитата_из_романа": "", "цитата_из_стиха": ""}'
CP.P6.VIII.34	b.EXO.4.7	0			'{"score": 0, "цитата_из_романа": "", "цитата_из_стиха": ""}'
CP.P6.VIII.34	b.ACT.5.4	1	чад и вонь	человеку	'{"score": 1, "цитата_из_романа": "чад и вонь", "цитата_из_стиха": "человеку"}'
CP.P6.VIII.34	b.2SA.12.4	0			'{"score": 0, "цитата_из_романа": "", "цитата_из_стиха": ""}'
CP.P6.VIII.34	b.ISA.51.17	2	чашу	чашу ярости Его, выпил до дна чашу опьянения	'{"score": 2, "цитата_из_романа": "чашу", "цитата_из_стиха": "чашу ярости Его, выпил до дна чашу опьянения"}'
CP.P6.VIII.34	b.1PE.4.3	0			'{"score": 0, "цитата_из_романа": "", "цитата_из_стиха": ""}'
CP.P6.VIII.34	b.EZE.3.11	2	чашу	встань и пойди	'{"score": 2, "цитата_из_романа": "чашу", "цитата_из_стиха": "встань и пойди"}'
CP.P6.VIII.34	b.ACT.13.25	0			'{"score": 0, "цитата_из_романа": "", "цитата_из_стиха": ""}'
CP.P6.VIII.34	b.MAR.9.5	0			'{"score": 0, "цитата_из_романа": "", "цитата_из_стиха": ""}'
CP.P6.VIII.34	b.NUM.22.37	0			'{"score": 0, "цитата_из_романа": "", "цитата_из_стиха": ""}'
CP.P6.VIII.34	b.1CO.4.8	1	чад и вонь	обогатились	'{"score": 1, "цитата_из_романа": "чад и вонь", "цитата_из_стиха": "обогатились"}'
CP.P6.VIII.34	b.ISA.62.4	0			'{"score": 0, "цитата_из_романа": "", "цитата_из_стиха": ""}'
CP.P6.VIII.34	b.2SA.12.23	0			'{"score": 0, "цитата_из_романа": "", "цитата_из_стиха": ""}'
CP.P6.VIII.34	b.GEN.38.21	0			'{"score": 0, "цитата_из_романа": "", "цитата_из_стиха": ""}'
CP.P6.VIII.34	b.2CO.11.21	1	человеком	хвалиться чем-либо	'{"score": 1, "цитата_из_романа": "человеком", "цитата_из_стиха": "хвалиться чем-либо"}'
CP.P6.VIII.34	b.2KI.3.9	0			'{"score": 0, "цитата_из_романа": "", "цитата_из_стиха": ""}'
CP.P6.VIII.34	b.MAT.3.11	0			'{"score": 0, "цитата_из_романа": "", "цитата_из_стиха": ""}'
CP.P6.VIII.34	b.GEN.48.15	0			'{"score": 0, "цитата_из_романа": "", "цитата_из_стиха": ""}'
CP.P6.VIII.34	b.1CO.11.34	0			'{"score": 0, "цитата_из_романа": "", "цитата_из_стиха": ""}'
CP.P6.VIII.34	b.ECC.6.6	0			'{"score": 0, "цитата_из_романа": "", "цитата_из_стиха": ""}'
CP.P6.VIII.34	b.LUK.3.16	0			'{"score": 0, "цитата_из_романа": "", "цитата_из_стиха": ""}'
CP.P6.VIII.34	b.EZR.6.11	0			'{"score": 0, "цитата_из_романа": "", "цитата_из_стиха": ""}'
CP.P6.VIII.34	b.ISA.44.7	0			'{"score": 0, "цитата_из_романа": "", "цитата_из_стиха": ""}'
CP.P6.VIII.34	b.DAN.12.1	0			'{"score": 0, "цитата_из_романа": "", "цитата_из_стиха": ""}'
CP.P6.VIII.34	b.2SA.13.26	0			'{"score": 0, "цитата_из_романа": "", "цитата_из_стиха": ""}'
CP.P6.VIII.34	b.EXO.19.13	0			'{"score": 0, "цитата_из_романа": "", "цитата_из_стиха": ""}'
CP.P6.VIII.34	b.1CO.9.22	2	чтоб оправиться	чтобы спасти	'{"score": 2, "цитата_из_романа": "чтоб оправиться", "цитата_из_стиха": "чтобы спасти"}'
CP.P6.VIII.34	b.2CH.2.6	0			'{"score": 0, "цитата_из_романа": "", "цитата_из_стиха": ""}'
CP.P6.VIII.34	b.JER.49.12	3	выпить эту чашу, то не все ли уж равно? Чем гаже, тем лучше	непременно будут пить ее, и ты ли останешься ненаказанным? Нет, не останешься ненаказанным, но непременно будешь пить чашу	'{"score": 3, "цитата_из_романа": "выпить эту чашу, то не все ли уж равно? Чем гаже, тем лучше", "цитата_из_стиха": "непременно будут пить ее, и ты ли останешься ненаказанным? Нет, не останешься ненака'
CP.P6.VIII.34	b.OBA.1.16	0			'{"score": 0, "цитата_из_романа": "", "цитата_из_стиха": ""}'
CP.P6.VIII.34	b.1SA.2.14	0			'{"score": 0, "цитата_из_романа": "", "цитата_из_стиха": ""}'
CP.P6.VIII.34	b.2PE.3.4	0			'{"score": 0, "цитата_из_романа": "", "цитата_из_стиха": ""}'
CP.P6.VIII.34	b.JOB.6.3	0			'{"score": 0, "цитата_из_романа": "", "цитата_из_стиха": ""}'
CP.P1.II.37	b.PSA.91.14	2	возлюбила много	возлюбил Меня	'{"score": 2, "цитата_из_романа": "возлюбила много", "цитата_из_стиха": "возлюбил Меня"}'
CP.P1.II.37	b.2SA.18.2	0			'{"score": 0, "цитата_из_романа": "", "цитата_из_стиха": ""}'
CP.P1.II.37	b.ACT.26.3	0			'{"score": 0, "цитата_из_романа": "", "цитата_из_стиха": ""}'
CP.P1.II.37	b.GEN.3.22	0			'{"score": 0, "цитата_из_романа": "", "цитата_из_стиха": ""}'
CP.P1.II.37	b.2CO.12.13	0			'{"score": 0, "цитата_из_романа": "", "цитата_из_стиха": ""}'
CP.P1.II.37	b.ACT.21.5	0			'{"score": 0, "цитата_из_романа": "", "цитата_из_стиха": ""}'
CP.P1.II.37	b.MAT.22.10	0			'{"score": 0, "цитата_из_романа": "", "цитата_из_стиха": ""}'
CP.P1.II.37	b.LUK.7.47	3	простит мою Соню, простит, я уж знаю, что простит	прощаются грехи ее многие за то, что она возлюбила много	'{"score": 3, "цитата_из_романа": "простит мою Соню, простит, я уж знаю, что простит", "цитата_из_стиха": "прощаются грехи ее многие за то, что она возлюбила много"}'
CP.P1.II.37	b.REV.9.10	0			'{"score": 0, "цитата_из_романа": "", "цитата_из_стиха": ""}'
CP.P1.II.37	b.DEU.17.9	2	распни, судия, распни и, распяв, пожалей его!	к судье, который будет в те дни, и спроси их,	'{"score": 2, "цитата_из_романа": "распни, судия, распни и, распяв, пожалей его!", "цитата_из_стиха": "к судье, который будет в те дни, и спроси их,"}'
CP.P1.II.37	b.JOB.6.26	0			'{"score": 0, "цитата_из_романа": "", "цитата_из_стиха": ""}'
CP.P1.II.37	b.PSA.69.2	2	распни, судия, распни и, распяв, пожалей его!	прииди! Я уже простил тебя раз... Простил тебя раз...	'{"score": 2, "цитата_из_романа": "распни, судия, распни и, распяв, пожалей его!", "цитата_из_стиха": "прииди! Я уже простил тебя раз... Простил тебя раз..."}'
CP.P1.II.37	b.JER.22.15	0			'{"score": 0, "цитата_из_романа": "", "цитата_из_стиха": ""}'
CP.P1.II.37	b.1SA.28.7	0			'{"score": 0, "цитата_из_романа": "", "цитата_из_стиха": ""}'
CP.P1.II.37	b.ISA.47.3	2	распни, судия, распни и, распяв, пожалей его!	не пощажу никого	'{"score": 2, "цитата_из_романа": "распни, судия, распни и, распяв, пожалей его!", "цитата_из_стиха": "не пощажу никого"}'
CP.P1.II.37	b.1SA.23.23	0			'{"score": 0, "цитата_из_романа": "", "цитата_из_стиха": ""}'
CP.P1.II.37	b.EZE.16.36	0			'{"score": 0, "цитата_из_романа": "", "цитата_из_стиха": ""}'
CP.P1.II.37	b.LUK.13.2	2	распни, судия, распни и, распяв, пожалей его!	приемлешиши	'{"score": 2, "цитата_из_романа": "распни, судия, распни и, распяв, пожалей его!", "цитата_из_стиха": "приемлешиши"}'
CP.P1.II.37	b.1SA.18.1	0			'{"score": 0, "цитата_из_романа": "", "цитата_из_стиха": ""}'
CP.P1.II.37	b.MAT.6.10	2	приидет царствие твое	да приидет Царствие Твое	'{"score": 2, "цитата_из_романа": "приидет царствие твое", "цитата_из_стиха": "да приидет Царствие Твое"}'
CP.P1.II.37	b.LUK.11.19	0			'{"score": 0, "цитата_из_романа": "", "цитата_из_стиха": ""}'
CP.P1.II.37	b.JOH.11.31	0			'{"score": 0, "цитата_из_романа": "", "цитата_из_стиха": ""}'
CP.P1.II.37	b.1CO.3.3	0			'{"score": 0, "цитата_из_романа": "", "цитата_из_стиха": ""}'
CP.P1.II.37	b.EZE.22.4	0			'{"score": 0, "цитата_из_романа": "", "цитата_из_стиха": ""}'
CP.P1.II.37	b.NEH.2.19	0			'{"score": 0, "цитата_из_романа": "", "цитата_из_стиха": ""}'
CP.P1.II.37	b.JER.23.27	0			'{"score": 0, "цитата_из_романа": "", "цитата_из_стиха": ""}'
CP.P1.II.37	b.1SA.20.21	0			'{"score": 0, "цитата_из_романа": "", "цитата_из_стиха": ""}'
CP.P1.II.37	b.JER.6.15	0			'{"score": 0, "цитата_из_романа": "", "цитата_из_стиха": ""}'
CP.P1.II.37	b.GEN.16.1	0			'{"score": 0, "цитата_из_романа": "", "цитата_из_стиха": ""}'
CP.P1.II.37	b.JER.8.12	0			'{"score": 0, "цитата_из_романа": "", "цитата_из_стиха": ""}'
CP.P1.II.37	b.RUT.4.4	0			'{"score": 0, "цитата_из_романа": "", "цитата_из_стиха": ""}'
CP.P1.II.37	b.LUK.6.25	0			'{"score": 0, "цитата_из_романа": "", "цитата_из_стиха": ""}'
CP.P1.II.37	b.1SA.19.22	0			'{"score": 0, "цитата_из_романа": "", "цитата_из_стиха": ""}'
CP.P1.II.37	b.2CH.14.11	0			'{"score": 0, "цитата_из_романа": "", "цитата_из_стиха": ""}'
CP.P1.II.37	b.ACT.20.11	0			'{"score": 0, "цитата_из_романа": "", "цитата_из_стиха": ""}'
CP.P1.II.37	b.JOS.3.13	0			'{"score": 0, "цитата_из_романа": "", "цитата_из_стиха": ""}'
CP.P1.II.37	b.ISA.64.5	2	пожалей его	поминающего Тебя	'{"score": 2, "цитата_из_романа": "пожалей его", "цитата_из_стиха": "поминающего Тебя"}'
CP.P1.II.37	b.ROM.2.22	0			'{"score": 0, "цитата_из_романа": "", "цитата_из_стиха": ""}'
CP.P1.II.37	b.REV.11.7	0			'{"score": 0, "цитата_из_романа": "", "цитата_из_стиха": ""}'
CP.P1.II.37	b.JOH.3.13	0			'{"score": 0, "цитата_из_романа": "", "цитата_из_стиха": ""}'
CP.P1.II.37	b.2CH.6.30	2	пожалей его	и прости, и воздай	'{"score": 2, "цитата_из_романа": "пожалей его", "цитата_из_стиха": "и прости, и воздай"}'
CP.P1.II.37	b.ECC.2.23	0			'{"score": 0, "цитата_из_романа": "", "цитата_из_стиха": ""}'
CP.P1.II.37	b.2TI.2.7	2	простит	даст тебе Господь разумение	'{"score": 2, "цитата_из_романа": "простит", "цитата_из_стиха": "даст тебе Господь разумение"}'
CP.P1.II.37	b.JAM.5.13	0			'{"score": 0, "цитата_из_романа": "", "цитата_из_стиха": ""}'
CP.P1.II.37	b.NEH.1.11	2	пожалей его	введи его в милость	'{"score": 2, "цитата_из_романа": "пожалей его", "цитата_из_стиха": "введи его в милость"}'
CP.P1.II.37	b.ACT.5.4	2	пожалей его	приобретенное продажею не в твоей ли власти находилось	'{"score": 2, "цитата_из_романа": "пожалей его", "цитата_из_стиха": "приобретенное продажею не в твоей ли власти находилось"}'
CP.P1.II.37	b.ROM.15.24	0			'{"score": 0, "цитата_из_романа": "", "цитата_из_стиха": ""}'
CP.P1.II.37	b.REV.9.8	0			'{"score": 0, "цитата_из_романа": "", "цитата_из_стиха": ""}'
CP.P1.II.37	b.EZE.42.15	0			'{"score": 0, "цитата_из_романа": "", "цитата_из_стиха": ""}'
CP.P1.II.37	b.MAT.19.17	0			'{"score": 0, "цитата_из_романа": "", "цитата_из_стиха": ""}'
CP.P1.II.37	b.MAT.9.13	2	пожалей его	милости хочу	'{"score": 2, "цитата_из_романа": "пожалей его", "цитата_из_стиха": "милости хочу"}'
CP.P1.II.37	b.2CO.12.19	0			'{"score": 0, "цитата_из_романа": "", "цитата_из_стиха": ""}'
CP.P1.II.37	b.2SA.17.11	0			'{"score": 0, "цитата_из_романа": "", "цитата_из_стиха": ""}'
CP.P1.II.37	b.LUK.18.19	0			'{"score": 0, "цитата_из_романа": "", "цитата_из_стиха": ""}'
CP.P1.II.37	b.LUK.11.2	2	Царствие твое	Царствие Твое	'{"score": 2, "цитата_из_романа": "Царствие твое", "цитата_из_стиха": "Царствие Твое"}'
CP.P1.II.37	b.REV.3.17	2	не жалеть, а распять	не знаешь, что ты несчастен, и жалок	'{"score": 2, "цитата_из_романа": "не жалеть, а распять", "цитата_из_стиха": "не знаешь, что ты несчастен, и жалок"}'
CP.P1.II.37	b.ISA.58.8	0			'{"score": 0, "цитата_из_романа": "", "цитата_из_стиха": ""}'
CP.P1.II.37	b.JOS.3.8	0			'{"score": 0, "цитата_из_романа": "", "цитата_из_стиха": ""}'
CP.P1.II.37	b.LUK.13.4	0			'{"score": 0, "цитата_из_романа": "", "цитата_из_стиха": ""}'
CP.P1.II.37	b.MAR.10.18	0			'{"score": 0, "цитата_из_романа": "", "цитата_из_стиха": ""}'
CP.P1.II.37	b.ECC.9.2	2	пожалей его	приносящему жертву и не приносящему жертвы	'{"score": 2, "цитата_из_романа": "пожалей его", "цитата_из_стиха": "приносящему жертву и не приносящему жертвы"}'
CP.P1.II.37	b.2CH.34.27	2	пожалей его	и ты смирился предо Мною, и разодрал одежды свои, и плакал предо Мною	'{"score": 2, "цитата_из_романа": "пожалей его", "цитата_из_стиха": "и ты смирился предо Мною, и разодрал одежды свои, и плакал предо Мною"}'
CP.P1.II.37	b.2KI.10.25	0			'{"score": 0, "цитата_из_романа": "", "цитата_из_стиха": ""}'
CP.P1.II.37	b.2TI.1.12	0			'{"score": 0, "цитата_из_романа": "", "цитата_из_стиха": ""}'
CP.P1.II.37	b.MAR.14.68	0			'{"score": 0, "цитата_из_романа": "", "цитата_из_стиха": ""}'
CP.P1.II.37	b.LUK.12.51	0			'{"score": 0, "цитата_из_романа": "", "цитата_из_стиха": ""}'
CP.P1.II.37	b.1SA.24.16	0			'{"score": 0, "цитата_из_романа": "", "цитата_из_стиха": ""}'
CP.P1.II.37	b.PSA.63.4	0			'{"score": 0, "цитата_из_романа": "", "цитата_из_стиха": ""}'
CP.P1.II.23	b.JDG.19.4	0			'{"score": 0, "цитата_из_романа": "", "цитата_из_стиха": ""}'
CP.P1.II.23	b.2KI.9.34	2	девица честная	царская дочь	'{"score": 2, "цитата_из_романа": "девица честная", "цитата_из_стиха": "царская дочь"}'
CP.P1.II.23	b.1TI.5.13	1	бывают не только праздны	приучаются ходить по домам и бывают не только праздны	'{"score": 1, "цитата_из_романа": "бывают не только праздны", "цитата_из_стиха": "приучаются ходить по домам и бывают не только праздны"}'
CP.P1.II.23	b.MAT.18.19	2	просить о всяком деле	просить о всяком деле	'{"score": 2, "цитата_из_романа": "просить о всяком деле", "цитата_из_стиха": "просить о всяком деле"}'
CP.P1.II.23	b.MIC.4.9	2	а в девятом часу и назад обратно пришла	что тебя схватили муки, как рождающую?	'{"score": 2, "цитата_из_романа": "а в девятом часу и назад обратно пришла", "цитата_из_стиха": "что тебя схватили муки, как рождающую?"}'
CP.P1.II.23	b.GEN.12.19	2	в жену	в жену	'{"score": 2, "цитата_из_романа": "в жену", "цитата_из_стиха": "в жену"}'
CP.P1.II.23	b.ACT.10.3	0			'{"score": 0, "цитата_из_романа": "", "цитата_из_стиха": ""}'
CP.P1.II.23	b.1CO.7.28	2	не согрешит	не согрешит	'{"score": 2, "цитата_из_романа": "не согрешит", "цитата_из_стиха": "не согрешит"}'
CP.P1.II.23	b.JOH.5.3	0			'{"score": 0, "цитата_из_романа": "", "цитата_из_стиха": ""}'
CP.P1.II.23	b.ECC.3.13				'{"score": 2, "цитата_из_романа": "что в болезни этой и всегда бывает: "Живешь, дескать, ты, дармоедка, у нас, ешь и пьешь и теплом пользуешься",", "цитата_из_стиха": "и видит доброе во всяком труде св'
CP.P1.II.23	b.MAR.7.24	2	и, войдя в дом	и, войдя в дом	'{"score": 2, "цитата_из_романа": "и, войдя в дом", "цитата_из_стиха": "и, войдя в дом"}'
CP.P1.II.23	b.JDG.19.6	2	остались, и оба вместе ели и пили	остались, и оба вместе ели и пили	'{"score": 2, "цитата_из_романа": "остались, и оба вместе ели и пили", "цитата_из_стиха": "остались, и оба вместе ели и пили"}'
CP.P1.II.23	b.GEN.30.33	0			'{"score": 0, "цитата_из_романа": "", "цитата_из_стиха": ""}'
CP.P1.II.23	b.DEU.28.55	0			'{"score": 0, "цитата_из_романа": "", "цитата_из_стиха": ""}'
CP.P1.II.23	b.2CH.21.17	0			'{"score": 0, "цитата_из_романа": "", "цитата_из_стиха": ""}'
CP.P1.II.23	b.JDG.9.27	0			'{"score": 0, "цитата_из_романа": "", "цитата_из_стиха": ""}'
CP.P1.II.23	b.ROM.11.20	2	не гордись	не гордись, но бойся	'{"score": 2, "цитата_из_романа": "не гордись", "цитата_из_стиха": "не гордись, но бойся"}'
CP.P1.II.23	b.MAL.3.7	2	не ведаю	не соблюдаете	'{"score": 2, "цитата_из_романа": "не ведаю", "цитата_из_стиха": "не соблюдаете"}'
CP.P1.II.23	b.ISA.3.24	2	мужа любила чрезмерно	Мужи твои	'{"score": 2, "цитата_из_романа": "мужа любила чрезмерно", "цитата_из_стиха": "Мужи твои"}'
CP.P1.II.23	b.ACT.21.8	0			'{"score": 0, "цитата_из_романа": "", "цитата_из_стиха": ""}'
CP.P1.II.23	b.DEU.3.3	0			'{"score": 0, "цитата_из_романа": "", "цитата_из_стиха": ""}'
CP.P1.II.23	b.DAN.10.7	0			'{"score": 0, "цитата_из_романа": "", "цитата_из_стиха": ""}'
CP.P1.II.23	b.JOB.2.13	2	страдание его	страдание его весьма велико	'{"score": 2, "цитата_из_романа": "страдание его", "цитата_из_стиха": "страдание его весьма велико"}'
CP.P1.II.23	b.JOH.8.11	2	не осуждаю, не осуждаю	и Я не осуждаю тебя	'{"score": 2, "цитата_из_романа": "не осуждаю, не осуждаю", "цитата_из_стиха": "и Я не осуждаю тебя"}'
CP.P1.II.23	b.LUK.24.39	2	осмотрите Меня и рассмотрите	осмотрите Меня и рассмотрите	'{"score": 2, "цитата_из_романа": "осмотрите Меня и рассмотрите", "цитата_из_стиха": "осмотрите Меня и рассмотрите"}'
CP.P1.II.23	b.JER.38.25	0			'{"score": 0, "цитата_из_романа": "", "цитата_из_стиха": ""}'
CP.P1.II.23	b.LUK.7.34	2	что в болезни этой и всегда бывает: "Живешь, дескать, ты, дармоедка, у нас, ешь и пьешь и теплом пользуешься"	который любит есть и пить вино	'{"score": 2, "цитата_из_романа": "что в болезни этой и всегда бывает: \\"Живешь, дескать, ты, дармоедка, у нас, ешь и пьешь и теплом пользуешься\\"", "цитата_из_стиха": "который любит есть и пить вино"}'
CP.P1.II.23	b.1KI.7.25	0			'{"score": 0, "цитата_из_романа": "", "цитата_из_стиха": ""}'
CP.P1.II.23	b.MAR.15.34	2	в девятом часу и назад обратно пришла	В девятом часу возопил Иисус громким голосом	'{"score": 2, "цитата_из_романа": "в девятом часу и назад обратно пришла", "цитата_из_стиха": "В девятом часу возопил Иисус громким голосом"}'
CP.P1.II.23	b.EST.4.14	2	не заработает, если честна и не имеет особых талантов	не для такого ливремени ты и достигла достоинства царского	'{"score": 2, "цитата_из_романа": "не заработает, если честна и не имеет особых талантов", "цитата_из_стиха": "не для такого ливремени ты и достигла достоинства царского"}'
CP.P1.II.23	b.JER.10.5	0			'{"score": 0, "цитата_из_романа": "", "цитата_из_стиха": ""}'
CP.P1.II.23	b.ROM.8.8	2	не могут	не могут	'{"score": 2, "цитата_из_романа": "не могут", "цитата_из_стиха": "не могут"}'
CP.P1.II.23	b.GEN.25.34	2	едь и пьешь	и он ел и пил	'{"score": 2, "цитата_из_романа": "едь и пьешь", "цитата_из_стиха": "и он ел и пил"}'
CP.P1.II.23	b.1CO.9.15	2	не заработает, если честна и не имеет особых талантов	написал это не для того, чтобы так было для меня	'{"score": 2, "цитата_из_романа": "не заработает, если честна и не имеет особых талантов", "цитата_из_стиха": "написал это не для того, чтобы так было для меня"}'
CP.P1.II.23	b.LEV.19.28	0			'{"score": 0, "цитата_из_романа": "", "цитата_из_стиха": ""}'
CP.P1.II.23	b.ACT.9.9	2	тридцать целковых молча выложила	три дня он не видел, и не ел, и не пил	'{"score": 2, "цитата_из_романа": "тридцать целковых молча выложила", "цитата_из_стиха": "три дня он не видел, и не ел, и не пил"}'
CP.P1.II.23	b.MAT.18.30	2	а тут места лишился	а пошел и посадил его в темницу	'{"score": 2, "цитата_из_романа": "а тут места лишился", "цитата_из_стиха": "а пошел и посадил его в темницу"}'
CP.P1.II.23	b.EZE.1.1	0			'{"score": 0, "цитата_из_романа": "", "цитата_из_стиха": ""}'
CP.P1.II.23	b.MAT.27.46	2	в девятом часу и назад обратно пришла	а около девятого часа возопил	'{"score": 2, "цитата_из_романа": "в девятом часу и назад обратно пришла", "цитата_из_стиха": "а около девятого часа возопил"}'
CP.P1.II.23	b.2CO.12.3	0			'{"score": 0, "цитата_из_романа": "", "цитата_из_стиха": ""}'
CP.P1.II.23	b.2KI.7.8	0			'{"score": 0, "цитата_из_романа": "", "цитата_из_стиха": ""}'
CP.P1.II.23	b.EZE.3.7	2	не хотела спустить	не хотят слушать	'{"score": 2, "цитата_из_романа": "не хотела спустить", "цитата_из_стиха": "не хотят слушать"}'
CP.P1.II.23	b.GEN.45.19	0			'{"score": 0, "цитата_из_романа": "", "цитата_из_стиха": ""}'
CP.P1.II.23	b.HEB.1.6	0			'{"score": 0, "цитата_из_романа": "", "цитата_из_стиха": ""}'
CP.P1.II.23	b.PRO.31.29	2	девица честная	ты превзошла всех их	'{"score": 2, "цитата_из_романа": "девица честная", "цитата_из_стиха": "ты превзошла всех их"}'
CP.P1.II.23	b.2KI.3.14	0			'{"score": 0, "цитата_из_романа": "", "цитата_из_стиха": ""}'
CP.P1.II.23	b.ACT.26.29	2	не только ты, но и все	не только ты, но и все, слушающие меня сегодня	'{"score": 2, "цитата_из_романа": "не только ты, но и все", "цитата_из_стиха": "не только ты, но и все, слушающие меня сегодня"}'
CP.P1.II.23	b.2KI.6.22	0			'{"score": 0, "цитата_из_романа": "", "цитата_из_стиха": ""}'
CP.P1.II.23	b.JOH.19.37	2	пронзили	пронзили	'{"score": 2, "цитата_из_романа": "пронзили", "цитата_из_стиха": "пронзили"}'
CP.P1.II.23	b.2CO.12.11	2	хвалиться	хвалясь	'{"score": 2, "цитата_из_романа": "хвалиться", "цитата_из_стиха": "хвалясь"}'
CP.P1.II.23	b.ZEC.1.3	2	и Я обращусь к вам	и Я обращусь к вам	'{"score": 2, "цитата_из_романа": "и Я обращусь к вам", "цитата_из_стиха": "и Я обращусь к вам"}'
CP.P1.II.23	b.ROM.13.3	1	хотя и не касался сего	и встать не хотела	'{"score": 1, "цитата_из_романа": "хотя и не касался сего", "цитата_из_стиха": "и встать не хотела"}'
CP.P1.II.23	b.1KI.3.26	2	а в девятом часу и назад обратно пришла	и весь вечер в ногах у ней на коленках простояла	'{"score": 2, "цитата_из_романа": "а в девятом часу и назад обратно пришла", "цитата_из_стиха": "и весь вечер в ногах у ней на коленках простояла"}'
CP.P1.II.23	b.ACT.26.26	2	а потом так обе и заснули вместе, обнявшись... обе... обе... 	а потом так обе и заснули вместе, обнявшись... 	'{"score": 2, "цитата_из_романа": "а потом так обе и заснули вместе, обнявшись... обе... обе... ", "цитата_из_стиха": "а потом так обе и заснули вместе, обнявшись... "}'
CP.P1.II.23	b.2SA.11.13	2	а в свой дом не пошел	а в свой дом не пошел	'{"score": 2, "цитата_из_романа": "а в свой дом не пошел", "цитата_из_стиха": "а в свой дом не пошел"}'
CP.P1.II.23	b.2KI.10.2	0			'{"score": 0, "цитата_из_романа": "", "цитата_из_стиха": ""}'
CP.P1.II.23	b.RUT.1.16				'{"score": 2, "цитата_из_романа": " "а куда ты пойдешь, туда и я пойду, и где ты жить будешь, там и я буду жить", "цитата_из_стиха": " "но куда ты пойдешь, туда и я пойду, и где ты жить будешь, там и я'
CP.P1.II.23	b.ROM.15.12	0			'{"score": 0, "цитата_из_романа": "", "цитата_из_стиха": ""}'
CP.P1.II.23	b.ACT.10.30	2	в девятом часу	и в девятом часу	'{"score": 2, "цитата_из_романа": "в девятом часу", "цитата_из_стиха": "и в девятом часу"}'
CP.P1.II.23	b.ISA.57.10				'{"score": 2, "цитата_из_романа": "а понимаете ли, понимаете ли вы, милостивый государь, что значит, когда уже некуда больше идти?", "цитата_из_стиха": "но не говорила: „надежда потеряна!""}'
CP.P1.II.23	b.EXO.5.14	0			'{"score": 0, "цитата_из_романа": "", "цитата_из_стиха": ""}'
CP.P1.II.23	b.ISA.17.6	0			'{"score": 0, "цитата_из_романа": "", "цитата_из_стиха": ""}'
CP.P1.II.23	b.2CO.11.21	2	хвалиться чем-либо	хвалиться чем-либо	'{"score": 2, "цитата_из_романа": "хвалиться чем-либо", "цитата_из_стиха": "хвалиться чем-либо"}'
CP.P1.II.23	b.1CO.7.36	2	дочка моя, от первого брака	свой девицы	'{"score": 2, "цитата_из_романа": "дочка моя, от первого брака", "цитата_из_стиха": "свой девицы"}'
CP.P1.II.23	b.2CH.9.6	2	видел я, эдак часу в шестом, Сонечка встала, надела платочек, надела бурнусик и с квартиры отправилась	но я не верила словам о них, доколе не пришла и не увидела глазамисвоими	'{"score": 2, "цитата_из_романа": "видел я, эдак часу в шестом, Сонечка встала, надела платочек, надела бурнусик и с квартиры отправилась", "цитата_из_стиха": "но я не верила словам о них, доколе не пр'
CP.P1.II.23	b.MAT.11.19	0			'{"score": 0, "цитата_из_романа": "", "цитата_из_стиха": ""}'
CP.P1.II.23	b.ACT.11.26	0			'{"score": 0, "цитата_из_романа": "", "цитата_из_стиха": ""}'
CP.P1.II.23	b.RUT.1.13	2	а до сих пор вспоминает его со слезами и меня им корит	ибо рука Господня постигла меня	'{"score": 2, "цитата_из_романа": "а до сих пор вспоминает его со слезами и меня им корит", "цитата_из_стиха": "ибо рука Господня постигла меня"}'
CP.P1.II.23	b.RUT.4.6	2	и чтобы не ести и не пить от их пищи и тепла	чтобы не расстроить своего удела	'{"score": 2, "цитата_из_романа": "и чтобы не ести и не пить от их пищи и тепла", "цитата_из_стиха": "чтобы не расстроить своего удела"}'
CP.P1.II.23	b.1SA.30.16	0			'{"score": 0, "цитата_из_романа": "", "цитата_из_стиха": ""}'
CP.P1.II.23	b.EXO.21.18	0			'{"score": 0, "цитата_из_романа": "", "цитата_из_стиха": ""}'
CP.P1.II.23	b.LEV.25.30	2	полтора года уже будет назад, как очутились мы наконец, после странствий и многочисленных бедствий, в сей великолепной и украшенной многочисленными памятниками столице.	если же не будет он выкуплен до истечения целого года, то дом, который в городе, имеющем стену, останется навсегда у купившего его в роды его, и в юбилей не отойдет от него.	'{"score": 2, "цитата_из_романа": "полтора года уже будет назад, как очутились мы наконец, после странствий и многочисленных бедствий, в сей великолепной и украшенной многочисленными памятниками столиц'
CP.P1.II.23	b.2CO.3.7	0			'{"score": 0, "цитата_из_романа": "", "цитата_из_стиха": ""}'
CP.P1.II.23	b.EZE.1.27	0			'{"score": 0, "цитата_из_романа": "", "цитата_из_стиха": ""}'
CP.P1.II.23	b.JOB.41.22	0			'{"score": 0, "цитата_из_романа": "", "цитата_из_стиха": ""}'
CP.P1.II.23	b.2KI.6.23	0			'{"score": 0, "цитата_из_романа": "", "цитата_из_стиха": ""}'
CP.P1.II.23	b.EZE.38.2	0			'{"score": 0, "цитата_из_романа": "", "цитата_из_стиха": ""}'
CP.P4.IV.140	b.ACT.16.16	0			'{"score": 0, "цитата_из_романа": "", "цитата_из_стиха": ""}'
CP.P4.IV.140	b.REV.6.16	0			'{"score": 0, "цитата_из_романа": "", "цитата_из_стиха": ""}'
CP.P4.IV.140	b.ZEP.1.12	0			'{"score": 0, "цитата_из_романа": "", "цитата_из_стиха": ""}'
CP.P4.IV.140	b.PRO.19.9	0			'{"score": 0, "цитата_из_романа": "", "цитата_из_стиха": ""}'
CP.P4.IV.140	b.RUT.2.13	0			'{"score": 0, "цитата_из_романа": "", "цитата_из_стиха": ""}'
CP.P4.IV.140	b.ROM.3.8	0			'{"score": 0, "цитата_из_романа": "", "цитата_из_стиха": ""}'
CP.P4.IV.140	b.GEN.16.13	2	бога узрит	Ты Бог видящий меня	'{"score": 2, "цитата_из_романа": "бога узрит", "цитата_из_стиха": "Ты Бог видящий меня"}'
CP.P4.IV.140	b.GEN.39.14	0			'{"score": 0, "цитата_из_романа": "", "цитата_из_стиха": ""}'
CP.P4.IV.140	b.LUK.11.31	2	приходила	приходила	'{"score": 2, "цитата_из_романа": "приходила", "цитата_из_стиха": "приходила"}'
CP.P4.IV.140	b.RUT.1.19	0			'{"score": 0, "цитата_из_романа": "", "цитата_из_стиха": ""}'
CP.P4.IV.140	b.PSA.50.20	0			'{"score": 0, "цитата_из_романа": "", "цитата_из_стиха": ""}'
CP.P4.IV.140	b.ZEC.1.6	0			'{"score": 0, "цитата_из_романа": "", "цитата_из_стиха": ""}'
CP.P4.IV.140	b.1SA.1.10	1	говорили	молилась	'{"score": 1, "цитата_из_романа": "говорили", "цитата_из_стиха": "молилась"}'
CP.P4.IV.140	b.PSA.90.4	0			'{"score": 0, "цитата_из_романа": "", "цитата_из_стиха": ""}'
CP.P4.IV.140	b.ACT.16.14	2	она узрит	узрит того, что говорил Павел	'{"score": 2, "цитата_из_романа": "она узрит", "цитата_из_стиха": "узрит того, что говорил Павел"}'
CP.P4.IV.140	b.EZE.47.5	0			'{"score": 0, "цитата_из_романа": "", "цитата_из_стиха": ""}'
CP.P4.IV.140	b.JOH.8.11	0			'{"score": 0, "цитата_из_романа": "", "цитата_из_стиха": ""}'
CP.P4.IV.140	b.REV.18.10	0			'{"score": 0, "цитата_из_романа": "", "цитата_из_стиха": ""}'
CP.P4.IV.140	b.2KI.4.7	0			'{"score": 0, "цитата_из_романа": "", "цитата_из_стиха": ""}'
CP.P4.IV.140	b.1KI.2.16	1	говорили	говори	'{"score": 1, "цитата_из_романа": "говорили", "цитата_из_стиха": "говори"}'
CP.P4.IV.140	b.JER.22.16	2	читали и... говорили	знатьМеня	'{"score": 2, "цитата_из_романа": "читали и... говорили", "цитата_из_стиха": "знатьМеня"}'
CP.P4.IV.140	b.LUK.18.5	0			'{"score": 0, "цитата_из_романа": "", "цитата_из_стиха": ""}'
CP.P4.IV.140	b.RUT.4.17	0			'{"score": 0, "цитата_из_романа": "", "цитата_из_стиха": ""}'
CP.P4.IV.140	b.PRO.24.2	0			'{"score": 0, "цитата_из_романа": "", "цитата_из_стиха": ""}'
CP.P4.IV.140	b.PRO.19.5	0			'{"score": 0, "цитата_из_романа": "", "цитата_из_стиха": ""}'
CP.P4.IV.140	b.MAT.5.8	3	она бога узрит	и Бога узрят	'{"score": 3, "цитата_из_романа": "она бога узрит", "цитата_из_стиха": "и Бога узрят"}'
CP.P4.IV.140	b.PRO.16.13	2	говорили	говорящего	'{"score": 2, "цитата_из_романа": "говорили", "цитата_из_стиха": "говорящего"}'
CP.P4.IV.140	b.OBA.1.3	0			'{"score": 0, "цитата_из_романа": "", "цитата_из_стиха": ""}'
CP.P4.IV.140	b.2SA.14.17	0			'{"score": 0, "цитата_из_романа": "", "цитата_из_стиха": ""}'
CP.P4.IV.140	b.PHI.4.4	0			'{"score": 0, "цитата_из_романа": "", "цитата_из_стиха": ""}'
CP.P4.IV.140	b.ZEC.8.23	0			'{"score": 0, "цитата_из_романа": "", "цитата_из_стиха": ""}'
CP.P4.IV.140	b.ACT.16.15	0			'{"score": 0, "цитата_из_романа": "", "цитата_из_стиха": ""}'
CP.P4.IV.140	b.RUT.4.14	0			'{"score": 0, "цитата_из_романа": "", "цитата_из_стиха": ""}'
CP.P4.IV.140	b.EST.4.2	0			'{"score": 0, "цитата_из_романа": "", "цитата_из_стиха": ""}'
CP.P4.IV.140	b.MAT.12.42	2	приходила	приходила	'{"score": 2, "цитата_из_романа": "приходила", "цитата_из_стиха": "приходила"}'
CP.P4.IV.140	b.PSA.109.20	0			'{"score": 0, "цитата_из_романа": "", "цитата_из_стиха": ""}'
CP.P4.IV.140	b.ROM.11.9	0			'{"score": 0, "цитата_из_романа": "", "цитата_из_стиха": ""}'
CP.P4.IV.140	b.REV.19.8	0			'{"score": 0, "цитата_из_романа": "", "цитата_из_стиха": ""}'
CP.P4.IV.140	b.PSA.116.10	0			'{"score": 0, "цитата_из_романа": "", "цитата_из_стиха": ""}'
CP.P4.IV.140	b.REV.16.7	2	бога узрит	истинны и праведны суды Твои	'{"score": 2, "цитата_из_романа": "бога узрит", "цитата_из_стиха": "истинны и праведны суды Твои"}'
CP.P4.IV.140	b.REV.8.13	0			'{"score": 0, "цитата_из_романа": "", "цитата_из_стиха": ""}'
CP.P4.IV.140	b.REV.7.12	0			'{"score": 0, "цитата_из_романа": "", "цитата_из_стиха": ""}'
CP.P4.IV.140	b.JDG.13.6	2	читали и... говорили	человек Божий приходил ко мне, которого вид, как вид Ангела Божия, весьма почтенный	'{"score": 2, "цитата_из_романа": "читали и... говорили", "цитата_из_стиха": "человек Божий приходил ко мне, которого вид, как вид Ангела Божия, весьма почтенный"}'
CP.P4.IV.140	b.PRO.26.19	0			'{"score": 0, "цитата_из_романа": "", "цитата_из_стиха": ""}'
CP.P4.IV.140	b.1SA.1.18	0			'{"score": 0, "цитата_из_романа": "", "цитата_из_стиха": ""}'
CP.P4.IV.140	b.REV.5.14	0			'{"score": 0, "цитата_из_романа": "", "цитата_из_стиха": ""}'
CP.P4.IV.140	b.PSA.30.6	0			'{"score": 0, "цитата_из_романа": "", "цитата_из_стиха": ""}'
CP.P4.IV.140	b.2KI.4.9	2	человек Божий	человек Божий	'{"score": 2, "цитата_из_романа": "человек Божий", "цитата_из_стиха": "человек Божий"}'
CP.P4.IV.140	b.PRO.7.10	0			'{"score": 0, "цитата_из_романа": "", "цитата_из_стиха": ""}'
CP.P4.IV.140	b.REV.5.13	0			'{"score": 0, "цитата_из_романа": "", "цитата_из_стиха": ""}'
CP.P4.IV.140	b.PRO.7.13	0			'{"score": 0, "цитата_из_романа": "", "цитата_из_стиха": ""}'
CP.P4.IV.140	b.EZE.16.63	0			'{"score": 0, "цитата_из_романа": "", "цитата_из_стиха": ""}'
CP.P4.IV.140	b.1SA.1.26	0			'{"score": 0, "цитата_из_романа": "", "цитата_из_стиха": ""}'
CP.P4.IV.140	b.MAT.28.17	2	узрит	увидев	'{"score": 2, "цитата_из_романа": "узрит", "цитата_из_стиха": "увидев"}'
CP.P6.VI.26	b.PHI.1.6	0			'{"score": 0, "цитата_из_романа": "", "цитата_из_стиха": ""}'
CP.P6.VI.26	b.1SA.20.9	0			'{"score": 0, "цитата_из_романа": "", "цитата_из_стиха": ""}'
CP.P6.VI.26	b.LEV.22.7	0			'{"score": 0, "цитата_из_романа": "", "цитата_из_стиха": ""}'
CP.P6.VI.26	b.JOB.23.7	0			'{"score": 0, "цитата_из_романа": "", "цитата_из_стиха": ""}'
CP.P6.VI.26	b.LUK.2.49	0			'{"score": 0, "цитата_из_романа": "", "цитата_из_стиха": ""}'
CP.P6.VI.26	b.1KI.19.4	0			'{"score": 0, "цитата_из_романа": "", "цитата_из_стиха": ""}'
CP.P6.VI.26	b.MAR.4.17	0			'{"score": 0, "цитата_из_романа": "", "цитата_из_стиха": ""}'
CP.P6.VI.26	b.MAT.27.48	0			'{"score": 0, "цитата_из_романа": "", "цитата_из_стиха": ""}'
CP.P6.VI.26	b.EZE.10.9	0			'{"score": 0, "цитата_из_романа": "", "цитата_из_стиха": ""}'
CP.P6.VI.26	b.ROM.3.2	0			'{"score": 0, "цитата_из_романа": "", "цитата_из_стиха": ""}'
CP.P6.VI.26	b.ROM.15.17	0			'{"score": 0, "цитата_из_романа": "", "цитата_из_стиха": ""}'
CP.P6.VI.26	b.MAT.13.21	2	соблазняется	соблазняется	'{"score": 2, "цитата_из_романа": "соблазняется", "цитата_из_стиха": "соблазняется"}'
CP.P6.VI.26	b.MAT.12.4	0			'{"score": 0, "цитата_из_романа": "", "цитата_из_стиха": ""}'
CP.P6.VI.26	b.ACT.13.44	0			'{"score": 0, "цитата_из_романа": "", "цитата_из_стиха": ""}'
CP.P6.VI.26	b.NEH.12.31	0			'{"score": 0, "цитата_из_романа": "", "цитата_из_стиха": ""}'
CP.P6.VI.26	b.JOB.4.16	0			'{"score": 0, "цитата_из_романа": "", "цитата_из_стиха": ""}'
CP.P6.VI.26	b.PSA.38.14	2	не имел никакого понятия, о чем идет речь	не имеет в устах своих ответа	'{"score": 2, "цитата_из_романа": "не имел никакого понятия, о чем идет речь", "цитата_из_стиха": "не имеет в устах своих ответа"}'
CP.P6.VI.26	b.MAR.14.69	0			'{"score": 0, "цитата_из_романа": "", "цитата_из_стиха": ""}'
CP.P6.VI.26	b.ECC.4.11	0			'{"score": 0, "цитата_из_романа": "", "цитата_из_стиха": ""}'
CP.P6.VI.26	b.JOB.2.3	0			'{"score": 0, "цитата_из_романа": "", "цитата_из_стиха": ""}'
CP.P6.VI.26	b.LEV.1.2	0			'{"score": 0, "цитата_из_романа": "", "цитата_из_стиха": ""}'
CP.P6.VI.26	b.2KI.7.2	0			'{"score": 0, "цитата_из_романа": "", "цитата_из_стиха": ""}'
CP.P6.VI.26	b.LEV.22.13	0			'{"score": 0, "цитата_из_романа": "", "цитата_из_стиха": ""}'
CP.P6.VI.26	b.LUK.15.8	2	зажег свечу	не зажжет свечи	'{"score": 2, "цитата_из_романа": "зажег свечу", "цитата_из_стиха": "не зажжет свечи"}'
CP.P6.VI.26	b.EZE.1.5	0			'{"score": 0, "цитата_из_романа": "", "цитата_из_стиха": ""}'
CP.P6.VI.26	b.1KI.6.16	0			'{"score": 0, "цитата_из_романа": "", "цитата_из_стиха": ""}'
CP.P6.VI.26	b.ROM.14.22	0			'{"score": 0, "цитата_из_романа": "", "цитата_из_стиха": ""}'
CP.P6.VI.26	b.DEU.25.5	0			'{"score": 0, "цитата_из_романа": "", "цитата_из_стиха": ""}'
CP.P6.VI.26	b.OBA.1.11	0			'{"score": 0, "цитата_из_романа": "", "цитата_из_стиха": ""}'
CP.P6.VI.26	b.1SA.19.16	0			'{"score": 0, "цитата_из_романа": "", "цитата_из_стиха": ""}'
CP.P6.VI.26	b.LEV.22.2	1	осторожно поступали	чтоб они осторожно поступали	'{"score": 1, "цитата_из_романа": "осторожно поступали", "цитата_из_стиха": "чтоб они осторожно поступали"}'
CP.P6.VI.26	b.MAT.25.30	0			'{"score": 0, "цитата_из_романа": "", "цитата_из_стиха": ""}'
CP.P6.VI.26	b.PRO.17.7	1	уста	уста	'{"score": 1, "цитата_из_романа": "уста", "цитата_из_стиха": "уста"}'
CP.P6.VI.26	b.GEN.28.11	0			'{"score": 0, "цитата_из_романа": "", "цитата_из_стиха": ""}'
CP.P6.VI.26	b.DAN.7.4	0			'{"score": 0, "цитата_из_романа": "", "цитата_из_стиха": ""}'
CP.P6.VI.26	b.JOH.9.41	0			'{"score": 0, "цитата_из_романа": "", "цитата_из_стиха": ""}'
CP.P6.VI.26	b.ROM.7.21	2	хотел делать доброе, прилежит мне злое	хотя я нахожу закон, что, когда хочу делать доброе, прилежит мне злое	'{"score": 2, "цитата_из_романа": "хотел делать доброе, прилежит мне злое", "цитата_из_стиха": "хотя я нахожу закон, что, когда хочу делать доброе, прилежит мне злое"}'
CP.P6.VI.26	b.LUK.18.13	2	ударяя себя рукой в грудь	ударяя себя в грудь	'{"score": 2, "цитата_из_романа": "ударяя себя рукой в грудь", "цитата_из_стиха": "ударяя себя в грудь"}'
CP.P6.VI.26	b.EZE.41.21	0			'{"score": 0, "цитата_из_романа": "", "цитата_из_стиха": ""}'
CP.P6.VI.26	b.JOB.1.8	0			'{"score": 0, "цитата_из_романа": "", "цитата_из_стиха": ""}'
CP.P6.VI.26	b.2CO.7.5	0			'{"score": 0, "цитата_из_романа": "", "цитата_из_стиха": ""}'
CP.P6.VI.26	b.2CH.20.20	0			'{"score": 0, "цитата_из_романа": "", "цитата_из_стиха": ""}'
CP.P6.VI.26	b.LUK.6.4	0			'{"score": 0, "цитата_из_романа": "", "цитата_из_стиха": ""}'
CP.P6.VI.26	b.PSA.49.7	0			'{"score": 0, "цитата_из_романа": "", "цитата_из_стиха": ""}'
CP.P6.VI.26	b.MAR.2.26	0			'{"score": 0, "цитата_из_романа": "", "цитата_из_стиха": ""}'
CP.P6.VI.26	b.1CO.16.12	0			'{"score": 0, "цитата_из_романа": "", "цитата_из_стиха": ""}'
CP.P6.VI.26	b.REV.22.19	0			'{"score": 0, "цитата_из_романа": "", "цитата_из_стиха": ""}'
CP.P6.VI.26	b.PRO.26.12	0			'{"score": 0, "цитата_из_романа": "", "цитата_из_стиха": ""}'
CP.P6.VI.26	b.DAN.10.16	0			'{"score": 0, "цитата_из_романа": "", "цитата_из_стиха": ""}'
CP.P6.VI.26	b.1SA.3.2	0			'{"score": 0, "цитата_из_романа": "", "цитата_из_стиха": ""}'
CP.P6.VI.26	b.JAM.4.2	2	не имел никакого понятия, о чем идет речь	не имеете; не можете достигнуть; не имеете	'{"score": 2, "цитата_из_романа": "не имел никакого понятия, о чем идет речь", "цитата_из_стиха": "не имеете; не можете достигнуть; не имеете"}'
CP.P6.VI.26	b.2KI.3.24	0			'{"score": 0, "цитата_из_романа": "", "цитата_из_стиха": ""}'
CP.P6.VI.26	b.MAR.3.5	0			'{"score": 0, "цитата_из_романа": "", "цитата_из_стиха": ""}'
CP.P6.VI.26	b.ZEC.11.17	0			'{"score": 0, "цитата_из_романа": "", "цитата_из_стиха": ""}'
CP.P6.VI.26	b.2CO.11.21	0			'{"score": 0, "цитата_из_романа": "", "цитата_из_стиха": ""}'
CP.P6.VI.26	b.JOS.9.15	0			'{"score": 0, "цитата_из_романа": "", "цитата_из_стиха": ""}'
CP.P6.VI.26	b.ACT.9.18	0			'{"score": 0, "цитата_из_романа": "", "цитата_из_стиха": ""}'
CP.P6.VI.26	b.1KI.2.19	0			'{"score": 0, "цитата_из_романа": "", "цитата_из_стиха": ""}'
CP.P6.VI.26	b.DEU.4.32	0			'{"score": 0, "цитата_из_романа": "", "цитата_из_стиха": ""}'
CP.P6.VI.26	b.1KI.19.21	0			'{"score": 0, "цитата_из_романа": "", "цитата_из_стиха": ""}'
CP.P6.VI.26	b.2SA.18.25	0			'{"score": 0, "цитата_из_романа": "", "цитата_из_стиха": ""}'
CP.P6.VI.26	b.MAT.22.35	0			'{"score": 0, "цитата_из_романа": "", "цитата_из_стиха": ""}'
CP.P6.VI.26	b.JER.38.13	0			'{"score": 0, "цитата_из_романа": "", "цитата_из_стиха": ""}'
CP.P6.VI.26	b.NAH.2.7	2	ударяя себя рукой в грудь	ударяя себя в грудь	'{"score": 2, "цитата_из_романа": "ударяя себя рукой в грудь", "цитата_из_стиха": "ударяя себя в грудь"}'
CP.P6.VI.26	b.EZE.40.3	0			'{"score": 0, "цитата_из_романа": "", "цитата_из_стиха": ""}'
CP.P6.VI.26	b.EZE.1.26	0			'{"score": 0, "цитата_из_романа": "", "цитата_из_стиха": ""}'
CP.P6.VI.26	b.2KI.7.19	0			'{"score": 0, "цитата_из_романа": "", "цитата_из_стиха": ""}'
CP.P6.VI.26	b.SON.2.9	0			'{"score": 0, "цитата_из_романа": "", "цитата_из_стиха": ""}'
CP.P6.VI.26	b.EZE.1.27	0			'{"score": 0, "цитата_из_романа": "", "цитата_из_стиха": ""}'
CP.P6.VI.26	b.LEV.6.2	0			'{"score": 0, "цитата_из_романа": "", "цитата_из_стиха": ""}'
CP.P6.VI.26	b.ACT.23.6	0			'{"score": 0, "цитата_из_романа": "", "цитата_из_стиха": ""}'
CP.P6.VI.26	b.JER.50.4	0			'{"score": 0, "цитата_из_романа": "", "цитата_из_стиха": ""}'
CP.P3.V.102	b.ISA.8.13	2	право на преступление	страх вас, и Он – трепет вас!	'{"score": 2, "цитата_из_романа": "право на преступление", "цитата_из_стиха": "страх вас, и Он – трепет вас!"}'
CP.P3.V.102	b.EXO.24.7	1	слушаю	будем послушны	'{"score": 1, "цитата_из_романа": "слушаю", "цитата_из_стиха": "будем послушны"}'
CP.P3.V.102	b.EZE.7.13	2	право на преступление	право не укрепит своей жизни	'{"score": 2, "цитата_из_романа": "право на преступление", "цитата_из_стиха": "право не укрепит своей жизни"}'
CP.P3.V.102	b.JER.14.19	0			'{"score": 0, "цитата_из_романа": "", "цитата_из_стиха": ""}'
CP.P3.V.102	b.1CO.15.35	2	то есть не официальное право, а сам имеет право разрешить своей совести перешагнуть... через иные препятствия	и вкаком теле придут?	'{"score": 2, "цитата_из_романа": "то есть не официальное право, а сам имеет право разрешить своей совести перешагнуть... через иные препятствия", "цитата_из_стиха": "и вкаком теле придут?"}'
CP.P3.V.102	b.2CO.12.13	0			'{"score": 0, "цитата_из_романа": "", "цитата_из_стиха": ""}'
CP.P3.V.102	b.JOH.15.22	2	право на преступление	не имели бы греха	'{"score": 2, "цитата_из_романа": "право на преступление", "цитата_из_стиха": "не имели бы греха"}'
CP.P3.V.102	b.ACT.12.19	2	 казнить их	 казнить их	'{"score": 2, "цитата_из_романа": " казнить их", "цитата_из_стиха": " казнить их"}'
CP.P3.V.102	b.ROM.15.18	2	человек, по совести, может, по-моему, дать себе разрешение перешагнуть через кровь	чего несовершил Христос через меня	'{"score": 2, "цитата_из_романа": "человек, по совести, может, по-моему, дать себе разрешение перешагнуть через кровь", "цитата_из_стиха": "чего несовершил Христос через меня"}'
CP.P3.V.102	b.MAT.6.2	0			'{"score": 0, "цитата_из_романа": "", "цитата_из_стиха": ""}'
CP.P3.V.102	b.ROM.15.17	0			'{"score": 0, "цитата_из_романа": "", "цитата_из_стиха": ""}'
CP.P3.V.102	b.ROM.3.2	2	право	слово Божие	'{"score": 2, "цитата_из_романа": "право", "цитата_из_стиха": "слово Божие"}'
CP.P3.V.102	b.1JO.5.11	0			'{"score": 0, "цитата_из_романа": "", "цитата_из_стиха": ""}'
CP.P3.V.102	b.ROM.6.19	2	человек имеет право... то есть не официальное право, а сам имеет право разрешить своей совести перешагнуть... через иные препятствия	члены ваши в рабы праведности на дела святые	'{"score": 2, "цитата_из_романа": "человек имеет право... то есть не официальное право, а сам имеет право разрешить своей совести перешагнуть... через иные препятствия", "цитата_из_стиха": "члены ваши '
CP.P3.V.102	b.1CO.9.8	2	право на преступление	говорит и закон	'{"score": 2, "цитата_из_романа": "право на преступление", "цитата_из_стиха": "говорит и закон"}'
CP.P3.V.102	b.DAN.11.41	0			'{"score": 0, "цитата_из_романа": "", "цитата_из_стиха": ""}'
CP.P3.V.102	b.1CO.15.6	0			'{"score": 0, "цитата_из_романа": "", "цитата_из_стиха": ""}'
CP.P3.V.102	b.LUK.11.19	2	право на преступление	силою изгоняю	'{"score": 2, "цитата_из_романа": "право на преступление", "цитата_из_стиха": "силою изгоняю"}'
CP.P3.V.102	b.JER.38.20	0			'{"score": 0, "цитата_из_романа": "", "цитата_из_стиха": ""}'
CP.P3.V.102	b.JOH.3.19	1	то есть не официальное право, а сам имеет право разрешить своей совести перешагнуть... через иные препятствия	потому что дела их были злы	'{"score": 1, "цитата_из_романа": "то есть не официальное право, а сам имеет право разрешить своей совести перешагнуть... через иные препятствия", "цитата_из_стиха": "потому что дела их были злы"}'
CP.P3.V.102	b.1CO.6.7	1	весьма унизительно для вас	для чего бы вам лучше не оставаться обиженными	'{"score": 1, "цитата_из_романа": "весьма унизительно для вас", "цитата_из_стиха": "для чего бы вам лучше не оставаться обиженными"}'
CP.P3.V.102	b.1CO.3.3	2	то есть не официальное право, а сам имеет право разрешить своей совести перешагнуть... через иные препятствия	и не почеловеческому ли обычаю поступаете?	'{"score": 2, "цитата_из_романа": "то есть не официальное право, а сам имеет право разрешить своей совести перешагнуть... через иные препятствия", "цитата_из_стиха": "и не почеловеческому ли обычаю пос'
CP.P3.V.102	b.NUM.5.4	2	право на преступление	как говорил Господь Моисею	'{"score": 2, "цитата_из_романа": "право на преступление", "цитата_из_стиха": "как говорил Господь Моисею"}'
CP.P3.V.102	b.EXO.20.22	0			'{"score": 0, "цитата_из_романа": "", "цитата_из_стиха": ""}'
CP.P3.V.102	b.NUM.16.40	0			'{"score": 0, "цитата_из_романа": "", "цитата_из_стиха": ""}'
CP.P3.V.102	b.NUM.24.13	2	перешагнуть через кровь	не могу преступить повеления Господня, чтобы сделать что-либо доброе или худое по своему произволу	'{"score": 2, "цитата_из_романа": "перешагнуть через кровь", "цитата_из_стиха": "не могу преступить повеления Господня, чтобы сделать что-либо доброе или худое по своему произволу"}'
CP.P3.V.102	b.MAR.14.43	2	перешагнуть через кровь	с мечами	'{"score": 2, "цитата_из_романа": "перешагнуть через кровь", "цитата_из_стиха": "с мечами"}'
CP.P3.V.102	b.JOB.19.28	0			'{"score": 0, "цитата_из_романа": "", "цитата_из_стиха": ""}'
CP.P3.V.102	b.MAT.21.3	0			'{"score": 0, "цитата_из_романа": "", "цитата_из_стиха": ""}'
CP.P3.V.102	b.JER.10.5	0			'{"score": 0, "цитата_из_романа": "", "цитата_из_стиха": ""}'
CP.P3.V.102	b.NUM.23.2	0			'{"score": 0, "цитата_из_романа": "", "цитата_из_стиха": ""}'
CP.P3.V.102	b.ROM.14.22	2	право	право	'{"score": 2, "цитата_из_романа": "право", "цитата_из_стиха": "право"}'
CP.P3.V.102	b.1KI.20.9	0			'{"score": 0, "цитата_из_романа": "", "цитата_из_стиха": ""}'
CP.P3.V.102	b.ECC.2.21	1	и единственно в том только случае, если исполнение его идеи (иногда спасительной, может быть, для всего человечества) того потребует	и должен отдать всечеловеку, не трудившемуся в том, как бы часть его	'{"score": 1, "цитата_из_романа": "и единственно в том только случае, если исполнение его идеи (иногда спасительной, может быть, для всего человечества) того потребует", "цитата_из_стиха": "и должен от'
CP.P3.V.102	b.JOH.15.24	2	право на преступление	дел, каких никтодругой не делал	'{"score": 2, "цитата_из_романа": "право на преступление", "цитата_из_стиха": "дел, каких никтодругой не делал"}'
CP.P3.V.102	b.PHI.1.24	1	оставаться в колее они, конечно, не могут согласиться, опять-таки по природе своей	оставаться во плоти	'{"score": 1, "цитата_из_романа": "оставаться в колее они, конечно, не могут согласиться, опять-таки по природе своей", "цитата_из_стиха": "оставаться во плоти"}'
CP.P3.V.102	b.JOH.3.28	0			'{"score": 0, "цитата_из_романа": "", "цитата_из_стиха": ""}'
CP.P3.V.102	b.JOH.9.41	2	право на преступление	право на преступление	'{"score": 2, "цитата_из_романа": "право на преступление", "цитата_из_стиха": "право на преступление"}'
CP.P3.V.102	b.GEN.17.7	2	право на преступление	завет вечный	'{"score": 2, "цитата_из_романа": "право на преступление", "цитата_из_стиха": "завет вечный"}'
CP.P3.V.102	b.PHI.1.14	1	и, уж конечно, не останавливались и перед кровью, если только кровь (иногда совсем невинная и доблестно пролитая за древний закон) могла им помочь.	ободрившись узами моими, начали с большею смелостью, безбоязненно проповедывать слово Божие.	'{"score": 1, "цитата_из_романа": "и, уж конечно, не останавливались и перед кровью, если только кровь (иногда совсем невинная и доблестно пролитая за древний закон) могла им помочь.", "цитата_из_стиха'
CP.P3.V.102	b.PRO.16.29	2	человек, по совести, может, по-моему, дать себе разрешение перешагнуть через кровь	человек неблагонамеренный развращает ближнего своего и ведет его на путь недобрый	'{"score": 2, "цитата_из_романа": "человек, по совести, может, по-моему, дать себе разрешение перешагнуть через кровь", "цитата_из_стиха": "человек неблагонамеренный развращает ближнего своего и ведет '
CP.P3.V.102	b.JOB.36.2	2	имеет право	имею еще что сказать	'{"score": 2, "цитата_из_романа": "имеет право", "цитата_из_стиха": "имею еще что сказать"}'
CP.P3.V.102	b.2CO.12.11	2	право на преступление	право на хвалу	'{"score": 2, "цитата_из_романа": "право на преступление", "цитата_из_стиха": "право на хвалу"}'
CP.P3.V.102	b.1CH.9.33	0			'{"score": 0, "цитата_из_романа": "", "цитата_из_стиха": ""}'
CP.P3.V.102	b.EXO.10.2	2	и чтобы необыкновенные люди непременно должны и обязаны были творить всегда всякие бесчинства	и чтобы ты рассказывал сыну твоему и сыну сына твоего о том, что Я сделал	'{"score": 2, "цитата_из_романа": "и чтобы необыкновенные люди непременно должны и обязаны были творить всегда всякие бесчинства", "цитата_из_стиха": "и чтобы ты рассказывал сыну твоему и сыну сына тво'
CP.P3.V.102	b.ACT.26.26	2	то есть не официальное право, а сам имеет право разрешить своей совести перешагнуть... через иные препятствия	Я отнюдь не верю, чтобы от него было что-нибудь из сегоскрыто; ибо это не в углу происходило.	'{"score": 2, "цитата_из_романа": "то есть не официальное право, а сам имеет право разрешить своей совести перешагнуть... через иные препятствия", "цитата_из_стиха": "Я отнюдь не верю, чтобы от него бы'
CP.P3.V.102	b.HEB.11.15	0			'{"score": 0, "цитата_из_романа": "", "цитата_из_стиха": ""}'
CP.P3.V.102	b.ACT.26.23	2	перешагнуть через кровь	восстав первый из мертвых, возвестить свет	'{"score": 2, "цитата_из_романа": "перешагнуть через кровь", "цитата_из_стиха": "восстав первый из мертвых, возвестить свет"}'
CP.P3.V.102	b.JER.49.33	0			'{"score": 0, "цитата_из_романа": "", "цитата_из_стиха": ""}'
CP.P3.V.102	b.GEN.27.8	1	 послушайся слов моих	 послушайся слов моих	'{"score": 1, "цитата_из_романа": " послушайся слов моих", "цитата_из_стиха": " послушайся слов моих"}'
CP.P3.V.102	b.ROM.1.13	2	мешавших бы этому открытию или ставших бы на пути как препятствие	встречал препятствия	'{"score": 2, "цитата_из_романа": "мешавших бы этому открытию или ставших бы на пути как препятствие", "цитата_из_стиха": "встречал препятствия"}'
CP.P3.V.102	b.ISA.29.14	2	необыкновенный человек имеет право... то есть не официальное право, а сам имеет право разрешить своей совести перешагнуть... через иные препятствия	Я еще необычайно поступлю с этим народом, чудно и дивно	'{"score": 2, "цитата_из_романа": "необыкновенный человек имеет право... то есть не официальное право, а сам имеет право разрешить своей совести перешагнуть... через иные препятствия", "цитата_из_стиха'
CP.P3.V.102	b.2JO.1.6	0			'{"score": 0, "цитата_из_романа": "", "цитата_из_стиха": ""}'
CP.P3.V.102	b.JOH.6.65	0			'{"score": 0, "цитата_из_романа": "", "цитата_из_стиха": ""}'
CP.P3.V.102	b.JOB.14.2	0			'{"score": 0, "цитата_из_романа": "", "цитата_из_стиха": ""}'
CP.P3.V.102	b.NUM.27.23	2	право на преступление	наставление, как говорил Господь	'{"score": 2, "цитата_из_романа": "право на преступление", "цитата_из_стиха": "наставление, как говорил Господь"}'
CP.P3.V.102	b.1CO.13.2	2	право на преступление	любви	'{"score": 2, "цитата_из_романа": "право на преступление", "цитата_из_стиха": "любви"}'
CP.P3.V.102	b.NUM.14.28	2	и даже, если хотите, и совершенно верно	так и сделают вам	'{"score": 2, "цитата_из_романа": "и даже, если хотите, и совершенно верно", "цитата_из_стиха": "так и сделают вам"}'
CP.P3.V.102	b.NEH.5.12	2	право на преступление	так сделают, как ты говоришь	'{"score": 2, "цитата_из_романа": "право на преступление", "цитата_из_стиха": "так сделают, как ты говоришь"}'
CP.P3.V.102	b.1SA.20.38	0			'{"score": 0, "цитата_из_романа": "", "цитата_из_стиха": ""}'
CP.P3.V.102	b.JER.28.16	0			'{"score": 0, "цитата_из_романа": "", "цитата_из_стиха": ""}'
CP.P3.V.102	b.EXO.5.14	0			'{"score": 0, "цитата_из_романа": "", "цитата_из_стиха": ""}'
CP.P3.V.102	b.JOB.34.33	2	право на преступление	право воздавать	'{"score": 2, "цитата_из_романа": "право на преступление", "цитата_из_стиха": "право воздавать"}'
CP.P3.V.102	b.ACT.19.32	0			'{"score": 0, "цитата_из_романа": "", "цитата_из_стиха": ""}'
CP.P3.V.102	b.1PE.4.17	0			'{"score": 0, "цитата_из_романа": "", "цитата_из_стиха": ""}'
CP.P3.V.102	b.DEU.15.2	0			'{"score": 0, "цитата_из_романа": "", "цитата_из_стиха": ""}'
CP.P3.V.102	b.2CO.11.21	2	право на преступление	хвалиться чем-либо	'{"score": 2, "цитата_из_романа": "право на преступление", "цитата_из_стиха": "хвалиться чем-либо"}'
CP.P3.V.102	b.ROM.7.1	2	право на преступление	власть над человеком	'{"score": 2, "цитата_из_романа": "право на преступление", "цитата_из_стиха": "власть над человеком"}'
CP.P3.V.102	b.EPH.2.18	0			'{"score": 0, "цитата_из_романа": "", "цитата_из_стиха": ""}'
CP.P3.V.102	b.ISA.44.7	2	и даже, если хотите, и совершенно верно	в порядке представит Мне	'{"score": 2, "цитата_из_романа": "и даже, если хотите, и совершенно верно", "цитата_из_стиха": "в порядке представит Мне"}'
CP.P3.V.102	b.1JO.3.12	2	перешагнуть через кровь	убил брата своего	'{"score": 2, "цитата_из_романа": "перешагнуть через кровь", "цитата_из_стиха": "убил брата своего"}'
CP.P3.V.102	b.1CO.9.22	2	для своей идеи, перешагнуть хотя бы и через труп, через кровь	для немощных был как немощный, чтобы приобрести немощных	'{"score": 2, "цитата_из_романа": "для своей идеи, перешагнуть хотя бы и через труп, через кровь", "цитата_из_стиха": "для немощных был как немощный, чтобы приобрести немощных"}'
CP.P3.V.102	b.ISA.65.18	2	Иерусалим	Иерусалим	'{"score": 2, "цитата_из_романа": "Иерусалим", "цитата_из_стиха": "Иерусалим"}'
CP.P3.V.102	b.MAT.26.66	0			'{"score": 0, "цитата_из_романа": "", "цитата_из_стиха": ""}'
CP.P3.V.102	b.JER.50.40	0			'{"score": 0, "цитата_из_романа": "", "цитата_из_стиха": ""}'
CP.P3.V.102	b.JDG.2.17	1	то есть имеющих дар или талант сказать в среде своей новое слово	поклонялись им, скоро уклонялись от пути	'{"score": 1, "цитата_из_романа": "то есть имеющих дар или талант сказать в среде своей новое слово", "цитата_из_стиха": "поклонялись им, скоро уклонялись от пути"}'
CP.P3.V.102	b.EZE.33.21	0			'{"score": 0, "цитата_из_романа": "", "цитата_из_стиха": ""}'
CP.P2.III.25	b.GEN.12.19	0			'{"score": 0, "цитата_из_романа": "", "цитата_из_стиха": ""}'
CP.P2.III.25	b.1SA.28.22	0			'{"score": 0, "цитата_из_романа": "", "цитата_из_стиха": ""}'
CP.P2.III.25	b.REV.3.18	0			'{"score": 0, "цитата_из_романа": "", "цитата_из_стиха": ""}'
CP.P2.III.25	b.1SA.26.11	0			'{"score": 0, "цитата_из_романа": "", "цитата_из_стиха": ""}'
CP.P2.III.25	b.DEU.2.28	0			'{"score": 0, "цитата_из_романа": "", "цитата_из_стиха": ""}'
CP.P2.III.25	b.HAB.3.14	0			'{"score": 0, "цитата_из_романа": "", "цитата_из_стиха": ""}'
CP.P2.III.25	b.RUT.4.4	0			'{"score": 0, "цитата_из_романа": "", "цитата_из_стиха": ""}'
CP.P2.III.25	b.JDG.5.12	0			'{"score": 0, "цитата_из_романа": "", "цитата_из_стиха": ""}'
CP.P2.III.25	b.DEU.15.17	0			'{"score": 0, "цитата_из_романа": "", "цитата_из_стиха": ""}'
CP.P2.III.25	b.RUT.4.8	0			'{"score": 0, "цитата_из_романа": "", "цитата_из_стиха": ""}'
CP.P2.III.25	b.2TI.2.7	0			'{"score": 0, "цитата_из_романа": "", "цитата_из_стиха": ""}'
CP.P2.III.25	b.LAM.5.4	1	деньги	деньги	'{"score": 1, "цитата_из_романа": "деньги", "цитата_из_стиха": "деньги"}'
CP.P2.III.25	b.SON.1.3	0			'{"score": 0, "цитата_из_романа": "", "цитата_из_стиха": ""}'
CP.P2.III.25	b.GEN.27.3	0			'{"score": 0, "цитата_из_романа": "", "цитата_из_стиха": ""}'
CP.P2.III.25	b.GEN.37.27	0			'{"score": 0, "цитата_из_романа": "", "цитата_из_стиха": ""}'
CP.P2.III.25	b.GEN.18.5	1	подымайся	подкрепите сердца ваши	'{"score": 1, "цитата_из_романа": "подымайся", "цитата_из_стиха": "подкрепите сердца ваши"}'
CP.P2.III.25	b.NUM.16.45	0			'{"score": 0, "цитата_из_романа": "", "цитата_из_стиха": ""}'
CP.P2.III.25	b.JOH.2.8	1	подымайся	несите	'{"score": 1, "цитата_из_романа": "подымайся", "цитата_из_стиха": "несите"}'
CP.P2.III.25	b.ISA.3.6	0			'{"score": 0, "цитата_из_романа": "", "цитата_из_стиха": ""}'
CP.P2.III.25	b.NUM.22.6	0			'{"score": 0, "цитата_из_романа": "", "цитата_из_стиха": ""}'
CP.P2.III.25	b.DEU.9.3	0			'{"score": 0, "цитата_из_романа": "", "цитата_из_стиха": ""}'
CP.P1.VI.41	b.1SA.28.8	0			'{"score": 0, "цитата_из_романа": "", "цитата_из_стиха": ""}'
CP.P1.VI.41	b.EXO.32.24	0			'{"score": 0, "цитата_из_романа": "", "цитата_из_стиха": ""}'
CP.P1.VI.41	b.LUK.9.52	1	приготовлений	приготовить	'{"score": 1, "цитата_из_романа": "приготовлений", "цитата_из_стиха": "приготовить"}'
CP.P1.VI.41	b.ACT.27.15	0			'{"score": 0, "цитата_из_романа": "", "цитата_из_стиха": ""}'
CP.P1.VI.41	b.EXO.33.5	0			'{"score": 0, "цитата_из_романа": "", "цитата_из_стиха": ""}'
CP.P1.VI.41	b.1CH.15.12	0			'{"score": 0, "цитата_из_романа": "", "цитата_из_стиха": ""}'
CP.P1.VI.41	b.EXO.39.19	0			'{"score": 0, "цитата_из_романа": "", "цитата_из_стиха": ""}'
CP.P1.VI.41	b.PRO.27.3	0			'{"score": 0, "цитата_из_романа": "", "цитата_из_стиха": ""}'
CP.P1.VI.41	b.ISA.22.24	0			'{"score": 0, "цитата_из_романа": "", "цитата_из_стиха": ""}'
CP.P1.VI.41	b.LUK.20.36	0			'{"score": 0, "цитата_из_романа": "", "цитата_из_стиха": ""}'
CP.P1.VI.41	b.JOH.21.6	0			'{"score": 0, "цитата_из_романа": "", "цитата_из_стиха": ""}'
CP.P1.VI.41	b.GEN.44.5	0			'{"score": 0, "цитата_из_романа": "", "цитата_из_стиха": ""}'
CP.P1.VI.41	b.1KI.1.1	0			'{"score": 0, "цитата_из_романа": "", "цитата_из_стиха": ""}'
CP.P1.VI.41	b.EXO.7.24	2	где-то в Африке, в Египте, в каком-то оазисе	все Египтяне около реки	'{"score": 2, "цитата_из_романа": "где-то в Африке, в Египте, в каком-то оазисе", "цитата_из_стиха": "все Египтяне около реки"}'
CP.P1.VI.41	b.EZE.15.4	0			'{"score": 0, "цитата_из_романа": "", "цитата_из_стиха": ""}'
CP.P1.VI.41	b.EZE.26.16	0			'{"score": 0, "цитата_из_романа": "", "цитата_из_стиха": ""}'
CP.P1.VI.41	b.GEN.24.32	0			'{"score": 0, "цитата_из_романа": "", "цитата_из_стиха": ""}'
CP.P1.VI.41	b.ACT.27.20	0			'{"score": 0, "цитата_из_романа": "", "цитата_из_стиха": ""}'
CP.P1.VI.41	b.EXO.39.20	0			'{"score": 0, "цитата_из_романа": "", "цитата_из_стиха": ""}'
CP.P1.VI.41	b.PRO.25.25	2	все грезилось, и всё странные такие были грезы	что холодная вода для истомленной жаждой души	'{"score": 2, "цитата_из_романа": "все грезилось, и всё странные такие были грезы", "цитата_из_стиха": "что холодная вода для истомленной жаждой души"}'
CP.P1.VI.41	b.ECC.12.5	0			'{"score": 0, "цитата_из_романа": "", "цитата_из_стиха": ""}'
CP.P1.VI.41	b.NEH.8.10	2	все грезилось, и всё странные такие были грезы	пойдите, ешьте тучное и пейте сладкое	'{"score": 2, "цитата_из_романа": "все грезилось, и всё странные такие были грезы", "цитата_из_стиха": "пойдите, ешьте тучное и пейте сладкое"}'
CP.P1.VI.41	b.JER.18.14	0			'{"score": 0, "цитата_из_романа": "", "цитата_из_стиха": ""}'
CP.P1.VI.41	b.LEV.6.11	2	он напрягал все усилия, чтобы все сообразить и ничего не забыть	пусть снимет с себя одежды свои, и наденет другие одежды	'{"score": 2, "цитата_из_романа": "он напрягал все усилия, чтобы все сообразить и ничего не забыть", "цитата_из_стиха": "пусть снимет с себя одежды свои, и наденет другие одежды"}'
CP.P1.VI.41	b.REV.18.17	0			'{"score": 0, "цитата_из_романа": "", "цитата_из_стиха": ""}'
CP.P1.VI.41	b.LAM.1.2	0			'{"score": 0, "цитата_из_романа": "", "цитата_из_стиха": ""}'
CP.P1.VI.41	b.GEN.28.11	1	приподнял голову, посмотрел в окно, сообразил время	и положил себе изголовьем, и лег на том месте	'{"score": 1, "цитата_из_романа": "приподнял голову, посмотрел в окно, сообразил время", "цитата_из_стиха": "и положил себе изголовьем, и лег на том месте"}'
CP.P1.VI.41	b.SON.5.12	0			'{"score": 0, "цитата_из_романа": "", "цитата_из_стиха": ""}'
CP.P1.VI.41	b.MAT.10.42	2	все пьет воду, прямо из ручья	напоит одного из малых сих только чашею холодной воды	'{"score": 2, "цитата_из_романа": "все пьет воду, прямо из ручья", "цитата_из_стиха": "напоит одного из малых сих только чашею холодной воды"}'
CP.P1.VI.41	b.1KI.19.6	0			'{"score": 0, "цитата_из_романа": "", "цитата_из_стиха": ""}'
CP.P1.VI.41	b.ISA.17.14	0			'{"score": 0, "цитата_из_романа": "", "цитата_из_стиха": ""}'
CP.P1.VI.41	b.JOB.27.19	2	приподнял голову, посмотрел в окно, сообразил время и вдруг вскочил	открывает глаза свои, и он уже не тот	'{"score": 2, "цитата_из_романа": "приподнял голову, посмотрел в окно, сообразил время и вдруг вскочил", "цитата_из_стиха": "открывает глаза свои, и он уже не тот"}'
CP.P1.VI.41	b.JOB.33.21	0			'{"score": 0, "цитата_из_романа": "", "цитата_из_стиха": ""}'
CP.P1.VI.41	b.ROM.9.11	0			'{"score": 0, "цитата_из_романа": "", "цитата_из_стиха": ""}'
CP.P1.VI.41	b.ISA.17.12	0			'{"score": 0, "цитата_из_романа": "", "цитата_из_стиха": ""}'
CP.P1.VI.41	b.1CH.15.3	0			'{"score": 0, "цитата_из_романа": "", "цитата_из_стиха": ""}'
CP.P1.VI.41	b.ACT.28.17	0			'{"score": 0, "цитата_из_романа": "", "цитата_из_стиха": ""}'
CP.P1.VI.41	b.REV.10.2	0			'{"score": 0, "цитата_из_романа": "", "цитата_из_стиха": ""}'
CP.P1.VI.41	b.REV.12.12	0			'{"score": 0, "цитата_из_романа": "", "цитата_из_стиха": ""}'
CP.P1.VI.41	b.ACT.25.11	0			'{"score": 0, "цитата_из_романа": "", "цитата_из_стиха": ""}'
CP.P1.VI.41	b.EXO.10.15	0			'{"score": 0, "цитата_из_романа": "", "цитата_из_стиха": ""}'
CP.P1.VI.41	b.EXO.33.6	0			'{"score": 0, "цитата_из_романа": "", "цитата_из_стиха": ""}'
CP.P1.VI.41	b.EST.4.4	0			'{"score": 0, "цитата_из_романа": "", "цитата_из_стиха": ""}'
CP.P1.VI.41	b.EST.6.4	0			'{"score": 0, "цитата_из_романа": "", "цитата_из_стиха": ""}'
CP.P1.VI.41	b.ECC.6.10	0			'{"score": 0, "цитата_из_романа": "", "цитата_из_стиха": ""}'
CP.P1.VI.41	b.ZEC.11.2	0			'{"score": 0, "цитата_из_романа": "", "цитата_из_стиха": ""}'
CP.P1.VI.41	b.EZE.46.18	0			'{"score": 0, "цитата_из_романа": "", "цитата_из_стиха": ""}'
CP.P1.VI.41	b.HOS.5.13	0			'{"score": 0, "цитата_из_романа": "", "цитата_из_стиха": ""}'
CP.P1.VI.41	b.RUT.3.13	0			'{"score": 0, "цитата_из_романа": "", "цитата_из_стиха": ""}'
CP.P1.VI.41	b.DEU.21.13	0			'{"score": 0, "цитата_из_романа": "", "цитата_из_стиха": ""}'
CP.P1.VI.41	b.LUK.8.23	0			'{"score": 0, "цитата_из_романа": "", "цитата_из_стиха": ""}'
CP.P1.VI.41	b.EZE.31.16	0			'{"score": 0, "цитата_из_романа": "", "цитата_из_стиха": ""}'
CP.P1.VI.41	b.LUK.1.22	2	вдруг вскочил, совершенно опомнившись	и он объяснялся с ними знаками, и оставался нем.	'{"score": 2, "цитата_из_романа": "вдруг вскочил, совершенно опомнившись", "цитата_из_стиха": "и он объяснялся с ними знаками, и оставался нем."}'
CP.P1.VI.41	b.ECC.8.17	0			'{"score": 0, "цитата_из_романа": "", "цитата_из_стиха": ""}'
CP.P1.VI.41	b.1KI.6.18	0			'{"score": 0, "цитата_из_романа": "", "цитата_из_стиха": ""}'
CP.P1.VI.41	b.EXO.28.26	0			'{"score": 0, "цитата_из_романа": "", "цитата_из_стиха": ""}'
CP.P1.VI.41	b.JOH.13.4	2	снял с себя	снял с Себя верхнюю одежду	'{"score": 2, "цитата_из_романа": "снял с себя", "цитата_из_стиха": "снял с Себя верхнюю одежду"}'
CP.P1.VI.41	b.ACT.25.25	0			'{"score": 0, "цитата_из_романа": "", "цитата_из_стиха": ""}'
CP.P1.VI.41	b.SON.1.1	0			'{"score": 0, "цитата_из_романа": "", "цитата_из_стиха": ""}'
CP.P1.VI.41	b.ACT.10.10	1	хотел	хотел есть	'{"score": 1, "цитата_из_романа": "хотел", "цитата_из_стиха": "хотел есть"}'
CP.P1.VI.41	b.ISA.21.13	0			'{"score": 0, "цитата_из_романа": "", "цитата_из_стиха": ""}'
CP.P1.VI.41	b.DEU.21.16	0			'{"score": 0, "цитата_из_романа": "", "цитата_из_стиха": ""}'
CP.P1.VI.41	b.LUK.12.6	0			'{"score": 0, "цитата_из_романа": "", "цитата_из_стиха": ""}'
CP.P1.VI.41	b.LUK.6.48	0			'{"score": 0, "цитата_из_романа": "", "цитата_из_стиха": ""}'
CP.P1.VI.41	b.JER.22.23	0			'{"score": 0, "цитата_из_романа": "", "цитата_из_стиха": ""}'
CP.P1.VI.41	b.GEN.26.8	0			'{"score": 0, "цитата_из_романа": "", "цитата_из_стиха": ""}'
CP.P1.VI.41	b.GEN.38.19	0			'{"score": 0, "цитата_из_романа": "", "цитата_из_стиха": ""}'
CP.P1.VI.41	b.LAM.3.64	0			'{"score": 0, "цитата_из_романа": "", "цитата_из_стиха": ""}'
CP.P2.V.55	b.2CO.12.13	0			'{"score": 0, "цитата_из_романа": "", "цитата_из_стиха": ""}'
CP.P2.V.55	b.ECC.4.4	0			'{"score": 0, "цитата_из_романа": "", "цитата_из_стиха": ""}'
CP.P2.V.55	b.MAL.2.15	0			'{"score": 0, "цитата_из_романа": "", "цитата_из_стиха": ""}'
CP.P2.V.55	b.2SA.17.12	0			'{"score": 0, "цитата_из_романа": "", "цитата_из_стиха": ""}'
CP.P2.V.55	b.ROM.7.7	2	возлюби, одного себя	не пожелай	'{"score": 2, "цитата_из_романа": "возлюби, одного себя", "цитата_из_стиха": "не пожелай"}'
CP.P2.V.55	b.JAM.2.14	0			'{"score": 0, "цитата_из_романа": "", "цитата_из_стиха": ""}'
CP.P2.V.55	b.1TH.4.10	0			'{"score": 0, "цитата_из_романа": "", "цитата_из_стиха": ""}'
CP.P2.V.55	b.LUK.16.9	0			'{"score": 0, "цитата_из_романа": "", "цитата_из_стиха": ""}'
CP.P2.V.55	b.ACT.23.9	0			'{"score": 0, "цитата_из_романа": "", "цитата_из_стиха": ""}'
CP.P2.V.55	b.ROM.3.19	0			'{"score": 0, "цитата_из_романа": "", "цитата_из_стиха": ""}'
CP.P2.V.55	b.ECC.7.25	0			'{"score": 0, "цитата_из_романа": "", "цитата_из_стиха": ""}'
CP.P2.V.55	b.2KI.10.14	0			'{"score": 0, "цитата_из_романа": "", "цитата_из_стиха": ""}'
CP.P2.V.55	b.GEN.47.9	0			'{"score": 0, "цитата_из_романа": "", "цитата_из_стиха": ""}'
CP.P2.V.55	b.JER.22.17	0			'{"score": 0, "цитата_из_романа": "", "цитата_из_стиха": ""}'
CP.P2.V.55	b.2CH.12.14	0			'{"score": 0, "цитата_из_романа": "", "цитата_из_стиха": ""}'
CP.P2.V.55	b.2CO.2.5	0			'{"score": 0, "цитата_из_романа": "", "цитата_из_стиха": ""}'
CP.P2.V.55	b.LUK.11.8	0			'{"score": 0, "цитата_из_романа": "", "цитата_из_стиха": ""}'
CP.P2.V.55	b.1CO.3.3	0			'{"score": 0, "цитата_из_романа": "", "цитата_из_стиха": ""}'
CP.P2.V.55	b.1CH.22.19	0			'{"score": 0, "цитата_из_романа": "", "цитата_из_стиха": ""}'
CP.P2.V.55	b.ROM.11.7	0			'{"score": 0, "цитата_из_романа": "", "цитата_из_стиха": ""}'
CP.P2.V.55	b.1CO.9.10	0			'{"score": 0, "цитата_из_романа": "", "цитата_из_стиха": ""}'
CP.P2.V.55	b.2KI.18.24	0			'{"score": 0, "цитата_из_романа": "", "цитата_из_стиха": ""}'
CP.P2.V.55	b.2SA.2.27	0			'{"score": 0, "цитата_из_романа": "", "цитата_из_стиха": ""}'
CP.P2.V.55	b.ACT.9.21	0			'{"score": 0, "цитата_из_романа": "", "цитата_из_стиха": ""}'
CP.P2.V.55	b.ROM.11.6	0			'{"score": 0, "цитата_из_романа": "", "цитата_из_стиха": ""}'
CP.P2.V.55	b.PSA.32.6	0			'{"score": 0, "цитата_из_романа": "", "цитата_из_стиха": ""}'
CP.P2.V.55	b.JOH.8.46	0			'{"score": 0, "цитата_из_романа": "", "цитата_из_стиха": ""}'
CP.P2.V.55	b.EZR.7.10	0			'{"score": 0, "цитата_из_романа": "", "цитата_из_стиха": ""}'
CP.P2.V.55	b.HOS.10.1	0			'{"score": 0, "цитата_из_романа": "", "цитата_из_стиха": ""}'
CP.P2.V.55	b.JOB.22.2	2	возлюби, прежде всех, одного себя	разумный доставляет пользу себе самому	'{"score": 2, "цитата_из_романа": "возлюби, прежде всех, одного себя", "цитата_из_стиха": "разумный доставляет пользу себе самому"}'
CP.P2.V.55	b.ECC.2.21	1	возлюби, одного себя	трудится мудро, с знанием и успехом	'{"score": 1, "цитата_из_романа": "возлюби, одного себя", "цитата_из_стиха": "трудится мудро, с знанием и успехом"}'
CP.P2.V.55	b.2SA.13.30	0			'{"score": 0, "цитата_из_романа": "", "цитата_из_стиха": ""}'
CP.P2.V.55	b.2CO.11.29	0			'{"score": 0, "цитата_из_романа": "", "цитата_из_стиха": ""}'
CP.P2.V.55	b.1SA.3.19	0			'{"score": 0, "цитата_из_романа": "", "цитата_из_стиха": ""}'
CP.P2.V.55	b.RUT.4.8	0			'{"score": 0, "цитата_из_романа": "", "цитата_из_стиха": ""}'
CP.P2.V.55	b.1CH.16.30	0			'{"score": 0, "цитата_из_романа": "", "цитата_из_стиха": ""}'
CP.P2.V.55	b.EZE.14.9	0			'{"score": 0, "цитата_из_романа": "", "цитата_из_стиха": ""}'
CP.P2.V.55	b.DEU.13.9	0			'{"score": 0, "цитата_из_романа": "", "цитата_из_стиха": ""}'
CP.P2.V.55	b.MAT.21.28	0			'{"score": 0, "цитата_из_романа": "", "цитата_из_стиха": ""}'
CP.P2.V.55	b.ACT.5.4	0			'{"score": 0, "цитата_из_романа": "", "цитата_из_стиха": ""}'
CP.P2.V.55	b.GEN.31.8	0			'{"score": 0, "цитата_из_романа": "", "цитата_из_стиха": ""}'
CP.P2.V.55	b.ROM.1.13	0			'{"score": 0, "цитата_из_романа": "", "цитата_из_стиха": ""}'
CP.P2.V.55	b.DEU.17.7	0			'{"score": 0, "цитата_из_романа": "", "цитата_из_стиха": ""}'
CP.P2.V.55	b.1CO.4.8	0			'{"score": 0, "цитата_из_романа": "", "цитата_из_стиха": ""}'
CP.P2.V.55	b.ISA.8.20	1	возлюби, одного себя	говорят, как это слово	'{"score": 1, "цитата_из_романа": "возлюби, одного себя", "цитата_из_стиха": "говорят, как это слово"}'
CP.P2.V.55	b.MAR.12.31	2	возлюби, одного себя	возлюби ближнего твоего, как самого себя	'{"score": 2, "цитата_из_романа": "возлюби, одного себя", "цитата_из_стиха": "возлюби ближнего твоего, как самого себя"}'
CP.P2.V.55	b.DAN.6.24	0			'{"score": 0, "цитата_из_романа": "", "цитата_из_стиха": ""}'
CP.P2.V.55	b.2CH.19.3	0			'{"score": 0, "цитата_из_романа": "", "цитата_из_стиха": ""}'
CP.P2.V.55	b.1JO.1.8	0			'{"score": 0, "цитата_из_романа": "", "цитата_из_стиха": ""}'
CP.P2.V.55	b.EXO.5.14	0			'{"score": 0, "цитата_из_романа": "", "цитата_из_стиха": ""}'
CP.P2.V.55	b.2CH.30.19	0			'{"score": 0, "цитата_из_романа": "", "цитата_из_стиха": ""}'
CP.P2.V.55	b.PSA.42.10	0			'{"score": 0, "цитата_из_романа": "", "цитата_из_стиха": ""}'
CP.P2.V.55	b.HEB.10.25	0			'{"score": 0, "цитата_из_романа": "", "цитата_из_стиха": ""}'
CP.P2.V.55	b.1JO.1.6	0			'{"score": 0, "цитата_из_романа": "", "цитата_из_стиха": ""}'
CP.P2.V.55	b.2TI.2.19	0			'{"score": 0, "цитата_из_романа": "", "цитата_из_стиха": ""}'
CP.P2.V.55	b.MAR.13.34	0			'{"score": 0, "цитата_из_романа": "", "цитата_из_стиха": ""}'
CP.P2.V.55	b.PSA.24.2	0			'{"score": 0, "цитата_из_романа": "", "цитата_из_стиха": ""}'
CP.P2.V.55	b.GEN.29.2	0			'{"score": 0, "цитата_из_романа": "", "цитата_из_стиха": ""}'
CP.P2.V.55	b.LUK.1.4	0			'{"score": 0, "цитата_из_романа": "", "цитата_из_стиха": ""}'
CP.P2.V.55	b.PRO.26.25	0			'{"score": 0, "цитата_из_романа": "", "цитата_из_стиха": ""}'
CP.P2.V.55	b.JER.23.38	0			'{"score": 0, "цитата_из_романа": "", "цитата_из_стиха": ""}'
CP.P2.V.55	b.1CO.14.10	0			'{"score": 0, "цитата_из_романа": "", "цитата_из_стиха": ""}'
CP.P2.V.55	b.NUM.21.35	0			'{"score": 0, "цитата_из_романа": "", "цитата_из_стиха": ""}'
CP.P2.V.55	b.MIC.7.3	0			'{"score": 0, "цитата_из_романа": "", "цитата_из_стиха": ""}'
CP.P2.V.55	b.1CO.9.22	2	приобретаю как бы и всем	чтобы приобрести немощных	'{"score": 2, "цитата_из_романа": "приобретаю как бы и всем", "цитата_из_стиха": "чтобы приобрести немощных"}'
CP.P2.V.55	b.EXO.1.12	0			'{"score": 0, "цитата_из_романа": "", "цитата_из_стиха": ""}'
CP.P2.V.55	b.PRO.1.11	0			'{"score": 0, "цитата_из_романа": "", "цитата_из_стиха": ""}'
CP.P2.V.55	b.ISA.9.3	0			'{"score": 0, "цитата_из_романа": "", "цитата_из_стиха": ""}'
CP.P2.V.55	b.GEN.19.34	0			'{"score": 0, "цитата_из_романа": "", "цитата_из_стиха": ""}'
