1	1	1	«Мой дядя самых честных правил, Когда не в шутку занемог, Он уважать себя заставил И лучше выдумать не мог; Его пример другим наука; Но, Боже мой, какая скука С больным сидеть и день и ночь, Не отходя ни шагу прочь! Какое низкое коварство Полуживого забавлять, Ему подушки поправлять, Печально подносить лекарство, Вздыхать и думать про себя: Когда же чёрт возьмет тебя!»
1	2	2	Так думал молодой повеса, Летя в пыли на почтовых, Всевышней волею Зевеса Наследник всех своих родных. Друзья Людмилы и Руслана! С героем моего романа Без предисловий сей же час Позвольте познакомить вас: Онегин, добрый мой приятель, Родился на брегах Невы, Где, может быть, родились вы Или блистали, мой читатель! Там некогда гулял и я: Но вреден север для меня.
1	3	3	Служив отлично, благородно, Долгами жил его отец, Давал три бала ежегодно И промотался наконец. Судьба Евгения хранила: Сперва Madame за ним ходила, Потом Monsieur её сменил. Ребёнок был резов, но мил. Monsieur l’Abbé, француз убогой, Чтоб не измучилось дитя, Учил его всему шутя, Не докучал моралью строгой, Слегка за шалости бранил И в Летний сад гулять водил.
1	4	4	Когда же юности мятежной Пришла Евгению пора, Пора надежд и грусти нежной, Monsieur прогнали со двора. Вот мой Онегин на свободе; Острижен по последней моде; Как dandy лондонский одет — И наконец увидел свет. Он по-французски совершенно Мог изъясняться и писал; Легко мазурку танцевал И кланялся непринужденно; Чего ж вам больше? Свет решил, Что он умён и очень мил.
1	5	5	Мы все учились понемногу, Чему-нибудь и как-нибудь; Так воспитаньем, слава Богу, У нас немудрено блеснуть. Онегин был, по мненью многих (Судей решительных и строгих), Учёный малый, но педант. Имел он счастливый талант Без принужденья в разговоре Коснуться до всего слегка, С учёным видом знатока Хранить молчанье в важном споре И возбуждать улыбку дам Огнём нежданных эпиграмм.
1	6	6	Латынь из моды вышла ныне: Так, если правду вам сказать, Он знал довольно по-латыне, Чтоб эпиграфы разбирать, Потолковать об Ювенале, В конце письма поставить vale, Да помнил, хоть не без греха, Из Энеиды два стиха. Он рыться не имел охоты В хронологической пыли Бытописания земли; Но дней минувших анекдоты, От Ромула до наших дней, Хранил он в памяти своей.
1	7	7	Высокой страсти не имея Для звуков жизни не щадить, Не мог он ямба от хорея, Как мы ни бились, отличить. Бранил Гомера, Феокрита; Зато читал Адама Смита И был глубокий эконом, То есть умел судить о том, Как государство богатеет, И чем живёт, и почему Не нужно золота ему, Когда простой продукт имеет. Отец понять его не мог И земли отдавал в залог.
1	8	8	Всего, что знал ещё Евгений, Пересказать мне недосуг; Но в чём он истинный был гений, Что знал он твёрже всех наук, Что было для него измлада И труд, и мука, и отрада, Что занимало целый день Его тоскующую лень, — Была наука страсти нежной, Которую воспел Назон, За что страдальцем кончил он Свой век блестящий и мятежной В Молдавии, в глуши степей, Вдали Италии своей. {{poem-section|. строфа имеется только в рукописи А (ПБ 8), где она зачеркнута и вместо неё поставлен один номер и строка точек:
1	9	9	Нас пыл сердечный рано мучит.  Очаровательный обман,  Любви нас не природа учит  А Сталь или Шатобриан.  Мы алчем жизнь узнать заране,  Мы узнаем её в романе  Мы всё узнали, между тем  Не насладились мы ни чем —  Природы глас предупреждая  Мы только счастию вредим  И поздно, поздно вслед за ним  Летит горячность молодая. Онегин это испытал  За то как женщин он узнал. По рукописи ЛБ 69. л. 8 об.:
1	9	9	Нас пыл сердечный рано мучит И говорит Шатобриан Любви нас не природа учит А первый пакостный роман — Мы алчем жизнь узнать заране И узнаем её в романе [Лета] придут, а между тем Не насладились мы ничем —  Прелестный опыт упреждая Мы только счастию вредим — Незнанье скроется, а с ним Уйдет горячность молодая Онегин это испытал За то как женщин понимал —
1	10	10	Как рано мог он лицемерить, Таить надежду, ревновать, Разуверять, заставить верить, Казаться мрачным, изнывать, Являться гордым и послушным, Внимательным иль равнодушным! Как томно был он молчалив, Как пламенно красноречив, В сердечных письмах как небрежен! Одним дыша, одно любя, Как он умел забыть себя! Как взор его был быстр и нежен, Стыдлив и дерзок, а порой Блистал послушною слезой!
1	11	11	Как он умел казаться новым, Шутя невинность изумлять, Пугать отчаяньем готовым, Приятной лестью забавлять, Ловить минуту умиленья, Невинных лет предубежденья Умом и страстью побеждать, Невольной ласки ожидать, Молить и требовать признанья, Подслушать сердца первый звук, Преследовать любовь — и вдруг Добиться тайного свиданья, И после ей наедине Давать уроки в тишине!
1	12	12	Как рано мог уж он тревожить Сердца кокеток записных! Когда ж хотелось уничтожить Ему соперников своих, Как он язвительно злословил! Какие сети им готовил! Но вы, блаженные мужья, С ним оставались вы друзья: Его ласкал супруг лукавый, Фобласа давний ученик, И недоверчивый старик, И рогоносец величавый, Всегда довольный сам собой, Своим обедом и женой. {{poem-section|. .Черновик (2369 – ЛБ 369, лл. 8, 7 об. и 8 об.):
1	13	13	Как он умел вдовы смиренной Привлечь благочестивый взор  И с нею скромный и смятенный Начать краснея  Пленять неопытностью нежной  и верностью надежной [Любви] которой [в мире] нет — И пылкостью невинных лет Как он умел с любою дамой О платонизме рассуждать [И в куклы с дурочкой играть] И вдруг нежданой эпиграмой Ее смутить и наконец Сорвать торжественный венец.
1	14	14	Так резвый баловень служанки Анбара страж усатый кот За мышью крадется с лежанки Протянется, идёт, идёт Полузажмурясь, [подступает] Свернется в ком хвостом играет Расширит когти хитрых лап И вдруг бедняжку цап-царап — Так хищный волк томясь от глада Выходит из глуши лесов И рыщет близ беспечных псов Вокруг неопытного стада Всё спит — и вдруг свирепый вор Ягненка мчит в дремучий бор.
1	15	15	Бывало, он еще в постеле: К нему записочки несут. Что? Приглашенья? В самом деле, Три дома на вечер зовут: Там будет бал, там детский праздник. Куда ж поскачет мой проказник? С кого начнет он? Всё равно: Везде поспеть немудрено. Покамест в утреннем уборе, Надев широкий боливар, Онегин едет на бульвар И там гуляет на просторе, Пока недремлющий брегет Не прозвонит ему обед.
1	16	16	Уж тёмно: в санки он садится. «Поди! поди!» — раздался крик; Морозной пылью серебрится Его бобровый воротник. К Talonпомчался: он уверен, Что там уж ждет его ***. Вошел: и пробка в потолок, Вина кометы брызнул ток, Пред ним Rost-beef окровавленный, И трюфли — роскошь юных лет, Французской кухни лучший цвет, — И Стразбурга пирог нетленный Меж сыром Лимбургским живым И ананасом золотым.
1	17	17	Ещё бокалов жажда просит Залить горячий жир котлет; Но звон брегета им доносит, Что новый начался балет. Театра злой законодатель, Непостоянный обожатель Очаровательных актрис, Почетный гражданин кулис, Онегин полетел к театру, Где каждый, критикой дыша, Готов охлопать Entrechat, Обшикать Федру, Клеопатру, Моину вызвать для того, Чтоб только слышали его.
1	18	18	Волшебный край! Там в стары годы, Сатиры смелой властелин, Блистал Фонвизин, друг свободы, И переимчивый Княжнин; Там Озеров невольны дани Народных слез, рукоплесканий С младой Семеновой делил; Там наш Катенин воскресил Корнеля гений величавой; Там вывел колкий Шаховской Своих комедий шумный рой; Там и Дидло венчался славой: Там, там, под сению кулис, Младые дни мои неслись.
1	19	19	Мои богини! Что вы? Где вы? Внемлите мой печальный глас: Все те же ль вы? Другие ль девы, Сменив, не заменили вас? Услышу ль вновь я ваши хоры? Узрю ли русской Терпсихоры Душой исполненный полет? Иль взор унылый не найдет Знакомых лиц на сцене скучной, И, устремив на чуждый свет Разочарованный лорнет, Веселья зритель равнодушной, Безмолвно буду я зевать И о былом воспоминать?
1	20	20	Театр уж полон; ложи блещут; Партер и кресла, всё кипит; В райке нетерпеливо плещут, И, взвившись, занавес шумит. Блистательна, полувоздушна, Смычку волшебному послушна, Толпою нимф окружена, Стоит Истомина; она, Одной ногой касаясь пола, Другою медленно кружит, И вдруг прыжок, и вдруг летит, Летит, как пух от уст Эола; То стан совьет, то разовьет, И быстрой ножкой ножку бьет.
1	21	21	Всё хлопает. Онегин входит: Идет меж кресел по ногам, Двойной лорнет, скосясь, наводит На ложи незнакомых дам; Все ярусы окинул взором, Всё видел: лицами, убором Ужасно недоволен он; С мужчинами со всех сторон Раскланялся, потом на сцену В большом рассеяньи взглянул, Отворотился, и зевнул, И молвил: «всех пора на смену; Балеты долго я терпел, Но и Дидло мне надоел».
1	22	22	Еще амуры, черти, змеи На сцене скачут и шумят, Еще усталые лакеи На шубах у подъезда спят; Еще не перестали топать, Сморкаться, кашлять, шикать, хлопать; Еще снаружи и внутри Везде блистают фонари; Еще, прозябнув, бьются кони, Наскуча упряжью своей, И кучера, вокруг огней, Бранят господ и бьют в ладони: А уж Онегин вышел вон; Домой одеться едет он.
1	23	23	Изображу ль в картине верной Уединенный кабинет, Где мод воспитанник примерной Одет, раздет и вновь одет? Всё, чем для прихоти обильной Торгует Лондон щепетильной И по Балтическим волнам За лес и сало возит нам, Всё, что в Париже вкус голодной, Полезный промысел избрав, Изобретает для забав, Для роскоши, для неги модной, — Всё украшало кабинет Философа в осьмнадцать лет.
1	24	24	Янтарь на трубках Цареграда, Фарфор и бронза на столе, И, чувств изнеженных отрада, Духи в граненом хрустале; Гребенки, пилочки стальные, Прямые ножницы, кривые, И щетки тридцати родов — И для ногтей, и для зубов. Руссо (замечу мимоходом) Не мог понять, как важный Грим Смел чистить ногти перед ним, Красноречивым сумасбродом: Защитник вольности и прав В сем случае совсем неправ.
1	25	25	Быть можно дельным человеком И думать о красе ногтей: К чему бесплодно спорить с веком? Обычай деспот меж людей. Второй ***, мой Евгений, Боясь ревнивых осуждений, В своей одежде был педант И то, что мы назвали франт. Он три часа, по крайней мере, Пред зеркалами проводил И из уборной выходил Подобный ветреной Венере, Когда, надев мужской наряд, Богиня едет в маскарад.
1	26	26	В последнем вкусе туалетом Заняв ваш любопытный взгляд, Я мог бы пред ученым светом Здесь описать его наряд; Конечно б это было смело, Описывать мое же дело: Но панталоны, фрак, жилет, Всех этих слов на русском нет, А вижу я, винюсь пред вами, Что уж и так мой бедный слог Пестреть гораздо меньше б мог Иноплеменными словами, Хоть и заглядывал я встарь В Академический Словарь.
1	27	27	У нас теперь не то в предмете: Мы лучше поспешим на бал, Куда стремглав в ямской карете Уж мой Онегин поскакал. Перед померкшими домами Вдоль сонной улицы рядами Двойные фонари карет Веселый изливают свет И радуги на снег наводят; Усеян плошками кругом, Блестит великолепный дом; По цельным окнам тени ходят, Мелькают профили голов И дам, и модных чудаков.
1	28	28	Вот наш герой подъехал к сеням; Швейцара мимо, он стрелой Взлетел по мраморным ступеням, Расправил волоса рукой, Вошел. Полна народу зала; Музыка уж греметь устала; Толпа мазуркой занята; Кругом и шум, и теснота; Бренчат кавалергарда шпоры; Летают ножки милых дам; По их пленительным следам Летают пламенные взоры, И ревом скрыпок заглушен Ревнивый шепот модных жен.
1	29	29	Во дни веселий и желаний Я был от балов без ума: Верней нет места для признаний И для вручения письма. О вы, почтенные супруги! Вам предложу свои услуги; Прошу мою заметить речь: Я вас хочу предостеречь. Вы также, маменьки, построже За дочерьми смотрите вслед: Держите прямо свой лорнет! Не то… не то избави, Боже! Я это потому пишу, Что уж давно я не грешу.
1	30	30	Увы, на разные забавы Я много жизни погубил! Но если б не страдали нравы, Я балы б до сих пор любил. Люблю я бешеную младость, И тесноту, и блеск, и радость, И дам обдуманный наряд; Люблю их ножки: только вряд Найдете вы в России целой Три пары стройных женских ног. Ах, долго я забыть не мог Две ножки!.. Грустный, охладелой, Я всё их помню, и во сне Они тревожат сердце мне.
1	31	31	Когда ж, и где, в какой пустыне, Безумец, их забудешь ты? Ах, ножки, ножки! Где вы ныне? Где мнете вешние цветы? Взлелеяны в восточной неге, На северном, печальном снеге Вы не оставили следов: Любили мягких вы ковров Роскошное прикосновенье. Давно ль для вас я забывал И жажду славы, и похвал, И край отцев, и заточенье? Исчезло счастье юных лет — Как на лугах ваш легкий след.
1	32	32	Дианы грудь, ланиты Флоры Прелестны, милые друзья! Однако ножка Терпсихоры Прелестней чем-то для меня. Она, пророчествуя взгляду Неоцененную награду, Влечет условною красой Желаний своевольный рой. Люблю ее, мой друг Эльвина, Под длинной скатертью столов, Весной на мураве лугов, Зимой на чугуне камина, На зеркальном паркете зал, У моря на граните скал.
1	33	33	Я помню море пред грозою: Как я завидовал волнам, Бегущим бурной чередою С любовью лечь к ее ногам! Как я желал тогда с волнами Коснуться милых ног устами! Нет, никогда средь пылких дней Кипящей младости моей Я не желал с таким мученьем Лобзать уста младых Армид, Иль розы пламенных ланит, Иль перси, полные томленьем; Нет, никогда порыв страстей Так не терзал души моей!
1	34	34	Мне памятно другое время: В заветных иногда мечтах Держу я счастливое стремя И ножку чувствую в руках; Опять кипит воображенье, Опять ее прикосновенье Зажгло в увядшем сердце кровь, Опять тоска, опять любовь… Но полно прославлять надменных Болтливой лирою своей: Они не стоят ни страстей, Ни песен, ими вдохновенных: Слова и взор волшебниц сих Обманчивы, как ножки их.
1	35	35	Что ж мой Онегин? Полусонный В постелю с бала едет он: А Петербург неугомонный Уж барабаном пробужден. Встает купец, идет разносчик, На биржу тянется извозчик, С кувшином охтенка спешит, Под ней снег утренний хрустит. Проснулся утра шум приятный, Открыты ставни, трубный дым Столбом восходит голубым, И хлебник, немец аккуратный, В бумажном колпаке, не раз Уж отворял свой васисдас.
1	36	36	Но, шумом бала утомленной И утро в полночь обратя, Спокойно спит в тени блаженной Забав и роскоши дитя. Проснется за полдень, и снова До утра жизнь его готова, Однообразна и пестра, И завтра то же, что вчера. Но был ли счастлив мой Евгений, Свободный, в цвете лучших лет, Среди блистательных побед, Среди вседневных наслаждений? Вотще ли был он средь пиров Неосторожен и здоров?
1	37	37	Нет: рано чувства в нем остыли; Ему наскучил света шум; Красавицы не долго были Предмет его привычных дум: Измены утомить успели; Друзья и дружба надоели, Затем, что не всегда же мог Beef-steaks и стразбургский пирог Шампанской обливать бутылкой И сыпать острые слова, Когда болела голова; И хоть он был повеса пылкой, Но разлюбил он наконец И брань, и саблю, и свинец.
1	38	38	Недуг, которого причину Давно бы отыскать пора, Подобный английскому сплину, Короче: русская хандра Им овладела понемногу; Он застрелиться, слава Богу, Попробовать не захотел, Но к жизни вовсе охладел. Как Child-Harold, угрюмый, томный В гостиных появлялся он; Ни сплетни света, ни бостон, Ни милый взгляд, ни вздох нескромный, Ничто не трогало его, Не замечал он ничего.
1	42	42	Причудницы большого света! Всех прежде вас оставил он. И правда то, что в наши лета Довольно скучен высший тон. Хоть, может быть, иная дама Толкует Сея и Бентама; Но вообще их разговор Несносный, хоть невинный вздор. К тому ж они так непорочны, Так величавы, так умны, Так благочестия полны, Так осмотрительны, так точны, Так неприступны для мужчин, Что вид их уж рождает сплин.
1	43	43	И вы, красотки молодые, Которых позднею порой Уносят дрожки удалые По петербургской мостовой, И вас покинул мой Евгений. Отступник бурных наслаждений, Онегин дома заперся, Зевая, за перо взялся, Хотел писать — но труд упорный Ему был тошен; ничего Не вышло из пера его, И не попал он в цех задорный Людей, о коих не сужу, Затем, что к ним принадлежу.
1	44	44	И снова преданный безделью, Томясь душевной пустотой, Уселся он с похвальной целью Себе присвоить ум чужой; Отрядом книг уставил полку, Читал, читал, а всё без толку: Там скука, там обман и бред; В том совести, в том смысла нет; На всех различные вериги; И устарела старина, И старым бредит новизна. Как женщин, он оставил книги, И полку, с пыльной их семьей, Задернул траурной тафтой.
1	45	45	Условий света свергнув бремя, Как он, отстав от суеты, С ним подружился я в то время. Мне нравились его черты, Мечтам невольная преданность, Неподражательная странность И резкий, охлажденный ум. Я был озлоблен, он угрюм; Страстей игру мы знали оба: Томила жизнь обоих нас; В обоих сердца жар погас; Обоих ожидала злоба Слепой Фортуны и людей На самом утре наших дней.
1	46	46	Кто жил и мыслил, тот не может В душе не презирать людей; Кто чувствовал, того тревожит Призрак невозвратимых дней: Тому уж нет очарований. Того змия воспоминаний, Того раскаянье грызет. Всё это часто придает Большую прелесть разговору. Сперва Онегина язык Меня смущал; но я привык К его язвительному спору, И к шутке, с желчью пополам, И злости мрачных эпиграмм.
1	47	47	Как часто летнею порою, Когда прозрачно и светло Ночное небо над Невою, И вод веселое стекло Не отражает лик Дианы, Воспомня прежних лет романы, Воспомня прежнюю любовь, Чувствительны, беспечны вновь, Дыханьем ночи благосклонной Безмолвно упивались мы! Как в лес зеленый из тюрьмы Перенесен колодник сонной, Так уносились мы мечтой К началу жизни молодой.
1	48	48	С душою, полной сожалений, И опершися на гранит, Стоял задумчиво Евгений, Как описал себя Пиит. Всё было тихо; лишь ночные Перекликались часовые; Да дрожек отдаленный стук С Мильонной раздавался вдруг; Лишь лодка, веслами махая, Плыла по дремлющей реке: И нас пленяли вдалеке Рожок и песня удалая. Но слаще, средь ночных забав, Напев Торкватовых октав!
1	49	49	Адриатические волны, О, Брента! нет, увижу вас, И, вдохновенья снова полный, Услышу ваш волшебный глас! Он свят для внуков Аполлона; По гордой лире Альбиона Он мне знаком, он мне родной. Ночей Италии златой Я негой наслажусь на воле, С венециянкою младой, То говорливой, то немой, Плывя в таинственной гондоле, — С ней обретут уста мои Язык Петрарки и любви.
1	50	50	Придет ли час моей свободы? Пора, пора! — взываю к ней; Брожу над морем, жду погоды, Маню ветрила кораблей. Под ризой бурь, с волнами споря, По вольному распутью моря Когда ж начну я вольный бег? Пора покинуть скучный брег Мне неприязненной стихии, И средь полуденных зыбей, Под небом Африки моей, Вздыхать о сумрачной России, Где я страдал, где я любил, Где сердце я похоронил.
1	51	51	Онегин был готов со мною Увидеть чуждые страны; Но скоро были мы судьбою На долгий срок разведены. Отец его тогда скончался. Перед Онегиным собрался Заимодавцев жадный полк. У каждого свой ум и толк: Евгений, тяжбы ненавидя, Довольный жребием своим, Наследство предоставил им, Большой потери в том не видя Иль предузнав издалека Кончину дяди старика.
1	52	52	Вдруг получил он в самом деле От управителя доклад, Что дядя при смерти в постеле И с ним проститься был бы рад. Прочтя печальное посланье, Евгений тотчас на свиданье Стремглав по почте поскакал И уж заранее зевал, Приготовляясь, денег ради, На вздохи, скуку и обман (И тем я начал мой роман); Но, прилетев в деревню дяди, Его нашел уж на столе, Как дань, готовую земле.
1	53	53	Нашел он полон двор услуги; К покойному со всех сторон Съезжались недруги и други, Охотники до похорон. Покойника похоронили. Попы и гости ели, пили, И после важно разошлись, Как будто делом занялись. Вот наш Онегин сельский житель, Заводов, вод, лесов, земель Хозяин полный, а досель Порядка враг и расточитель, И очень рад, что прежний путь Переменил на что-нибудь.
1	54	54	Два дня ему казались новы Уединенные поля, Прохлада сумрачной дубровы, Журчанье тихого ручья; На третий роща, холм и поле Его не занимали боле, Потом уж наводили сон; Потом увидел ясно он, Что и в деревне скука та же, Хоть нет ни улиц, ни дворцов, Ни карт, ни балов, ни стихов. Хандра ждала его на страже И бегала за ним она, Как тень иль верная жена.
1	55	55	Я был рожден для жизни мирной, Для деревенской тишины: В глуши звучнее голос лирной, Живее творческие сны. Досугам посвятясь невинным, Брожу над озером пустынным, И far nienteмой закон. Я каждым утром пробужден Для сладкой неги и свободы: Читаю мало, много сплю, Летучей славы не ловлю. Не так ли я в былые годы Провел в бездействии, в тени Мои счастливейшие дни?
1	56	56	Цветы, любовь, деревня, праздность, Поля! я предан вам душой. Всегда я рад заметить разность Между Онегиным и мной, Чтобы насмешливый читатель Или какой-нибудь издатель Замысловатой клеветы, Сличая здесь мои черты, Не повторял потом безбожно, Что намарал я свой портрет, Как Байрон, гордости поэт, — Как будто нам уж невозможно Писать поэмы о другом, Как только о себе самом?
1	57	57	Замечу кстати: все поэты — Любви мечтательной друзья. Бывало, милые предметы Мне снились, и душа моя Их образ тайный сохранила; Их после Муза оживила: Так я, беспечен, воспевал И деву гор, мой идеал, И пленниц берегов Салгира. Теперь от вас, мои друзья, Вопрос нередко слышу я: «О ком твоя вздыхает лира? Кому, в толпе ревнивых дев, Ты посвятил ее напев?
1	58	58	Чей взор, волнуя вдохновенье, Умильной лаской наградил Твое задумчивое пенье? Кого твой стих боготворил?» — И, други, никого, ей-богу! Любви безумную тревогу Я безотрадно испытал. Блажен, кто с нею сочетал Горячку рифм: он тем удвоил Поэзии священный бред, Петрарке шествуя вослед, А муки сердца успокоил, Поймал и славу между тем; Но я, любя, был глуп и нем.
1	59	59	Прошла любовь, явилась Муза, И прояснился темный ум. Свободен, вновь ищу союза Волшебных звуков, чувств и дум; Пишу, и сердце не тоскует; Перо, забывшись, не рисует, Близ неоконченных стихов, Ни женских ножек, ни голов; Погасший пепел уж не вспыхнет, Я всё грущу; но слез уж нет, И скоро, скоро бури след В душе моей совсем утихнет: Тогда-то я начну писать Поэму, песен в двадцать пять.
1	60	60	Я думал уж о форме плана, И как героя назову. Покамест моего романа Я кончил первую главу; Пересмотрел всё это строго: Противоречий очень много, Но их исправить не хочу. Ценсуре долг свой заплачу, И журналистам на съеденье Плоды трудов моих отдам: Иди же к невским берегам, Новорожденное творенье! И заслужи мне славы дань — Кривые толки, шум и брань.
2	1	1	Деревня, где скучал Евгений, Была прелестный уголок; Там друг невинных наслаждений Благословить бы Небо мог. Господский дом, уединенный, Горой от ветров огражденный, Стоял над речкою; вдали Пред ним пестрели и цвели Луга и нивы золотые. Мелькали сёла здесь и там, Стада бродили по лугам, И сени расширял густые Огромный, запущенный сад, Приют задумчивых Дриад.
2	2	2	Почтенный замок был построен, Как замки строиться должны: Отменно прочен и спокоен Во вкусе умной старины. Везде высокие покои, В гостиной штофные обои, Портреты дедов на стенах, И печи в пестрых изразцах. Всё это ныне обветшало, Не знаю, право, почему; Да, впрочем, другу моему В том нужды было очень мало, Затем что он равно зевал Средь модных и старинных зал.
2	3	3	Он в том покое поселился, Где деревенский старожил Лет сорок с ключницей бранился, В окно смотрел и мух давил. Всё было просто: пол дубовый, Два шкафа, стол, диван пуховый, Нигде ни пятнышка чернил. Онегин шкафы отворил: В одном нашел тетрадь расхода, В другом наливок целый строй, Кувшины с яблочной водой И календарь осьмого года; Старик, имея много дел, В иные книги не глядел.
2	4	4	Один среди своих владений, Чтоб только время проводить, Сперва задумал наш Евгений Порядок новый учредить. В своей глуши мудрец пустынный, Ярем он барщины старинной Оброком легким заменил; Мужик судьбу благословил. Зато в углу своем надулся, Увидя в этом страшный вред, Его расчетливый сосед. Другой лукаво улыбнулся, И в голос все решили так, Что он опаснейший чудак.
2	5	5	Сначала все к нему езжали, Но так как с заднего крыльца Обыкновенно подавали Ему донского жеребца, Лишь только вдоль большой дороги Заслышит их домашни дроги, — Поступком оскорбясь таким, Все дружбу прекратили с ним. «Сосед наш неуч, сумасбродит, Он фармасон; он пьет одно Стаканом красное вино; Он дамам к ручке не подходит; Всё да да нет, не скажет да-с Иль нет-с». Таков был общий глас.
2	6	6	В свою деревню в ту же пору Помещик новый прискакал И столь же строгому разбору В соседстве повод подавал. По имени Владимир Ленский, С душою прямо геттингенской, Красавец, в полном цвете лет, Поклонник Канта и поэт. Он из Германии туманной Привез учености плоды: Вольнолюбивые мечты, Дух пылкий и довольно странный, Всегда восторженную речь И кудри черные до плеч.
2	7	7	От хладного разврата света Еще увянуть не успев, Его душа была согрета Приветом друга, лаской дев. Он сердцем милый был невежда; Его лелеяла надежда, И мира новый блеск и шум Еще пленяли юный ум. Он забавлял мечтою сладкой Сомненья сердца своего. Цель жизни нашей для него Была заманчивой загадкой; Над ней он голову ломал И чудеса подозревал.
2	8	8	Он верил, что душа родная Соединиться с ним должна; Что, безотрадно изнывая, Его вседневно ждет она; Он верил, что друзья готовы За честь его принять оковы И что не дрогнет их рука Разбить сосуд клеветника: Что есть избранные судьбою
2	9	9	Негодованье, сожаленье, Ко благу чистая любовь И славы сладкое мученье В нем рано волновали кровь. Он с лирой странствовал на свете; Под небом Шиллера и Гете Их поэтическим огнем Душа воспламенилась в нем. И Муз возвышенных искусства, Счастливец, он не постыдил; Он в песнях гордо сохранил Всегда возвышенные чувства, Порывы девственной мечты И прелесть важной простоты.
2	10	10	Он пел любовь, любви послушный, И песнь его была ясна, Как мысли девы простодушной, Как сон младенца, как луна В пустынях неба безмятежных, Богиня тайн и вздохов нежных. Он пел разлуку и печаль, И нечто, и туманну даль, И романтические розы; Он пел те дальные страны, Где долго в лоно тишины Лились его живые слезы; Он пел поблеклый жизни цвет Без малого в осьмнадцать лет.
2	11	11	В пустыне, где один Евгений Мог оценить его дары, Господ соседственных селений Ему не нравились пиры; Бежал он их беседы шумной. Их разговор благоразумной О сенокосе, о вине, О псарне, о своей родне, Конечно, не блистал ни чувством, Ни поэтическим огнем, Ни остротою, ни умом, Ни общежития искусством; Но разговор их милых жен Гораздо меньше был умен.
2	12	12	Богат, хорош собою, Ленский Везде был принят как жених: Таков обычай деревенский; Все дочек прочили своих За полурусского соседа; Взойдет ли он — тотчас беседа Заводит слово стороной О скуке жизни холостой; Зовут соседа к самовару, А Дуня разливает чай, Ей шепчут: «Дуня, примечай!» Потом приносят и гитару: И запищит она (Бог мой!): Приди в чертог ко мне златой!..
2	13	13	Но Ленский, не имев, конечно, Охоты узы брака несть, С Онегиным желал сердечно Знакомство покороче свесть. Они сошлись: волна и камень, Стихи и проза, лед и пламень Не столь различны меж собой. Сперва взаимной разнотой Они друг другу были скучны; Потом понравились; потом Съезжались каждый день верхом, И скоро стали неразлучны. Так люди — первый каюсь я — От делать нечего — друзья.
2	14	14	Но дружбы нет и той меж нами; Все предрассудки истребя, Мы почитаем всех нулями, А единицами — себя; Мы все глядим в Наполеоны; Двуногих тварей миллионы Для нас орудие одно; Нам чувство дико и смешно. Сноснее многих был Евгений; Хоть он людей, конечно, знал И вообще их презирал; Но правил нет без исключений: Иных он очень отличал И вчуже чувство уважал.
2	15	15	Он слушал Ленского с улыбкой: Поэта пылкий разговор, И ум, еще в сужденьях зыбкой, И вечно вдохновенный взор — Онегину всё было ново; Он охладительное слово В устах старался удержать И думал: глупо мне мешать Его минутному блаженству; И без меня пора придет; Пускай покамест он живет Да верит мира совершенству; Простим горячке юных лет И юный жар, и юный бред.
2	16	16	Меж ними всё рождало споры И к размышлению влекло: Племен минувших договоры, Плоды наук, добро и зло, И предрассудки вековые, И гроба тайны роковые, Судьба и жизнь в свою чреду, Всё подвергалось их суду. Поэт в жару своих суждений Читал, забывшись, между тем Отрывки северных поэм; И снисходительный Евгений, Хоть их не много понимал, Прилежно юноше внимал.
2	17	17	Но чаще занимали страсти Умы пустынников моих. Ушед от их мятежной власти, Онегин говорил об них С невольным вздохом сожаленья. Блажен, кто ведал их волненья И наконец от них отстал; Блаженней тот, кто их не знал, Кто охлаждал любовь разлукой, Вражду злословием; порой Зевал с друзьями и женой, Ревнивой не тревожась мукой, И дедов верный капитал Коварной двойке не вверял!
2	18	18	Когда прибегнем мы под знамя Благоразумной тишины, Когда страстей угаснет пламя И нам становятся смешны Их своевольство иль порывы И запоздалые отзывы, — Смиренные не без труда, Мы любим слушать иногда Страстей чужих язык мятежный, И нам он сердце шевелит; Так точно старый инвалид Охотно клонит слух прилежный Рассказам юных усачей, Забытый в хижине своей.
2	19	19	Зато и пламенная младость Не может ничего скрывать: Вражду, любовь, печаль и радость Она готова разболтать. В любви считаясь инвалидом, Онегин слушал с важным видом, Как, сердца исповедь любя, Поэт высказывал себя; Свою доверчивую совесть Он простодушно обнажал. Евгений без труда узнал Его любви младую повесть, Обильный чувствами рассказ Давно не новыми для нас.
2	20	20	Ах, он любил, как в наши лета Уже не любят; как одна Безумная душа поэта Еще любить осуждена: Всегда, везде одно мечтанье, Одно привычное желанье, Одна привычная печаль! Ни охлаждающая даль, Ни долгие лета разлуки, Ни музам данные часы, Ни чужеземные красы, Ни шум веселий, ни науки Души не изменили в нем, Согретой девственным огнем.
2	21	21	Чуть отрок, Ольгою плененный, Сердечных мук еще не знав, Он был свидетель умиленный Ее младенческих забав; В тени хранительной дубравы Он разделял ее забавы, И детям прочили венцы Друзья-соседи, их отцы. В глуши, под сению смиренной, Невинной прелести полна, В глазах родителей, она Цвела как ландыш потаенный, Не знаемый в траве глухой Ни мотыльками, ни пчелой.
2	22	22	Она поэту подарила Младых восторгов первый сон, И мысль об ней одушевила Его цевницы первый стон. Простите, игры золотые! Он рощи полюбил густые, Уединенье, тишину, И ночь, и звезды, и луну — Луну, небесную лампаду, Которой посвящали мы Прогулки средь вечерней тмы, И слезы, тайных мук отраду… Но нынче видим только в ней Замену тусклых фонарей.
2	23	23	Всегда скромна, всегда послушна, Всегда как утро весела, Как жизнь поэта простодушна, Как поцелуй любви мила, Глаза как небо голубые, Улыбка, локоны льняные, Движенья, голос, легкий стан, Всё в Ольге… но любой роман Возьмите и найдете верно Ее портрет: он очень мил; Я прежде сам его любил, Но надоел он мне безмерно. Позвольте мне, читатель мой, Заняться старшею сестрой.
2	24	24	Ее сестра звалась Татьяна… Впервые именем таким Страницы нежные романа Мы своевольно освятим. И что ж? оно приятно, звучно, Но с ним, я знаю, неразлучно Воспоминанье старины Иль девичьей. Мы все должны Признаться, вкуса очень мало У нас и в наших именах (Не говорим уж о стихах); Нам просвещенье не пристало И нам досталось от него Жеманство — больше ничего.
2	25	25	Итак, она звалась Татьяной. Ни красотой сестры своей, Ни свежестью ее румяной Не привлекла б она очей. Дика, печальна, молчалива, Как лань лесная боязлива, Она в семье своей родной Казалась девочкой чужой. Она ласкаться не умела К отцу, ни к матери своей; Дитя сама, в толпе детей Играть и прыгать не хотела И часто, целый день одна, Сидела молча у окна.
2	26	26	Задумчивость, ее подруга От самых колыбельных дней, Теченье сельского досуга Мечтами украшала ей. Ее изнеженные пальцы Не знали игл; склонясь на пяльцы, Узором шелковым она Не оживляла полотна. Охоты властвовать примета: С послушной куклою, дитя Приготовляется шутя К приличию, закону света, И важно повторяет ей Уроки маменьки своей.
2	27	27	Но куклы, даже в эти годы, Татьяна в руки не брала; Про вести города, про моды Беседы с нею не вела. И были детские проказы Ей чужды; страшные рассказы Зимою, в темноте ночей, Пленяли больше сердце ей. Когда же няня собирала Для Ольги, на широкий луг, Всех маленьких ее подруг, Она в горелки не играла, Ей скучен был и звонкий смех, И шум их ветреных утех.
2	28	28	Она любила на балконе Предупреждать зари восход, Когда на бледном небосклоне Звезд исчезает хоровод, И тихо край земли светлеет, И вестник утра, ветер веет, И всходит постепенно день. Зимой, когда ночная тень Полмиром доле обладает, И доле в праздной тишине, При отуманенной луне, Восток ленивый почивает, В привычный час пробуждена, Вставала при свечах она.
2	29	29	Ей рано нравились романы; Они ей заменяли всё; Она влюбилася в обманы И Ричардсона и Руссо. Отец ее был добрый малый, В прошедшем веке запоздалый; Но в книгах не видал вреда; Он, не читая никогда, Их почитал пустой игрушкой И не заботился о том, Какой у дочки тайный том Дремал до утра под подушкой. Жена ж его была сама От Ричардсона без ума.
2	30	30	Она любила Ричардсона Не потому, чтобы прочла, Не потому, чтоб Грандисона Она Ловласу предпочла; Но в старину княжна Алина, Ее московская кузина, Твердила часто ей об них. В то время был еще жених Ее супруг; но по неволе; Она вздыхала по другом, Который сердцем и умом Ей нравился гораздо боле; Сей Грандисон был славный франт, Игрок и гвардии сержант.
2	31	31	Как он, она была одета, Всегда по моде и к лицу. Но, не спросясь ее совета, Девицу повезли к венцу, И чтоб ее рассеять горе, Разумный муж уехал вскоре В свою деревню, где она, Бог знает кем окружена, Рвалась и плакала сначала, С супругом чуть не развелась; Потом хозяйством занялась, Привыкла и довольна стала. Привычка свыше нам дана: Замена счастию она.
2	32	32	Привычка усладила горе, Неотразимое ничем; Открытие большое вскоре Ее утешило совсем. Она меж делом и досугом Открыла тайну, как супругом Единовластно управлять, И всё тогда пошло на стать. Она езжала по работам, Солила на зиму грибы, Вела расходы, брила лбы, Ходила в баню по субботам, Служанок била осердясь — Всё это мужа не спросясь.
2	33	33	Бывало, писывала кровью Она в альбомы нежных дев, Звала Полиною Прасковью И говорила нараспев; Корсет носила очень узкий, И русский Н как N французский Произносить умела в нос; Но скоро всё перевелось: Корсет, альбом, княжну Алину, Стишков чувствительных тетрадь Она забыла — стала звать Акулькой прежнюю Селину И обновила наконец На вате шлафор и чепец.
2	34	34	Но муж любил ее сердечно, В ее затеи не входил, Во всем ей веровал беспечно, А сам в халате ел и пил. Покойно жизнь его катилась; Под вечер иногда сходилась Соседей добрая семья, Нецеремонные друзья, И потужить, и позлословить, И посмеяться кой о чем. Проходит время; между тем Прикажут Ольге чай готовить; Там ужин, там и спать пора, И гости едут со двора.
2	35	35	Они хранили в жизни мирной Привычки милой старины; У них на масленице жирной Водились русские блины Им квас как воздух был потребен, И за столом у них гостям Носили блюда по чинам.
2	36	36	И так они старели оба. И отворились наконец Перед супругом двери гроба, И новый он приял венец. Он умер в час перед обедом, Оплаканный своим соседом, Детьми и верною женой, Чистосердечней чем иной. Он был простой и добрый барин, И там, где прах его лежит, Надгробный памятник гласит: Смиренный грешник, Дмитрий Ларин, Господний раб и бригадир Под камнем сим вкушает мир.
2	37	37	Своим пенатам возвращенный, Владимир Ленский посетил Соседа памятник смиренный, И вздох он пеплу посвятил; И долго сердцу грустно было. «Poor Yorick! — молвил он уныло, — Он на руках меня держал. Как часто в детстве я играл Его Очаковской медалью! Он Ольгу прочил за меня, Он говорил: дождусь ли дня?..» И, полный искренней печалью, Владимир тут же начертал Ему надгробный мадригал.
2	38	38	И там же надписью печальной Отца и матери, в слезах, Почтил он прах патриархальной… Увы! на жизненных браздах Мгновенной жатвой поколенья, По тайной воле провиденья, Восходят, зреют и падут; Другие им вослед идут… Так наше ветреное племя Растет, волнуется, кипит И к гробу прадедов теснит. Придет, придет и наше время, И наши внуки в добрый час Из мира вытеснят и нас!
2	39	39	Покамест упивайтесь ею, Сей легкой жизнию, друзья! Ее ничтожность разумею, И мало к ней привязан я; Для призраков закрыл я вежды; Но отдаленные надежды Тревожат сердце иногда: Без неприметного следа Мне было б грустно мир оставить. Живу, пишу не для похвал; Но я бы, кажется, желал Печальный жребий свой прославить, Чтоб обо мне, как верный друг, Напомнил хоть единый звук.
2	40	40	И чье-нибудь он сердце тронет; И, сохраненная судьбой, Быть может, в Лете не потонет Строфа, слагаемая мной; Быть может — лестная надежда! — Укажет будущий невежда На мой прославленный портрет И молвит: то-то был Поэт! Прими ж мое благодаренье, Поклонник мирных Аонид, О ты, чья память сохранит Мои летучие творенья, Чья благосклонная рука Потреплет лавры старика! |
3	1	1	«Куда? Уж эти мне поэты!»  — Прощай, Онегин, мне пора.  «Я не держу тебя; но где ты  Свои проводишь вечера?»  — У Лариных. — «Вот это чудно.  Помилуй! и тебе не трудно  Там каждый вечер убивать?»  — Ни мало. — «Не могу понять.  Отселе вижу, что такое:  Во-первых (слушай, прав ли я?),  Простая, русская семья,  К гостям усердие большое,  Варенье, вечный разговор  Про дождь, про лён, про скотный двор…».
3	2	2	— Я тут еще беды не вижу.  «Да, скука, вот беда, мой друг».  — Я модный свет ваш ненавижу;  Милее мне домашний круг,  Где я могу… — «Опять эклога!  Да полно, милый, ради бога.  Ну что ж? ты едешь: очень жаль.  Ах, слушай, Ленской; да нельзя ль  Увидеть мне Филлиду эту,  Предмет и мыслей, и пера,  И слез, и рифм et cetera?..  Представь меня». — Ты шутишь. — «Нету».  — Я рад. — «Когда же?» — Хоть сейчас.  Они с охотой примут нас.
3	3	3	Поедем. —  Поскакали други,  Явились; им расточены  Порой тяжелые услуги  Гостеприимной старины.  Обряд известный угощенья:  Несут на блюдечках варенья,  На столик ставят вощаной  Кувшин с брусничною водой,  (В деревне день есть цепь обеда. Поджавши руки, у дверей Сбежались девушки скорей Взглянуть на нового соседа, И на дворе толпа людей Критиковала их коней.)
3	4	4	Они дорогой самой краткой  Домой летят во весь опор.  Теперь послушаем украдкой  Героев наших разговор:  — Ну что ж, Онегин? ты зеваешь. —  — «Привычка, Ленской». — Но скучаешь  Ты как-то больше. — «Нет, равно.  Однако в поле уж темно;  Скорей! пошел, пошел, Андрюшка!  Какие глупые места!  А кстати: Ларина проста,  Но очень милая старушка,  Боюсь: брусничная вода  Мне не наделала б вреда.
3	5	5	Скажи: которая Татьяна?»  — Да та, которая грустна  И молчалива, как Светлана,  Вошла и села у окна. —  «Неужто ты влюблен в меньшую?»  — А что? — «Я выбрал бы другую,  Когда б я был, как ты, поэт.  В чертах у Ольги жизни нет.  Точь-в-точь в Вандиковой Мадоне:  Кругла, красна лицом она,  Как эта глупая луна  На этом глупом небосклоне».  Владимир сухо отвечал  И после во весь путь молчал.
3	6	6	Меж тем Онегина явленье  У Лариных произвело  На всех большое впечатленье  И всех соседей развлекло.  Пошла догадка за догадкой.  Все стали толковать украдкой,  Шутить, судить не без греха,  Татьяне прочить жениха;  Иные даже утверждали,  Что свадьба слажена совсем,  Но остановлена затем,  Что модных колец не достали.  O свадьбе Ленского давно  У них уж было решено.
3	7	7	Татьяна слушала с досадой  Такие сплетни; но тайком  С неизъяснимою отрадой  Невольно думала о том;  И в сердце дума заронилась;  Пора пришла, она влюбилась.  Так в землю падшее зерно  Весны огнем оживлено.  Давно ее воображенье,  Сгорая негой и тоской,  Алкало пищи роковой;  Давно сердечное томленье  Теснило ей младую грудь;  Душа ждала… кого-нибудь,
3	8	8	И дождалась… Открылись очи;  Она сказала: это он!  Увы! теперь и дни и ночи,  И жаркий одинокий сон,  Всё полно им; всё деве милой  Без умолку волшебной силой  Твердит о нем. Докучны ей  И звуки ласковых речей,  И взор заботливой прислуги.  В уныние погружена,  Гостей не слушает она  И проклинает их досуги,  Их неожиданный приезд  И продолжительный присест.
3	9	9	Теперь с каким она вниманьем  Читает сладостный роман,  С каким живым очарованьем  Пьет обольстительный обман!  Счастливой силою мечтанья  Одушевленные созданья,  Любовник Юлии Вольмар,  Малек-Адель и де Линар,  И Вертер, мученик мятежный,  И бесподобный Грандисон,  Который нам наводит сон, —  Все для мечтательницы нежной  В единый образ облеклись,  В одном Онегине слились.
3	10	10	Воображаясь героиней  Своих возлюбленных творцов,  Кларисой, Юлией, Дельфиной,  Татьяна в тишине лесов  Одна с опасной книгой бродит,  Она в ней ищет и находит  Свой тайный жар, свои мечты,  Плоды сердечной полноты,  Вздыхает и, себе присвоя  Чужой восторг, чужую грусть,  В забвенье шепчет наизусть  Письмо для милого героя…  Но наш герой, кто б ни был он,  Уж верно был не Грандисон.
3	11	11	Свой слог на важный лад настроя,  Бывало, пламенный творец  Являл нам своего героя  Как совершенства образец.  Он одарял предмет любимый,  Всегда неправедно гонимый,  Душой чувствительной, умом  И привлекательным лицом.  Питая жар чистейшей страсти,  Всегда восторженный герой  Готов был жертвовать собой,  И при конце последней части  Всегда наказан был порок,  Добру достойный был венок.
3	12	12	А нынче все умы в тумане,  Мораль на нас наводит сон,  Порок любезен — и в романе,  И там уж торжествует он.  Британской музы небылицы  Тревожат сон отроковицы,  И стал теперь ее кумир  Или задумчивый Вампир,  Или Мельмот, бродяга мрачный,  Иль Вечный Жид, или Корсар,  Или таинственный Сбогар.  Лорд Байрон прихотью удачной  Облек в унылый романтизм  И безнадежный эгоизм.
3	13	13	Друзья мои, что ж толку в этом?  Быть может, волею небес,  Я перестану быть поэтом,  В меня вселится новый бес,  И, Фебовы презрев угрозы,  Унижусь до смиренной прозы;  Тогда роман на старый лад  Займет веселый мой закат.  Не муки тайные злодейства  Я грозно в нем изображу,  Но просто вам перескажу  Преданья русского семейства,  Любви пленительные сны  Да нравы нашей старины.
3	14	14	Перескажу простые речи  Отца иль дяди старика,  Детей условленные встречи  У старых лип, у ручейка;  Несчастной ревности мученья,  Разлуку, слезы примиренья,  Поссорю вновь, и наконец  Я поведу их под венец…  Я вспомню речи неги страстной,  Слова тоскующей любви,  Которые в минувши дни  У ног любовницы прекрасной  Мне приходили на язык,  От коих я теперь отвык.
3	15	15	Татьяна, милая Татьяна!  С тобой теперь я слезы лью;  Ты в руки модного тирана  Уж отдала судьбу свою.  Погибнешь, милая; но прежде  Ты в ослепительной надежде  Блаженство темное зовешь,  Ты негу жизни узнаешь,  Ты пьешь волшебный яд желаний,  Тебя преследуют мечты:  Везде воображаешь ты  Приюты счастливых свиданий;  Везде, везде перед тобой  Твой искуситель роковой.
3	16	16	Тоска любви Татьяну гонит,  И в сад идет она грустить,  И вдруг недвижны очи клонит,  И лень ей далее ступить.  Приподнялася грудь, ланиты  Мгновенным пламенем покрыты,  Дыханье замерло в устах,  И в слухе шум, и блеск в очах…  Настанет ночь; луна обходит  Дозором дальный свод небес,  И соловей во мгле древес  Напевы звучные заводит.  Татьяна в темноте не спит  И тихо с няней говорит:
3	17	17	«Не спится, няня: здесь так душно!  Открой окно да сядь ко мне».  — Что, Таня, что с тобой? — «Мне скучно,  Поговорим о старине».  — О чем же, Таня? Я, бывало,  Хранила в памяти не мало  Старинных былей, небылиц  Про злых духов и про девиц;  А нынче всё мне тёмно, Таня:  Что знала, то забыла. Да,  Пришла худая череда!  Зашибло… — «Расскажи мне, няня,  Про ваши старые года:  Была ты влюблена тогда?»
3	18	18	— И, полно, Таня! В эти лета  Мы не слыхали про любовь;  А то бы согнала со света  Меня покойница свекровь. —  «Да как же ты венчалась, няня?»  — Так, видно, бог велел. Мой Ваня  Моложе был меня, мой свет,  А было мне тринадцать лет.  Недели две ходила сваха  К моей родне, и наконец  Благословил меня отец.  Я горько плакала со страха,  Мне с плачем косу расплели,  Да с пеньем в церковь повели.
3	19	19	И вот ввели в семью чужую…  Да ты не слушаешь меня… —  «Ах, няня, няня, я тоскую,  Мне тошно, милая моя:  Я плакать, я рыдать готова!..» — Дитя мое, ты нездорова;  Господь помилуй и спаси!  Чего ты хочешь, попроси…  Дай окроплю святой водою,  Ты вся горишь… — «Я не больна:  Я… знаешь, няня… влюблена»  — Дитя мое, господь с тобою! —  И няня девушку с мольбой  Крестила дряхлою рукой.
3	20	20	«Я влюблена», — шептала снова  Старушке с горестью она.  — Сердечный друг, ты нездорова. —  «Оставь меня: я влюблена».  И между тем луна сияла  И томным светом озаряла  Татьяны бледные красы,  И распущенные власы,  И капли слез, и на скамейке  Пред героиней молодой,  С платком на голове седой,  Старушку в длинной телогрейке  И все дремало в тишине  При вдохновительной луне.
3	21	21	И сердцем далеко носилась  Татьяна, смотря на луну…  Вдруг мысль в уме ее родилась…  «Поди, оставь меня одну.  Дай, няня, мне перо, бумагу,  Да стол подвинь; я скоро лягу;  Прости». И вот она одна.  Всё тихо. Светит ей луна.  Облокотясь, Татьяна пишет.  И всё Евгений на уме,  И в необдуманном письме  Любовь невинной девы дышет.  Письмо готово, сложено…  Татьяна! для кого ж оно?
3	22	22	Я знал красавиц недоступных,  Холодных, чистых, как зима,  Неумолимых, неподкупных,  Непостижимых для ума;  Дивился я их спеси модной,  Их добродетели природной,  И, признаюсь, от них бежал,  И, мнится, с ужасом читал  Над их бровями надпись ада:  Оставь надежду навсегда.  Внушать любовь для них беда,  Пугать людей для них отрада.  Быть может, на брегах Невы  Подобных дам видали вы.
3	23	23	Среди поклонников послушных  Других причудниц я видал,  Самолюбиво равнодушных  Для вздохов страстных и похвал.  И что ж нашел я с изумленьем?  Они, суровым поведеньем  Пугая робкую любовь,  Ее привлечь умели вновь,  По крайней мере, сожаленьем,  По крайней мере, звук речей  Казался иногда нежней,  И с легковерным ослепленьем  Опять любовник молодой  Бежал за милой суетой.
3	24	24	За что ж виновнее Татьяна?  За то ль, что в милой простоте  Она не ведает обмана  И верит избранной мечте?  За то ль, что любит без искусства,  Послушная влеченью чувства,  Что так доверчива она,  Что от небес одарена  Воображением мятежным,  Умом и волею живой,  И своенравной головой,  И сердцем пламенным и нежным?  Ужели не простите ей  Вы легкомыслия страстей?
3	25	25	Кокетка судит хладнокровно,  Татьяна любит не шутя  И предается безусловно  Любви, как милое дитя.  Не говорит она: отложим —  Любви мы цену тем умножим,  Вернее в сети заведем;  Сперва тщеславие кольнем  Надеждой, там недоуменьем  Измучим сердце, а потом  Ревнивым оживим огнем;  А то, скучая наслажденьем,  Невольник хитрый из оков  Всечасно вырваться готов.
3	26	26	Еще предвижу затрудненья:  Родной земли спасая честь,  Я должен буду, без сомненья,  Письмо Татьяны перевесть.  Она по-русски плохо знала,  Журналов наших не читала,  И выражалася с трудом  На языке своем родном,  Итак, писала по-французски…  Что делать! повторяю вновь:  Доныне дамская любовь  Не изъяснялася по-русски,  Доныне гордый наш язык  К почтовой прозе не привык.
3	27	27	Я знаю: дам хотят заставить  Читать по-русски. Право, страх!  Могу ли их себе представить  С «Благонамеренным»в руках!  Я шлюсь на вас, мои поэты;  Не правда ль: милые предметы,  Которым, за свои грехи,  Писали втайне вы стихи,  Которым сердце посвящали,  Не все ли, русским языком  Владея слабо и с трудом,  Его так мило искажали,  И в их устах язык чужой  Не обратился ли в родной?
3	28	28	Не дай мне бог сойтись на бале  Иль при разъезде на крыльце  С семинаристом в желтой шале  Иль с академиком в чепце!  Как уст румяных без улыбки,  Без грамматической ошибки  Я русской речи не люблю.  Быть может, на беду мою,  Красавиц новых поколенье,  Журналов вняв молящий глас,  К грамматике приучит нас;  Стихи введут в употребленье;  Но я… какое дело мне?  Я верен буду старине.
3	29	29	Неправильный, небрежный лепет,  Неточный выговор речей  По прежнему сердечный трепет  Произведут в груди моей;  Раскаяться во мне нет силы,  Мне галлицизмы будут милы,  Как прошлой юности грехи,  Как Богдановича стихи.  Но полно. Мне пора заняться  Письмом красавицы моей;  Я слово дал, и что ж? ей-ей  Теперь готов уж отказаться.  Я знаю: нежного Парни  Перо не в моде в наши дни.
3	30	30	Певец Пиров и грусти томной ,  Когда б еще ты был со мной,  Я стал бы просьбою нескромной  Тебя тревожить, милый мой:  Чтоб на волшебные напевы  Переложил ты страстной девы  Иноплеменные слова.  Где ты? приди: свои права  Передаю тебе с поклоном…  Но посреди печальных скал,  Отвыкнув сердцем от похвал,  Один, под финским небосклоном,  Он бродит, и душа его  Не слышит горя моего.
3	31	31	Письмо Татьяны предо мною;  Его я свято берегу,  Читаю с тайною тоскою  И начитаться не могу.  Кто ей внушал и эту нежность,  И слов любезную небрежность?  Кто ей внушал умильный вздор,  Безумный сердца разговор,  И увлекательный и вредный?  Я не могу понять. Но вот  Неполный, слабый перевод,  С живой картины список бледный,  Или разыгранный Фрейшиц  Перстами робких учениц:  Я к вам пишу – чего же боле?  Что я могу еще сказать?  Теперь, я знаю, в вашей воле  Меня презреньем наказать.  Но вы, к моей несчастной доле  Хоть каплю жалости храня,  Вы не оставите меня.  Сначала я молчать хотела;  Поверьте: моего стыда  Вы не узнали б никогда,  Когда б надежду я имела  Хоть редко, хоть в неделю раз  В деревне нашей видеть вас,  Чтоб только слышать ваши речи,  Вам слово молвить, и потом  Все думать, думать об одном  И день и ночь до новой встречи.  Но говорят, вы нелюдим;  В глуши, в деревне всё вам скучно,  А мы… ничем мы не блестим,  Хоть вам и рады простодушно.  Зачем вы посетили нас?  В глуши забытого селенья  Я никогда не знала б вас,  Не знала б горького мученья.  Души неопытной волненья  Смирив со временем (как знать?),  По сердцу я нашла бы друга,  Была бы верная супруга  И добродетельная мать.  Другой!.. Нет, никому на свете  Не отдала бы сердца я!  То в вышнем суждено совете…  То воля неба: я твоя;  Вся жизнь моя была залогом  Свиданья верного с тобой;  Я знаю, ты мне послан Богом,  До гроба ты хранитель мой…  Ты в сновиденьях мне являлся,  Незримый, ты мне был уж мил,  Твой чудный взгляд меня томил,  В душе твой голос раздавался  Давно… нет, это был не сон!  Ты чуть вошел, я вмиг узнала,  Вся обомлела, запылала  И в мыслях молвила: вот он!  Не правда ль? я тебя слыхала:  Ты говорил со мной в тиши,  Когда я бедным помогала  Или молитвой услаждала  Тоску волнуемой души?  И в это самое мгновенье  Не ты ли, милое виденье,  В прозрачной темноте мелькнул,  Приникнул тихо к изголовью?  Не ты ль, с отрадой и любовью,  Слова надежды мне шепнул?  Кто ты, мой ангел ли хранитель,  Или коварный искуситель:  Мои сомненья разреши.  Быть может, это всё пустое,  Обман неопытной души!  И суждено совсем иное…  Но так и быть! Судьбу мою  Отныне я тебе вручаю,  Перед тобою слезы лью,  Твоей защиты умоляю…  Вообрази: я здесь одна,  Никто меня не понимает,  Рассудок мой изнемогает,  И молча гибнуть я должна.  Я жду тебя: единым взором  Надежды сердца оживи,  Иль сон тяжелый перерви,  Увы, заслуженным укором!  Кончаю! Страшно перечесть… Стыдом и страхом замираю…  Но мне порукой ваша честь,  И смело ей себя вверяю…
3	32	32	Татьяна то вздохнет, то охнет;  Письмо дрожит в ее руке;  Облатка розовая сохнет  На воспаленном языке.  К плечу головушкой склонилась.  Сорочка легкая спустилась  С ее прелестного плеча…  Но вот уж лунного луча  Сиянье гаснет. Там долина  Сквозь пар яснеет. Там поток  Засеребрился; там рожок  Пастуший будит селянина.  Вот утро: встали все давно,  Моей Татьяне всё равно.
3	33	33	Она зари не замечает,  Сидит с поникшею главой  И на письмо не напирает  Своей печати вырезной.  Но, дверь тихонько отпирая,  Уж ей Филипьевна седая  Приносит на подносе чай.  «Пора, дитя мое, вставай:  Да ты, красавица, готова!  О пташка ранняя моя!  Вечор уж как боялась я!  Да, слава богу, ты здорова!  Тоски ночной и следу нет,  Лицо твое как маков цвет».
3	34	34	— Ах! няня, сделай одолженье. —  «Изволь, родная, прикажи».  — Не думай… право… подозренье…  Но видишь… ах! не откажи. —  «Мой друг, вот бог тебе порука».  — Итак, пошли тихонько внука  С запиской этой к О… к тому…  К соседу… да велеть ему —  Чтоб он не говорил ни слова,  Чтоб он не называл меня… —  «Кому же, милая моя?  Я нынче стала бестолкова.  Кругом соседей много есть;  Куда мне их и перечесть».
3	35	35	— Как недогадлива ты, няня! — «Сердечный друг, уж я стара,  Стара: тупеет разум, Таня;  А то, бывало, я востра,  Бывало, слово барской воли…»  — Ах, няня, няня! до того ли?  Что нужды мне в твоем уме?  Ты видишь, дело о письме  К Онегину. — «Ну, дело, дело,  Не гневайся, душа моя,  Ты знаешь, непонятна я…  Да что ж ты снова побледнела?»  — Так, няня, право ничего.  Пошли же внука своего. —
3	36	36	Но день протек, и нет ответа.  Другой настал: все нет, как нет.  Бледна как тень, с утра одета,  Татьяна ждет: когда ж ответ?  Приехал Ольгин обожатель.  «Скажите: где же ваш приятель?»  Ему вопрос хозяйки был.  «Он что-то нас совсем забыл».  Татьяна, вспыхнув, задрожала.  — Сегодня быть он обещал,  Старушке Ленской отвечал:  Да, видно, почта задержала. —  Татьяна потупила взор,  Как будто слыша злой укор.
3	37	37	Смеркалось; на столе блистая  Шипел вечерний самовар.  Китайский чайник нагревая;  Под ним клубился легкий пар.  Разлитый Ольгиной рукою,  По чашкам темною струею  Уже душистый чай бежал,  И сливки мальчик подавал;  Татьяна пред окном стояла,  На стекла хладные дыша,  Задумавшись, моя душа,  Прелестным пальчиком писала  На отуманенном стекле  Заветный вензель О да Е.
3	38	38	И между тем душа в ней ныла,  И слез был полон томный взор.  Вдруг топот!.. кровь ее застыла.  Вот ближе! скачут… и на двор  Евгений! «Ах!» — и легче тени  Татьяна прыг в другие сени,  С крыльца на двор, и прямо в сад,  Летит, летит; взглянуть назад  Не смеет; мигом обежала  Куртины, мостики, лужок,  Аллею к озеру, лесок,  Кусты сирен переломала,  По цветникам летя к ручью,  И задыхаясь на скамью
3	39	39	Упала…  «Здесь он! здесь Евгений!  О боже! что подумал он!»  В ней сердце, полное мучений,  Хранит надежды темный сон;  Она дрожит и жаром пышет,  И ждет: нейдет ли? Но не слышит.  В саду служанки, на грядах,  Сбирали ягоды в кустах  И хором по наказу пели  (Наказ, основанный на том,  Чтоб барской ягоды тайком  Уста лукавые не ели,  И пеньем были заняты:  Затея сельской остроты!).  Девицы, красавицы,  Душеньки, подруженьки,  Разыграйтесь, девицы,  Разгуляйтесь, милые!  Затяните песенку,  Песенку заветную,  Заманите молодца  К хороводу нашему.  Как заманим молодца,  Как завидим издали,  Разбежимтесь, милые,  Закидаем вишеньем,  Вишеньем, малиною,  Красною смородиной.  Не ходи подслушивать  Песенки заветные,  Не ходи подсматривать  Игры наши девичьи.
3	40	40	Они поют, и с небреженьем  Внимая звонкий голос их,  Ждала Татьяна с нетерпеньем,  Чтоб трепет сердца в ней затих,  Чтобы прошло ланит пыланье.  Но в персях то же трепетанье,  И не проходит жар ланит,  Но ярче, ярче лишь горит…  Так бедный мотылек и блещет  И бьется радужным крылом,  Плененный школьным шалуном  Так зайчик в озиме трепещет,  Увидя вдруг издалека  В кусты припадшего стрелка.
3	41	41	Но наконец она вздохнула  И встала со скамьи своей;  Пошла, но только повернула  В аллею, прямо перед ней,  Блистая взорами, Евгений  Стоит подобно грозной тени,  И, как огнем обожжена,  Остановилася она.  Но следствия нежданной встречи  Сегодня, милые друзья,  Пересказать не в силах я;  Мне должно после долгой речи  И погулять и отдохнуть:  Докончу после как-нибудь.  |
4	1	1	В начале жизни мною правил Прелестный, хитрый, слабый пол; Тогда в закон себе я ставил Его единый произвол. Душа лишь только разгоралась, И сердцу женщина являлась Каким-то чистым божеством. Владея чувствами, умом, Она сияла совершенством. Пред ней я таял в тишине: Ее любовь казалась мне Недосягаемым блаженством. Жить, умереть у милых ног — Иного я желать не мог.
4	2	2	То вдруг её я ненавидел, И трепетал, и слезы лил, С тоской и ужасом в ней видел Созданье злобных, тайных сил; Её пронзительные взоры, Улыбка, голос, разговоры — Всё было в ней отравлено, Изменой злой напоено, Всё в ней алкало слез и стона, Питалось кровию моей… То вдруг я мрамор видел в ней, Перед мольбой Пигмалиона Еще холодный и немой, Но вскоре жаркий и живой.
4	3	3	Словами вещего поэта Сказать и мне позволено: Темира, Дафна и Лилета — Как сон забыты мной давно. Но есть одна меж их толпою… Я долго был пленен одною — Но был ли я любим, и кем, И где, и долго ли?.. зачем Вам это знать? не в этом дело! Что было, то прошло, то вздор; А дело в том, что с этих пор Во мне уж сердце охладело, Закрылось для любви оно, И всё в нем пусто и темно.
4	4	4	Дознался я, что дамы сами, Душевной тайне изменя, Не могут надивиться нами, Себя по совести ценя. Восторги наши своенравны Им очень кажутся забавны; И, право, с нашей стороны Мы непростительно смешны. Закабалясь неосторожно, Мы их любви в награду ждём. Любовь в безумии зовём, Как будто требовать возможно От мотыльков иль от лилей И чувств глубоких и страстей!
4	5	5	Признаться ль вам, я наслажденье В то время лишь одно имел, Мне было мило ослепленье, Об нем я после пожалел. Но я заманчивой загадкой Не долго мучился украдкой… И сами помогли оне, Шепнули сами слово мне, Оно известно было свету, И даже никому давно Уж не казалось и смешно. Так разгадав загадку эту, Сказал я: только-то, друзья, Куда как недогадлив я.
4	6	6	Страстей мятежные заботы Прошли, не возвратятся вновь! Души бесчувственной дремоты Не возмутит уже любовь. Пустая красота порока Блестит и нравится до срока. Пора проступки юных дней Загладить жизнию моей! Молва, играя, очернила Мои начальные лета. Ей подмогала клевета И дружбу только что смешила, Но, к счастью, суд молвы слепой Опровергается порой!..
4	7	7	Чем меньше женщину мы любим, Тем легче нравимся мы ей, И тем ее вернее губим Средь обольстительных сетей. Разврат, бывало, хладнокровный Наукой славился любовной, Сам о себе везде трубя И наслаждаясь не любя. Но эта важная забава Достойна старых обезьян Хваленых дедовских времян: Ловласов обветшала слава Со славой красных каблуков И величавых париков.
4	8	8	Кому не скучно лицемерить, Различно повторять одно, Стараться важно в том уверить, В чем все уверены давно, Всё те же слышать возраженья, Уничтожать предрассужденья, Которых не было и нет У девочки в тринадцать лет! Кого не утомят угрозы, Моленья, клятвы, мнимый страх, Записки на шести листах, Обманы, сплетни, кольца, слезы, Надзоры теток, матерей, И дружба тяжкая мужей!
4	9	9	Так точно думал мой Евгений. Он в первой юности своей Был жертвой бурных заблуждений И необузданных страстей. Привычкой жизни избалован, Одним на время очарован, Разочарованный другим, Желаньем медленно томим, Томим и ветреным успехом, Внимая в шуме и в тиши Роптанье вечное души, Зевоту подавляя смехом: Вот как убил он восемь лет, Утратя жизни лучший цвет.
4	10	10	В красавиц он уж не влюблялся, А волочился как-нибудь; Откажут — мигом утешался; Изменят — рад был отдохнуть. Он их искал без упоенья, А оставлял без сожаленья, Чуть помня их любовь и злость. Так точно равнодушный гость На вист вечерний приезжает, Садится; кончилась игра: Он уезжает со двора, Спокойно дома засыпает И сам не знает поутру, Куда поедет ввечеру.
4	11	11	Но, получив посланье Тани, Онегин живо тронут был: Язык девических мечтаний В нем думы роем возмутил; И вспомнил он Татьяны милой И бледный цвет и вид унылый; И в сладостный, безгрешный сон Душою погрузился он, Быть может, чувствий пыл старинный Им на минуту овладел; Но обмануть он не хотел Доверчивость души невинной. Теперь мы в сад перелетим, Где встретилась Татьяна с ним.
4	12	12	Минуты две они молчали, Но к ней Онегин подошел И молвил: «вы ко мне писали, Не отпирайтесь. Я прочел Души доверчивой признанья, Любви невинной излиянья; Мне ваша искренность мила; Она в волненье привела Давно умолкнувшие чувства; Но вас хвалить я не хочу; Я за нее вам отплачу Признаньем также без искусства; Примите исповедь мою: Себя на суд вам отдаю.
4	13	13	Когда бы жизнь домашним кругом Я ограничить захотел; Когда б мне быть отцом, супругом Приятный жребий повелел; Когда б семейственной картиной Пленился я хоть миг единый, — То верно б, кроме вас одной, Невесты не искал иной. Скажу без блесток мадригальных: Нашед мой прежний идеал, Я верно б вас одну избрал В подруги дней моих печальных, Всего прекрасного в залог, И был бы счастлив… сколько мог!
4	14	14	Но я не создан для блаженства; Ему чужда душа моя; Напрасны ваши совершенства: Их вовсе недостоин я. Поверьте (совесть в том порукой), Супружество нам будет мукой. Я, сколько ни любил бы вас, Привыкнув, разлюблю тотчас; Начнете плакать: ваши слезы Не тронут сердца моего, А будут лишь бесить его. Судите ж вы, какие розы Нам заготовит Гименей И, может быть, на много дней.
4	15	15	Что может быть на свете хуже Семьи, где бедная жена Грустит о недостойном муже И днем и вечером одна; Где скучный муж, ей цену зная (Судьбу, однако ж, проклиная), Всегда нахмурен, молчалив, Сердит и холодно-ревнив! Таков я. И того ль искали Вы чистой, пламенной душой, Когда с такою простотой, С таким умом ко мне писали? Ужели жребий вам такой Назначен строгою судьбой?
4	16	16	Мечтам и годам нет возврата; Не обновлю души моей… Я вас люблю любовью брата И, может быть, еще нежней. Послушайте ж меня без гнева: Сменит не раз младая дева Мечтами легкие мечты; Так деревцо свои листы Меняет с каждою весною. Так, видно, небом суждено. Полюбите вы снова: но… Учитесь властвовать собою; Не всякий вас, как я, поймет; К беде неопытность ведет».
4	17	17	Так проповедовал Евгений. Сквозь слез не видя ничего, Едва дыша, без возражений, Татьяна слушала его. Он подал руку ей. Печально (Как говорится, машинально) Татьяна, молча, оперлась, Головкой томною склонясь; Пошли домой вкруг огорода; Явились вместе, и никто Не вздумал им пенять на то: Имеет сельская свобода Свои счастливые права, Как и надменная Москва.
4	18	18	Вы согласитесь, мой читатель, Что очень мило поступил С печальной Таней наш приятель; Не в первый раз он тут явил Души прямое благородство, Хотя людей недоброхотство В нем не щадило ничего: Враги его, друзья его (Что, может быть, одно и то же) Его честили так и сяк. Врагов имеет в мире всяк, Но от друзей спаси нас, боже! Уж эти мне друзья, друзья! Об них недаром вспомнил я.
4	19	19	А что? Да так. Я усыпляю Пустые, черные мечты; Я только в скобках замечаю, Что нет презренной клеветы, На чердаке вралем рожденной И светской чернью ободренной, Что нет нелепицы такой, Ни эпиграммы площадной, Которой бы ваш друг с улыбкой, В кругу порядочных людей, Без всякой злобы и затей, Не повторил сто крат ошибкой; А впрочем, он за вас горой: Он вас так любит… как родной!
4	20	20	Гм! гм! Читатель благородный, Здорова ль ваша вся родня? Позвольте: может быть, угодно Теперь узнать вам от меня, Что значит именно родные. Родные люди вот какие: Мы их обязаны ласкать, Любить, душевно уважать И, по обычаю народа, О Рождестве их навещать, Или по почте поздравлять, Чтоб остальное время года Не думали о нас они… И так, дай бог им долги дни!
4	21	21	Зато любовь красавиц нежных Надежней дружбы и родства: Над нею и средь бурь мятежных Вы сохраняете права. Конечно так. Но вихорь моды, Но своенравие природы, Но мненья светского поток… А милый пол, как пух, легок. К тому ж и мнения супруга Для добродетельной жены Всегда почтенны быть должны; Так ваша верная подруга Бывает вмиг увлечена: Любовью шутит сатана.
4	22	22	Кого ж любить? Кому же верить? Кто не изменит нам один? Кто все дела, все речи мерит Услужливо на наш аршин? Кто клеветы про нас не сеет? Кто нас заботливо лелеет? Кому порок наш не беда? Кто не наскучит никогда? Призрака суетный искатель, Трудов напрасно не губя, Любите самого себя, Достопочтенный мой читатель! Предмет достойный: ничего Любезней верно нет его.
4	23	23	Что было следствием свиданья? Увы, не трудно угадать! Любви безумные страданья Не перестали волновать Младой души, печали жадной; Нет, пуще страстью безотрадной Татьяна бедная горит; Ее постели сон бежит; Здоровье, жизни цвет и сладость, Улыбка, девственный покой, Пропало все, что звук пустой, И меркнет милой Тани младость: Так одевает бури тень Едва рождающийся день.
4	24	24	Увы, Татьяна увядает, Бледнеет, гаснет и молчит! Ничто ее не занимает, Ее души не шевелит. Качая важно головою, Соседи шепчут меж собою: Пора, пора бы замуж ей!.. Но полно. Надо мне скорей Развеселить воображенье Картиной счастливой любви. Невольно, милые мои, Меня стесняет сожаленье; Простите мне: я так люблю Татьяну милую мою!
4	25	25	Час от часу плененный боле Красами Ольги молодой, Владимир сладостной неволе Предался полною душой. Он вечно с ней. В ее покое Они сидят в потемках двое; Они в саду, рука с рукой, Гуляют утренней порой; И что ж? Любовью упоенный, В смятенье нежного стыда, Он только смеет иногда, Улыбкой Ольги ободренный, Развитым локоном играть Иль край одежды целовать.
4	26	26	Он иногда читает Оле Нравоучительный роман, В котором автор знает боле Природу, чем Шатобриан, А между тем две, три страницы (Пустые бредни, небылицы, Опасные для сердца дев) Он пропускает, покраснев. Уединясь от всех далеко, Они над шахматной доской, На стол облокотясь, порой Сидят, задумавшись глубоко, И Ленской пешкою ладью Берет в рассеяньи свою.
4	27	27	Поедет ли домой; и дома Он занят Ольгою своей. Летучие листки альбома Прилежно украшает ей: То в них рисует сельски виды, Надгробный камень, храм Киприды, Или на лире голубка Пером и красками слегка; То на листках воспоминанья Пониже подписи других Он оставляет нежный стих, Безмолвный памятник мечтанья, Мгновенной думы долгий след, Все тот же после многих лет.
4	28	28	Конечно, вы не раз видали Уездной барышни альбом, Что все подружки измарали С конца, с начала и кругом. Сюда, назло правописанью, Стихи без меры, по преданью В знак дружбы верной внесены, Уменьшены, продолжены. На первом листике встречаешь Qu’écrirez-vous sur ces tablettes; И подпись: t. à v. Annette; А на последнем прочитаешь: «Кто любит более тебя, Пусть пишет далее меня».
4	29	29	Тут непременно вы найдете Два сердца, факел и цветки; Тут верно клятвы вы прочтете В любви до гробовой доски; Какой-нибудь пиит армейской Тут подмахнул стишок злодейской. В такой альбом, мои друзья, Признаться, рад писать и я, Уверен будучи душою, Что всякий мой усердный вздор Заслужит благосклонный взор, И что потом с улыбкой злою Не станут важно разбирать, Остро иль нет я мог соврать.
4	30	30	Но вы, разрозненные томы Из библиотеки чертей, Великолепные альбомы, Мученье модных рифмачей, Вы, украшенные проворно Толстого кистью чудотворной Иль Баратынского пером, Пускай сожжет вас божий гром! Когда блистательная дама Мне свой in-quarto подает, И дрожь и злость меня берет, И шевелится эпиграмма Во глубине моей души, А мадригалы им пиши!
4	31	31	Не мадригалы Ленской пишет В альбоме Ольги молодой; Его перо любовью дышет, Не хладно блещет остротой; Что ни заметит, ни услышит Об Ольге, он про то и пишет: И полны истины живой Текут элегии рекой. Так ты, Языков вдохновенный, В порывах сердца своего, Поёшь, бог ведает, кого, И свод элегий драгоценный Представит некогда тебе Всю повесть о твоей судьбе.
4	32	32	Но тише! Слышишь? Критик строгой Повелевает сбросить нам Элегии венок убогой, И нашей братье рифмачам Кричит: «да перестаньте плакать, И все одно и то же квакать, Жалеть о прежнем, о былом: Довольно, пойте о другом!» — Ты прав, и верно нам укажешь Трубу, личину и кинжал, И мыслей мертвый капитал Отвсюду воскресить прикажешь: Не так ли, друг? — Ничуть. Куда! «Пишите оды, господа,
4	33	33	Как их писали в мощны годы, Как было встарь заведено…» — Одни торжественные оды! И, полно, друг; не все ль равно? Припомни, что сказал сатирик! Чужого толка хитрый лирик Ужели для тебя сносней Унылых наших рифмачей? — «Но все в элегии ничтожно; Пустая цель ее жалка; Меж тем цель оды высока И благородна…» Тут бы можно Поспорить нам, но я молчу; Два века ссорить не хочу.
4	34	34	Поклонник славы и свободы, В волненьи бурных дум своих Владимир и писал бы оды, Да Ольга не читала их. Случалось ли поэтам слезным Читать в глаза своим любезным Свои творенья? Говорят, Что в мире выше нет наград. И впрямь, блажен любовник скромный, Читающий мечты свои Предмету песен и любви, Красавице приятно-томной! Блажен… хоть, может быть, она Совсем иным развлечена.
4	35	35	Но я плоды моих мечтаний И гармонических затей Читаю только старой няне, Подруге юности моей, Да после скучного обеда Ко мне забредшего соседа, Поймав нежданно за полу, Душу трагедией в углу, Или (но это кроме шуток), Тоской и рифмами томим, Бродя над озером моим, Пугаю стадо диких уток: Вняв пенью сладкозвучных строф, Они слетают с берегов. А что ж Онегин? Кстати, братья! Терпенья вашего прошу: Его вседневные занятья Я вам подробно опишу. Онегин жил анахоретом; В седьмом часу вставал он летом И отправлялся налегке К бегущей под горой реке; Певцу Гюльнары подражая, Сей Геллеспонт переплывал, Потом свой кофе выпивал, Плохой журнал перебирая, И одевался… Прогулки, чтенье, сон глубокий, Лесная тень, журчанье струй, Порой белянки черноокой Младой и свежий поцелуй, Узде послушный конь ретивый, Обед довольно прихотливый, Бутылка светлого вина, Уединенье, тишина: Вот жизнь Онегина святая; И нечувствительно он ей Предался, красных летних дней В беспечной неге не считая, Забыв и город, и друзей, И скуку праздничных затей.
4	40	40	Но наше северное лето, Карикатура южных зим, Мелькнет и нет: известно это, Хоть мы признаться не хотим. Уж небо осенью дышало, Уж реже солнышко блистало, Короче становился день, Лесов таинственная сень С печальным шумом обнажалась, Ложился на поля туман, Гусей крикливых караван Тянулся к югу: приближалась Довольно скучная пора; Стоял ноябрь уж у двора.
4	41	41	Встает заря во мгле холодной; На нивах шум работ умолк; С своей волчихою голодной Выходит на дорогу волк; Его почуя, конь дорожный Храпит — и путник осторожный Несется в гору во весь дух; На утренней заре пастух Не гонит уж коров из хлева, И в час полуденный в кружок Их не зовет его рожок; В избушке распевая, дева Прядет, и, зимних друг ночей, Трещит лучинка перед ней.
4	42	42	И вот уже трещат морозы И серебрятся средь полей… (Читатель ждет уж рифмы розы; На, вот возьми ее скорей!) Опрятней модного паркета Блистает речка, льдом одета. Мальчишек радостный народ Коньками звучно режет лед; На красных лапках гусь тяжелый, Задумав плыть по лону вод, Ступает бережно на лед, Скользит и падает; веселый Мелькает, вьется первый снег, Звездами падая на брег.
4	43	43	В глуши что делать в эту пору? Гулять? Деревня той порой Невольно докучает взору Однообразной наготой. Скакать верхом в степи суровой? Но конь, притупленной подковой Неверный зацепляя лед, Того и жди, что упадет. Сиди под кровлею пустынной, Читай: вот Прадт, вот W. Scott. Не хочешь? — поверяй расход, Сердись иль пей, и вечер длинный Кой-как пройдет, и завтра тож, И славно зиму проведешь.
4	44	44	Прямым Онегин Чильд Гарольдом Вдался в задумчивую лень: Со сна садится в ванну со льдом, И после, дома целый день, Один, в расчеты погруженный, Тупым кием вооруженный, Он на бильярде в два шара Играет с самого утра. Настанет вечер деревенский: Бильярд оставлен, кий забыт, Перед камином стол накрыт, Евгений ждет: вот едет Ленской На тройке чалых лошадей; Давай обедать поскорей!
4	45	45	Вдовы Клико или Моэта Благословенное вино В бутылке мерзлой для поэта На стол тотчас принесено. Оно сверкает Ипокреной; Оно своей игрой и пеной (Подобием того-сего) Меня пленяло: за него Последний бедный лепт, бывало, Давал я. Помните ль, друзья? Его волшебная струя Рождала глупостей не мало, А сколько шуток и стихов, И споров, и веселых снов!
4	46	46	Но изменяет пеной шумной Оно желудку моему, И я Бордо благоразумный Уж нынче предпочел ему. К Аи я больше не способен; Аи любовнице подобен Блестящей, ветреной, живой, И своенравной, и пустой… Но ты, Бордо, подобен другу, Который, в горе и в беде, Товарищ завсегда, везде, Готов нам оказать услугу Иль тихий разделить досуг. Да здравствует Бордо, наш друг!
4	47	47	Огонь потух; едва золою Подернут уголь золотой; Едва заметною струею Виется пар, и теплотой Камин чуть дышит. Дым из трубок В трубу уходит. Светлый кубок Еще шипит среди стола. Вечерняя находит мгла… (Люблю я дружеские враки И дружеский бокал вина Порою той, что названа Пора меж волка и собаки, А почему, не вижу я.) Теперь беседуют друзья:
4	48	48	«Ну, что соседки? Что Татьяна? Что Ольга резвая твоя?» — Налей еще мне полстакана… Довольно, милый… Вся семья Здорова; кланяться велели. Ах, милый, как похорошели У Ольги плечи, что за грудь! Что за душа!.. Когда-нибудь Заедем к ним; ты их обяжешь; А то, мой друг, суди ты сам: Два раза заглянул, а там Уж к ним и носу не покажешь. Да вот… какой же я болван! Ты к ним на той неделе зван. —
4	49	49	«Я?» — Да, Татьяны именины В субботу. Олинька и мать Велели звать, и нет причины Тебе на зов не приезжать. — «Но куча будет там народу И всякого такого сброду…» — И, никого, уверен я! Кто будет там? своя семья. Поедем, сделай одолженье! Ну, что ж? — «Согласен». — Как ты мил! — При сих словах он осушил Стакан, соседке приношенье, Потом разговорился вновь Про Ольгу: такова любовь!
4	50	50	Он весел был. Чрез две недели Назначен был счастливый срок. И тайна брачныя постели И сладостной любви венок Его восторгов ожидали. Гимена хлопоты, печали, Зевоты хладная чреда Ему не снились никогда. Меж тем как мы, враги Гимена, В домашней жизни зрим один Ряд утомительных картин, Роман во вкусе Лафонтена… Мой бедный Ленский, сердцем он  Для оной жизни был рожден.
4	51	51	Он был любим… по крайней мере Так думал он, и был счастлив. Стократ блажен, кто предан вере, Кто, хладный ум угомонив, Покоится в сердечной неге, Как пьяный путник на ночлеге, Или, нежней, как мотылек, В весенний впившийся цветок; Но жалок тот, кто всё предвидит, Чья не кружится голова, Кто все движенья, все слова В их переводе ненавидит, Чье сердце опыт остудил И забываться запретил! |
5	1	1	В тот год осенняя погода Стояла долго на дворе, Зимы ждала, ждала природа. Снег выпал только в январе На третье в ночь. Проснувшись рано, В окно увидела Татьяна Поутру побелевший двор, Куртины, кровли и забор, На стеклах легкие узоры, Деревья в зимнем серебре, Сорок веселых на дворе И мягко устланные горы Зимы блистательным ковром. Все ярко, все бело кругом.
5	2	2	Зима!.. Крестьянин, торжествуя, На дровнях обновляет путь; Его лошадка, снег почуя, Плетется рысью как-нибудь; Бразды пушистые взрывая, Летит кибитка удалая; Ямщик сидит на облучке В тулупе, в красном кушаке. Вот бегает дворовый мальчик, В салазки жучку посадив, Себя в коня преобразив; Шалун уж заморозил пальчик: Ему и больно и смешно, А мать грозит ему в окно…
5	3	3	Но, может быть, такого рода Картины вас не привлекут: Всё это низкая природа; Изящного не много тут. Согретый вдохновенья богом, Другой поэт роскошным слогом Живописал нам первый снег И все оттенки зимних нег; Он вас пленит, я в том уверен, Рисуя в пламенных стихах Прогулки тайные в санях; Но я бороться не намерен Ни с ним покамест, ни с тобой, Певец Финляндки молодой!
5	4	4	Татьяна (русская душою, Сама не зная, почему) С ее холодною красою Любила русскую зиму, На солнце иней в день морозный, И сани, и зарею поздной Сиянье розовых снегов, И мглу крещенских вечеров. По старине торжествовали В их доме эти вечера: Служанки со всего двора Про барышень своих гадали И им сулили каждый год Мужьев военных и поход.
5	5	5	Татьяна верила преданьям Простонародной старины, И снам, и карточным гаданьям, И предсказаниям луны. Ее тревожили приметы; Таинственно ей все предметы Провозглашали что-нибудь, Предчувствия теснили грудь. Жеманный кот, на печке сидя, Мурлыча, лапкой рыльце мыл: То несомненный знак ей был, Что едут гости. Вдруг увидя Младой двурогий лик луны На небе с левой стороны,
5	6	6	Она дрожала и бледнела. Когда ж падучая звезда По небу темному летела И рассыпалася, — тогда В смятенье Таня торопилась, Пока звезда еще катилась, Желанье сердца ей шепнуть. Когда случалось где-нибудь Ей встретить черного монаха Иль быстрый заяц меж полей Перебегал дорогу ей, Не зная, что начать со страха, Предчувствий горестных полна, Ждала несчастья уж она.
5	7	7	Что ж? Тайну прелесть находила И в самом ужасе она: Так нас природа сотворила, К противуречию склонна. Настали святки. То-то радость! Гадает ветреная младость, Которой ничего не жаль, Перед которой жизни даль Лежит светла, необозрима; Гадает старость сквозь очки У гробовой своей доски, Всё потеряв невозвратимо; И всё равно: надежда им Лжет детским лепетом своим.
5	8	8	Татьяна любопытным взором На воск потопленный глядит: Он чудно-вылитым узором Ей что-то чудное гласит; Из блюда, полного водою, Выходят кольца чередою; И вынулось колечко ей Под песенку старинных дней: «Там мужички-то всё богаты, Гребут лопатой серебро; Кому поем, тому добро И слава!» Но сулит утраты Сей песни жалостный напев; Милей кошурка сердцу дев.
5	9	9	Морозна ночь; всё небо ясно; Светил небесных дивный хор Течет так тихо, так согласно… Татьяна на широкий двор В открытом платьице выходит, На месяц зеркало наводит; Но в темном зеркале одна Дрожит печальная луна… Чу… снег хрустит… прохожий; дева К нему на цыпочках летит И голосок ее звучит Нежней свирельного напева: Как ваше имя? Смотрит он И отвечает: Агафон.
5	10	10	Татьяна, по совету няни Сбираясь ночью ворожить, Тихонько приказала в бане На два прибора стол накрыть; Но стало страшно вдруг Татьяне… И я — при мысли о Светлане Мне стало страшно — так и быть… С Татьяной нам не ворожить. Татьяна поясок шелковый Сняла, разделась и в постель Легла. Над нею вьется Лель, А под подушкою пуховой Девичье зеркало лежит. Утихло все. Татьяна спит.
5	11	11	И снится чудный сон Татьяне. Ей снится, будто бы она Идет по снеговой поляне, Печальной мглой окружена; В сугробах снежных перед нею Шумит, клубит волной своею Кипучий, темный и седой Поток, не скованный зимой; Две жордочки, склеены льдиной, Дрожащий, гибельный мосток, Положены через поток: И пред шумящею пучиной, Недоумения полна, Остановилася она.
5	12	12	Как на досадную разлуку, Татьяна ропщет на ручей; Не видит никого, кто руку С той стороны подал бы ей; Но вдруг сугроб зашевелился, И кто ж из-под него явился? Большой, взъерошенный медведь; Татьяна ах! а он реветь, И лапу с острыми когтями Ей протянул; она скрепясь Дрожащей ручкой оперлась И боязливыми шагами Перебралась через ручей; Пошла — и что ж? медведь за ней!
5	13	13	Она, взглянуть назад не смея, Поспешный ускоряет шаг; Но от косматого лакея Не может убежать никак; Кряхтя, валит медведь несносный; Пред ними лес; недвижны сосны В своей нахмуренной красе; Отягчены их ветви все Клоками снега; сквозь вершины Осин, берез и лип нагих Сияет луч светил ночных; Дороги нет; кусты, стремнины Метелью все занесены, Глубоко в снег погружены.
5	14	14	Татьяна в лес; медведь за нею; Снег рыхлый по колено ей; То длинный сук ее за шею Зацепит вдруг, то из ушей Златые серьги вырвет силой; То в хрупком снеге с ножки милой Увязнет мокрый башмачок; То выронит она платок; Поднять ей некогда; боится, Медведя слышит за собой, И даже трепетной рукой Одежды край поднять стыдится; Она бежит, он всё вослед: И сил уже бежать ей нет.
5	15	15	Упала в снег; медведь проворно Ее хватает и несет; Она бесчувственно-покорна, Не шевельнется, не дохнет; Он мчит ее лесной дорогой; Вдруг меж дерев шалаш убогой; Кругом всё глушь; отвсюду он Пустынным снегом занесен, И ярко светится окошко, И в шалаше и крик, и шум; Медведь промолвил: здесь мой кум: Погрейся у него немножко! И в сени прямо он идет, И на порог ее кладет.
5	16	16	Опомнилась, глядит Татьяна: Медведя нет; она в сенях; За дверью крик и звон стакана, Как на больших похоронах; Не видя тут ни капли толку, Глядит она тихонько в щелку, И что же видит?.. за столом Сидят чудовища кругом: Один в рогах с собачьей мордой, Другой с петушьей головой, Здесь ведьма с козьей бородой, Тут остов чопорный и гордый, Там карла с хвостиком, а вот Полу-журавль и полу-кот.
5	17	17	Еще страшней, еще чуднее: Вот рак верьхом на пауке, Вот череп на гусиной шее Вертится в красном колпаке, Вот мельница вприсядку пляшет И крыльями трещит и машет: Лай, хохот, пенье, свист и хлоп, Людская молвь и конский топ! Но что подумала Татьяна, Когда узнала меж гостей Того, кто мил и страшен ей, Героя нашего романа! Онегин за столом сидит И в дверь украдкою глядит.
5	18	18	Он знак подаст: и все хлопочут; Он пьет: все пьют и все кричат; Он засмеется: все хохочут; Нахмурит брови: все молчат; Он там хозяин, это ясно: И Тане уж не так ужасно, И любопытная теперь Немного растворила дверь… Вдруг ветер дунул, загашая Огонь светильников ночных; Смутилась шайка домовых; Онегин, взорами сверкая, Из-за стола гремя встает; Все встали; он к дверям идет.
5	19	19	И страшно ей; и торопливо Татьяна силится бежать: Нельзя никак; нетерпеливо Метаясь, хочет закричать: Не может; дверь толкнул Евгений: И взорам адских привидений Явилась дева; ярый смех Раздался дико; очи всех, Копыта, хоботы кривые, Хвосты хохлатые, клыки, Усы, кровавы языки, Рога и пальцы костяные, Всё указует на нее, И все кричат: мое! мое!
5	20	20	Мое! — сказал Евгений грозно, И шайка вся сокрылась вдруг; Осталася во тьме морозной. Младая дева с ним сам-друг; Онегин тихо увлекает Татьяну в угол и слагает Ее на шаткую скамью И клонит голову свою К ней на плечо; вдруг Ольга входит, За нею Ленской; свет блеснул; Онегин руку замахнул, И дико он очами бродит, И незваных гостей бранит; Татьяна чуть жива лежит.
5	21	21	Спор громче, громче; вдруг Евгений Хватает длинный нож, и вмиг Повержен Ленской; страшно тени Сгустились; нестерпимый крик Раздался… хижина шатнулась… И Таня в ужасе проснулась… Глядит, уж в комнате светло; В окне сквозь мерзлое стекло Зари багряный луч играет; Дверь отворилась. Ольга к ней, Авроры северной алей И легче ласточки, влетает; «Ну, — говорит, — скажи ж ты мне, Кого ты видела во сне?»
5	22	22	Но та, сестры не замечая, В постеле с книгою лежит, За листом лист перебирая, И ничего не говорит. Хоть не являла книга эта Ни сладких вымыслов поэта, Ни мудрых истин, ни картин; Но ни Виргилий, ни Расин, Ни Скотт, ни Байрон, ни Сенека, Ни даже Дамских Мод Журнал Так никого не занимал: То был, друзья, Мартын Задека, Глава халдейских мудрецов, Гадатель, толкователь снов.
5	23	23	Сие глубокое творенье Завез кочующий купец Однажды к ним в уединенье И для Татьяны наконец Его с разрозненной  Мальвиной Он уступил за три с полтиной, В придачу взяв еще за них Собранье басен площадных, Грамматику, две Петриады, Да Мармонтеля третий том. Мартин Задека стал потом Любимец Тани… Он отрады Во всех печалях ей дарит И безотлучно с нею спит.
5	24	24	Ее тревожит сновиденье. Не зная, как его понять, Мечтанья страшного значенье Татьяна хочет отыскать. Татьяна в оглавленье кратком Находит азбучным порядком Слова: бор, буря, ведьма, ель, Еж, мрак, мосток, медведь, мятель И прочая. Ее сомнений Мартын Задека не решит; Но сон зловещий ей сулит Печальных много приключений. Дней несколько она потом Все беспокоилась о том.
5	25	25	Но вот багряною рукою Заря от утренних долин Выводит с солнцем за собою Веселый праздник имянин.. С утра дом Лариных гостями Весь полон; целыми семьями Соседи съехались в возках, В кибитках, в бричках и в санях. В передней толкотня, тревога; В гостиной встреча новых лиц, Лай мосек, чмоканье девиц, Шум, хохот, давка у порога, Поклоны, шарканье гостей, Кормилиц крик и плач детей.
5	26	26	С своей супругою дородной Приехал толстый Пустяков; Гвоздин, хозяин превосходный, Владелец нищих мужиков; Скотинины, чета седая, С детьми всех возрастов, считая От тридцати до двух годов; Уездный франтик Петушков, Мой брат двоюродный, Буянов, В пуху, в картузе с козырьком (Как вам, конечно, он знаком), И отставной советник Флянов, Тяжелый сплетник, старый плут, Обжора, взяточник и шут.
5	27	27	С семьей Панфила Харликова Приехал и мосье Трике, Остряк, недавно из Тамбова, В очках и в рыжем парике. Как истинный француз, в кармане Трике привез куплет Татьяне На голос, знаемый детьми: Réveillez-vous, belle endormie. Меж ветхих песен альманаха Был напечатан сей куплет; Трике, догадливый поэт, Его на свет явил из праха, И смело вместо belle Nina Поставил belle Tatiana.
5	28	28	И вот из ближнего посада Созревших барышень кумир, Уездных матушек отрада, Приехал ротный командир; Вошел… Ах, новость, да какая! Музыка будет полковая! Полковник сам ее послал. Какая радость: будет бал! Девчонки прыгают заране; Но кушать подали. Четой Идут за стол рука с рукой. Теснятся барышни к Татьяне; Мужчины против; и, крестясь, Толпа жужжит, за стол садясь.
5	29	29	На миг умолкли разговоры; Уста жуют. Со всех сторон Гремят тарелки и приборы Да рюмок раздается звон. Но вскоре гости понемногу Подъемлют общую тревогу. Никто не слушает, кричат, Смеются, спорят и пищат. Вдруг двери настежь. Ленской входит, И с ним Онегин. «Ах, творец! — Кричит хозяйка: — Наконец!» Теснятся гости, всяк отводит Приборы, стулья поскорей; Зовут, сажают двух друзей.
5	30	30	Сажают прямо против Тани, И, утренней луны бледней И трепетней гонимой лани, Она темнеющих очей Не подымает: пышет бурно В ней страстный жар; ей душно, дурно; Она приветствий двух друзей Не слышит, слезы из очей Хотят уж капать; уж готова Бедняжка в обморок упасть; Но воля и рассудка власть Превозмогли. Она два слова Сквозь зубы молвила тишком И усидела за столом.
5	31	31	Траги-нервических явлений, Девичьих обмороков, слез Давно терпеть не мог Евгений: Довольно их он перенес. Чудак, попав на пир огромный, Уж был сердит. Но, девы томной Заметя трепетный порыв, С досады взоры опустив, Надулся он и, негодуя, Поклялся Ленского взбесить И уж порядком отомстить. Теперь, заране торжествуя, Он стал чертить в душе своей Каррикатуры всех гостей.
5	32	32	Конечно, не один Евгений Смятенье Тани видеть мог; Но целью взоров и суждений В то время жирный был пирог (К несчастию, пересоленный) Да вот в бутылке засмоленной, Между жарким и блан-манже, Цимлянское несут уже; За ним строй рюмок узких, длинных, Подобно талии твоей, Зизи, кристалл души моей, Предмет стихов моих невинных, Любви приманчивый фиял, Ты, от кого я пьян бывал!
5	33	33	Освободясь от пробки влажной, Бутылка хлопнула; вино Шипит; и вот с осанкой важной, Куплетом мучимый давно, Трике встает; пред ним собранье Хранит глубокое молчанье. Татьяна чуть жива; Трике, К ней обратясь с листком в руке, Запел, фальшивя. Плески, клики Его приветствуют. Она Певцу присесть принуждена; Поэт же скромный, хоть великий, Ее здоровье первый пьет И ей куплет передает.
5	34	34	Пошли приветы, поздравленья; Татьяна всех благодарит. Когда же дело до Евгенья Дошло, то девы томный вид, Ее смущение, усталость В его душе родили жалость: Он молча поклонился ей, Но как-то взор его очей Был чудно нежен. Оттого ли, Что он и вправду тронут был, Иль он, кокетствуя, шалил, Невольно ль иль из доброй воли, Но взор сей нежность изъявил: Он сердце Тани оживил.
5	35	35	Гремят отдвинутые стулья; Толпа в гостиную валит: Так пчел из лакомого улья На ниву шумный рой летит. Довольный праздничным обедом Сосед сопит перед соседом; Подсели дамы к камельку; Девицы шепчут в уголку; Столы зеленые раскрыты: Зовут задорных игроков Бостон и ломбер стариков, И вист, доныне знаменитый, Однообразная семья, Все жадной скуки сыновья.
5	36	36	Уж восемь робертов сыграли Герои виста; восемь раз Они места переменяли; И чай несут. Люблю я час Определять обедом, чаем И ужином. Мы время знаем В деревне без больших сует: Желудок — верный наш брегет; И к стате я замечу в скобках, Что речь веду в моих строфах Я столь же часто о пирах, О разных кушаньях и пробках, Как ты, божественный Омир, Ты, тридцати веков кумир! Но чай несут: девицы чинно Едва за блюдечки взялись, Вдруг из-за двери в зале длинной Фагот и флейта раздались. Обрадован музыки громом, Оставя чашку чаю с ромом, Парис окружных городков, Подходит к Ольге Петушков, К Татьяне Ленский; Харликову, Невесту переспелых лет, Берет тамбовский мой поэт, Умчал Буянов Пустякову, И в залу высыпали все, И бал блестит во всей красе.
5	40	40	В начале моего романа (Смотрите первую тетрадь) Хотелось вроде мне Альбана Бал петербургский описать; Но, развлечен пустым мечтаньем, Я занялся воспоминаньем О ножках мне знакомых дам. По вашим узеньким следам, О ножки, полно заблуждаться! С изменой юности моей Пора мне сделаться умней, В делах и в слоге поправляться, И эту пятую тетрадь От отступлений очищать.
5	41	41	Однообразный и безумный, Как вихорь жизни молодой, Кружится вальса вихорь шумный; Чета мелькает за четой. К минуте мщенья приближаясь, Онегин, втайне усмехаясь, Подходит к Ольге. Быстро с ней Вертится около гостей, Потом на стул ее сажает, Заводит речь о том, о сем; Спустя минуты две потом Вновь с нею вальс он продолжает; Все в изумленье. Ленский сам Не верит собственным глазам.
5	42	42	Мазурка раздалась. Бывало, Когда гремел мазурки гром, В огромной зале всё дрожало, Паркет трещал под каблуком, Тряслися, дребезжали рамы; Теперь не то: и мы, как дамы, Скользим по лаковым доскам. Но в городах, по деревням Еще мазурка сохранила Первоначальные красы: Припрыжки, каблуки, усы Всё те же: их не изменила Лихая мода, наш тиран, Недуг новейших россиян. Буянов, братец мой задорный, К герою нашему подвел Татьяну с Ольгою; проворно Онегин с Ольгою пошел; Ведет ее, скользя небрежно, И наклонясь ей шепчет нежно Какой-то пошлый мадригал, И руку жмет — и запылал В ее лице самолюбивом Румянец ярче. Ленский мой Всё видел: вспыхнул, сам не свой; В негодовании ревнивом Поэт конца мазурки ждет И в котильон ее зовет.
5	45	45	Но ей нельзя. Нельзя? Но что же? Да Ольга слово уж дала Онегину. О боже, боже! Что слышит он? Она могла… Возможно ль? Чуть лишь из пеленок, Кокетка, ветреный ребенок! Уж хитрость ведает она, Уж изменять научена! Не в силах Ленский снесть удара; Проказы женские кляня, Выходит, требует коня И скачет. Пистолетов пара, Две пули — больше ничего — Вдруг разрешат судьбу его. |
6	1	1	Заметив, что Владимир скрылся, Онегин, скукой вновь гоним, Близ Ольги в думу погрузился, Довольный мщением своим. За ним и Оленька зевала, Глазами Ленского искала, И бесконечный котильон Ее томил, как тяжкий сон. Но кончен он. Идут за ужин. Постели стелют; для гостей Ночлег отводят от сеней До самой девичьи. Всем нужен Покойный сон. Онегин мой Один уехал спать домой.
6	2	2	Всё успокоилось: в гостиной Храпит тяжелый Пустяков С своей тяжелой половиной. Гвоздин, Буянов, Петушков И Флянов, не совсем здоровый, На стульях улеглись в столовой, А на полу мосье Трике, В фуфайке, в старом колпаке. Девицы в комнатах Татьяны И Ольги все объяты сном. Одна, печальна под окном Озарена лучом Дианы, Татьяна бедная не спит И в поле темное глядит.
6	3	3	Его нежданным появленьем, Мгновенной нежностью очей И странным с Ольгой поведеньем До глубины души своей Она проникнута; не может Никак понять его; тревожит Ее ревнивая тоска, Как будто хладная рука Ей сердце жмет, как будто бездна Под ней чернеет и шумит… «Погибну», Таня говорит, «Но гибель от него любезна. Я не ропщу: зачем роптать? Не может он мне счастья дать».
6	4	4	Вперед, вперед, моя исторья! Лицо нас новое зовет. В пяти верстах от Красногорья, Деревни Ленского, живет И здравствует еще доныне В философической пустыне Зарецкий, некогда буян, Картежной шайки атаман, Глава повес, трибун трактирный, Теперь же добрый и простой Отец семейства холостой, Надежный друг, помещик мирный И даже честный человек: Так исправляется наш век!
6	5	5	Бывало, льстивый голос света В нем злую храбрость выхвалял: Он, правда, в туз из пистолета В пяти саженях попадал, И то сказать, что и в сраженье Раз в настоящем упоенье Он отличился, смело в грязь С коня калмыцкого свалясь, Как зюзя пьяный, и французам Достался в плен: драгой залог! Новейший Регул, чести бог, Готовый вновь предаться узам, Чтоб каждым утром у Вери В долг осушать бутылки три.
6	6	6	Бывало, он трунил забавно, Умел морочить дурака И умного дурачить славно, Иль явно, иль исподтишка, Хоть и ему иные штуки Не проходили без науки, Хоть иногда и сам впросак Он попадался, как простак. Умел он весело поспорить, Остро и тупо отвечать, Порой расчетливо смолчать, Порой расчетливо повздорить, Друзей поссорить молодых И на барьер поставить их,
6	7	7	Иль помириться их заставить, Дабы позавтракать втроем, И после тайно обесславить Веселой шуткою, враньем.  Удалость (Как сон любви, другая шалость) Проходит с юностью живой. Как я сказал, Зарецкий мой, Под сень черемух и акаций От бурь укрывшись наконец, Живет, как истинный мудрец, Капусту садит, как Гораций, Разводит уток и гусей И учит азбуке детей.
6	8	8	Он был не глуп; и мой Евгений, Не уважая сердца в нем, Любил и дух его суждений, И здравый толк о том, о сем. Он с удовольствием, бывало, Видался с ним, и так нимало Поутру не был удивлен, Когда его увидел он. Тот после первого привета, Прервав начатый разговор, Онегину, осклабя взор, Вручил записку от поэта. К окну Онегин подошел И про себя ее прочел.
6	9	9	То был приятный, благородный, Короткий вызов, иль картель: Учтиво, с ясностью холодной Звал друга Ленский на дуэль. Онегин с первого движенья, К послу такого порученья Оборотясь, без лишних слов Сказал, что он всегда готов. Зарецкий встал без объяснений; Остаться доле не хотел, Имея дома много дел, И тотчас вышел; но Евгений Наедине с своей душой Был недоволен сам собой.
6	10	10	И поделом: в разборе строгом, На тайный суд себя призвав, Он обвинял себя во многом: Во-первых, он уж был неправ, Что над любовью робкой, нежной Так подшутил вечор небрежно. А во-вторых: пускай поэт Дурачится; в осьмнадцать лет Оно простительно. Евгений, Всем сердцем юношу любя, Был должен оказать себя Не мячиком предрассуждений, Не пылким мальчиком, бойцом, Но мужем с честью и с умом.
6	11	11	Он мог бы чувства обнаружить, А не щетиниться, как зверь; Он должен был обезоружить Младое сердце. «Но теперь Уж поздно; время улетело… К тому ж — он мыслит — в это дело Вмешался старый дуэлист; Он зол, он сплетник, он речист… Конечно, быть должно презренье Ценой его забавных слов, Но шепот, хохотня глупцов…» И вот общественное мненье! Пружина чести, наш кумир! И вот на чем вертится мир!
6	12	12	Кипя враждой нетерпеливой, Ответа дома ждет поэт; И вот сосед велеречивый Привез торжественно ответ. Теперь ревнивцу то-то праздник! Он всё боялся, чтоб проказник Не отшутился как-нибудь, Уловку выдумав и грудь Отворотив от пистолета. Теперь сомненья решены: Они на мельницу должны Приехать завтра до рассвета, Взвести друг на́ друга курок И метить в ляжку иль в висок.
6	13	13	Решась кокетку ненавидеть, Кипящий Ленский не хотел Пред поединком Ольгу видеть, На солнце, на часы смотрел, Махнул рукою напоследок — И очутился у соседок. Он думал Оленьку смутить, Своим приездом поразить; Не тут-то было: как и прежде, На встречу бедного певца Прыгнула Оленька с крыльца, Подобна ветреной надежде, Резва, беспечна, весела, Ну точно та же, как была.
6	14	14	«Зачем вечор так рано скрылись?» Был первый Оленькин вопрос. Все чувства в Ленском помутились, И молча он повесил нос. Исчезла ревность и досада Пред этой ясностию взгляда, Пред этой нежной простотой, Пред этой резвою душой!.. Он смотрит в сладком умиленье; Он видит: он еще любим; Уж он, раскаяньем томим, Готов просить у ней прощенье, Трепещет, не находит слов, Он счастлив, он почти здоров… И вновь задумчивый, унылый Пред милой Ольгою своей, Владимир не имеет силы Вчерашний день напомнить ей; Он мыслит: «Буду ей спаситель. Не потерплю, чтоб развратитель Огнем и вздохов и похвал Младое сердце искушал; Чтоб червь презренный, ядовитый Точил лилеи стебелек; Чтобы двухутренний цветок Увял еще полураскрытый». Всё это значило, друзья: С приятелем стреляюсь я.
6	18	18	Когда б он знал, какая рана Моей Татьяны сердце жгла! Когда бы ведала Татьяна, Когда бы знать она могла, Что завтра Ленский и Евгений Заспорят о могильной сени; Ах, может быть, ее любовь Друзей соединила б вновь! Но этой страсти и случайно Еще никто не открывал. Онегин обо всем молчал; Татьяна изнывала тайно; Одна бы няня знать могла, Да недогадлива была.
6	19	19	Весь вечер Ленский был рассеян, То молчалив, то весел вновь; Но тот, кто музою взлелеян, Всегда таков: нахмуря бровь, Садился он за клавикорды И брал на них одни аккорды, То, к Ольге взоры устремив, Шептал: не правда ль? я счастлив. Но поздно; время ехать. Сжалось В нем сердце, полное тоской; Прощаясь с девой молодой, Оно как будто разрывалось. Она глядит ему в лицо. «Что с вами?» — Так.— И на крыльцо.
6	20	20	Домой приехав, пистолеты Он осмотрел, потом вложил Опять их в ящик и, раздетый, При свечке, Шиллера открыл; Но мысль одна его объемлет; В нем сердце грустное не дремлет: С неизъяснимою красой Он видит Ольгу пред собой. Владимир книгу закрывает, Берет перо; его стихи, Полны любовной чепухи, Звучат и льются. Их читает Он вслух, в лирическом жару, Как Дельвиг пьяный на пиру.
6	21	21	Стихи на случай сохранились, Я их имею; вот они: «Куда, куда вы удалились, Весны моей златые дни? Что день грядущий мне готовит? Его мой взор напрасно ловит, В глубокой мгле таится он. Нет нужды; прав судьбы закон. Паду ли я, стрелой пронзенный, Иль мимо пролетит она, Всё благо: бдения и сна Приходит час определенный; Благословен и день забот, Благословен и тьмы приход!
6	22	22	«Блеснет заутра луч денницы И заиграет яркий день; А я, быть может, я гробницы Сойду в таинственную сень, И память юного поэта Поглотит медленная Лета, Забудет мир меня; но ты Придешь ли, дева красоты, Слезу пролить над ранней урной И думать: он меня любил, Он мне единой посвятил Рассвет печальный жизни бурной!.. Сердечный друг, желанный друг, Приди, приди: я твой супруг!..»
6	23	23	Так он писал темно и вяло (Что романтизмом мы зовем, Хоть романтизма тут нимало Не вижу я; да что нам в том?) И наконец перед зарею, Склонясь усталой головою, На модном слове идеал Тихонько Ленский задремал; Но только сонным обаяньем Он позабылся, уж сосед В безмолвный входит кабинет И будит Ленского воззваньем: «Пора вставать: седьмой уж час. Онегин, верно, ждет уж нас».
6	24	24	Но ошибался он: Евгений Спал в это время мертвым сном. Уже редеют ночи тени И встречен Веспер петухом; Онегин спит себе глубоко. Уж солнце катится высоко, И перелетная метель Блестит и вьется; но постель Еще Евгений не покинул, Еще над ним летает сон. Вот наконец проснулся он И полы завеса раздвинул; Глядит — и видит, что пора Давно уж ехать со двора.
6	25	25	Он поскорей звонит. Вбегает К нему слуга француз Гильо, Халат и туфли предлагает И подает ему белье. Спешит Онегин одеваться, Слуге велит приготовляться С ним вместе ехать и с собой Взять также ящик боевой. Готовы санки беговые. Он сел, на мельницу летит. Примчались. Он слуге велит Лепажа стволы роковые Нести за ним, а лошадям Отъехать в поле к двум дубкам.
6	26	26	Опершись на плотину, Ленский Давно нетерпеливо ждал; Меж тем, механик деревенский, Зарецкий жернов осуждал. Идет Онегин с извиненьем. «Но где же,— молвил с изумленьем Зарецкий,— где ваш секундант?» В дуэлях классик и педант, Любил методу он из чувства, И человека растянуть Он позволял — не как-нибудь, Но в строгих правилах искусства, По всем преданьям старины (Что похвалить мы в нем должны).
6	27	27	«Мой секундант? — сказал Евгений,— Вот он: мой друг,  Я не предвижу возражений На представление мое: Хоть человек он неизвестный, Но уж конечно малый честный». Зарецкий губу закусил. Онегин Ленского спросил: «Что ж, начинать?» — Начнем, пожалуй, Сказал Владимир. И пошли За мельницу. Пока вдали Зарецкий наш и честный малый Вступили в важный договор, Враги стоят, потупя взор.
6	28	28	Враги! Давно ли друг от друга Их жажда крови отвела? Давно ль они часы досуга, Трапезу, мысли и дела Делили дружно? Ныне злобно, Врагам наследственным подобно, Как в страшном, непонятном сне, Они друг другу в тишине Готовят гибель хладнокровно… Не засмеяться ль им, пока Не обагрилась их рука, Не разойтиться ль полюбовно?.. Но дико светская вражда Боится ложного стыда.
6	29	29	Вот пистолеты уж блеснули, Гремит о шомпол молоток. В граненый ствол уходят пули, И щелкнул в первый раз курок. Вот порох струйкой сероватой На полку сыплется. Зубчатый, Надежно ввинченный кремень Взведен еще. За ближний пень Становится Гильо смущенный. Плащи бросают два врага. Зарецкий тридцать два шага Отмерил с точностью отменной, Друзей развел по крайний след, И каждый взял свой пистолет.
6	30	30	«Теперь сходитесь». Еще не целя, два врага Походкой твердой, тихо, ровно Четыре перешли шага, Четыре смертные ступени. Свой пистолет тогда Евгений, Не преставая наступать, Стал первый тихо подымать. Вот пять шагов еще ступили, И Ленский, жмуря левый глаз, Стал также целить — но как раз Онегин выстрелил… Пробили Часы урочные: поэт Роняет молча пистолет,
6	31	31	На грудь кладет тихонько руку И падает. Туманный взор Изображает смерть, не муку. Так медленно по скату гор, На солнце искрами блистая, Спадает глыба снеговая. Мгновенным холодом облит, Онегин к юноше спешит, Глядит, зовет его… напрасно: Его уж нет. Младой певец Нашел безвременный конец! Дохнула буря, цвет прекрасный Увял на утренней заре, Потух огонь на алтаре!..
6	32	32	Недвижим он лежал, и странен Был томный мир его чела. Под грудь он был навылет ранен; Дымясь, из раны кровь текла. Тому назад одно мгновенье В сем сердце билось вдохновенье, Вражда, надежда и любовь, Играла жизнь, кипела кровь: Теперь, как в доме опустелом, Всё в нем и тихо и темно; Замолкло навсегда оно. Закрыты ставни, окна мелом Забелены. Хозяйки нет. А где, бог весть. Пропал и след.
6	33	33	Приятно дерзкой эпиграммой Взбесить оплошного врага; Приятно зреть, как он, упрямо Склонив бодливые рога, Невольно в зеркало глядится И узнавать себя стыдится; Приятней, если он, друзья, Завоет сдуру: это я! Еще приятнее в молчанье Ему готовить честный гроб И тихо целить в бледный лоб На благородном расстоянье; Но отослать его к отцам Едва ль приятно будет вам.
6	34	34	Что ж, если вашим пистолетом Сражен приятель молодой, Нескромным взглядом, иль ответом, Или безделицей иной Вас оскорбивший за бутылкой, Иль даже сам в досаде пылкой Вас гордо вызвавший на бой, Скажите: вашею душой Какое чувство овладеет, Когда недвижим, на земле Пред вами с смертью на челе, Он постепенно костенеет, Когда он глух и молчалив На ваш отчаянный призыв?
6	35	35	В тоске сердечных угрызений, Рукою стиснув пистолет, Глядит на Ленского Евгений. «Ну, что ж? убит»,— решил сосед. Убит!.. Сим страшным восклицаньем Сражен, Онегин с содроганьем Отходит и людей зовет. Зарецкий бережно кладет На сани труп оледенелый; Домой везет он страшный клад. Почуя мертвого, храпят И бьются кони, пеной белой Стальные мочат удила, И полетели как стрела.
6	36	36	Друзья мои, вам жаль поэта: Во цвете радостных надежд, Их не свершив еще для света, Чуть из младенческих одежд, Увял! Где жаркое волненье, Где благородное стремленье И чувств и мыслей молодых, Высоких, нежных, удалых? Где бурные любви желанья, И жажда знаний и труда, И страх порока и стыда, И вы, заветные мечтанья, Вы, призрак жизни неземной, Вы, сны поэзии святой!
6	37	37	Быть может, он для блага мира Иль хоть для славы был рожден; Его умолкнувшая лира Гремучий, непрерывный звон В веках поднять могла. Поэта, Быть может, на ступенях света Ждала высокая ступень. Его страдальческая тень, Быть может, унесла с собою Святую тайну, и для нас Погиб животворящий глас, И за могильною чертою К ней не домчится гимн времен, Благословение племен. А может быть и то: поэта Обыкновенный ждал удел. Прошли бы юношества лета: В нем пыл души бы охладел. Во многом он бы изменился, Расстался б с музами, женился, В деревне счастлив и рогат Носил бы стеганый халат; Узнал бы жизнь на самом деле, Подагру б в сорок лет имел, Пил, ел, скучал, толстел, хирел, И наконец в своей постеле Скончался б посреди детей, Плаксивых баб и лекарей.
6	40	40	Но что бы ни было, читатель, Увы, любовник молодой, Поэт, задумчивый мечтатель, Убит приятельской рукой! Есть место: влево от селенья, Где жил питомец вдохновенья, Две сосны корнями срослись; Под ними струйки извились Ручья соседственной долины. Там пахарь любит отдыхать, И жницы в волны погружать Приходят звонкие кувшины; Там у ручья в тени густой Поставлен памятник простой.
6	41	41	Под ним (как начинает капать Весенний дождь на злак полей) Пастух, плетя свой пестрый лапоть, Поет про волжских рыбарей; И горожанка молодая, В деревне лето провождая, Когда стремглав верхом она Несется по полям одна, Коня пред ним остановляет, Ремянный повод натянув, И, флер от шляпы отвернув, Глазами беглыми читает Простую надпись — и слеза Туманит нежные глаза.
6	42	42	И шагом едет в чистом поле, В мечтанья погрузясь, она; Душа в ней долго поневоле Судьбою Ленского полна; И мыслит: «Что-то с Ольгой стало? В ней сердце долго ли страдало, Иль скоро слез прошла пора? И где теперь ее сестра? И где ж беглец людей и света, Красавиц модных модный враг, Где этот пасмурный чудак, Убийца юного поэта?» Со временем отчет я вам Подробно обо всем отдам,
6	43	43	Но не теперь. Хоть я сердечно Люблю героя моего, Хоть возвращусь к нему, конечно, Но мне теперь не до него. Лета к суровой прозе клонят, Лета шалунью рифму гонят, И я — со вздохом признаюсь — За ней ленивей волочусь. Перу старинной нет охоты Марать летучие листы; Другие, хладные мечты, Другие, строгие заботы И в шуме света и в тиши Тревожат сон моей души.
6	44	44	Познал я глас иных желаний, Познал я новую печаль; Для первых нет мне упований, А старой мне печали жаль. Мечты, мечты! где ваша сладость? Где, вечная к ней рифма, младость? Ужель и вправду наконец Увял, увял ее венец? Ужель и впрямь и в самом деле Без элегических затей Весна моих промчалась дней (Что я шутя твердил доселе)? И ей ужель возврата нет? Ужель мне скоро тридцать лет?
6	45	45	Так, полдень мой настал, и нужно Мне в том сознаться, вижу я. Но так и быть: простимся дружно, О юность легкая моя! Благодарю за наслажденья, За грусть, за милые мученья, За шум, за бури, за пиры, За все, за все твои дары; Благодарю тебя. Тобою, Среди тревог и в тишине, Я насладился… и вполне; Довольно! С ясною душою Пускаюсь ныне в новый путь От жизни прошлой отдохнуть.
6	46	46	Дай оглянусь. Простите ж, сени, Где дни мои текли в глуши, Исполнены страстей и лени И снов задумчивой души. А ты, младое вдохновенье, Волнуй мое воображенье, Дремоту сердца оживляй, В мой угол чаще прилетай, Не дай остыть душе поэта, Ожесточиться, очерстветь И наконец окаменеть В мертвящем упоенье света, В сем омуте, где с вами я Купаюсь, милые друзья! |
7	1	1	Гонимы вешними лучами,  С окрестных гор уже снега  Сбежали мутными ручьями  На потопленные луга.  Улыбкой ясною природа  Сквозь сон встречает утро года;  Синея блещут небеса.  Еще прозрачные, леса  Как будто пухом зеленеют.  Пчела за данью полевой  Летит из кельи восковой.  Долины сохнут и пестреют;  Стада шумят, и соловей  Уж пел в безмолвии ночей.
7	2	2	Как грустно мне твое явленье,  Весна, весна! пора любви!  Какое томное волненье  В моей душе, в моей крови!  С каким тяжелым умиленьем  Я наслаждаюсь дуновеньем  В лицо мне веющей весны  На лоне сельской тишины!  Или мне чуждо наслажденье,  И всё, что радует, живит,  Всё, что ликует и блестит,  Наводит скуку и томленье  На душу мертвую давно,  И всё ей кажется темно?
7	3	3	Или, не радуясь возврату  Погибших осенью листов,  Мы помним горькую утрату,  Внимая новый шум лесов;  Или с природой оживленной  Сближаем думою смущенной  Мы увяданье наших лет,  Которым возрожденья нет?  Быть может, в мысли к нам приходит  Средь поэтического сна  Иная, старая весна  И в трепет сердце нам приводит  Мечтой о дальней стороне,  О чудной ночи, о луне…
7	4	4	Вот время: добрые ленивцы,  Эпикурейцы-мудрецы,  Вы, равнодушные счастливцы,  Вы, школы Лёвшина птенцы,  Вы, деревенские Приамы,  И вы, чувствительные дамы,  Весна в деревню вас зовет,  Пора тепла, цветов, работ,  Пора гуляний вдохновенных  И соблазнительных ночей.  В поля, друзья! скорей, скорей,  В каретах, тяжко нагруженных,  На долгих иль на почтовых  Тянитесь из застав градских.
7	5	5	И вы, читатель благосклонный,  В своей коляске выписной  Оставьте град неугомонный,  Где веселились вы зимой;  С моею музой своенравной  Пойдемте слушать шум дубравный  Над безыменною рекой  В деревне, где Евгений мой,  Отшельник праздный и унылый,  Еще недавно жил зимой  В соседстве Тани молодой,  Моей мечтательницы милой;  Но где его теперь уж нет…  Где грустный он оставил след.
7	6	6	Меж гор, лежащих полукругом,  Пойдем туда, где ручеек  Виясь бежит зеленым лугом  К реке сквозь липовый лесок.  Там соловей, весны любовник,  Всю ночь поет; цветет шиповник,  И слышен говор ключевой, —  Там виден камень гробовой  В тени двух сосен устарелых.  Пришельцу надпись говорит:  «Владимир Ленской здесь лежит,  Погибший рано смертью смелых,  В такой-то год, таких-то лет.  Покойся, юноша-поэт!»
7	7	7	На ветви сосны преклоненной,  Бывало, ранний ветерок  Над этой урною смиренной  Качал таинственный венок.  Бывало, в поздние досуги  Сюда ходили две подруги.  И на могиле при луне,  Обнявшись, плакали оне.  Но ныне… памятник унылый  Забыт. К нему привычный след  Заглох. Венка на ветви нет;  Один, под ним, седой и хилый  Пастух по-прежнему поет  И обувь бедную плетет.  Мой бедный Ленской! изнывая,  Не долго плакала она.  Увы! невеста молодая  Своей печали неверна.  Другой увлек ее вниманье,  Другой успел ее страданье  Любовной лестью усыпить,  Улан умел ее пленить,  Улан любим ее душою…  И вот уж с ним пред алтарем  Она стыдливо под венцом  Стоит с поникшей головою,  С огнем в потупленных очах,  С улыбкой легкой на устах.
7	11	11	Мой бедный Ленской! за могилой  В пределах вечности глухой  Смутился ли, певец унылый,  Измены вестью роковой,  Или над Летой усыпленный  Поэт, бесчувствием блаженный,  Уж не смущается ничем,  И мир ему закрыт и нем?..  Так! равнодушное забвенье  За гробом ожидает нас.  Врагов, друзей, любовниц глас  Вдруг молкнет. Про одно именье  Наследников сердитый хор  Заводит непристойный спор.
7	12	12	И скоро звонкий голос Оли  В семействе Лариных умолк.  Улан, своей невольник доли,  Был должен с нею ехать в полк.  Слезами горько обливаясь,  Старушка, с дочерью прощаясь,  Казалось, чуть жива была,  Но Таня плакать не могла;  Лишь смертной бледностью покрылось  Ее печальное лицо.  Когда все вышли на крыльцо,  И всё, прощаясь, суетилось  Вокруг кареты молодых,  Татьяна проводила их.
7	13	13	И долго, будто сквозь тумана,  Она глядела им вослед…  И вот одна, одна Татьяна!  Увы! подруга стольких лет,  Ее голубка молодая,  Ее наперсница родная,  Судьбою вдаль занесена,  С ней навсегда разлучена.  Как тень она без цели бродит,  То смотрит в опустелый сад…  Нигде, ни в чем ей нет отрад,  И облегченья не находит  Она подавленным слезам —  И сердце рвется пополам.
7	14	14	И в одиночестве жестоком  Сильнее страсть ее горит,  И об Онегине далеком  Ей сердце громче говорит.  Она его не будет видеть;  Она должна в нем ненавидеть  Убийцу брата своего;  Поэт погиб… но уж его  Никто не помнит, уж другому  Его невеста отдалась.  Поэта память пронеслась  Как дым по небу голубому,  О нем два сердца, может быть,  Еще грустят… На что грустить?
7	15	15	Был вечер. Небо меркло. Воды  Струились тихо. Жук жужжал.  Уж расходились хороводы;  Уж за рекой, дымясь, пылал  Огонь рыбачий. В поле чистом,  Луны при свете серебристом  В свои мечты погружена,  Татьяна долго шла одна.  Шла, шла. И вдруг перед собою  С холма господский видит дом,  Селенье, рощу под холмом  И сад над светлою рекою.  Она глядит — и сердце в ней  Забилось чаще и сильней.
7	16	16	Ее сомнения смущают:  «Пойду ль вперед, пойду ль назад?..  Его здесь нет. Меня не знают…  Взгляну на дом, на этот сад».  И вот с холма Татьяна сходит,  Едва дыша; кругом обводит  Недоуменья полный взор…  И входит на пустынный двор.  К ней, лая, кинулись собаки.  На крик испуганный ея  Ребят дворовая семья  Сбежалась шумно. Не без драки  Мальчишки разогнали псов,  Взяв барышню под свой покров.
7	17	17	«Увидеть барский дом нельзя ли?» —  Спросила Таня. Поскорей  К Анисье дети побежали  У ней ключи взять от сеней;  Анисья тотчас к ней явилась,  И дверь пред ними отворилась,  И Таня входит в дом пустой,  Где жил недавно наш герой.  Она глядит: забытый в зале  Кий на бильярде отдыхал,  На смятом канапе лежал  Манежный хлыстик. Таня дале;  Старушка ей: «а вот камин;  Здесь барин сиживал один.
7	18	18	Здесь с ним обедывал зимою  Покойный Ленский, наш сосед.  Сюда пожалуйте, за мною.  Вот это барский кабинет;  Здесь почивал он, кофей кушал,  Приказчика доклады слушал  И книжку поутру читал…  И старый барин здесь живал;  Со мной, бывало, в воскресенье,  Здесь под окном, надев очки,  Играть изволил в дурачки.  Дай бог душе его спасенье,  А косточкам его покой  В могиле, в мать-земле сырой!»
7	19	19	Татьяна взором умиленным  Вокруг себя на всё глядит,  И всё ей кажется бесценным,  Всё душу томную живит  Полу-мучительной отрадой:  И стол с померкшею лампадой,  И груда книг, и под окном  Кровать, покрытая ковром,  И вид в окно сквозь сумрак лунный,  И этот бледный полусвет,  И лорда Байрона портрет,  И столбик с куклою чугунной  Под шляпой с пасмурным челом,  С руками, сжатыми крестом.
7	20	20	Татьяна долго в келье модной  Как очарована стоит.  Но поздно. Ветер встал холодный.  Темно в долине. Роща спит  Над отуманенной рекою;  Луна сокрылась за горою,  И пилигримке молодой  Пора, давно пора домой.  И Таня, скрыв свое волненье,  Не без того, чтоб не вздохнуть,  Пускается в обратный путь.  Но прежде просит позволенья  Пустынный замок навещать,  Чтоб книжки здесь одной читать.
7	21	21	Татьяна с ключницей простилась  За воротами. Через день  Уж утром рано вновь явилась  Она в оставленную сень,  И в молчаливом кабинете,  Забыв на время всё на свете,  Осталась наконец одна,  И долго плакала она.  Потом за книги принялася.  Сперва ей было не до них,  Но показался выбор их  Ей странен. Чтенью предалася  Татьяна жадною душой;  И ей открылся мир иной.
7	22	22	Хотя мы знаем, что Евгений  Издавна чтенье разлюбил,  Однако ж несколько творений  Он из опалы исключил:  Певца Гяура и Жуана,  Да с ним еще два-три романа,  В которых отразился век,  И современный человек  Изображен довольно верно  С его безнравственной душой,  Себялюбивой и сухой,  Мечтанью преданной безмерно,  С его озлобленным умом,  Кипящим в действии пустом.
7	23	23	Хранили многие страницы  Отметку резкую ногтей;  Глаза внимательной девицы  Устремлены на них живей.  Татьяна видит с трепетаньем,  Какою мыслью, замечаньем  Бывал Онегин поражен,  В чем молча соглашался он.  На их полях она встречает  Черты его карандаша.  Везде Онегина душа  Себя невольно выражает  То кратким словом, то крестом,  То вопросительным крючком.
7	24	24	И начинает понемногу  Моя Татьяна понимать  Теперь яснее — слава богу —  Того, по ком она вздыхать  Осуждена судьбою властной:  Чудак печальный и опасный,  Созданье ада иль небес,  Сей ангел, сей надменный бес,  Что ж он? Ужели подражанье,  Ничтожный призрак, иль еще  Москвич в Гарольдовом плаще,  Чужих причуд истолкованье,  Слов модных полный лексикон?..  Уж не пародия ли он?
7	25	25	Ужель загадку разрешила?  Ужели слово найдено?  Часы бегут; она забыла,  Что дома ждут ее давно,  Где собралися два соседа  И где об ней идет беседа.  — Как быть? Татьяна не дитя, —  Старушка молвила кряхтя. —  Ведь Олинька ее моложе.  Пристроить девушку, ей-ей,  Пора; а что мне делать с ней?  Всем наотрез одно и то же:  Нейду. И всё грустит она  Да бродит по лесам одна. —
7	26	26	«Не влюблена ль она?» — В кого же?  Буянов сватался: отказ.  Ивану Петушкову — тоже.  Гусар Пыхтин гостил у нас;  Уж как он Танею прельщался,  Как мелким бесом рассыпался!  Я думала: пойдет авось;  Куда! и снова дело врозь. —  «Что ж, матушка? за чем же стало?  В Москву, на ярманку невест!  Там, слышно, много праздных мест».  — Ох, мой отец! доходу мало. — «Довольно для одной зимы,  Не то уж дам я хоть взаймы».
7	27	27	Старушка очень полюбила  Совет разумный и благой;  Сочлась — и тут же положила  В Москву отправиться зимой.  И Таня слышит новость эту.  На суд взыскательному свету  Представить ясные черты  Провинцияльной простоты,  И запоздалые наряды,  И запоздалый склад речей;  Московских франтов и цирцей  Привлечь насмешливые взгляды!..  О страх! нет, лучше и верней  В глуши лесов остаться ей.
7	28	28	Вставая с первыми лучами,  Теперь в поля она спешит  И, умиленными очами  Их озирая, говорит:  «Простите, милые долины,  И вы, знакомых гор вершины,  И вы, знакомые леса;  Прости, небесная краса,  Прости, веселая природа;  Меняю милый, тихий свет  На шум блистательных сует…  Прости ж и ты, моя свобода!  Куда, зачем стремлюся я?  Что мне сулит судьба моя?»
7	29	29	Ее прогулки длятся доле.  Теперь то холмик, то ручей  Остановляют поневоле  Татьяну прелестью своей.  Она, как с давними друзьями,  С своими рощами, лугами  Еще беседовать спешит.  Но лето быстрое летит.  Настала осень золотая.  Природа трепетна, бледна,  Как жертва, пышно убрана…  Вот север, тучи нагоняя,  Дохнул, завыл — и вот сама  Идет волшебница зима.
7	30	30	Пришла, рассыпалась; клоками  Повисла на суках дубов;  Легла волнистыми коврами  Среди полей, вокруг холмов;  Брега с недвижною рекою  Сравняла пухлой пеленою;  Блеснул мороз. И рады мы  Проказам матушки зимы.  Не радо ей лишь сердце Тани.  Нейдет она зиму встречать,  Морозной пылью подышать  И первым снегом с кровли бани  Умыть лицо, плеча и грудь:  Татьяне страшен зимний путь.
7	31	31	Отъезда день давно просрочен,  Проходит и последний срок.  Осмотрен, вновь обит, упрочен  Забвенью брошенный возок.  Обоз обычный, три кибитки  Везут домашние пожитки,  Кастрюльки, стулья, сундуки,  Варенье в банках, тюфяки,  Перины, клетки с петухами,  Горшки, тазы et cetera,  Ну, много всякого добра.  И вот в избе между слугами  Поднялся шум, прощальный плач:  Ведут на двор осьмнадцать кляч,
7	32	32	В возок боярский их впрягают,  Готовят завтрак повара,  Горой кибитки нагружают,  Бранятся бабы, кучера.  На кляче тощей и косматой  Сидит форейтор бородатый,  Сбежалась челядь у ворот  Прощаться с барами. И вот  Уселись, и возок почтенный,  Скользя, ползет за ворота.  «Простите, мирные места!  Прости, приют уединенный!  Увижу ль вас?..» И слез ручей  У Тани льется из очей.
7	33	33	Когда благому просвещенью  Отдвинем более границ,  Со временем (по расчисленью  Философических таблиц,  Лет чрез пятьсот) дороги верно  У нас изменятся безмерно:  Шоссе Россию здесь и тут,  Соединив, пересекут.  Мосты чугунные чрез воды  Шагнут широкою дугой,  Раздвинем горы, под водой  Пророем дерзостные своды,  И заведет крещеный мир  На каждой станции трактир.
7	34	34	Теперь у нас дороги плохи,  Мосты забытые гниют,  На станциях клопы да блохи  Заснуть минуты не дают;  Трактиров нет. В избе холодной  Высокопарный, но голодный  Для виду прейскурант висит  И тщетный дразнит аппетит,  Меж тем, как сельские циклопы  Перед медлительным огнем  Российским лечат молотком  Изделье легкое Европы,  Благословляя колеи  И рвы отеческой земли.
7	35	35	Зато зимы порой холодной  Езда приятна и легка.  Как стих без мысли в песне модной  Дорога зимняя гладка.  Автомедоны наши бойки,  Неутомимы наши тройки,  И версты, теша праздный взор,  В глазах мелькают как забор. К несчастью, Ларина тащилась,  Боясь прогонов дорогих,  Не на почтовых, на своих,  И наша дева насладилась  Дорожной скукою вполне:  Семь суток ехали оне.
7	36	36	Но вот уж близко. Перед ними  Уж белокаменной Москвы,  Как жар, крестами золотыми  Горят старинные главы.  Ах, братцы! как я был доволен,  Когда церквей и колоколен  Садов, чертогов полукруг  Открылся предо мною вдруг!  Как часто в горестной разлуке,  В моей блуждающей судьбе,  Москва, я думал о тебе!  Москва… как много в этом звуке  Для сердца русского слилось!  Как много в нем отозвалось!
7	37	37	Вот, окружен своей дубравой,  Петровский замок. Мрачно он  Недавнею гордится славой.  Напрасно ждал Наполеон,  Последним счастьем упоенный,  Москвы коленопреклоненной  С ключами старого Кремля:  Нет, не пошла Москва моя  К нему с повинной головою.  Не праздник, не приемный дар,  Она готовила пожар  Нетерпеливому герою.  Отселе, в думу погружен,  Глядел на грозный пламень он.
7	38	38	Прощай, свидетель падшей славы,  Петровский замок. Ну! не стой,  Пошел! Уже столпы заставы  Белеют; вот уж по Тверской  Возок несется чрез ухабы.  Мелькают мимо бутки, бабы,  Мальчишки, лавки, фонари,  Дворцы, сады, монастыри,  Бухарцы, сани, огороды,  Купцы, лачужки, мужики,  Бульвары, башни, казаки,  Аптеки, магазины моды,  Балконы, львы на воротах  И стаи галок на крестах.  В сей утомительной прогулке  Проходит час-другой, и вот  У Харитонья в переулке  Возок пред домом у ворот  Остановился. К старой тетке,  Четвертый год больной в чахотке,  Они приехали теперь.  Им настежь отворяет дверь  В очках, в изорванном кафтане,  С чулком в руке, седой калмык.  Встречает их в гостиной крик  Княжны, простертой на диване.  Старушки с плачем обнялись,  И восклицанья полились.
7	41	41	— Княжна, mon ange! — «Pachette!» —  Алина! —  «Кто б мог подумать? — Как давно!  Надолго ль? — Милая! Кузина!  Садись — как это мудрено!  Ей-богу, сцена из романа…»  — А это дочь моя, Татьяна. —  «Ах, Таня! подойди ко мне —  Как будто брежу я во сне…  Кузина, помнишь Грандисона?»  — Как, Грандисон?.. а, Грандисон!  Да, помню, помню. Где же он? —  «В Москве, живет у Симеона;  Меня в сочельник навестил;  Недавно сына он женил.
7	42	42	А тот… но после всё расскажем,  Не правда ль? Всей ее родне  Мы Таню завтра же покажем.  Жаль, разъезжать нет мочи мне;  Едва, едва таскаю ноги.  Но вы замучены с дороги;  Пойдемте вместе отдохнуть…  Ох, силы нет… устала грудь…  Мне тяжела теперь и радость,  Не только грусть… душа моя,  Уж никуда не годна я…  Под старость жизнь такая гадость…»  И тут, совсем утомлена,  В слезах раскашлялась она.
7	43	43	Больной и ласки и веселье  Татьяну трогают; но ей  Не хорошо на новоселье,  Привыкшей к горнице своей.  Под занавескою шелковой  Не спится ей в постеле новой,  И ранний звон колоколов,  Предтеча утренних трудов,  Ее с постели подымает.  Садится Таня у окна.  Редеет сумрак; но она  Своих полей не различает:  Пред нею незнакомый двор,  Конюшня, кухня и забор.
7	44	44	И вот: по родственным обедам  Развозят Таню каждый день  Представить бабушкам и дедам  Ее рассеянную лень.  Родне, прибывшей издалеча,  Повсюду ласковая встреча,  И восклицанья, и хлеб-соль.  «Как Таня выросла! Давно ль  Я, кажется, тебя крестила?  А я так на руки брала!  А я так за уши драла!  А я так пряником кормила!»  И хором бабушки твердят:  «Как наши годы-то летят!»
7	45	45	Но в них не видно перемены;  Всё в них на старый образец:  У тетушки княжны Елены  Всё тот же тюлевый чепец;  Всё белится Лукерья Львовна,  Всё то же лжет Любовь Петровна,  Иван Петрович также глуп,  Семен Петрович также скуп,  У Пелагеи Николавны  Всё тот же друг мосьё Финмуш,  И тот же шпиц, и тот же муж;  А он, всё клуба член исправный,  Всё так же смирен, так же глух,  И так же ест и пьет за двух.
7	46	46	Их дочки Таню обнимают.  Младые грации Москвы  Сначала молча озирают  Татьяну с ног до головы;  Ее находят что-то странной,  Провинциальной и жеманной,  И что-то бледной и худой,  А впрочем, очень недурной;  Потом, покорствуя природе,  Дружатся с ней, к себе ведут,  Цалуют, нежно руки жмут,  Взбивают кудри ей по моде  И поверяют нараспев  Сердечны тайны, тайны дев,
7	47	47	Чужие и свои победы,  Надежды, шалости, мечты.  Текут невинные беседы  С прикрасой легкой клеветы.  Потом, в отплату лепетанья,  Ее сердечного признанья  Умильно требуют оне.  Но Таня, точно как во сне,  Их речи слышит без участья,  Не понимает ничего,  И тайну сердца своего,  Заветный клад и слез и счастья,  Хранит безмолвно между тем  И им не делится ни с кем.
7	48	48	Татьяна вслушаться желает  В беседы, в общий разговор;  Но всех в гостиной занимает  Такой бессвязный, пошлый вздор;  Всё в них так бледно равнодушно;  Они клевещут даже скучно;  В бесплодной сухости речей,  Расспросов, сплетен и вестей  Не вспыхнет мысли в целы сутки,  Хоть невзначай, хоть наобум;  Не улыбнется томный ум,  Не дрогнет сердце, хоть для шутки.  И даже глупости смешной  В тебе не встретишь, свет пустой.
7	49	49	Архивны юноши толпою  На Таню чопорно глядят  И про нее между собою  Неблагосклонно говорят.  Один какой-то шут печальный  Ее находит идеальной,  И, прислонившись у дверей,  Элегию готовит ей.  У скучной тетки Таню встретя,  К ней как-то Вяземский подсел  И душу ей занять успел.  И, близ него ее заметя,  Об ней, поправя свой парик,  Осведомляется старик.
7	50	50	Но там, где Мельпомены бурной  Протяжный раздается вой,  Где машет мантию мишурной  Она пред хладною толпой,  Где Талия тихонько дремлет  И плескам дружеским не внемлет,  Где Терпсихоре лишь одной  Дивится зритель молодой  (Что было также в прежни леты,  Во время ваше и мое),  Не обратились на нее  Ни дам ревнивые лорнеты,  Ни трубки модных знатоков  Из лож и кресельных рядов.
7	51	51	Ее привозят и в Собранье.  Там теснота, волненье, жар,  Музыки грохот, свеч блистанье,  Мельканье, вихорь быстрых пар,  Красавиц легкие уборы,  Людьми пестреющие хоры,  Невест обширный полукруг,  Всё чувства поражает вдруг.  Здесь кажут франты записные  Свое нахальство, свой жилет  И невнимательный лорнет.  Сюда гусары отпускные  Спешат явиться, прогреметь,  Блеснуть, пленить и улететь.
7	52	52	У ночи много звезд прелестных,  Красавиц много на Москве.  Но ярче всех подруг небесных  Луна в воздушной синеве.  Но та, которую не смею  Тревожить лирою моею,  Как величавая луна,  Средь жен и дев блестит одна.  С какою гордостью небесной  Земли касается она!  Как негой грудь ее полна!  Как томен взор ее чудесный!..  Но полно, полно; перестань:  Ты заплатил безумству дань.
7	53	53	Шум, хохот, беготня, поклоны,  Галоп, мазурка, вальс… Меж тем,  Между двух теток, у колоны,  Не замечаема никем,  Татьяна смотрит и не видит,  Волненье света ненавидит;  Ей душно здесь… она мечтой  Стремится к жизни полевой,  В деревню, к бедным поселянам,  В уединенный уголок,  Где льется светлый ручеек,  К своим цветам, к своим романам  И в сумрак липовых аллей,  Туда, где он являлся ей.
7	54	54	Так мысль ее далече бродит:  Забыт и свет и шумный бал,  А глаз меж тем с нее не сводит  Какой-то важный генерал.  Друг другу тетушки мигнули  И локтем Таню враз толкнули,  И каждая шепнула ей:  — Взгляни налево поскорей. —  «Налево? где? что там такое?»  — Ну, что бы ни было, гляди…  В той кучке, видишь? впереди,  Там, где еще в мундирах двое…  Вот отошел… вот боком стал…  «Кто? толстый этот генерал?»
7	55	55	Но здесь с победою поздравим  Татьяну милую мою,  И в сторону свой путь направим,  Чтоб не забыть, о ком пою…  Да, кстати, здесь о том два слова:  Пою приятеля младого  И множество его причуд.  Благослови мой долгий труд,  О ты, эпическая муза!  И верный посох мне вручив,  Не дай блуждать мне вкось и вкривь. Довольно. С плеч долой обуза!  Я классицизму отдал честь:  Хоть поздно, а вступленье есть.  |
