1	1	1	OF Mans First Disobedience, and the Fruit
1	2	1	Of that Forbidden Tree, whose mortal tast
1	3	1	Brought Death into the World, and all our woe,
1	4	1	With loss of Eden, till one greater Man
1	5	1	Restore us, and regain the blissful Seat,
1	6	1	Sing Heav'nly Muse, that on the secret top
1	7	1	Of Oreb, or of Sinai, didst inspire
1	8	1	That Shepherd, who first taught the chosen Seed,
1	9	1	In the Beginning how the Heav'ns and Earth
1	10	1	Rose out of Chaos: Or if Sion Hill
1	11	1	Delight thee more, and Siloa's Brook that flow'd
1	12	1	Fast by the Oracle of God; I thence
1	13	1	Invoke thy aid to my adventrous Song,
1	14	1	That with no middle flight intends to soar
1	15	1	Above th' Aonian Mount, while it pursues [ 15 ]
1	16	1	Things unattempted yet in Prose or Rhime.
1	17	1	And chiefly Thou O Spirit, that dost prefer
1	18	1	Before all Temples th' upright heart and pure,
1	19	1	Instruct me, for Thou know'st; Thou from the first
1	20	1	Wast present, and with mighty wings outspread
1	21	1	 Dove-like satst brooding on the vast Abyss
1	22	1	And mad'st it pregnant: What in me is dark
1	23	1	Illumin, what is low raise and support;
1	24	1	That to the highth of this great Argument
1	25	1	I may assert Eternal Providence,
1	26	1	And justifie the wayes of God to men.
1	27	3	Say first, for Heav'n hides nothing from thy view
1	28	3	Nor the deep Tract of Hell, say first what cause
1	29	3	Mov'd our Grand Parents in that happy State,
1	30	3	Favour'd of Heav'n so highly, to fall off
1	31	3	From thir Creator, and transgress his Will
1	32	3	For one restraint, Lords of the World besides?
1	33	3	Who first seduc'd them to that foul revolt?
1	34	3	Th' infernal Serpent; he it was, whose guile
1	35	3	Stird up with Envy and Revenge, deceiv'd
1	36	3	The Mother of Mankind, what time his Pride
1	37	3	Had cast him out from Heav'n, with all his Host
1	38	3	Of Rebel Angels, by whose aid aspiring
1	39	3	To set himself in Glory above his Peers,
1	40	3	He trusted to have equal'd the most High,
1	41	3	If he oppos'd; and with ambitious aim
1	42	3	Against the Throne and Monarchy of God
1	43	3	Rais'd impious War in Heav'n and Battel proud
1	44	3	With vain attempt. Him the Almighty Power
1	45	3	Hurld headlong flaming from th' Ethereal Skie
1	46	3	With hideous ruine and combustion down
1	47	3	To bottomless perdition, there to dwell
1	48	3	In Adamantine Chains and penal Fire,
1	49	3	Who durst defie th' Omnipotent to Arms.
1	50	3	Nine times the Space that measures Day and Night
1	51	3	To mortal men, he with his horrid crew
1	52	3	Lay vanquisht, rowling in the fiery Gulfe
1	53	3	Confounded though immortal: But his doom
1	54	3	Reserv'd him to more wrath; for now the thought
1	55	3	Both of lost happiness and lasting pain
1	56	3	Torments him; round he throws his baleful eyes
1	57	3	That witness'd huge affliction and dismay
1	58	3	Mixt with obdurate pride and stedfast hate:
1	59	3	At once as far as Angels kenn he views
1	60	3	The dismal Situation waste and wilde,
1	61	3	A Dungeon horrible, on all sides round
1	62	3	As one great Furnace flam'd, yet from those flames
1	63	3	No light, but rather darkness visible
1	64	3	Serv'd onely to discover sights of woe,
1	65	3	Regions of sorrow, doleful shades, where peace [ 65 ]
1	66	3	And rest can never dwell, hope never comes
1	67	3	That comes to all; but torture without end
1	68	3	Still urges, and a fiery Deluge, fed
1	69	3	With ever-burning Sulphur unconsum'd:
1	70	3	Such place Eternal Justice had prepar'd
1	71	3	For those rebellious, here thir Prison ordain'd
1	72	3	In utter darkness, and thir portion set
1	73	3	As far remov'd from God and light of Heav'n
1	74	3	As from the Center thrice to th' utmost Pole.
1	75	3	O how unlike the place from whence they fell!
1	76	3	There the companions of his fall, o'rewhelm'd
1	77	3	With Floods and Whirlwinds of tempestuous fire,
1	78	3	He soon discerns, and weltring by his side
1	79	3	One next himself in power, and next in crime,
1	80	3	Long after known in Palestine, and nam'd
1	81	3	Beelzebub. To whom th' Arch-Enemy,
1	82	3	And thence in Heav'n call'd Satan, with bold words
1	83	3	Breaking the horrid silence thus began.
1	84	5	If thou beest he; But O how fall'n! how chang'd
1	85	5	From him, who in the happy Realms of Light
1	86	5	Cloth'd with transcendent brightness didst out-shine
1	87	5	Myriads though bright: If he Whom mutual league,
1	88	5	United thoughts and counsels, equal hope
1	89	5	And hazard in the Glorious Enterprize,
1	90	5	Joynd with me once, now misery hath joynd [ 90 ]
1	91	5	In equal ruin: into what Pit thou seest
1	92	5	From what highth fall'n, so much the stronger prov'd
1	93	5	He with his Thunder: and till then who knew
1	94	5	The force of those dire Arms? yet not for those,
1	95	5	Nor what the Potent Victor in his rage
1	96	5	Can else inflict, do I repent or change,
1	97	5	Though chang'd in outward lustre; that fixt mind
1	98	5	And high disdain, from sence of injur'd merit,
1	99	5	That with the mightiest rais'd me to contend,
1	100	5	And to the fierce contention brought along
1	101	5	Innumerable force of Spirits arm'd
1	102	5	That durst dislike his reign, and me preferring,
1	103	5	His utmost power with adverse power oppos'd
1	104	5	In dubious Battel on the Plains of Heav'n,
1	105	5	And shook his throne. What though the field be lost?
1	106	5	All is not lost; the unconquerable Will,
1	107	5	And study of revenge, immortal hate,
1	108	5	And courage never to submit or yield:
1	109	5	And what is else not to be overcome?
1	110	5	That Glory never shall his wrath or might
1	111	5	Extort from me. To bow and sue for grace
1	112	5	With suppliant knee, and deifie his power,
1	113	5	Who from the terrour of this Arm so late
1	114	5	Doubted his Empire, that were low indeed,
1	115	5	That were an ignominy and shame beneath
1	116	5	This downfall; since by Fate the strength of Gods
1	117	5	And this Empyreal substance cannot fail,
1	118	5	Since through experience of this great event
1	119	5	In Arms not worse, in foresight much advanc't,
1	120	5	We may with more successful hope resolve
1	121	5	To wage by force or guile eternal Warr
1	122	5	Irreconcileable, to our grand Foe,
1	123	5	Who now triumphs, and in th' excess of joy
1	124	5	Sole reigning holds the Tyranny of Heav'n.
1	125	7	So spake th' Apostate Angel, though in pain,
1	126	7	Vaunting aloud, but rackt with deep despare:
1	127	7	And him thus answer'd soon his bold Compeer.
1	128	9	O Prince, O Chief of many Throned Powers,
1	129	9	That led th' imbattelld Seraphim to Warr
1	130	9	Under thy conduct, and in dreadful deeds [ 130 ]
1	131	9	Fearless, endanger'd Heav'ns perpetual King;
1	132	9	And put to proof his high Supremacy,
1	133	9	Whether upheld by strength, or Chance, or Fate,
1	134	9	Too well I see and rue the dire event,
1	135	9	That with sad overthrow and foul defeat [ 135 ]
1	136	9	Hath lost us Heav'n, and all this mighty Host
1	137	9	In horrible destruction laid thus low,
1	138	9	As far as Gods and Heav'nly Essences
1	139	9	Can perish: for the mind and spirit remains
1	140	9	Invincible, and vigour soon returns,
1	141	9	Though all our Glory extinct, and happy state
1	142	9	Here swallow'd up in endless misery.
1	143	9	But what if he our Conquerour, (whom I now
1	144	9	Of force believe Almighty, since no less
1	145	9	Then such could hav orepow'rd such force as ours)
1	146	9	Have left us this our spirit and strength intire
1	147	9	Strongly to suffer and support our pains,
1	148	9	That we may so suffice his vengeful ire,
1	149	9	Or do him mightier service as his thralls
1	150	9	By right of Warr, what e're his business be
1	151	9	Here in the heart of Hell to work in Fire,
1	152	9	Or do his Errands in the gloomy Deep;
1	153	9	What can it then avail though yet we feel
1	154	9	Strength undiminisht, or eternal being
1	155	9	To undergo eternal punishment?
1	156	9	Whereto with speedy words th' Arch-fiend reply'd.
1	157	11	Fall'n Cherube, to be weak is miserable
1	158	11	Doing or Suffering: but of this be sure,
1	159	11	To do ought good never will be our task,
1	160	11	But ever to do ill our sole delight,
1	161	11	As being the contrary to his high will
1	162	11	Whom we resist. If then his Providence
1	163	11	Out of our evil seek to bring forth good,
1	164	11	Our labour must be to pervert that end,
1	165	11	And out of good still to find means of evil;
1	166	11	Which oft times may succeed, so as perhaps
1	167	11	Shall grieve him, if I fail not, and disturb
1	168	11	His inmost counsels from thir destind aim.
1	169	11	But see the angry Victor hath recall'd
1	170	11	His Ministers of vengeance and pursuit
1	171	11	Back to the Gates of Heav'n: The Sulphurous Hail
1	172	11	Shot after us in storm, oreblown hath laid
1	173	11	The fiery Surge, that from the Precipice
1	174	11	Of Heav'n receiv'd us falling, and the Thunder,
1	175	11	Wing'd with red Lightning and impetuous rage,
1	176	11	Perhaps hath spent his shafts, and ceases now
1	177	11	To bellow through the vast and boundless Deep.
1	178	11	Let us not slip th' occasion, whether scorn,
1	179	11	Or satiate fury yield it from our Foe.
1	180	11	Seest thou yon dreary Plain, forlorn and wilde,
1	181	11	The seat of desolation, voyd of light,
1	182	11	Save what the glimmering of these livid flames
1	183	11	Casts pale and dreadful? Thither let us tend
1	184	11	From off the tossing of these fiery waves,
1	185	11	There rest, if any rest can harbour there,
1	186	11	And reassembling our afflicted Powers,
1	187	11	Consult how we may henceforth most offend
1	188	11	Our Enemy, our own loss how repair,
1	189	11	How overcome this dire Calamity,
1	190	11	What reinforcement we may gain from Hope,
1	191	11	If not what resolution from despare.
1	192	13	Thus Satan talking to his neerest Mate
1	193	13	With Head up-lift above the wave, and Eyes
1	194	13	That sparkling blaz'd, his other Parts besides
1	195	13	Prone on the Flood, extended long and large
1	196	13	Lay floating many a rood, in bulk as huge
1	197	13	As whom the Fables name of monstrous size,
1	198	13	Titanian, or Earth-born, that warr'd on Jove,
1	199	13	Briareos or Typhon, whom the Den
1	200	13	By ancient Tarsus held, or that Sea-beast
1	201	13	Leviathan, which God of all his works
1	202	13	Created hugest that swim th' Ocean stream:
1	203	13	Him haply slumbring on the Norway foam
1	204	13	The Pilot of some small night-founder'd Skiff,
1	205	13	Deeming some Island, oft, as Sea-men tell,
1	206	13	With fixed Anchor in his skaly rind
1	207	13	Moors by his side under the Lee, while Night
1	208	13	Invests the Sea, and wished Morn delayes:
1	209	13	So stretcht out huge in length the Arch-fiend lay
1	210	13	Chain'd on the burning Lake, nor ever thence
1	211	13	Had ris'n or heav'd his head, but that the will
1	212	13	And high permission of all-ruling Heaven
1	213	13	Left him at large to his own dark designs,
1	214	13	That with reiterated crimes he might
1	215	13	Heap on himself damnation, while he sought
1	216	13	Evil to others, and enrag'd might see
1	217	13	How all his malice serv'd but to bring forth
1	218	13	Infinite goodness, grace and mercy shewn
1	219	13	On Man by him seduc't, but on himself
1	220	13	Treble confusion, wrath and vengeance pour'd.
1	221	13	Forthwith upright he rears from off the Pool
1	222	13	His mighty Stature; on each hand the flames
1	223	13	Drivn backward slope thir pointing spires, and rowld
1	224	13	In billows, leave i'th' midst a horrid Vale.
1	225	13	Then with expanded wings he stears his flight
1	226	13	Aloft, incumbent on the dusky Air
1	227	13	That felt unusual weight, till on dry Land
1	228	13	He lights, if it were Land that ever burn'd
1	229	13	With solid, as the Lake with liquid fire;
1	230	13	And such appear'd in hue, as when the force
1	231	13	Of subterranean wind transports a Hill
1	232	13	Torn from Pelorus, or the shatter'd side
1	233	13	Of thundring Ætna, whose combustible
1	234	13	And fewel'd entrals thence conceiving Fire,
1	235	13	Sublim'd with Mineral fury, aid the Winds, [ 235 ]
1	236	13	And leave a singed bottom all involv'd
1	237	13	With stench and smoak: Such resting found the sole
1	238	13	Of unblest feet.  Him followed his next Mate,
1	239	13	Both glorying to have scap't the Stygian flood
1	240	13	As Gods, and by thir own recover'd strength,
1	241	13	Not by the sufferance of supernal Power.
1	242	15	Is this the Region, this the Soil, the Clime,
1	243	15	Said then the lost Arch-Angel, this the seat
1	244	15	That we must change for Heav'n, this mournful gloom
1	245	15	For that celestial light? Be it so, since he [ 245 ]
1	246	15	Who now is Sovran can dispose and bid
1	247	15	What shall be right: fardest from him is best
1	248	15	Whom reason hath equald, force hath made supream
1	249	15	Above his equals. Farewel happy Fields
1	250	15	Where Joy for ever dwells: Hail horrours, hail [ 250 ]
1	251	15	Infernal world, and thou profoundest Hell
1	252	15	Receive thy new Possessor: One who brings
1	253	15	A mind not to be chang'd by Place or Time.
1	254	15	The mind is its own place, and in it self
1	255	15	Can make a Heav'n of Hell, a Hell of Heav'n.
1	256	15	What matter where, if I be still the same,
1	257	15	And what I should be, all but less then he
1	258	15	Whom Thunder hath made greater? Here at least
1	259	15	We shall be free; th' Almighty hath not built
1	260	15	Here for his envy, will not drive us hence:
1	261	15	Here we may reign secure, and in my choyce
1	262	15	To reign is worth ambition though in Hell:
1	263	15	Better to reign in Hell, then serve in Heav'n.
1	264	15	But wherefore let we then our faithful friends,
1	265	15	Th' associates and copartners of our loss
1	266	15	Lye thus astonisht on th' oblivious Pool,
1	267	15	And call them not to share with us their part
1	268	15	In this unhappy Mansion, or once more
1	269	15	With rallied Arms to try what may be yet
1	270	15	Regaind in Heav'n, or what more lost in Hell?
1	271	17	So Satan spake, and him Beelzebub
1	272	17	Thus answer'd. Leader of those Armies bright,
1	273	17	Which but th' Omnipotent none could have foyld,
1	274	17	If once they hear that voyce, thir liveliest pledge
1	275	17	Of hope in fears and dangers, heard so oft
1	276	17	In worst extreams, and on the perilous edge
1	277	17	Of battel when it rag'd, in all assaults
1	278	17	Thir surest signal, they will soon resume
1	279	17	New courage and revive, though now they lye
1	280	17	Groveling and prostrate on yon Lake of Fire,
1	281	17	As we erewhile, astounded and amaz'd,
1	282	17	No wonder, fall'n such a pernicious highth.
1	283	19	He scarce had ceas't when the superiour Fiend
1	284	19	Was moving toward the shoar; his ponderous shield
1	285	19	 Ethereal temper, massy, large and round,
1	286	19	Behind him cast; the broad circumference
1	287	19	Hung on his shoulders like the Moon, whose Orb
1	288	19	Through Optic Glass the Tuscan Artist views
1	289	19	At Ev'ning from the top of Fesole,
1	290	19	Or in Valdarno, to descry new Lands,
1	291	19	Rivers or Mountains in her spotty Globe.
1	292	19	His Spear, to equal which the tallest Pine
1	293	19	Hewn on Norwegian hills, to be the Mast
1	294	19	Of some great Ammiral, were but a wand,
1	295	19	He walkt with to support uneasie steps
1	296	19	Over the burning Marle, not like those steps
1	297	19	On Heavens Azure, and the torrid Clime
1	298	19	Smote on him sore besides, vaulted with Fire;
1	299	19	Nathless he so endur'd, till on the Beach
1	300	19	Of that inflamed Sea, he stood and call'd
1	301	19	His Legions, Angel Forms, who lay intrans't
1	302	19	Thick as Autumnal Leaves that strow the Brooks
1	303	19	In Vallombrosa, where th' Etrurian shades
1	304	19	High overarch't imbowr; or scatterd sedge
1	305	19	Afloat, when with fierce Winds Orion arm'd
1	306	19	Hath vext the Red-Sea Coast, whose waves orethrew
1	307	19	Busiris and his Memphian Chivalry,
1	308	19	While with perfidious hatred they pursu'd
1	309	19	The Sojourners of Goshen, who beheld
1	310	19	From the safe shore thir floating Carkases
1	311	19	And broken Chariot Wheels, so thick bestrown
1	312	19	Abject and lost lay these, covering the Flood,
1	313	19	Under amazement of thir hideous change.
1	314	19	He call'd so loud, that all the hollow Deep
1	315	19	Of Hell resounded. Princes, Potentates,
1	316	19	Warriers, the Flowr of Heav'n, once yours, now lost,
1	317	19	If such astonishment as this can sieze
1	318	19	Eternal spirits; or have ye chos'n this place
1	319	19	After the toyl of Battel to repose
1	320	19	Your wearied vertue, for the ease you find
1	321	19	To slumber here, as in the Vales of Heav'n?
1	322	19	Or in this abject posture have ye sworn
1	323	19	To adore the Conquerour? who now beholds
1	324	19	Cherube and Seraph rowling in the Flood
1	325	19	With scatter'd Arms and Ensigns, till anon
1	326	19	His swift pursuers from Heav'n Gates discern
1	327	19	Th' advantage, and descending tread us down
1	328	19	Thus drooping, or with linked Thunderbolts
1	329	19	Transfix us to the bottom of this Gulfe.
1	330	19	Awake, arise, or be for ever fall'n. [ 330 ]
1	331	21	They heard, and were abasht, and up they sprung
1	332	21	Upon the wing, as when men wont to watch
1	333	21	On duty, sleeping found by whom they dread,
1	334	21	Rouse and bestir themselves ere well awake.
1	335	21	Nor did they not perceave the evil plight
1	336	21	In which they were, or the fierce pains not feel;
1	337	21	Yet to thir Generals Voyce they soon obeyd
1	338	21	Innumerable. As when the potent Rod
1	339	21	Of Amrams Son in Egypts evill day
1	340	21	Wav'd round the Coast, up call'd a pitchy cloud
1	341	21	Of Locusts, warping on the Eastern Wind,
1	342	21	That ore the Realm of impious Pharaoh hung
1	343	21	Like Night, and darken'd all the Land of Nile:
1	344	21	So numberless were those bad Angels seen
1	345	21	Hovering on wing under the Cope of Hell
1	346	21	'Twixt upper, nether, and surrounding Fires;
1	347	21	Till, as a signal giv'n, th' uplifted Spear
1	348	21	Of thir great Sultan waving to direct
1	349	21	Thir course, in even ballance down they light
1	350	21	On the firm brimstone, and fill all the Plain;
1	351	21	A multitude, like which the populous North
1	352	21	Pour'd never from her frozen loyns, to pass
1	353	21	Rhene or the Danaw, when her barbarous Sons
1	354	21	Came like a Deluge on the South, and spread
1	355	21	Beneath Gibralter to the Lybian sands.
1	356	21	Forthwith from every Squadron and each Band
1	357	21	The Heads and Leaders thither hast where stood
1	358	21	Thir great Commander; Godlike shapes and forms
1	359	21	Excelling human, Princely Dignities,
1	360	21	And Powers that earst in Heaven sat on Thrones;
1	361	21	Though of thir Names in heav'nly Records now
1	362	21	Be no memorial blotted out and ras'd
1	363	21	By thir Rebellion, from the Books of Life.
1	364	21	Nor had they yet among the Sons of Eve
1	365	21	Got them new Names, till wandring ore the Earth,
1	366	21	Through Gods high sufferance for the tryal of man,
1	367	21	By falsities and lyes the greatest part
1	368	21	Of Mankind they corrupted to forsake
1	369	21	God thir Creator, and th' invisible
1	370	21	Glory of him that made them, to transform
1	371	21	Oft to the Image of a Brute, adorn'd
1	372	21	With gay Religions full of Pomp and Gold,
1	373	21	And Devils to adore for Deities:
1	374	21	Then were they known to men by various Names,
1	375	21	And various Idols through the Heathen World.
1	376	21	Say, Muse, thir Names then known, who first, who last,
1	377	21	Rous'd from the slumber, on that fiery Couch,
1	378	21	At thir great Emperors call, as next in worth
1	379	21	Came singly where he stood on the bare strand,
1	380	21	While the promiscuous croud stood yet aloof?
1	381	21	The chief were those who from the Pit of Hell
1	382	21	Roaming to seek thir prey on earth, durst fix
1	383	21	Thir Seats long after next the Seat of God,
1	384	21	Thir Altars by his Altar, Gods ador'd
1	385	21	Among the Nations round, and durst abide
1	386	21	Jehovah thundring out of Sion, thron'd
1	387	21	Between the Cherubim; yea, often plac'd
1	388	21	Within his Sanctuary it self thir Shrines,
1	389	21	Abominations; and with cursed things
1	390	21	His holy Rites, and solemn Feasts profan'd,
1	391	21	And with thir darkness durst affront his light.
1	392	21	First Moloch, horrid King besmear'd with blood
1	393	21	Of human sacrifice, and parents tears,
1	394	21	Though for the noyse of Drums and Timbrels loud
1	395	21	Thir childrens cries unheard, that past through fire
1	396	21	To his grim Idol. Him the Ammonite
1	397	21	Worshipt in Rabba and her watry Plain,
1	398	21	In Argob and in Basan, to the stream
1	399	21	Of utmost Arnon. Nor content with such
1	400	21	Audacious neighbourhood, the wisest heart
1	401	21	Of Solomon he led by fraud to build
1	402	21	His Temple right against the Temple of God
1	403	21	On that opprobrious Hill, and made his Grove
1	404	21	The pleasant Vally of Hinnom, Tophet thence
1	405	21	And black Gehenna call'd, the Type of Hell. [ 405 ]
1	406	21	Next Chemos, th' obscene dread of Moabs Sons,
1	407	21	From Aroar to Nebo, and the wild
1	408	21	Of Southmost Abarim; in Hesebon
1	409	21	And Horonaim, Seons Realm, beyond
1	410	21	The flowry Dale of Sibma clad with Vines, [ 410 ]
1	411	21	And Eleale to th' Asphaltick Pool.
1	412	21	Peor his other Name, when he entic'd
1	413	21	Israel in Sittim on thir march from Nile
1	414	21	To do him wanton rites, which cost them woe.
1	415	21	Yet thence his lustful Orgies he enlarg'd
1	416	21	Even to that Hill of scandal, by the Grove
1	417	21	Of Moloch homicide, lust hard by hate;
1	418	21	Till good Josiah drove them thence to Hell.
1	419	21	With these came they, who from the bordring flood
1	420	21	Of old Euphrates to the Brook that parts
1	421	21	Egypt from Syrian ground, had general Names
1	422	21	Of Baalim and Ashtaroth, those male,
1	423	21	These Feminine. For Spirits when they please
1	424	21	Can either Sex assume, or both; so soft
1	425	21	And uncompounded is thir Essence pure,
1	426	21	Not ti'd or manacl'd with joynt or limb,
1	427	21	Nor founded on the brittle strength of bones,
1	428	21	Like cumbrous flesh; but in what shape they choose
1	429	21	Dilated or condens't, bright or obscure,
1	430	21	Can execute thir aerie purposes,
1	431	21	And works of love or enmity fulfill.
1	432	21	For those the Race of Israel oft forsook
1	433	21	Thir living strength, and unfrequented left
1	434	21	His righteous Altar, bowing lowly down
1	435	21	To bestial Gods; for which thir heads as low
1	436	21	Bow'd down in Battel, sunk before the Spear
1	437	21	Of despicable foes. With these in troop
1	438	21	Came Astoreth, whom the Phoenicians call'd
1	439	21	Astarte, Queen of Heav'n, with crescent Horns;
1	440	21	To whose bright Image nightly by the Moon
1	441	21	Sidonian Virgins paid thir Vows and Songs,
1	442	21	In Sion also not unsung, where stood
1	443	21	Her Temple on th' offensive Mountain, built
1	444	21	By that uxorious King, whose heart though large,
1	445	21	Beguil'd by fair Idolatresses, fell
1	446	21	To Idols foul. Thammuz came next behind,
1	447	21	Whose annual wound in Lebanon allur'd
1	448	21	The Syrian Damsels to lament his fate
1	449	21	In amorous dittyes all a Summers day,
1	450	21	While smooth Adonis from his native Rock
1	451	21	Ran purple to the Sea, suppos'd with blood
1	452	21	Of Thammuz yearly wounded: the Love-tale
1	453	21	Infected Sions daughters with like heat,
1	454	21	Whose wanton passions in the sacred Porch
1	455	21	Ezekiel saw, when by the Vision led
1	456	21	His eye survay'd the dark Idolatries
1	457	21	Of alienated Judah. Next came one
1	458	21	Who mourn'd in earnest, when the Captive Ark
1	459	21	Maim'd his brute Image, head and hands lopt off
1	460	21	In his own Temple, on the grunsel edge,
1	461	21	Where he fell flat, and sham'd his Worshipers:
1	462	21	Dagon his Name, Sea Monster, upward Man
1	463	21	And downward Fish: yet had his Temple high
1	464	21	Rear'd in Azotus, dreaded through the Coast
1	465	21	Of Palestine, in Gath and Ascalon
1	466	21	And Accaron and Gaza's frontier bounds.
1	467	21	Him follow'd Rimmon, whose delightful Seat
1	468	21	Was fair Damascus, on the fertil Banks
1	469	21	Of Abbana and Pharphar, lucid streams.
1	470	21	He also against the house of God was bold:
1	471	21	A Leper once he lost and gain'd a King,
1	472	21	Ahaz his sottish Conquerour, whom he drew
1	473	21	Gods Altar to disparage and displace
1	474	21	For one of Syrian mode, whereon to burn
1	475	21	His odious off'rings, and adore the Gods
1	476	21	Whom he had vanquisht. After these appear'd
1	477	21	A crew who under Names of old Renown,
1	478	21	Osiris, Isis, Orus and their Train
1	479	21	With monstrous shapes and sorceries abus'd
1	480	21	Fanatic Egypt and her Priests, to seek
1	481	21	Thir wandring Gods disguis'd in brutish forms
1	482	21	Rather then human. Nor did Israel scape
1	483	21	Th' infection when thir borrow'd Gold compos'd
1	484	21	The Calf in Oreb: and the Rebel King
1	485	21	Doubl'd that sin in Bethel and in Dan,
1	486	21	Lik'ning his Maker to the Grazed Ox,
1	487	21	Jehovah, who in one Night when he pass'd
1	488	21	From Egypt marching, equal'd with one stroke
1	489	21	Both her first born and all her bleating Gods.
1	490	21	Belial came last, then whom a Spirit more lewd [ 490 ]
1	491	21	Fell not from Heaven, or more gross to love
1	492	21	Vice for it self: To him no Temple stood
1	493	21	Or Altar smoak'd; yet who more oft then hee
1	494	21	In Temples and at Altars, when the Priest
1	495	21	Turns Atheist, as did Ely's Sons, who fill'd
1	496	21	With lust and violence the house of God.
1	497	21	In Courts and Palaces he also Reigns
1	498	21	And in luxurious Cities, where the noyse
1	499	21	Of riot ascends above thir loftiest Towrs,
1	500	21	And injury and outrage: And when Night [ 500 ]
1	501	21	Darkens the Streets, then wander forth the Sons
1	502	21	Of Belial, flown with insolence and wine.
1	503	21	Witness the Streets of Sodom, and that night
1	504	21	In Gibeah, when the hospitable door
1	505	21	Expos'd a Matron to avoid worse rape.
1	506	21	These were the prime in order and in might;
1	507	21	The rest were long to tell, though far renown'd,
1	508	21	Th' Ionian Gods, of Javans Issue held
1	509	21	Gods, yet confest later then Heav'n and Earth
1	510	21	Thir boasted Parents; Titan Heav'ns first born
1	511	21	With his enormous brood, and birthright seis'd
1	512	21	By younger Saturn, he from mightier Jove
1	513	21	His own and Rhea's Son like measure found;
1	514	21	So Jove usurping reign'd: these first in Creet
1	515	21	And Ida known, thence on the Snowy top
1	516	21	Of cold Olympus rul'd the middle Air
1	517	21	Thir highest Heav'n; or on the Delphian Cliff,
1	518	21	Or in Dodona, and through all the bounds
1	519	21	Of Doric Land; or who with Saturn old
1	520	21	Fled over Adria to th' Hesperian Fields,
1	521	21	And ore the Celtic roam'd the utmost Isles.
1	522	21	All these and more came flocking; but with looks
1	523	21	Down cast and damp, yet such wherein appear'd
1	524	21	Obscure some glimps of joy, to have found thir chief
1	525	21	Not in despair, to have found themselves not lost
1	526	21	In loss it self; which on his count'nance cast
1	527	21	Like doubtful hue: but he his wonted pride
1	528	21	Soon recollecting, with high words, that bore
1	529	21	Semblance of worth, not substance, gently rais'd
1	530	21	Thir fainting courage, and dispel'd thir fears.
1	531	21	Then strait commands that at the warlike sound
1	532	21	Of Trumpets loud and Clarions be upreard
1	533	21	His mighty Standard; that proud honour claim'd
1	534	21	Azazel as his right, a Cherube tall:
1	535	21	Who forthwith from the glittering Staff unfurld
1	536	21	Th' Imperial Ensign, which full high advanc't
1	537	21	Shon like a Meteor streaming to the Wind
1	538	21	With Gemms and Golden lustre rich imblaz'd,
1	539	21	Seraphic arms and Trophies: all the while
1	540	21	Sonorous mettal blowing Martial sounds:
1	541	21	At which the universal Host upsent
1	542	21	A shout that tore Hells Concave, and beyond
1	543	21	Frighted the Reign of Chaos and old Night.
1	544	21	All in a moment through the gloom were seen
1	545	21	Ten thousand Banners rise into the Air
1	546	21	With Orient Colours waving: with them rose
1	547	21	A Forest huge of Spears: and thronging Helms
1	548	21	Appear'd, and serried shields in thick array
1	549	21	Of depth immeasurable: Anon they move
1	550	21	In perfect Phalanx to the Dorian mood
1	551	21	Of Flutes and soft Recorders; such as rais'd
1	552	21	To hight of noblest temper Hero's old
1	553	21	Arming to Battel, and in stead of rage
1	554	21	Deliberate valour breath'd, firm and unmov'd
1	555	21	With dread of death to flight or foul retreat,
1	556	21	Nor wanting power to mitigate and swage
1	557	21	With solemn touches, troubl'd thoughts, and chase
1	558	21	Anguish and doubt and fear and sorrow and pain
1	559	21	From mortal or immortal minds. Thus they
1	560	21	Breathing united force with fixed thought
1	561	21	Mov'd on in silence to soft Pipes that charm'd
1	562	21	Thir painful steps o're the burnt soyle; and now
1	563	21	Advanc't in view, they stand, a horrid Front
1	564	21	Of dreadful length and dazling Arms, in guise
1	565	21	Of Warriers old with order'd Spear and Shield,
1	566	21	Awaiting what command thir mighty Chief
1	567	21	Had to impose: He through the armed Files
1	568	21	Darts his experienc't eye, and soon traverse
1	569	21	The whole Battalion views, thir order due,
1	570	21	Thir visages and stature as of Gods,
1	571	21	Thir number last he summs. And now his heart
1	572	21	Distends with pride, and hardning in his strength
1	573	21	Glories: For never since created man,
1	574	21	Met such imbodied force, as nam'd with these
1	575	21	Could merit more then that small infantry [ 575 ]
1	576	21	Warr'd on by Cranes: though all the Giant brood
1	577	21	Of Phlegra with th' Heroic Race were joyn'd
1	578	21	That fought at Theb's and Ilium, on each side
1	579	21	Mixt with auxiliar Gods; and what resounds
1	580	21	In Fable or Romance of Uthers Son
1	581	21	Begirt with British and Armoric Knights;
1	582	21	And all who since, Baptiz'd or Infidel
1	583	21	Jousted in Aspramont or Montalban,
1	584	21	Damasco, or Marocco, or Trebisond,
1	585	21	Or whom Biserta sent from Afric shore
1	586	21	When Charlemain with all his Peerage fell
1	587	21	By Fontarabbia. Thus far these beyond
1	588	21	Compare of mortal prowess, yet observ'd
1	589	21	Thir dread commander: he above the rest
1	590	21	In shape and gesture proudly eminent
1	591	21	Stood like a Towr; his form had yet not lost
1	592	21	All her Original brightness, nor appear'd
1	593	21	Less then Arch Angel ruind, and th' excess
1	594	21	Of Glory obscur'd: As when the Sun new ris'n
1	595	21	Looks through the Horizontal misty Air
1	596	21	Shorn of his Beams, or from behind the Moon
1	597	21	In dim Eclips disastrous twilight sheds
1	598	21	On half the Nations, and with fear of change
1	599	21	Perplexes Monarchs. Dark'n'd so, yet shon
1	600	21	Above them all th' Arch Angel: but his face
1	601	21	Deep scars of Thunder had intrencht, and care
1	602	21	Sat on his faded cheek, but under Browes
1	603	21	Of dauntless courage, and considerate Pride
1	604	21	Waiting revenge: cruel his eye, but cast
1	605	21	Signs of remorse and passion to behold
1	606	21	The fellows of his crime, the followers rather
1	607	21	(Far other once beheld in bliss) condemn'd
1	608	21	For ever now to have thir lot in pain,
1	609	21	Millions of Spirits for his fault amerc't
1	610	21	Of Heav'n, and from Eternal Splendors flung
1	611	21	For his revolt, yet faithfull how they stood,
1	612	21	Thir Glory witherd. As when Heavens Fire
1	613	21	Hath scath'd the Forrest Oaks, or Mountain Pines,
1	614	21	With singed top thir stately growth though bare
1	615	21	Stands on the blasted Heath. He now prepar'd
1	616	21	To speak; whereat thir doubl'd Ranks they bend
1	617	21	From wing to wing, and half enclose him round
1	618	21	With all his Peers: attention held them mute.
1	619	21	Thrice he assayd, and thrice in spight of scorn,
1	620	21	Tears such as Angels weep, burst forth: at last [ 620 ]
1	621	21	Words interwove with sighs found out thir way.
1	622	23	O Myriads of immortal Spirits, O Powers
1	623	23	Matchless, but with th' Almighty, and that strife
1	624	23	Was not inglorious, though th' event was dire,
1	625	23	As this place testifies, and this dire change
1	626	23	Hateful to utter: but what power of mind
1	627	23	Foreseeing or presaging, from the Depth
1	628	23	Of knowledge past or present, could have fear'd,
1	629	23	How such united force of Gods, how such
1	630	23	As stood like these, could ever know repulse? [ 630 ]
1	631	23	For who can yet beleeve, though after loss,
1	632	23	That all these puissant Legions, whose exile
1	633	23	Hath emptied Heav'n, shall fail to re-ascend
1	634	23	Self-rais'd, and repossess thir native seat?
1	635	23	For mee be witness all the Host of Heav'n, [ 635 ]
1	636	23	If counsels different, or danger shun'd
1	637	23	By me, have lost our hopes. But he who reigns
1	638	23	Monarch in Heav'n, till then as one secure
1	639	23	Sat on his Throne, upheld by old repute,
1	640	23	Consent or custome, and his Regal State
1	641	23	Put forth at full, but still his strength conceal'd,
1	642	23	Which tempted our attempt, and wrought our fall.
1	643	23	Henceforth his might we know, and know our own
1	644	23	So as not either to provoke, or dread
1	645	23	New warr, provok't; our better part remains
1	646	23	To work in close design, by fraud or guile
1	647	23	What force effected not: that he no less
1	648	23	At length from us may find, who overcomes
1	649	23	By force, hath overcome but half his foe.
1	650	23	Space may produce new Worlds; whereof so rife [ 650 ]
1	651	23	There went a fame in Heav'n that he ere long
1	652	23	Intended to create, and therein plant
1	653	23	A generation, whom his choice regard
1	654	23	Should favour equal to the Sons of Heaven:
1	655	23	Thither, if but to pry, shall be perhaps [ 655 ]
1	656	23	Our first eruption, thither or elsewhere:
1	657	23	For this Infernal Pit shall never hold
1	658	23	Cælestial Spirits in Bondage, nor th' Abyss
1	659	23	Long under darkness cover. But these thoughts
1	660	23	Full Counsel must mature: Peace is despaird,
1	661	23	For who can think Submission? Warr then, Warr
1	662	23	Open or understood must be resolv'd.
1	663	25	He spake: and to confirm his words, out-flew
1	664	25	Millions of flaming swords, drawn from the thighs
1	665	25	Of mighty Cherubim; the sudden blaze
1	666	25	Far round illumin'd hell: highly they rag'd
1	667	25	Against the Highest, and fierce with grasped arms
1	668	25	Clash'd on thir sounding Shields the din of war,
1	669	25	Hurling defiance toward the vault of Heav'n.
1	670	27	There stood a Hill not far whose griesly top
1	671	27	Belch'd fire and rowling smoak; the rest entire
1	672	27	Shon with a glossie scurff, undoubted sign
1	673	27	That in his womb was hid metallic Ore,
1	674	27	The work of Sulphur. Thither wing'd with speed
1	675	27	A numerous Brigad hasten'd. As when Bands
1	676	27	Of Pioners with Spade and Pickax arm'd
1	677	27	Forerun the Royal Camp, to trench a Field,
1	678	27	Or cast a Rampart. Mammon led them on,
1	679	27	Mammon, the least erected Spirit that fell
1	680	27	From heav'n, for ev'n in heav'n his looks and thoughts
1	681	27	Were always downward bent, admiring more
1	682	27	The riches of Heav'ns pavement, trod'n Gold,
1	683	27	Then aught divine or holy else enjoy'd
1	684	27	In vision beatific: by him first
1	685	27	Men also, and by his suggestion taught,
1	686	27	Ransack'd the Center, and with impious hands
1	687	27	Rifl'd the bowels of thir mother Earth
1	688	27	For Treasures better hid. Soon had his crew
1	689	27	Op'nd into the Hill a spacious wound
1	690	27	And dig'd out ribs of Gold. Let none admire
1	691	27	That riches grow in Hell; that soyle may best
1	692	27	Deserve the precious bane. And here let those
1	693	27	Who boast in mortal things, and wond'ring tell
1	694	27	Of Babel, and the works of Memphian Kings
1	695	27	Learn how thir greatest Monuments of Fame,
1	696	27	And Strength and Art are easily out-done
1	697	27	By Spirits reprobate, and in an hour
1	698	27	What in an age they with incessant toyle
1	699	27	And hands innumerable scarce perform.
1	700	27	Nigh on the Plain in many cells prepar'd,
1	701	27	That underneath had veins of liquid fire
1	702	27	Sluc'd from the Lake, a second multitude
1	703	27	With wondrous Art found out the massie Ore,
1	704	27	Severing each kind, and scum'd the Bullion dross:
1	705	27	A third as soon had form'd within the ground
1	706	27	A various mould, and from the boyling cells
1	707	27	By strange conveyance fill'd each hollow nook,
1	708	27	As in an Organ from one blast of wind
1	709	27	To many a row of Pipes the sound-board breaths.
1	710	27	Anon out of the earth a Fabrick huge
1	711	27	Rose like an Exhalation, with the sound
1	712	27	Of Dulcet Symphonies and voices sweet,
1	713	27	Built like a Temple, where Pilasters round
1	714	27	Were set, and Doric pillars overlaid
1	715	27	With Golden Architrave; nor did there want
1	716	27	Cornice or Freeze, with bossy Sculptures grav'n,
1	717	27	The Roof was fretted Gold. Not Babilon,
1	718	27	Nor great Alcairo such magnificence
1	719	27	Equal'd in all thir glories, to inshrine
1	720	27	Belus or Serapis thir Gods, or seat
1	721	27	Thir Kings, when Ægypt with Assyria strove
1	722	27	In wealth and luxurie. Th' ascending pile
1	723	27	Stood fixt her stately highth, and strait the dores
1	724	27	Op'ning thir brazen foulds discover wide
1	725	27	Within, her ample spaces, o're the smooth
1	726	27	And level pavement: from the arched roof
1	727	27	Pendant by suttle Magic many a row
1	728	27	Of Starry Lamps and blazing Cressets fed
1	729	27	With Naphtha and Asphaltus yeilded light
1	730	27	As from a sky. The hasty multitude
1	731	27	Admiring enter'd, and the work some praise
1	732	27	And some the Architect: his hand was known
1	733	27	In Heav'n by many a Towred structure high,
1	734	27	Where Scepter'd Angels held thir residence,
1	735	27	And sat as Princes, whom the supreme King
1	736	27	Exalted to such power, and gave to rule,
1	737	27	Each in his Hierarchie, the Orders bright.
1	738	27	Nor was his name unheard or unador'd
1	739	27	In ancient Greece; and in Ausonian land
1	740	27	Men call'd him Mulciber; and how he fell
1	741	27	From Heav'n, they fabl'd, thrown by angry Jove
1	742	27	Sheer o're the Chrystal Battlements: from Morn
1	743	27	To Noon he fell, from Noon to dewy Eve,
1	744	27	A Summers day; and with the setting Sun
1	745	27	Dropt from the Zenith like a falling Star,
1	746	27	On Lemnos th' Ægean Ile: thus they relate,
1	747	27	Erring; for he with this rebellious rout
1	748	27	Fell long before; nor aught avail'd him now
1	749	27	To have built in Heav'n high Towrs; nor did he scape
1	750	27	By all his Engins, but was headlong sent
1	751	27	With his industrious crew to build in hell.
1	752	27	Mean while the winged Haralds by command
1	753	27	Of Sovran power, with awful Ceremony
1	754	27	And Trumpets sound throughout the Host proclaim
1	755	27	A solemn Councel forthwith to be held
1	756	27	At Pandæmonium, the high Capital
1	757	27	Of Satan and his Peers: thir summons call'd
1	758	27	From every Band and squared Regiment
1	759	27	By place or choice the worthiest; they anon
1	760	27	With hunderds and with thousands trooping came [ 760 ]
1	761	27	Attended: all access was throng'd, the Gates
1	762	27	And Porches wide, but chief the spacious Hall
1	763	27	(Though like a cover'd field, where Champions bold
1	764	27	Wont ride in arm'd, and at the Soldans chair
1	765	27	Defi'd the best of Paynim chivalry
1	766	27	To mortal combat or carreer with Lance)
1	767	27	Thick swarm'd, both on the ground and in the air,
1	768	27	Brusht with the hiss of russling wings. As Bees
1	769	27	In spring time, when the Sun with Taurus rides,
1	770	27	Pour forth thir populous youth about the Hive [ 770 ]
1	771	27	In clusters; they among fresh dews and flowers
1	772	27	Flie to and fro, or on the smoothed Plank,
1	773	27	The suburb of thir Straw-built Cittadel,
1	774	27	New rub'd with Baum, expatiate and confer
1	775	27	Thir State affairs. So thick the aerie crowd [ 775 ]
1	776	27	Swarm'd and were straitn'd; till the Signal giv'n.
1	777	27	Behold a wonder! they but now who seemd
1	778	27	In bigness to surpass Earths Giant Sons
1	779	27	Now less then smallest Dwarfs, in narrow room
1	780	27	Throng numberless, like that Pigmean Race
1	781	27	Beyond the Indian Mount, or Faerie Elves,
1	782	27	Whose midnight Revels, by a Forrest side
1	783	27	Or Fountain some belated Peasant sees,
1	784	27	Or dreams he sees, while over-head the Moon
1	785	27	Sits Arbitress, and neerer to the Earth
1	786	27	Wheels her pale course, they on thir mirth and dance
1	787	27	Intent, with jocond Music charm his ear;
1	788	27	At once with joy and fear his heart rebounds.
1	789	27	Thus incorporeal Spirits to smallest forms
1	790	27	Reduc'd thir shapes immense, and were at large,
1	791	27	Though without number still amidst the Hall
1	792	27	Of that infernal Court. But far within
1	793	27	And in thir own dimensions like themselves
1	794	27	The great Seraphic Lords and Cherubim
1	795	27	In close recess and secret conclave sat
1	796	27	A thousand Demy-Gods on golden seats,
1	797	27	Frequent and full. After short silence then
1	798	27	And summons read, the great consult began.
2	1	1	HIgh on a Throne of Royal State, which far
2	2	1	Outshon the wealth of Ormus and of Ind,
2	3	1	Or where the gorgeous East with richest hand
2	4	1	Showrs on her Kings Barbaric Pearl and Gold,
2	5	1	Satan exalted sat, by merit rais'd
2	6	1	To that bad eminence; and from despair
2	7	1	Thus high uplifted beyond hope, aspires
2	8	1	Beyond thus high, insatiate to pursue
2	9	1	Vain Warr with Heav'n, and by success untaught
2	10	1	His proud imaginations thus displaid.
2	11	3	Powers and Dominions, Deities of Heav'n,
2	12	3	For since no deep within her gulf can hold
2	13	3	Immortal vigor, though opprest and fall'n,
2	14	3	I give not Heav'n for lost. From this descent
2	15	3	Celestial vertues rising, will appear
2	16	3	More glorious and more dread then from no fall,
2	17	3	And trust themselves to fear no second fate:
2	18	3	Mee though just right, and the fixt Laws of Heav'n
2	19	3	Did first create your Leader, next free choice,
2	20	3	With what besides, in Counsel or in Fight,
2	21	3	Hath bin achievd of merit, yet this loss
2	22	3	Thus farr at least recover'd, hath much more
2	23	3	Establisht in a safe unenvied Throne
2	24	3	Yielded with full consent. The happier state
2	25	3	In Heav'n, which follows dignity, might draw
2	26	3	Envy from each inferior; but who here
2	27	3	Will envy whom the highest place exposes
2	28	3	Formost to stand against the Thunderers aim
2	29	3	Your bulwark, and condemns to greatest share
2	30	3	Of endless pain? where there is then no good
2	31	3	For which to strive, no strife can grow up there
2	32	3	From Faction; for none sure will claim in Hell
2	33	3	Precedence, none, whose portion is so small
2	34	3	Of present pain, that with ambitious mind
2	35	3	Will covet more. With this advantage then
2	36	3	To union, and firm Faith, and firm accord,
2	37	3	More then can be in Heav'n, we now return
2	38	3	To claim our just inheritance of old,
2	39	3	Surer to prosper then prosperity
2	40	3	Could have assur'd us; and by what best way,
2	41	3	Whether of open Warr or covert guile,
2	42	3	We now debate; who can advise, may speak.
2	43	5	He ceas'd, and next him Moloc, Scepter'd King
2	44	5	Stood up, the strongest and the fiercest Spirit
2	45	5	That fought in Heav'n; now fiercer by despair:
2	46	5	His trust was with th' Eternal to be deem'd
2	47	5	Equal in strength, and rather then be less
2	48	5	Care'd not to be at all; with that care lost
2	49	5	Went all his fear: of God, or Hell, or worse
2	50	5	He reck'd not, and these words thereafter spake.
2	51	7	My sentence is for open Warr: Of Wiles,
2	52	7	More unexpert, I boast not: them let those
2	53	7	Contrive who need, or when they need, not now.
2	54	7	For while they sit contriving, shall the rest,
2	55	7	Millions that stand in Arms, and longing wait
2	56	7	The Signal to ascend, sit lingring here
2	57	7	Heav'ns fugitives, and for thir dwelling place
2	58	7	Accept this dark opprobrious Den of shame,
2	59	7	The Prison of his Tyranny who Reigns
2	60	7	By our delay? no, let us rather choose
2	61	7	Arm'd with Hell flames and fury all at once
2	62	7	O're Heav'ns high Towrs to force resistless way,
2	63	7	Turning our Tortures into horrid Arms
2	64	7	Against the Torturer; when to meet the noise
2	65	7	Of his Almighty Engin he shall hear
2	66	7	Infernal Thunder, and for Lightning see
2	67	7	Black fire and horror shot with equal rage
2	68	7	Among his Angels; and his Throne it self
2	69	7	Mixt with Tartarean Sulphur, and strange fire,
2	70	7	His own invented Torments. But perhaps
2	71	7	The way seems difficult and steep to scale
2	72	7	With upright wing against a higher foe.
2	73	7	Let such bethink them, if the sleepy drench
2	74	7	Of that forgetful Lake benumm not still,
2	75	7	That in our proper motion we ascend
2	76	7	Up to our native seat: descent and fall
2	77	7	To us is adverse. Who but felt of late
2	78	7	When the fierce Foe hung on our brok'n Rear
2	79	7	Insulting, and pursu'd us through the Deep,
2	80	7	With what compulsion and laborious flight
2	81	7	We sunk thus low? Th' ascent is easie then;
2	82	7	Th' event is fear'd; should we again provoke
2	83	7	Our stronger, some worse way his wrath may find
2	84	7	To our destruction: if there be in Hell
2	85	7	Fear to be worse destroy'd: what can be worse
2	86	7	Then to dwell here, driv'n out from bliss, condemn'd
2	87	7	In this abhorred deep to utter woe;
2	88	7	Where pain of unextinguishable fire
2	89	7	Must exercise us without hope of end
2	90	7	The Vassals of his anger, when the Scourge
2	91	7	Inexorably, and the torturing hour
2	92	7	Calls us to Penance? More destroy'd then thus
2	93	7	We should be quite abolisht and expire.
2	94	7	What fear we then? what doubt we to incense
2	95	7	His utmost ire? which to the highth enrag'd,
2	96	7	Will either quite consume us, and reduce
2	97	7	To nothing this essential, happier farr
2	98	7	Then miserable to have eternal being:
2	99	7	Or if our substance be indeed Divine,
2	100	7	And cannot cease to be, we are at worst
2	101	7	On this side nothing; and by proof we feel
2	102	7	Our power sufficient to disturb his Heav'n,
2	103	7	And with perpetual inrodes to Allarme,
2	104	7	Though inaccessible, his fatal Throne:
2	105	7	Which if not Victory is yet Revenge.
2	106	9	He ended frowning, and his look denounc'd
2	107	9	Desperate revenge, and Battel dangerous
2	108	9	To less then Gods. On th' other side up rose
2	109	9	Belial, in act more graceful and humane;
2	110	9	A fairer person lost not Heav'n; he seemd
2	111	9	For dignity compos'd and high exploit:
2	112	9	But all was false and hollow; though his Tongue
2	113	9	Dropt Manna, and could make the worse appear
2	114	9	The better reason, to perplex and dash
2	115	9	Maturest Counsels: for his thoughts were low;
2	116	9	To vice industrious, but to Nobler deeds
2	117	9	Timorous and slothful: yet he pleas'd the ear,
2	118	9	And with perswasive accent thus began.
2	119	11	I should be much for open Warr, O Peers,
2	120	11	As not behind in hate; if what was urg'd
2	121	11	Main reason to persuade immediate Warr,
2	122	11	Did not disswade me most, and seem to cast
2	123	11	Ominous conjecture on the whole success:
2	124	11	When he who most excels in fact of Arms,
2	125	11	In what he counsels and in what excels
2	126	11	Mistrustful, grounds his courage on despair
2	127	11	And utter dissolution, as the scope
2	128	11	Of all his aim, after some dire revenge.
2	129	11	First, what Revenge? the Towrs of Heav'n are fill'd
2	130	11	With Armed watch, that render all access
2	131	11	Impregnable; oft on the bordering Deep
2	132	11	Encamp thir Legions, or with obscure wing
2	133	11	Scout farr and wide into the Realm of night,
2	134	11	Scorning surprize. Or could we break our way
2	135	11	By force, and at our heels all Hell should rise
2	136	11	With blackest Insurrection, to confound
2	137	11	Heav'ns purest Light, yet our great Enemy
2	138	11	All incorruptible would on his Throne
2	139	11	Sit unpolluted, and th' Ethereal mould
2	140	11	Incapable of stain would soon expel
2	141	11	Her mischief, and purge off the baser fire
2	142	11	Victorious. Thus repuls'd, our final hope
2	143	11	Is flat despair; we must exasperate
2	144	11	Th' Almighty Victor to spend all his rage,
2	145	11	And that must end us, that must be our cure,
2	146	11	To be no more; sad cure; for who would loose,
2	147	11	Though full of pain, this intellectual being,
2	148	11	Those thoughts that wander through Eternity,
2	149	11	To perish rather, swallowd up and lost
2	150	11	In the wide womb of uncreated night,
2	151	11	Devoid of sense and motion? and who knows,
2	152	11	Let this be good, whether our angry Foe
2	153	11	Can give it, or will ever? how he can
2	154	11	Is doubtful; that he never will is sure.
2	155	11	Will he, so wise, let loose at once his ire,
2	156	11	Belike through impotence, or unaware,
2	157	11	To give his Enemies thir wish, and end
2	158	11	Them in his anger, whom his anger saves
2	159	11	To punish endless? wherefore cease we then?
2	160	11	Say they who counsel Warr, we are decreed,
2	161	11	Reserv'd and destin'd to Eternal woe;
2	162	11	Whatever doing, what can we suffer more,
2	163	11	What can we suffer worse? is this then worst,
2	164	11	Thus sitting, thus consulting, thus in Arms?
2	165	11	What when we fled amain, pursu'd and strook
2	166	11	With Heav'ns afflicting Thunder, and besought
2	167	11	The Deep to shelter us? this Hell then seem'd
2	168	11	A refuge from those wounds: or when we lay
2	169	11	Chain'd on the burning Lake? that sure was worse.
2	170	11	What if the breath that kindl'd those grim fires
2	171	11	Awak'd should blow them into sevenfold rage
2	172	11	And plunge us in the flames? or from above
2	173	11	Should intermitted vengeance arm again
2	174	11	His red right hand to plague us? what if all
2	175	11	Her stores were open'd, and this Firmament
2	176	11	Of Hell should spout her Cataracts of Fire,
2	177	11	Impendent horrors, threatning hideous fall
2	178	11	One day upon our heads; while we perhaps
2	179	11	Designing or exhorting glorious warr,
2	180	11	Caught in a fierie Tempest shall be hurl'd
2	181	11	Each on his rock transfixt, the sport and prey
2	182	11	Of racking whirlwinds, or for ever sunk
2	183	11	Under yon boyling Ocean, wrapt in Chains;
2	184	11	There to converse with everlasting groans,
2	185	11	Unrespited, unpitied, unrepreevd,
2	186	11	Ages of hopeless end; this would be worse.
2	187	11	Warr therefore, open or conceal'd, alike
2	188	11	My voice disswades; for what can force or guile
2	189	11	With him, or who deceive his mind, whose eye
2	190	11	Views all things at one view? he from heav'ns highth
2	191	11	All these our motions vain, sees and derides;
2	192	11	Not more Almighty to resist our might
2	193	11	Then wise to frustrate all our plots and wiles.
2	194	11	Shall we then live thus vile, the race of Heav'n
2	195	11	Thus trampl'd, thus expell'd to suffer here
2	196	11	Chains and these Torments? better these then worse
2	197	11	By my advice; since fate inevitable
2	198	11	Subdues us, and Omnipotent Decree
2	199	11	The Victors will. To suffer, as to doe,
2	200	11	Our strength is equal, nor the Law unjust
2	201	11	That so ordains: this was at first resolv'd,
2	202	11	If we were wise, against so great a foe
2	203	11	Contending, and so doubtful what might fall.
2	204	11	I laugh, when those who at the Spear are bold
2	205	11	And vent'rous, if that fail them, shrink and fear
2	206	11	What yet they know must follow, to endure
2	207	11	Exile, or ignominy, or bonds, or pain,
2	208	11	The sentence of thir Conquerour: This is now
2	209	11	Our doom; which if we can sustain and bear,
2	210	11	Our Supream Foe in time may much remit
2	211	11	His anger, and perhaps thus farr remov'd
2	212	11	Not mind us not offending, satisfi'd
2	213	11	With what is punish't; whence these raging fires
2	214	11	Will slack'n, if his breath stir not thir flames.
2	215	11	Our purer essence then will overcome
2	216	11	Thir noxious vapour, or enur'd not feel,
2	217	11	Or chang'd at length, and to the place conformd
2	218	11	In temper and in nature, will receive
2	219	11	Familiar the fierce heat, and void of pain;
2	220	11	This horror will grow milde, this darkness light,
2	221	11	Besides what hope the never-ending flight
2	222	11	Of future dayes may bring, what chance, what change
2	223	11	Worth waiting, since our present lot appeers
2	224	11	For happy though but ill, for ill not worst,
2	225	11	If we procure not to our selves more woe.
2	226	13	Thus Belial with words cloath'd in reasons garb
2	227	13	Counsell'd ignoble ease, and peaceful sloath,
2	228	13	Not peace: and after him thus Mammon spake.
2	229	15	Either to disinthrone the King of Heav'n
2	230	15	We warr, if Warr be best, or to regain
2	231	15	Our own right lost: him to unthrone we then
2	232	15	May hope when everlasting Fate shall yeild
2	233	15	To fickle Chance, and Chaos judge the strife:
2	234	15	The former vain to hope argues as vain
2	235	15	The latter: for what place can be for us
2	236	15	Within Heav'ns bound, unless Heav'ns Lord supream
2	237	15	We overpower? Suppose he should relent
2	238	15	And publish Grace to all, on promise made
2	239	15	Of new Subjection; with what eyes could we
2	240	15	Stand in his presence humble, and receive
2	241	15	Strict Laws impos'd, to celebrate his Throne
2	242	15	With warbl'd Hymns, and to his Godhead sing
2	243	15	Forc't Halleluiah's; while he Lordly sits
2	244	15	Our envied Sovran, and his Altar breathes
2	245	15	Ambrosial Odours and Ambrosial Flowers,
2	246	15	Our servile offerings. This must be our task
2	247	15	In Heav'n, this our delight; how wearisom
2	248	15	Eternity so spent in worship paid
2	249	15	To whom we hate. Let us not then pursue
2	250	15	By force impossible, by leave obtain'd
2	251	15	Unacceptable, though in Heav'n, our state
2	252	15	Of splendid vassalage, but rather seek
2	253	15	Our own good from our selves, and from our own
2	254	15	Live to our selves, though in this vast recess,
2	255	15	Free, and to none accountable, preferring
2	256	15	Hard liberty before the easie yoke
2	257	15	Of servile Pomp. Our greatness will appeer
2	258	15	Then most conspicuous, when great things of small,
2	259	15	Useful of hurtful, prosperous of adverse
2	260	15	We can create, and in what place so e're
2	261	15	Thrive under evil, and work ease out of pain
2	262	15	Through labour and indurance. This deep world
2	263	15	Of darkness do we dread? How oft amidst
2	264	15	Thick clouds and dark doth Heav'ns all-ruling Sire
2	265	15	Choose to reside, his Glory unobscur'd,
2	266	15	And with the Majesty of darkness round
2	267	15	Covers his Throne; from whence deep thunders roar
2	268	15	Must'ring thir rage, and Heav'n resembles Hell?
2	269	15	As he our darkness, cannot we his Light
2	270	15	Imitate when we please? This Desart soile
2	271	15	Wants not her hidden lustre, Gemms and Gold;
2	272	15	Nor want we skill or Art, from whence to raise
2	273	15	Magnificence; and what can Heav'n shew more?
2	274	15	Our torments also may in length of time
2	275	15	Become our Elements, these piercing Fires
2	276	15	As soft as now severe, our temper chang'd
2	277	15	Into their temper; which must needs remove
2	278	15	The sensible of pain. All things invite
2	279	15	To peaceful Counsels, and the settl'd State
2	280	15	Of order, how in safety best we may
2	281	15	Compose our present evils, with regard
2	282	15	Of what we are and were, dismissing quite
2	283	15	All thoughts of warr: ye have what I advise.
2	284	17	He scarce had finisht, when such murmur filld
2	285	17	Th' Assembly, as when hollow Rocks retain
2	286	17	The sound of blustring winds, which all night long
2	287	17	Had rous'd the Sea, now with hoarse cadence lull
2	288	17	Sea-faring men orewatcht, whose Bark by chance
2	289	17	Or Pinnace anchors in a craggy Bay
2	290	17	After the Tempest: Such applause was heard
2	291	17	As Mammon ended, and his Sentence pleas'd,
2	292	17	Advising peace: for such another Field
2	293	17	They dreaded worse then Hell: so much the fear
2	294	17	Of Thunder and the Sword of Michael
2	295	17	Wrought still within them; and no less desire
2	296	17	To found this nether Empire, which might rise
2	297	17	By pollicy, and long process of time,
2	298	17	In emulation opposite to Heav'n.
2	299	17	Which when Beelzebub perceiv'd, then whom,
2	300	17	Satan except, none higher sat, with grave
2	301	17	Aspect he rose, and in his rising seem'd
2	302	17	A Pillar of State; deep on his Front engraven
2	303	17	Deliberation sat and public care;
2	304	17	And Princely counsel in his face yet shon,
2	305	17	Majestic though in ruin: sage he stood
2	306	17	With Atlantean shoulders fit to bear
2	307	17	The weight of mightiest Monarchies; his look
2	308	17	Drew audience and attention still as Night
2	309	17	Or Summers Noon-tide air, while thus he spake.
2	310	19	Thrones and Imperial Powers, off-spring of heav'n
2	311	19	Ethereal Vertues; or these Titles now
2	312	19	Must we renounce, and changing stile be call'd
2	313	19	Princes of Hell? for so the popular vote
2	314	19	Inclines, here to continue, and build up here
2	315	19	A growing Empire; doubtless; while we dream,
2	316	19	And know not that the King of Heav'n hath doom'd
2	317	19	This place our dungeon, not our safe retreat
2	318	19	Beyond his Potent arm, to live exempt
2	319	19	From Heav'ns high jurisdiction, in new League
2	320	19	Banded against his Throne, but to remaine
2	321	19	In strictest bondage, though thus far remov'd,
2	322	19	Under th' inevitable curb, reserv'd
2	323	19	His captive multitude: For he, be sure
2	324	19	In heighth or depth, still first and last will Reign
2	325	19	Sole King, and of his Kingdom loose no part
2	326	19	By our revolt, but over Hell extend
2	327	19	His Empire, and with Iron Scepter rule
2	328	19	Us here, as with his Golden those in Heav'n.
2	329	19	What sit we then projecting peace and Warr?
2	330	19	Warr hath determin'd us, and foild with loss
2	331	19	Irreparable; tearms of peace yet none
2	332	19	Voutsaf't or sought; for what peace will be giv'n
2	333	19	To us enslav'd, but custody severe,
2	334	19	And stripes, and arbitrary punishment
2	335	19	Inflicted? and what peace can we return,
2	336	19	But to our power hostility and hate,
2	337	19	Untam'd reluctance, and revenge though slow,
2	338	19	Yet ever plotting how the Conqueror least
2	339	19	May reap his conquest, and may least rejoyce
2	340	19	In doing what we most in suffering feel?
2	341	19	Nor will occasion want, nor shall we need
2	342	19	With dangerous expedition to invade
2	343	19	Heav'n, whose high walls fear no assault or Siege,
2	344	19	Or ambush from the Deep. What if we find
2	345	19	Some easier enterprize? There is a place
2	346	19	(If ancient and prophetic fame in Heav'n
2	347	19	Err not) another World, the happy seat
2	348	19	Of some new Race call'd Man, about this time
2	349	19	To be created like to us, though less
2	350	19	In power and excellence, but favour'd more
2	351	19	Of him who rules above; so was his will
2	352	19	Pronounc'd among the Gods, and by an Oath,
2	353	19	That shook Heav'ns whol circumference, confirm'd.
2	354	19	Thither let us bend all our thoughts, to learn
2	355	19	What creatures there inhabit, of what mould,
2	356	19	Or substance, how endu'd, and what thir Power,
2	357	19	And where thir weakness, how attempted best,
2	358	19	By force or suttlety: Though Heav'n be shut,
2	359	19	And Heav'ns high Arbitrator sit secure
2	360	19	In his own strength, this place may lye expos'd
2	361	19	The utmost border of his Kingdom, left
2	362	19	To their defence who hold it: here perhaps
2	363	19	Som advantagious act may be achiev'd
2	364	19	By sudden onset, either with Hell fire
2	365	19	To waste his whole Creation, or possess
2	366	19	All as our own, and drive as we were driven,
2	367	19	The punie habitants, or if not drive,
2	368	19	Seduce them to our Party, that thir God
2	369	19	May prove thir foe, and with repenting hand
2	370	19	Abolish his own works. This would surpass
2	371	19	Common revenge, and interrupt his joy
2	372	19	In our Confusion, and our Joy upraise
2	373	19	In his disturbance; when his darling Sons
2	374	19	Hurl'd headlong to partake with us, shall curse
2	375	19	Thir frail Original, and faded bliss,
2	376	19	Faded so soon. Advise if this be worth
2	377	19	Attempting, or to sit in darkness here
2	378	19	Hatching vain Empires. Thus Beelzebub
2	379	19	Pleaded his devilish Counsel, first devis'd
2	380	19	By Satan, and in part propos'd: for whence,
2	381	19	But from the Author of all ill could Spring
2	382	19	So deep a malice, to confound the race
2	383	19	Of mankind in one root, and Earth with Hell
2	384	19	To mingle and involve, done all to spite
2	385	19	The great Creatour? But thir spite still serves
2	386	19	His glory to augment. The bold design
2	387	19	Pleas'd highly those infernal States, and joy
2	388	19	Sparkl'd in all thir eyes; with full assent
2	389	19	They vote: whereat his speech he thus renews.
2	390	21	Well have ye judg'd, well ended long debate,
2	391	21	Synod of Gods, and like to what ye are,
2	392	21	Great things resolv'd; which from the lowest deep
2	393	21	Will once more lift us up, in spight of Fate,
2	394	21	Neerer our ancient Seat; perhaps in view
2	395	21	Of those bright confines, whence with neighbouring Arms
2	396	21	And opportune excursion we may chance
2	397	21	Re-enter Heav'n; or else in some milde Zone
2	398	21	Dwell not unvisited of Heav'ns fair Light
2	399	21	Secure, and at the brightning Orient beam
2	400	21	Purge off this gloom; the soft delicious Air,
2	401	21	To heal the scarr of these corrosive Fires
2	402	21	Shall breath her balme. But first whom shall we send
2	403	21	In search of this new world, whom shall we find
2	404	21	Sufficient? who shall tempt with wandring feet
2	405	21	The dark unbottom'd infinite Abyss
2	406	21	And through the palpable obscure find out
2	407	21	His uncouth way, or spread his aerie flight
2	408	21	Upborn with indefatigable wings
2	409	21	Over the vast abrupt, ere he arrive
2	410	21	The happy Ile; what strength, what art can then
2	411	21	Suffice, or what evasion bear him safe
2	412	21	Through the strict Senteries and Stations thick
2	413	21	Of Angels watching round? Here he had need
2	414	21	All circumspection, and we now no less
2	415	21	Choice in our suffrage; for on whom we send,
2	416	21	The weight of all and our last hope relies.
2	417	23	This said, he sat; and expectation held
2	418	23	His look suspence, awaiting who appeer'd
2	419	23	To second, or oppose, or undertake
2	420	23	The perilous attempt; but all sat mute,
2	421	23	Pondering the danger with deep thoughts; and each
2	422	23	In others count'nance read his own dismay
2	423	23	Astonisht: none among the choice and prime
2	424	23	Of those Heav'n-warring Champions could be found
2	425	23	So hardie as to proffer or accept
2	426	23	Alone the dreadful voyage; till at last
2	427	23	Satan, whom now transcendent glory rais'd
2	428	23	Above his fellows, with Monarchal pride
2	429	23	Conscious of highest worth, unmov'd thus spake.
2	430	25	O Progeny of Heav'n, Empyreal Thrones,
2	431	25	With reason hath deep silence and demurr
2	432	25	Seis'd us, though undismaid: long is the way
2	433	25	And hard, that out of Hell leads up to light;
2	434	25	Our prison strong, this huge convex of Fire,
2	435	25	Outrageous to devour, immures us round
2	436	25	Ninefold, and gates of burning Adamant
2	437	25	Barr'd over us prohibit all egress.
2	438	25	These past, if any pass, the void profound
2	439	25	Of unessential Night receives him next
2	440	25	Wide gaping, and with utter loss of being
2	441	25	Threatens him, plung'd in that abortive gulf.
2	442	25	If thence he scape into whatever world,
2	443	25	Or unknown Region, what remains him less
2	444	25	Then unknown dangers and as hard escape.
2	445	25	But I should ill become this Throne, O Peers,
2	446	25	And this Imperial Sov'ranty, adorn'd
2	447	25	With splendor, arm'd with power, if aught propos'd
2	448	25	And judg'd of public moment, in the shape
2	449	25	Of difficulty or danger could deterr
2	450	25	Mee from attempting. Wherefore do I assume
2	451	25	These Royalties, and not refuse to Reign,
2	452	25	Refusing to accept as great a share
2	453	25	Of hazard as of honour, due alike
2	454	25	To him who Reigns, and so much to him due
2	455	25	Of hazard more, as he above the rest
2	456	25	High honourd sits? Go therefore mighty Powers,
2	457	25	Terror of Heav'n, though fall'n; intend at home,
2	458	25	While here shall be our home, what best may ease
2	459	25	The present misery, and render Hell
2	460	25	More tollerable; if there be cure or charm
2	461	25	To respite or deceive, or slack the pain
2	462	25	Of this ill Mansion: intermit no watch
2	463	25	Against a wakeful Foe, while I abroad
2	464	25	Through all the Coasts of dark destruction seek
2	465	25	Deliverance for us all: this enterprize
2	466	25	None shall partake with me. Thus saying rose
2	467	25	The Monarch, and prevented all reply,
2	468	25	Prudent, least from his resolution rais'd
2	469	25	Others among the chief might offer now
2	470	25	(Certain to be refus'd) what erst they fear'd;
2	471	25	And so refus'd might in opinion stand
2	472	25	His Rivals, winning cheap the high repute
2	473	25	Which he through hazard huge must earn. But they
2	474	25	Dreaded not more th' adventure then his voice
2	475	25	Forbidding; and at once with him they rose;
2	476	25	Thir rising all at once was as the sound
2	477	25	Of Thunder heard remote. Towards him they bend
2	478	25	With awful reverence prone; and as a God
2	479	25	Extoll him equal to the highest in Heav'n:
2	480	25	Nor fail'd they to express how much they prais'd,
2	481	25	That for the general safety he despis'd
2	482	25	His own: for neither do the Spirits damn'd
2	483	25	Loose all thir vertue; least bad men should boast
2	484	25	Thir specious deeds on earth, which glory excites,
2	485	25	Or clos ambition varnisht o're with zeal.
2	486	25	Thus they thir doubtful consultations dark
2	487	25	Ended rejoycing in thir matchless Chief:
2	488	25	As when from mountain tops the dusky clouds
2	489	25	Ascending, while the North wind sleeps, O'respread
2	490	25	Heav'ns chearful face, the lowring Element
2	491	25	Scowls ore the dark'nd lantskip Snow, or showre;
2	492	25	If chance the radiant Sun with farewell sweet
2	493	25	Extend his ev'ning beam, the fields revive,
2	494	25	The birds thir notes renew, and bleating herds
2	495	25	Attest thir joy, that hill and valley rings.
2	496	25	O shame to men! Devil with Devil damn'd
2	497	25	Firm concord holds, men onely disagree
2	498	25	Of Creatures rational, though under hope
2	499	25	Of heavenly Grace; and God proclaiming peace,
2	500	25	Yet live in hatred, enmity, and strife
2	501	25	Among themselves, and levie cruel warres,
2	502	25	Wasting the Earth, each other to destroy:
2	503	25	As if (which might induce us to accord)
2	504	25	Man had not hellish foes anow besides,
2	505	25	That day and night for his destruction waite.
2	506	27	The Stygian Counsel thus dissolv'd; and forth
2	507	27	In order came the grand infernal Peers:
2	508	27	Midst came thir mighty Paramount, and seemd
2	509	27	Alone th' Antagonist of Heav'n, nor less
2	510	27	Than Hells dread Emperour with pomp Supream,
2	511	27	And God-like imitated State; him round
2	512	27	A Globe of fierie Seraphim inclos'd
2	513	27	With bright imblazonrie, and horrent Arms.
2	514	27	Then of thir Session ended they bid cry
2	515	27	With Trumpets regal sound the great result:
2	516	27	Toward the four winds four speedy Cherubim
2	517	27	Put to thir mouths the sounding Alchymie
2	518	27	By Haralds voice explain'd: the hollow Abyss
2	519	27	Heard farr and wide, and all the host of Hell
2	520	27	With deafning shout, return'd them loud acclaim.
2	521	27	Thence more at ease thir minds and somwhat rais'd
2	522	27	By false presumptuous hope, the ranged powers
2	523	27	Disband, and wandring, each his several way
2	524	27	Pursues, as inclination or sad choice
2	525	27	Leads him perplext, where he may likeliest find
2	526	27	Truce to his restless thoughts, and entertain
2	527	27	The irksom hours, till his great Chief return.
2	528	27	Part on the Plain, or in the Air sublime
2	529	27	Upon the wing, or in swift Race contend,
2	530	27	As at th' Olympian Games or Pythian fields;
2	531	27	Part curb thir fierie Steeds, or shun the Goal
2	532	27	With rapid wheels, or fronted Brigads form.
2	533	27	As when to warn proud Cities warr appears
2	534	27	Wag'd in the troubl'd Skie, and Armies rush
2	535	27	To Battel in the Clouds, before each Van
2	536	27	Prick forth the Aerie Knights, and couch thir Spears
2	537	27	Till thickest Legions close; with feats of Arms
2	538	27	From either end of Heav'n the welkin burns.
2	539	27	Others with vast Typhœan rage more fell
2	540	27	Rend up both Rocks and Hills, and ride the Air
2	541	27	In whirlwind; Hell scarce holds the wilde uproar.
2	542	27	As when Alcides from Oechalia Crown'd
2	543	27	With conquest, felt th' envenom'd robe, and tore
2	544	27	Through pain up by the roots Thessalian Pines,
2	545	27	And Lichas from the top of Oeta threw
2	546	27	Into th' Euboic Sea. Others more milde,
2	547	27	Retreated in a silent valley, sing
2	548	27	With notes Angelical to many a Harp
2	549	27	Thir own Heroic deeds and hapless fall
2	550	27	By doom of Battel; and complain that Fate
2	551	27	Free Vertue should enthrall to Force or Chance.
2	552	27	Thir Song was partial, but the harmony
2	553	27	(What could it less when Spirits immortal sing?)
2	554	27	Suspended Hell, and took with ravishment
2	555	27	The thronging audience. In discourse more sweet
2	556	27	(For Eloquence the Soul, Song charms the Sense,)
2	557	27	Others apart sat on a Hill retir'd,
2	558	27	In thoughts more elevate, and reason'd high
2	559	27	Of Providence, Foreknowledge, Will and Fate,
2	560	27	Fixt Fate, free will, foreknowledg absolute,
2	561	27	And found no end, in wandring mazes lost.
2	562	27	Of good and evil much they argu'd then,
2	563	27	Of happiness and final misery,
2	564	27	Passion and Apathie, and glory and shame,
2	565	27	Vain wisdom all, and false Philosophie:
2	566	27	Yet with a pleasing sorcerie could charm
2	567	27	Pain for a while or anguish, and excite
2	568	27	Fallacious hope, or arm th' obdured brest
2	569	27	With stubborn patience as with triple steel.
2	570	27	Another part in Squadrons and gross Bands,
2	571	27	On bold adventure to discover wide
2	572	27	That dismal world, if any Clime perhaps
2	573	27	Might yield them easier habitation, bend
2	574	27	Four ways thir flying March, along the Banks
2	575	27	Of four infernal Rivers that disgorge
2	576	27	Into the burning Lake thir baleful streams;
2	577	27	Abhorred Styx the flood of deadly hate,
2	578	27	Sad Acheron of sorrow, black and deep;
2	579	27	Cocytus, nam'd of lamentation loud
2	580	27	Heard on the ruful stream; fierce Phlegeton
2	581	27	Whose waves of torrent fire inflame with rage.
2	582	27	Farr off from these a slow and silent stream,
2	583	27	Lethe the River of Oblivion roules
2	584	27	Her watrie Labyrinth, whereof who drinks,
2	585	27	Forthwith his former state and being forgets,
2	586	27	Forgets both joy and grief, pleasure and pain.
2	587	27	Beyond this flood a frozen Continent
2	588	27	Lies dark and wilde, beat with perpetual storms
2	589	27	Of Whirlwind and dire Hail, which on firm land
2	590	27	Thaws not, but gathers heap, and ruin seems
2	591	27	Of ancient pile; all else deep snow and ice,
2	592	27	A gulf profound as that Serbonian Bog
2	593	27	Betwixt Damiata and Mount Casius old,
2	594	27	Where Armies whole have sunk: the parching Air
2	595	27	Burns frore, and cold performs th' effect of Fire.
2	596	27	Thither by harpy-footed Furies hail'd,
2	597	27	At certain revolutions all the damn'd
2	598	27	Are brought: and feel by turns the bitter change
2	599	27	Of fierce extreams, extreams by change more fierce,
2	600	27	From Beds of raging Fire to starve in Ice
2	601	27	Thir soft Ethereal warmth, and there to pine
2	602	27	Immovable, infixt, and frozen round,
2	603	27	Periods of time, thence hurried back to fire.
2	604	27	They ferry over this Lethean Sound
2	605	27	Both to and fro, thir sorrow to augment,
2	606	27	And wish and struggle, as they pass, to reach
2	607	27	The tempting stream, with one small drop to loose
2	608	27	In sweet forgetfulness all pain and woe,
2	609	27	All in one moment, and so neer the brink;
2	610	27	But fate withstands, and to oppose th' attempt
2	611	27	Medusa with Gorgonian terror guards
2	612	27	The Ford, and of it self the water flies
2	613	27	All taste of living wight, as once it fled
2	614	27	The lip of Tantalus. Thus roving on
2	615	27	In confus'd march forlorn, th' adventrous Bands
2	616	27	With shuddring horror pale, and eyes agast
2	617	27	View'd first thir lamentable lot, and found
2	618	27	No rest: through many a dark and drearie Vaile
2	619	27	They pass'd, and many a Region dolorous,
2	620	27	O'er many a Frozen, many a fierie Alpe,
2	621	27	Rocks, Caves, Lakes, Fens, Bogs, Dens, and shades of death,
2	622	27	A Universe of death, which God by curse
2	623	27	Created evil, for evil only good,
2	624	27	Where all life dies, death lives, and Nature breeds,
2	625	27	Perverse, all monstrous, all prodigious things,
2	626	27	Abominable, inutterable, and worse
2	627	27	Then Fables yet have feign'd, or fear conceiv'd,
2	628	27	Gorgons and Hydra's, and Chimera's dire.
2	629	29	Mean while the Adversary of God and Man,
2	630	29	Satan with thoughts inflam'd of highest design,
2	631	29	Puts on swift wings, and towards the Gates of Hell
2	632	29	Explores his solitary flight; som times
2	633	29	He scours the right hand coast, som times the left,
2	634	29	Now shaves with level wing the Deep, then soares
2	635	29	Up to the fiery Concave touring high.
2	636	29	As when farr off at Sea a Fleet descri'd
2	637	29	Hangs in the Clouds, by Æquinoctial Winds
2	638	29	Close sailing from Bengala, or the Iles
2	639	29	Of Ternate and Tidore, whence Merchants bring
2	640	29	Thir spicie Drugs: they on the Trading Flood
2	641	29	Through the wide Ethiopian to the Cape
2	642	29	Ply stemming nightly toward the Pole. So seem'd
2	643	29	Farr off the flying Fiend: at last appeer
2	644	29	Hell bounds high reaching to the horrid Roof,
2	645	29	And thrice threefold the Gates; three folds were Brass,
2	646	29	Three Iron, three of Adamantine Rock,
2	647	29	Impenetrable, impal'd with circling fire,
2	648	29	Yet unconsum'd. Before the Gates there sat
2	649	29	On either side a formidable shape;
2	650	29	The one seem'd Woman to the waste, and fair,
2	651	29	But ended foul in many a scaly fould
2	652	29	Voluminous and vast, a Serpent arm'd
2	653	29	With mortal sting: about her middle round
2	654	29	A cry of Hell Hounds never ceasing bark'd
2	655	29	With wide Cerberian mouths full loud, and rung
2	656	29	A hideous Peal: yet, when they list, would creep,
2	657	29	If aught disturb'd thir noyse, into her woomb,
2	658	29	And kennel there, yet there still bark'd and howl'd
2	659	29	Within unseen. Farr less abhorrd than these
2	660	29	Vex'd Scylla bathing in the Sea that parts
2	661	29	Calabria from the hoarse Trinacrian shore:
2	662	29	Nor uglier follow the Night-Hag, when call'd
2	663	29	In secret, riding through the Air she comes
2	664	29	Lur'd with the smell of infant blood, to dance
2	665	29	With Lapland Witches, while the labouring Moon
2	666	29	Eclipses at thir charms. The other shape,
2	667	29	If shape it might be call'd that shape had none
2	668	29	Distinguishable in member, joynt, or limb,
2	669	29	Or substance might be call'd that shadow seem'd,
2	670	29	For each seem'd either; black it stood as Night,
2	671	29	Fierce as ten Furies, terrible as Hell,
2	672	29	And shook a dreadful Dart; what seem'd his head
2	673	29	The likeness of a Kingly Crown had on.
2	674	29	Satan was now at hand, and from his seat
2	675	29	The Monster moving onward came as fast
2	676	29	With horrid strides, Hell trembled as he strode.
2	677	29	Th' undaunted Fiend what this might be admir'd,
2	678	29	Admir'd, not fear'd; God and his Son except,
2	679	29	Created thing naught valu'd he nor shun'd
2	680	29	And with disdainful look thus first began.
2	681	31	Whence and what art thou, execrable shape,
2	682	31	That dar'st, though grim and terrible, advance
2	683	31	Thy miscreated Front athwart my way
2	684	31	To yonder Gates? through them I mean to pass,
2	685	31	That be assured, without leave askt of thee:
2	686	31	Retire, or taste thy folly, and learn by proof,
2	687	31	Hell-born, not to contend with Spirits of Heav'n.
2	688	33	To whom the Goblin full of wrauth reply'd,
2	689	33	Art thou that Traitor Angel, art thou hee,
2	690	33	Who first broke peace in Heav'n and Faith, till then
2	691	33	Unbrok'n, and in proud rebellious Arms
2	692	33	Drew after him the third part of Heav'ns Sons
2	693	33	Conjur'd against the highest, for which both Thou
2	694	33	And they outcast from God, are here condemn'd
2	695	33	To waste Eternal dayes in woe and pain?
2	696	33	And reck'n'st thou thy self with Spirits of Heav'n,
2	697	33	Hell-doom'd, and breath'st defiance here and scorn
2	698	33	Where I reign King, and to enrage thee more,
2	699	33	Thy King and Lord? Back to thy punishment,
2	700	33	False fugitive, and to thy speed add wings,
2	701	33	Least with a whip of Scorpions I pursue
2	702	33	Thy lingring, or with one stroke of this Dart
2	703	33	Strange horror seise thee, and pangs unfelt before.
2	704	35	So spake the grieslie terror, and in shape,
2	705	35	So speaking and so threatning, grew tenfold
2	706	35	More dreadful and deform: on th' other side
2	707	35	Incenst with indignation Satan stood
2	708	35	Unterrifi'd, and like a Comet burn'd,
2	709	35	That fires the length of Ophiucus huge
2	710	35	In th' Artick Sky, and from his horrid hair
2	711	35	Shakes Pestilence and Warr. Each at the Head
2	712	35	Level'd his deadly aime; thir fatall hands
2	713	35	No second stroke intend, and such a frown
2	714	35	Each cast at th' other, as when two black Clouds
2	715	35	With Heav'ns Artillery fraught, come rattling on
2	716	35	Over the Caspian, then stand front to front
2	717	35	Hov'ring a space, till Winds the signal blow
2	718	35	To join thir dark Encounter in mid air:
2	719	35	So frownd the mighty Combatants, that Hell
2	720	35	Grew darker at thir frown, so matcht they stood;
2	721	35	For never but once more was either like
2	722	35	To meet so great a foe: and now great deeds
2	723	35	Had been achiev'd, whereof all Hell had rung,
2	724	35	Had not the Snakie Sorceress that sat
2	725	35	Fast by Hell Gate, and kept the fatal Key,
2	726	35	Ris'n, and with hideous outcry rush'd between.
2	727	37	O Father, what intends thy hand, she cry'd,
2	728	37	Against thy only Son? What fury O Son,
2	729	37	Possesses thee to bend that mortal Dart
2	730	37	Against thy Fathers head? and know'st for whom;
2	731	37	For him who sits above and laughs the while
2	732	37	At thee ordain'd his drudge, to execute
2	733	37	What e're his wrath, which he calls Justice, bids,
2	734	37	His wrath which one day will destroy ye both.
2	735	39	She spake, and at her words the hellish Pest
2	736	39	Forbore, then these to her Satan return'd:
2	737	41	So strange thy outcry, and thy words so strange
2	738	41	Thou interposest, that my sudden hand
2	739	41	Prevented spares to tell thee yet by deeds
2	740	41	What it intends; till first I know of thee,
2	741	41	What thing thou art, thus double-form'd, and why
2	742	41	In this infernal Vaile first met thou call'st
2	743	41	Me Father, and that Fantasm call'st my Son?
2	744	41	I know thee not, nor ever saw till now
2	745	41	Sight more detestable then him and thee.
2	746	43	T' whom thus the Portress of Hell Gate reply'd;
2	747	43	Hast thou forgot me then, and do I seem
2	748	43	Now in thine eye so foul, once deemd so fair
2	749	43	In Heav'n, when at th' Assembly, and in sight
2	750	43	Of all the Seraphim with thee combin'd
2	751	43	In bold conspiracy against Heav'ns King,
2	752	43	All on a sudden miserable pain
2	753	43	Surprisd thee, dim thine eyes, and dizzie swumm
2	754	43	In darkness, while thy head flames thick and fast
2	755	43	Threw forth, till on the left side op'ning wide,
2	756	43	Likest to thee in shape and count'nance bright,
2	757	43	Then shining Heav'nly fair, a Goddess arm'd
2	758	43	Out of thy head I sprung; amazement seis'd
2	759	43	All th' Host of Heav'n back they recoild affraid
2	760	43	At first, and call'd me Sin, and for a Sign
2	761	43	Portentous held me; but familiar grown,
2	762	43	I pleas'd, and with attractive graces won
2	763	43	The most averse, thee chiefly, who full oft
2	764	43	Thy self in me thy perfect image viewing
2	765	43	Becam'st enamour'd, and such joy thou took'st
2	766	43	With me in secret, that my womb conceiv'd
2	767	43	A growing burden. Mean while Warr arose,
2	768	43	And fields were fought in Heav'n; wherein remaind
2	769	43	(For what could else) to our Almighty Foe
2	770	43	Cleer Victory, to our part loss and rout
2	771	43	Through all the Empyrean: down they fell
2	772	43	Driv'n headlong from the Pitch of Heaven, down
2	773	43	Into this Deep, and in the general fall
2	774	43	I also; at which time this powerful Key
2	775	43	Into my hand was giv'n, with charge to keep
2	776	43	These Gates for ever shut, which none can pass
2	777	43	Without my op'ning. Pensive here I sat
2	778	43	Alone, but long I sat not, till my womb
2	779	43	Pregnant by thee, and now excessive grown
2	780	43	Prodigious motion felt and rueful throes.
2	781	43	At last this odious offspring whom thou seest
2	782	43	Thine own begotten, breaking violent way
2	783	43	Tore through my entrails, that with fear and pain
2	784	43	Distorted, all my nether shape thus grew
2	785	43	Transform'd: but he my inbred enemie
2	786	43	Forth issu'd, brandishing his fatal Dart
2	787	43	Made to destroy: I fled, and cry'd out Death;
2	788	43	Hell trembl'd at the hideous Name, and sigh'd
2	789	43	From all her Caves, and back resounded Death.
2	790	43	I fled, but he pursu'd (though more, it seems,
2	791	43	Inflam'd with lust then rage) and swifter far,
2	792	43	Mee overtook his mother all dismaid,
2	793	43	And in embraces forcible and foule
2	794	43	Ingendring with me, of that rape begot
2	795	43	These yelling Monsters that with ceasless cry
2	796	43	Surround me, as thou sawst, hourly conceiv'd
2	797	43	And hourly born, with sorrow infinite
2	798	43	To me, for when they list into the womb
2	799	43	That bred them they return, and howle and gnaw
2	800	43	My Bowels, thir repast; then bursting forth
2	801	43	A fresh with conscious terrours vex me round,
2	802	43	That rest or intermission none I find.
2	803	43	Before mine eyes in opposition sits
2	804	43	Grim Death my Son and foe, who sets them on,
2	805	43	And me his Parent would full soon devour
2	806	43	For want of other prey, but that he knows
2	807	43	His end with mine involvd; and knows that I
2	808	43	Should prove a bitter Morsel, and his bane,
2	809	43	Whenever that shall be; so Fate pronounc'd.
2	810	43	But thou O Father, I forewarn thee, shun
2	811	43	His deadly arrow; neither vainly hope
2	812	43	To be invulnerable in those bright Arms,
2	813	43	Though temper'd heav'nly, for that mortal dint,
2	814	43	Save he who reigns above, none can resist.
2	815	45	She finish'd, and the suttle Fiend his lore
2	816	45	Soon learnd, now milder, and thus answerd smooth.
2	817	45	Dear Daughter, since thou claim'st me for thy Sire,
2	818	45	And my fair Son here showst me, the dear pledge
2	819	45	Of dalliance had with thee in Heav'n, and joys
2	820	45	Then sweet, now sad to mention, through dire change
2	821	45	Befalln us unforeseen, unthought of, know
2	822	45	I come no enemie, but to set free
2	823	45	From out this dark and dismal house of pain,
2	824	45	Both him and thee, and all the heav'nly Host
2	825	45	Of Spirits that in our just pretenses arm'd
2	826	45	Fell with us from on high: from them I go
2	827	45	This uncouth errand sole, and one for all
2	828	45	Myself expose, with lonely steps to tread
2	829	45	Th' unfounded deep, and through the void immense
2	830	45	To search with wandring quest a place foretold
2	831	45	Should be, and, by concurring signs, ere now
2	832	45	Created vast and round, a place of bliss
2	833	45	In the Purlieues of Heav'n, and therein plac't
2	834	45	A race of upstart Creatures, to supply
2	835	45	Perhaps our vacant room, though more remov'd,
2	836	45	Least Heav'n surcharg'd with potent multitude
2	837	45	Might hap to move new broiles: Be this or aught
2	838	45	Then this more secret now design'd, I haste
2	839	45	To know, and this once known, shall soon return,
2	840	45	And bring ye to the place where Thou and Death
2	841	45	Shall dwell at ease, and up and down unseen
2	842	45	Wing silently the buxom Air, imbalm'd
2	843	45	With odours; there ye shall be fed and fill'd
2	844	45	Immeasurably, all things shall be your prey.
2	845	45	He ceas'd, for both seem'd highly pleasd, and Death
2	846	45	Grinnd horrible a gastly smile, to hear
2	847	45	His famine should be fill'd, and blest his mawe
2	848	45	Destin'd to that good hour: no less rejoyc'd
2	849	45	His mother bad, and thus bespake her Sire.
2	850	47	The key of this infernal Pit by due,
2	851	47	And by command of Heav'ns all-powerful King
2	852	47	I keep, by him forbidden to unlock
2	853	47	These Adamantine Gates; against all force
2	854	47	Death ready stands to interpose his dart,
2	855	47	Fearless to be o'rmatcht by living might.
2	856	47	But what ow I to his commands above
2	857	47	Who hates me, and hath hither thrust me down
2	858	47	Into this gloom of Tartarus profound,
2	859	47	To sit in hateful Office here confin'd,
2	860	47	Inhabitant of Heav'n, and heav'nlie-born,
2	861	47	Here in perpetual agonie and pain,
2	862	47	With terrors and with clamors compasst round
2	863	47	Of mine own brood, that on my bowels feed:
2	864	47	Thou art my Father, thou my Author, thou
2	865	47	My being gav'st me; whom should I obey
2	866	47	But thee, whom follow? thou wilt bring me soon
2	867	47	To that new world of light and bliss, among
2	868	47	The Gods who live at ease, where I shall Reign
2	869	47	At thy right hand voluptuous, as beseems
2	870	47	Thy daughter and thy darling, without end.
2	871	49	Thus saying, from her side the fatal Key,
2	872	49	Sad instrument of all our woe, she took;
2	873	49	And towards the Gate rouling her bestial train,
2	874	49	Forthwith the huge Porcullis high up drew,
2	875	49	Which but her self not all the Stygian powers
2	876	49	Could once have mov'd; then in the key-hole turns
2	877	49	Th' intricate wards, and every Bolt and Bar
2	878	49	Of massie Iron or sollid Rock with ease
2	879	49	Unfast'ns: on a sudden op'n flie
2	880	49	With impetuous recoile and jarring sound
2	881	49	Th' infernal dores, and on thir hinges grate
2	882	49	Harsh Thunder, that the lowest bottom shook
2	883	49	Of Erebus. She op'nd, but to shut
2	884	49	Excel'd her power; the Gates wide op'n stood,
2	885	49	That with extended wings a Bannerd Host
2	886	49	Under spread Ensigns marching might pass through
2	887	49	With Horse and Chariots rankt in loose array;
2	888	49	So wide they stood, and like a Furnace mouth
2	889	49	Cast forth redounding smoak and ruddy flame.
2	890	49	Before thir eyes in sudden view appear
2	891	49	The secrets of the hoarie deep, a dark
2	892	49	Illimitable Ocean without bound,
2	893	49	Without dimension, where length, breadth, & highth,
2	894	49	And time and place are lost; where eldest Night
2	895	49	And Chaos, Ancestors of Nature, hold
2	896	49	Eternal Anarchie, amidst the noise
2	897	49	Of endless Warrs, and by confusion stand.
2	898	49	For hot, cold, moist, and dry, four Champions fierce
2	899	49	Strive here for Maistrie, and to Battel bring
2	900	49	Thir embryon Atoms; they around the flag
2	901	49	Of each his faction, in thir several Clanns,
2	902	49	Light-arm'd or heavy, sharp, smooth, swift or slow,
2	903	49	Swarm populous, unnumber'd as the Sands
2	904	49	Of Barca or Cyrene's torrid soil,
2	905	49	Levied to side with warring Winds, and poise
2	906	49	Thir lighter wings. To whom these most adhere,
2	907	49	Hee rules a moment; Chaos Umpire sits,
2	908	49	And by decision more imbroiles the fray
2	909	49	By which he Reigns: next him high Arbiter
2	910	49	Chance governs all. Into this wilde Abyss,
2	911	49	The Womb of nature and perhaps her Grave,
2	912	49	Of neither Sea, nor Shore, nor Air, nor Fire,
2	913	49	But all these in thir pregnant causes mixt
2	914	49	Confus'dly, and which thus must ever fight,
2	915	49	Unless th' Almighty Maker them ordain
2	916	49	His dark materials to create more Worlds,
2	917	49	Into this wild Abyss the warie fiend
2	918	49	Stood on the brink of Hell and look'd a while,
2	919	49	Pondering his Voyage: for no narrow frith
2	920	49	He had to cross. Nor was his eare less peal'd
2	921	49	With noises loud and ruinous (to compare
2	922	49	Great things with small) then when Bellona storms,
2	923	49	With all her battering Engines bent to rase
2	924	49	Som Capital City; or less then if this frame
2	925	49	Of Heav'n were falling, and these Elements
2	926	49	In mutinie had from her Axle torn
2	927	49	The stedfast Earth. At last his Sail-broad Vannes
2	928	49	He spreads for flight, and in the surging smoak
2	929	49	Uplifted spurns the ground, thence many a League
2	930	49	As in a cloudy Chair ascending rides
2	931	49	Audacious, but that seat soon failing, meets
2	932	49	A vast vacuitie: all unawares
2	933	49	Fluttring his pennons vain plumb down he drops
2	934	49	Ten thousand fadom deep, and to this hour
2	935	49	Down had been falling, had not by ill chance
2	936	49	The strong rebuff of som tumultuous cloud
2	937	49	Instinct with Fire and Nitre hurried him
2	938	49	As many miles aloft: that furie stay'd,
2	939	49	Quencht in a Boggy Syrtis, neither Sea,
2	940	49	Nor good dry Land: nigh founderd on he fares,
2	941	49	Treading the crude consistence, half on foot,
2	942	49	Half flying; behoves him now both Oare and Saile.
2	943	49	As when a Gryfon through the Wilderness
2	944	49	With winged course ore Hill or moarie Dale,
2	945	49	Pursues the Arimaspian, who by stelth
2	946	49	Had from his wakeful custody purloind
2	947	49	The guarded Gold: So eagerly the fiend
2	948	49	Ore bog or steep, through strait, rough, dense, or rare,
2	949	49	With head, hands, wings, or feet pursues his way,
2	950	49	And swims or sinks, or wades, or creeps, or flyes:
2	951	49	At length a universal hubbub wilde
2	952	49	Of stunning sounds and voices all confus'd
2	953	49	Borne through the hollow dark assaults his eare
2	954	49	With loudest vehemence: thither he plyes,
2	955	49	Undaunted to meet there what ever power
2	956	49	Or Spirit of the nethermost Abyss
2	957	49	Might in that noise reside, of whom to ask
2	958	49	Which way the neerest coast of darkness lyes
2	959	49	Bordering on light; when strait behold the Throne
2	960	49	Of Chaos, and his dark Pavilion spread
2	961	49	Wide on the wasteful Deep; with him Enthron'd
2	962	49	Sat Sable-vested Night, eldest of things,
2	963	49	The Consort of his Reign; and by them stood
2	964	49	Orcus and Ades, and the dreaded name
2	965	49	Of Demogorgon; Rumor next and Chance,
2	966	49	And Tumult and Confusion all imbroild,
2	967	49	And Discord with a thousand various mouths.
2	968	51	T' whom Satan turning boldly, thus. Ye Powers
2	969	51	And Spirits of this nethermost Abyss,
2	970	51	Chaos and ancient Night, I come no Spy,
2	971	51	With purpose to explore or to disturb
2	972	51	The secrets of your Realm, but by constraint
2	973	51	Wandring this darksome Desart, as my way
2	974	51	Lies through your spacious Empire up to light,
2	975	51	Alone, and without guide, half lost, I seek
2	976	51	What readiest path leads where your gloomie bounds
2	977	51	Confine with Heav'n; or if som other place
2	978	51	From your Dominion won, th' Ethereal King
2	979	51	Possesses lately, thither to arrive
2	980	51	I travel this profound, direct my course;
2	981	51	Directed no mean recompence it brings
2	982	51	To your behoof, if I that Region lost,
2	983	51	All usurpation thence expell'd, reduce
2	984	51	To her original darkness and your sway
2	985	51	(Which is my present journey) and once more
2	986	51	Erect the Standard there of ancient Night;
2	987	51	Yours be th' advantage all, mine the revenge.
2	988	53	Thus Satan; and him thus the Anarch old
2	989	53	With faultring speech and visage incompos'd
2	990	53	Answer'd. I know thee, stranger, who thou art,
2	991	53	That mighty leading Angel, who of late
2	992	53	Made head against Heav'ns King, though overthrown.
2	993	53	I saw and heard, for such a numerous Host
2	994	53	Fled not in silence through the frighted deep
2	995	53	With ruin upon ruin, rout on rout,
2	996	53	Confusion worse confounded; and Heav'n Gates
2	997	53	Pourd out by millions her victorious Bands
2	998	53	Pursuing. I upon my Frontieres here
2	999	53	Keep residence; if all I can will serve,
2	1000	53	That little which is left so to defend
2	1001	53	Encroacht on still through our intestine broiles
2	1002	53	Weakning the Scepter of old Night: first Hell
2	1003	53	Your dungeon stretching far and wide beneath;
2	1004	53	Now lately Heaven and Earth, another World
2	1005	53	Hung ore my Realm, link'd in a golden Chain
2	1006	53	To that side Heav'n from whence your Legions fell:
2	1007	53	If that way be your walk, you have not farr;
2	1008	53	So much the neerer danger; go and speed;
2	1009	53	Havock and spoil and ruin are my gain.
2	1010	55	He ceas'd; and Satan staid not to reply,
2	1011	55	But glad that now his Sea should find a shore,
2	1012	55	With fresh alacritie and force renew'd
2	1013	55	Springs upward like a Pyramid of fire
2	1014	55	Into the wilde expanse, and through the shock
2	1015	55	Of fighting Elements, on all sides round
2	1016	55	Environ'd wins his way; harder beset
2	1017	55	And more endanger'd, then when Argo pass'd
2	1018	55	Through Bosporus betwixt the justling Rocks:
2	1019	55	Or when Ulysses on the Larbord shunnd
2	1020	55	Charybdis, and by th' other whirlpool steard.
2	1021	55	So he with difficulty and labour hard
2	1022	55	Mov'd on, with difficulty and labour hee;
2	1023	55	But hee once past, soon after when man fell,
2	1024	55	Strange alteration! Sin and Death amain
2	1025	55	Following his track, such was the will of Heav'n,
2	1026	55	Pav'd after him a broad and beat'n way
2	1027	55	Over the dark Abyss, whose boiling Gulf
2	1028	55	Tamely endur'd a Bridge of wondrous length
2	1029	55	From Hell continu'd reaching th' utmost Orbe
2	1030	55	Of this frail World; by which the Spirits perverse
2	1031	55	With easie intercourse pass to and fro
2	1032	55	To tempt or punish mortals, except whom
2	1033	55	God and good Angels guard by special grace.
2	1034	55	But now at last the sacred influence
2	1035	55	Of light appears, and from the walls of Heav'n
2	1036	55	Shoots farr into the bosom of dim Night
2	1037	55	A glimmering dawn; here Nature first begins
2	1038	55	Her fardest verge, and Chaos to retire
2	1039	55	As from her outmost works a brok'n foe
2	1040	55	With tumult less and with less hostile din,
2	1041	55	That Satan with less toil, and now with ease
2	1042	55	Wafts on the calmer wave by dubious light
2	1043	55	And like a weather-beaten Vessel holds
2	1044	55	Gladly the Port, though Shrouds and Tackle torn;
2	1045	55	Or in the emptier waste, resembling Air,
2	1046	55	Weighs his spread wings, at leasure to behold
2	1047	55	Farr off th' Empyreal Heav'n, extended wide
2	1048	55	In circuit, undetermind square or round,
2	1049	55	With Opal Towrs and Battlements adorn'd
2	1050	55	Of living Saphire, once his native Seat;
2	1051	55	And fast by hanging in a golden Chain
2	1052	55	This pendant world, in bigness as a Starr
2	1053	55	Of smallest Magnitude close by the Moon.
2	1054	55	Thither full fraught with mischievous revenge,
2	1055	55	Accurst, and in a cursed hour he hies.
3	1	1	HAil holy light, ofspring of Heav'n first-born,
3	2	1	Or of th' Eternal Coeternal beam
3	3	1	May I express thee unblam'd? since God is light,
3	4	1	And never but in unapproached light
3	5	1	Dwelt from Eternitie, dwelt then in thee,
3	6	1	Bright effluence of bright essence increate.
3	7	1	Or hear'st thou rather pure Ethereal stream,
3	8	1	Whose Fountain who shall tell? before the Sun,
3	9	1	Before the Heavens thou wert, and at the voice
3	10	1	Of God, as with a Mantle didst invest
3	11	1	The rising world of waters dark and deep,
3	12	1	Won from the void and formless infinite.
3	13	1	Thee I re-visit now with bolder wing,
3	14	1	Escap't the Stygian Pool, though long detain'd
3	15	1	In that obscure sojourn, while in my flight
3	16	1	Through utter and through middle darkness borne
3	17	1	With other notes then to th' Orphean Lyre
3	18	1	I sung of Chaos and Eternal Night,
3	19	1	Taught by the heav'nly Muse to venture down
3	20	1	The dark descent, and up to reascend,
3	21	1	Though hard and rare: thee I revisit safe,
3	22	1	And feel thy sovran vital Lamp; but thou
3	23	1	Revisit'st not these eyes, that rowle in vain
3	24	1	To find thy piercing ray, and find no dawn;
3	25	1	So thick a drop serene hath quencht thir Orbs,
3	26	1	Or dim suffusion veild. Yet not the more
3	27	1	Cease I to wander where the Muses haunt
3	28	1	Cleer Spring, or shadie Grove, or Sunnie Hill,
3	29	1	Smit with the love of sacred Song; but chief
3	30	1	Thee Sion and the flowrie Brooks beneath
3	31	1	That wash thy hallowd feet, and warbling flow,
3	32	1	Nightly I visit: nor somtimes forget
3	33	1	Those other two equal'd with me in Fate,
3	34	1	So were I equal'd with them in renown,
3	35	1	Blind Thamyris and blind Mæonides,
3	36	1	And Tiresias and Phineus Prophets old.
3	37	1	Then feed on thoughts, that voluntarie move
3	38	1	Harmonious numbers; as the wakeful Bird
3	39	1	Sings darkling, and in shadiest Covert hid
3	40	1	Tunes her nocturnal Note. Thus with the Year
3	41	1	Seasons return, but not to me returns
3	42	1	Day, or the sweet approach of Ev'n or Morn,
3	43	1	Or sight of vernal bloom, or Summers Rose,
3	44	1	Or flocks, or heards, or human face divine;
3	45	1	But cloud in stead, and ever-during dark
3	46	1	Surrounds me, from the chearful wayes of men
3	47	1	Cut off, and for the Book of knowledg fair
3	48	1	Presented with a Universal blanc
3	49	1	Of Nature's works to mee expung'd and ras'd,
3	50	1	And wisdome at one entrance quite shut out.
3	51	1	So much the rather thou Celestial light
3	52	1	Shine inward, and the mind through all her powers
3	53	1	Irradiate, there plant eyes, all mist from thence
3	54	1	Purge and disperse, that I may see and tell
3	55	1	Of things invisible to mortal sight.
3	56	3	Now had the Almighty Father from above,
3	57	3	From the pure Empyrean where he sits
3	58	3	High Thron'd above all highth, bent down his eye,
3	59	3	His own works and their works at once to view:
3	60	3	About him all the Sanctities of Heaven
3	61	3	Stood thick as Starrs, and from his sight receiv'd
3	62	3	Beatitude past utterance; on his right
3	63	3	The radiant image of his Glory sat,
3	64	3	His onely Son; On Earth he first beheld
3	65	3	Our two first Parents, yet the onely two
3	66	3	Of mankind, in the happie Garden plac't,
3	67	3	Reaping immortal fruits of joy and love,
3	68	3	Uninterrupted joy, unrivald love
3	69	3	In blissful solitude; he then survey'd
3	70	3	Hell and the Gulf between, and Satan there
3	71	3	Coasting the wall of Heav'n on this side Night
3	72	3	In the dun Air sublime, and ready now
3	73	3	To stoop with wearied wings, and willing feet
3	74	3	On the bare outside of this World, that seem'd
3	75	3	Firm land imbosom'd without Firmament,
3	76	3	Uncertain which, in Ocean or in Air.
3	77	3	Him God beholding from his prospect high,
3	78	3	Wherein past, present, future he beholds,
3	79	3	Thus to his onely Son foreseeing spake.
3	80	5	Onely begotten Son, seest thou what rage
3	81	5	Transports our adversarie, whom no bounds
3	82	5	Prescrib'd, no barrs of Hell, nor all the chains
3	83	5	Heapt on him there, nor yet the main Abyss
3	84	5	Wide interrupt can hold; so bent he seems
3	85	5	On desparate reveng, that shall redound
3	86	5	Upon his own rebellious head. And now
3	87	5	Through all restraint broke loose he wings his way
3	88	5	Not farr off Heav'n, in the Precincts of light,
3	89	5	Directly towards the new created World,
3	90	5	And Man there plac't, with purpose to assay
3	91	5	If him by force he can destroy, or worse,
3	92	5	By some false guile pervert; and shall pervert
3	93	5	For man will heark'n to his glozing lyes,
3	94	5	And easily transgress the sole Command,
3	95	5	Sole pledge of his obedience: So will fall,
3	96	5	Hee and his faithless Progenie: whose fault?
3	97	5	Whose but his own? ingrate, he had of mee
3	98	5	All he could have; I made him just and right,
3	99	5	Sufficient to have stood, though free to fall.
3	100	5	Such I created all th' Ethereal Powers
3	101	5	And Spirits, both them who stood and them who faild;
3	102	5	Freely they stood who stood, and fell who fell.
3	103	5	Not free, what proof could they have givn sincere
3	104	5	Of true allegiance, constant Faith or Love,
3	105	5	Where onely what they needs must do, appeard,
3	106	5	Not what they would? what praise could they receive?
3	107	5	What pleasure I from such obedience paid,
3	108	5	When Will and Reason (Reason also is choice)
3	109	5	Useless and vain, of freedom both despoild,
3	110	5	Made passive both, had servd necessitie,
3	111	5	Not mee. They therefore as to right belongd,
3	112	5	So were created, nor can justly accuse
3	113	5	Thir maker, or thir making, or thir Fate,
3	114	5	As if predestination over-rul'd
3	115	5	Thir will, dispos'd by absolute Decree
3	116	5	Or high foreknowledge; they themselves decreed
3	117	5	Thir own revolt, not I: if I foreknew,
3	118	5	Foreknowledge had no influence on their fault,
3	119	5	Which had no less prov'd certain unforeknown.
3	120	5	So without least impulse or shadow of Fate,
3	121	5	Or aught by me immutablie foreseen,
3	122	5	They trespass, Authors to themselves in all
3	123	5	Both what they judge and what they choose; for so
3	124	5	I formd them free, and free they must remain,
3	125	5	Till they enthrall themselves: I else must change
3	126	5	Thir nature, and revoke the high Decree
3	127	5	Unchangeable, Eternal, which ordain'd
3	128	5	Thir freedom, they themselves ordain'd thir fall.
3	129	5	The first sort by thir own suggestion fell,
3	130	5	Self-tempted, self-deprav'd: Man falls deceiv'd
3	131	5	By the other first: Man therefore shall find grace,
3	132	5	The other none: in Mercy and Justice both,
3	133	5	Through Heav'n and Earth, so shall my glorie excel,
3	134	5	But Mercy first and last shall brightest shine.
3	135	7	Thus while God spake, ambrosial fragrance fill'd
3	136	7	All Heav'n, and in the blessed Spirits elect
3	137	7	Sense of new joy ineffable diffus'd:
3	138	7	Beyond compare the Son of God was seen
3	139	7	Most glorious, in him all his Father shon
3	140	7	Substantially express'd, and in his face
3	141	7	Divine compassion visibly appeerd,
3	142	7	Love without end, and without measure Grace,
3	143	7	Which uttering thus he to his Father spake.
3	144	9	O Father, gracious was that word which clos'd
3	145	9	Thy sovran sentence, that Man should find grace;
3	146	9	For which both Heav'n and Earth shall high extoll
3	147	9	Thy praises, with th' innumerable sound
3	148	9	Of Hymns and sacred Songs, wherewith thy Throne
3	149	9	Encompass'd shall resound thee ever blest.
3	150	9	For should Man finally be lost, should Man
3	151	9	Thy creature late so lov'd, thy youngest Son
3	152	9	Fall circumvented thus by fraud, though joynd
3	153	9	With his own folly? that be from thee farr,
3	154	9	That farr be from thee, Father, who art Judg
3	155	9	Of all things made, and judgest onely right.
3	156	9	Or shall the Adversarie thus obtain
3	157	9	His end, and frustrate thine, shall he fulfill
3	158	9	His malice, and thy goodness bring to naught,
3	159	9	Or proud return though to his heavier doom,
3	160	9	Yet with revenge accomplish't and to Hell
3	161	9	Draw after him the whole Race of mankind,
3	162	9	By him corrupted? or wilt thou thy self
3	163	9	Abolish thy Creation, and unmake,
3	164	9	For him, what for thy glorie thou hast made?
3	165	9	So should thy goodness and thy greatness both
3	166	9	Be questiond and blaspheam'd without defence.
3	167	11	To whom the great Creatour thus reply'd.
3	168	11	O Son, in whom my Soul hath chief delight,
3	169	11	Son of my bosom, Son who art alone
3	170	11	My word, my wisdom, and effectual might,
3	171	11	All hast thou spok'n as my thoughts are, all
3	172	11	As my Eternal purpose hath decreed:
3	173	11	Man shall not quite be lost, but sav'd who will,
3	174	11	Yet not of will in him, but grace in me
3	175	11	Freely voutsaft; once more I will renew
3	176	11	His lapsed powers, though forfeit and enthrall'd
3	177	11	By sin to foul exorbitant desires;
3	178	11	Upheld by me, yet once more he shall stand
3	179	11	On even ground against his mortal foe,
3	180	11	By me upheld, that he may know how frail
3	181	11	His fall'n condition is, and to me ow
3	182	11	All his deliv'rance, and to none but me.
3	183	11	Some I have chosen of peculiar grace
3	184	11	Elect above the rest; so is my will:
3	185	11	The rest shall hear me call, and oft be warnd
3	186	11	Thir sinful state, and to appease betimes
3	187	11	Th' incensed Deitie while offerd grace
3	188	11	Invites; for I will cleer thir senses dark,
3	189	11	What may suffice, and soft'n stonie hearts
3	190	11	To pray, repent, and bring obedience due.
3	191	11	To Prayer, repentance, and obedience due,
3	192	11	Though but endevord with sincere intent,
3	193	11	Mine ear shall not be slow, mine eye not shut.
3	194	11	And I will place within them as a guide
3	195	11	My Umpire Conscience, whom if they will hear,
3	196	11	Light after light well us'd they shall attain,
3	197	11	And to the end persisting, safe arrive.
3	198	11	This my long sufferance and my day of grace
3	199	11	They who neglect and scorn, shall never taste;
3	200	11	But hard be hard'nd, blind be blinded more,
3	201	11	That they may stumble on, and deeper fall;
3	202	11	And none but such from mercy I exclude.
3	203	11	But yet all is not don; Man disobeying,
3	204	11	Disloyal breaks his fealtie, and sinns
3	205	11	Against the high Supremacie of Heav'n,
3	206	11	Affecting God-head, and so loosing all,
3	207	11	To expiate his Treason hath naught left,
3	208	11	But to destruction sacred and devote,
3	209	11	He with his whole posteritie must dye,
3	210	11	Dye hee or Justice must; unless for him
3	211	11	Som other able, and as willing, pay
3	212	11	The rigid satisfaction, death for death.
3	213	11	Say Heav'nly Powers, where shall we find such love,
3	214	11	Which of ye will be mortal to redeem
3	215	11	Mans mortal crime, and just th' unjust to save,
3	216	11	Dwels in all Heaven charitie so deare?
3	217	13	He ask'd, but all the Heav'nly Quire stood mute,
3	218	13	And silence was in Heav'n: on mans behalf
3	219	13	Patron or Intercessor none appeerd,
3	220	13	Much less that durst upon his own head draw
3	221	13	The deadly forfeiture, and ransom set.
3	222	13	And now without redemption all mankind
3	223	13	Must have bin lost, adjudg'd to Death and Hell
3	224	13	By doom severe, had not the Son of God,
3	225	13	In whom the fulness dwells of love divine,
3	226	13	His dearest mediation thus renewd.
3	227	15	Father, thy word is past, man shall find grace;
3	228	15	And shall grace not find means, that finds her way,
3	229	15	The speediest of thy winged messengers,
3	230	15	To visit all thy creatures, and to all
3	231	15	Comes unprevented, unimplor'd, unsought,
3	232	15	Happie for man, so coming; he her aide
3	233	15	Can never seek, once dead in sins and lost;
3	234	15	Attonement for himself or offering meet,
3	235	15	Indebted and undon, hath none to bring:
3	236	15	Behold mee then, mee for him, life for life
3	237	15	I offer, on mee let thine anger fall;
3	238	15	Account mee man; I for his sake will leave
3	239	15	Thy bosom, and this glorie next to thee
3	240	15	Freely put off, and for him lastly dye
3	241	15	Well pleas'd, on me let Death wreck all his rage;
3	242	15	Under his gloomie power I shall not long
3	243	15	Lie vanquisht; thou hast givn me to possess
3	244	15	Life in my self for ever, by thee I live,
3	245	15	Though now to Death I yield, and am his due
3	246	15	All that of me can die, yet that debt paid,
3	247	15	Thou wilt not leave me in the loathsom grave
3	248	15	His prey, nor suffer my unspotted Soule
3	249	15	For ever with corruption there to dwell;
3	250	15	But I shall rise Victorious, and subdue
3	251	15	My Vanquisher, spoild of his vanted spoile;
3	252	15	Death his deaths wound shall then receive, and stoop
3	253	15	Inglorious, of his mortal sting disarm'd.
3	254	15	I through the ample Air in Triumph high
3	255	15	Shall lead Hell Captive maugre Hell, and show
3	256	15	The powers of darkness bound. Thou at the sight
3	257	15	Pleas'd, out of Heaven shalt look down and smile,
3	258	15	While by thee rais'd I ruin all my Foes,
3	259	15	Death last, and with his Carcass glut the Grave:
3	260	15	Then with the multitude of my redeemd
3	261	15	Shall enter Heaven long absent, and returne,
3	262	15	Father, to see thy face, wherein no cloud
3	263	15	Of anger shall remain, but peace assur'd,
3	264	15	And reconcilement; wrauth shall be no more
3	265	15	Thenceforth, but in thy presence Joy entire.
3	266	17	His words here ended, but his meek aspect
3	267	17	Silent yet spake, and breath'd immortal love
3	268	17	To mortal men, above which only shon
3	269	17	Filial obedience: as a sacrifice
3	270	17	Glad to be offer'd, he attends the will
3	271	17	Of his great Father. Admiration seis'd
3	272	17	All Heav'n, what this might mean, and whither tend
3	273	17	Wondring; but soon th' Almighty thus reply'd:
3	274	19	O thou in Heav'n and Earth the only peace
3	275	19	Found out for mankind under wrauth, O thou
3	276	19	My sole complacence! well thou know'st how dear,
3	277	19	To me are all my works, nor Man the least
3	278	19	Though last created, that for him I spare
3	279	19	Thee from my bosom and right hand, to save,
3	280	19	By loosing thee a while, the whole Race lost.
3	281	19	Thou therefore whom thou only canst redeem,
3	282	19	Thir Nature also to thy Nature joyn;
3	283	19	And be thy self Man among men on Earth,
3	284	19	Made flesh, when time shall be, of Virgin seed,
3	285	19	By wondrous birth: Be thou in Adams room
3	286	19	The Head of all mankind, though Adams Son.
3	287	19	As in him perish all men, so in thee
3	288	19	As from a second root shall be restor'd,
3	289	19	As many as are restor'd, without thee none.
3	290	19	His crime makes guiltie all his Sons, thy merit
3	291	19	Imputed shall absolve them who renounce
3	292	19	Thir own both righteous and unrighteous deeds,
3	293	19	And live in thee transplanted, and from thee
3	294	19	Receive new life. So Man, as is most just,
3	295	19	Shall satisfie for Man, be judg'd and die,
3	296	19	And dying rise, and rising with him raise
3	297	19	His Brethren, ransomd with his own dear life.
3	298	19	So Heav'nly love shall outdoo Hellish hate,
3	299	19	Giving to death, and dying to redeeme,
3	300	19	So dearly to redeem what Hellish hate
3	301	19	So easily destroy'd, and still destroyes
3	302	19	In those who, when they may, accept not grace.
3	303	19	Nor shalt thou by descending to assume
3	304	19	Mans Nature, less'n or degrade thine owne.
3	305	19	Because thou hast, though Thron'd in highest bliss
3	306	19	Equal to God, and equally enjoying
3	307	19	God-like fruition, quitted all to save
3	308	19	A World from utter loss, and hast been found
3	309	19	By Merit more then Birthright Son of God,
3	310	19	Found worthiest to be so by being Good,
3	311	19	Farr more then Great or High; because in thee
3	312	19	Love hath abounded more then Glory abounds,
3	313	19	Therefore thy Humiliation shall exalt
3	314	19	With thee thy Manhood also to this Throne;
3	315	19	Here shalt thou sit incarnate, here shalt Reign
3	316	19	Both God and Man, Son both of God and Man,
3	317	19	Anointed universal King, all Power
3	318	19	I give thee, reign for ever, and assume
3	319	19	Thy Merits; under thee as Head Supream
3	320	19	Thrones, Princedoms, Powers, Dominions I reduce:
3	321	19	All knees to thee shall bow, of them that bide
3	322	19	In Heaven, or Earth, or under Earth in Hell;
3	323	19	When thou attended gloriously from Heav'n
3	324	19	Shalt in the Sky appeer, and from thee send
3	325	19	The summoning Arch-Angels to proclaime
3	326	19	Thy dread Tribunal: forthwith from all Windes
3	327	19	The living, and forthwith the cited dead
3	328	19	Of all past Ages to the general Doom
3	329	19	Shall hast'n, such a peal shall rouse thir sleep.
3	330	19	Then all thy Saints assembl'd, thou shalt judge
3	331	19	Bad men and Angels, they arraignd shall sink
3	332	19	Beneath thy Sentence; Hell her numbers full,
3	333	19	Thenceforth shall be for ever shut. Mean while
3	334	19	The World shall burn, and from her ashes spring
3	335	19	New Heav'n and Earth, wherein the just shall dwell
3	336	19	And after all thir tribulations long
3	337	19	See golden days, fruitful of golden deeds,
3	338	19	With Joy and Love triumphing, and fair Truth.
3	339	19	Then thou thy regal Scepter shalt lay by,
3	340	19	For regal Scepter then no more shall need,
3	341	19	God shall be All in All. But all ye Gods,
3	342	19	Adore him, who to compass all this dies,
3	343	19	Adore the Son, and honour him as mee.
3	344	21	No sooner had th' Almighty ceas't, but all
3	345	21	The multitude of Angels with a shout
3	346	21	Loud as from numbers without number, sweet
3	347	21	As from blest voices, uttering joy, Heav'n rung
3	348	21	With Jubilee, and loud Hosanna's filld
3	349	21	Th' eternal Regions: lowly reverent
3	350	21	Towards either Throne they bow, and to the ground
3	351	21	With solemn adoration down they cast
3	352	21	Thir Crowns inwove with Amarant and Gold,
3	353	21	Immortal Amarant, a Flour which once
3	354	21	In Paradise, fast by the Tree of Life
3	355	21	Began to bloom, but soon for mans offence
3	356	21	To Heav'n remov'd where first it grew, there grows,
3	357	21	And flours aloft shading the Fount of Life,
3	358	21	And where the river of Bliss through midst of Heavn
3	359	21	Rowls o're Elisian Flours her Amber stream;
3	360	21	With these that never fade the Spirits elect
3	361	21	Bind thir resplendent locks inwreath'd with beams,
3	362	21	Now in loose Garlands thick thrown off, the bright
3	363	21	Pavement that like a Sea of Jasper shon
3	364	21	Impurpl'd with Celestial Roses smil'd.
3	365	21	Then Crown'd again thir gold'n Harps they took,
3	366	21	Harps ever tun'd, that glittering by thir side
3	367	21	Like Quivers hung, and with Præamble sweet
3	368	21	Of charming symphonie they introduce
3	369	21	Thir sacred Song, and waken raptures high;
3	370	21	No voice exempt, no voice but well could joine
3	371	21	Melodious part, such concord is in Heav'n.
3	372	23	Thee Father first they sung Omnipotent,
3	373	23	Immutable, Immortal, Infinite,
3	374	23	Eternal King; thee Author of all being,
3	375	23	Fountain of Light, thy self invisible
3	376	23	Amidst the glorious brightness where thou sit'st
3	377	23	Thron'd inaccessible, but when thou shad'st
3	378	23	The full blaze of thy beams, and through a cloud
3	379	23	Drawn round about thee like a radiant Shrine,
3	380	23	Dark with excessive bright thy skirts appeer,
3	381	23	Yet dazle Heav'n, that brightest Seraphim
3	382	23	Approach not, but with both wings veil thir eyes,
3	383	23	Thee next they sang of all Creation first,
3	384	23	Begotten Son, Divine Similitude,
3	385	23	In whose conspicuous count'nance, without cloud
3	386	23	Made visible, th' Almighty Father shines,
3	387	23	Whom else no Creature can behold; on thee
3	388	23	Impresst the effulgence of his Glorie abides,
3	389	23	Transfus'd on thee his ample Spirit rests.
3	390	23	Hee Heav'n of Heavens and all the Powers therein
3	391	23	By thee created, and by thee threw down
3	392	23	Th' Aspiring Dominations: thou that day
3	393	23	Thy Fathers dreadful Thunder didst not spare,
3	394	23	Nor stop thy flaming Chariot wheels, that shook
3	395	23	Heav'ns everlasting Frame, while o're the necks
3	396	23	Thou drov'st of warring Angels disarraid.
3	397	23	Back from pursuit thy Powers with loud acclaime
3	398	23	Thee only extoll'd, Son of thy Fathers might,
3	399	23	To execute fierce vengeance on his foes,
3	400	23	Not so on Man; him through their malice fall'n,
3	401	23	Father of Mercie and Grace, thou didst not doome
3	402	23	So strictly, but much more to pitie encline:
3	403	23	No sooner did thy dear and onely Son
3	404	23	Perceive thee purpos'd not to doom frail Man
3	405	23	So strictly, but much more to pitie enclin'd,
3	406	23	He to appease thy wrauth, and end the strife
3	407	23	Of Mercy and Justice in thy face discern'd,
3	408	23	Regardless of the Bliss wherein hee sat
3	409	23	Second to thee, offerd himself to die
3	410	23	For mans offence. O unexampl'd love,
3	411	23	Love no where to be found less then Divine!
3	412	23	Hail Son of God, Saviour of Men, thy Name
3	413	23	Shall be the copious matter of my Song
3	414	23	Henceforth, and never shall my Harp thy praise
3	415	23	Forget, nor from thy Fathers praise disjoine.
3	416	25	Thus they in Heav'n, above the starry Sphear,
3	417	25	Thir happie hours in joy and hymning spent.
3	418	25	Mean while upon the firm opacous Globe
3	419	25	Of this round World, whose first convex divides
3	420	25	The luminous inferior Orbs, enclos'd
3	421	25	From Chaos and th' inroad of Darkness old,
3	422	25	Satan alighted walks: a Globe farr off
3	423	25	It seem'd, now seems a boundless Continent
3	424	25	Dark, waste, and wild, under the frown of Night
3	425	25	Starless expos'd, and ever-threatning storms
3	426	25	Of Chaos blustring round, inclement skie;
3	427	25	Save on that side which from the wall of Heav'n
3	428	25	Though distant farr some small reflection gaines
3	429	25	Of glimmering air less vext with tempest loud:
3	430	25	Here walk'd the Fiend at large in spacious field.
3	431	25	As when a Vultur on Imaus bred,
3	432	25	Whose snowie ridge the roving Tartar bounds,
3	433	25	Dislodging from a Region scarce of prey
3	434	25	To gorge the flesh of Lambs or yeanling Kids
3	435	25	On Hills where Flocks are fed, flies toward the Springs
3	436	25	Of Ganges or Hydaspes, Indian streams;
3	437	25	But in his way lights on the barren Plaines
3	438	25	Of Sericana, where Chineses drive
3	439	25	With Sails and Wind thir canie Waggons light:
3	440	25	So on this windie Sea of Land, the Fiend
3	441	25	Walk'd up and down alone bent on his prey,
3	442	25	Alone, for other Creature in this place
3	443	25	Living or liveless to be found was none,
3	444	25	None yet, but store hereafter from the earth
3	445	25	Up hither like Aereal vapours flew
3	446	25	Of all things transitorie and vain, when Sin
3	447	25	With vanity had filld the works of men:
3	448	25	Both all things vain, and all who in vain things
3	449	25	Built thir fond hopes of Glorie or lasting fame,
3	450	25	Or happiness in this or th' other life;
3	451	25	All who have thir reward on Earth, the fruits
3	452	25	Of painful Superstition and blind Zeal,
3	453	25	Naught seeking but the praise of men, here find
3	454	25	Fit retribution, emptie as thir deeds;
3	455	25	All th' unaccomplisht works of Natures hand,
3	456	25	Abortive, monstrous, or unkindly mixt,
3	457	25	Dissolvd on earth, fleet hither, and in vain,
3	458	25	Till final dissolution, wander here,
3	459	25	Not in the neighbouring Moon, as some have dreamd;
3	460	25	Those argent Fields more likely habitants,
3	461	25	Translated Saints, or middle Spirits hold
3	462	25	Betwixt th' Angelical and Human kinde:
3	463	25	Hither of ill-joynd Sons and Daughters born
3	464	25	First from the ancient World those Giants came
3	465	25	With many a vain exploit, though then renownd:
3	466	25	The builders next of Babel on the Plain
3	467	25	Of Sennaar, and still with vain designe
3	468	25	New Babels, had they wherewithall, would build:
3	469	25	Others came single; he who to be deem'd
3	470	25	A God, leap'd fondly into Ætna flames
3	471	25	Empedocles, and hee who to enjoy
3	472	25	Plato's Elysium, leap'd into the Sea,
3	473	25	Cleombrotus, and many more too long,
3	474	25	Embryo's and Idiots, Eremits and Friers
3	475	25	White, Black and Grey, with all thir trumperie.
3	476	25	Here Pilgrims roam, that stray'd so farr to seek
3	477	25	In Golgotha him dead, who lives in Heav'n;
3	478	25	And they who to be sure of Paradise
3	479	25	Dying put on the weeds of Dominic,
3	480	25	Or in Franciscan think to pass disguis'd;
3	481	25	They pass the Planets seven, and pass the fixt,
3	482	25	And that Crystalline Sphear whose ballance weighs
3	483	25	The Trepidation talkt, and that first mov'd;
3	484	25	And now Saint Peter at Heav'ns Wicket seems
3	485	25	To wait them with his Keys, and now at foot
3	486	25	Of Heav'ns ascent they lift thir Feet, when loe
3	487	25	A violent cross wind from either Coast
3	488	25	Blows them transverse ten thousand Leagues awry
3	489	25	Into the devious Air; then might ye see
3	490	25	Cowles, Hoods and Habits with thir wearers tost
3	491	25	And flutterd into Raggs, then Reliques, Beads,
3	492	25	Indulgences, Dispenses, Pardons, Bulls,
3	493	25	The sport of Winds: all these upwhirld aloft
3	494	25	Fly o're the backside of the World farr off
3	495	25	Into a Limbo large and broad, since calld
3	496	25	The Paradise of Fools, to few unknown
3	497	25	Long after, now unpeopl'd, and untrod;
3	498	25	All this dark Globe the Fiend found as he pass'd,
3	499	25	And long he wanderd, till at last a gleame
3	500	25	Of dawning light turnd thither-ward in haste
3	501	25	His travell'd steps; farr distant he descries
3	502	25	Ascending by degrees magnificent
3	503	25	Up to the wall of Heaven a Structure high,
3	504	25	At top whereof, but farr more rich appeer'd
3	505	25	The work as of a Kingly Palace Gate
3	506	25	With Frontispice of Diamond and Gold
3	507	25	Imbellisht, thick with sparkling orient Gemmes
3	508	25	The Portal shon, inimitable on Earth
3	509	25	By Model, or by shading Pencil drawn.
3	510	25	The Stairs were such as whereon Jacob saw
3	511	25	Angels ascending and descending, bands
3	512	25	Of Guardians bright, when he from Esau fled
3	513	25	To Padan-Aram in the field of Luz,
3	514	25	Dreaming by night under the open Skie,
3	515	25	And waking cri'd, This is the Gate of Heav'n
3	516	25	Each Stair mysteriously was meant, nor stood
3	517	25	There alwayes, but drawn up to Heav'n somtimes
3	518	25	Viewless, and underneath a bright Sea flow'd
3	519	25	Of Jasper, or of liquid Pearle, whereon
3	520	25	Who after came from Earth, sayling arriv'd,
3	521	25	Wafted by Angels, or flew o're the Lake
3	522	25	Rapt in a Chariot drawn by fiery Steeds.
3	523	25	The Stairs were then let down, whether to dare
3	524	25	The Fiend by easie ascent, or aggravate
3	525	25	His sad exclusion from the dores of Bliss.
3	526	25	Direct against which opn'd from beneath,
3	527	25	Just o're the blissful seat of Paradise,
3	528	25	A passage down to th' Earth, a passage wide,
3	529	25	Wider by farr then that of after-times
3	530	25	Over Mount Sion, and, though that were large,
3	531	25	Over the Promis'd Land to God so dear,
3	532	25	By which, to visit oft those happy Tribes,
3	533	25	On high behests his Angels to and fro
3	534	25	Pass'd frequent, and his eye with choice regard
3	535	25	From Paneas the fount of Jordans flood
3	536	25	To Beersaba, where the Holy Land
3	537	25	Borders on Ægypt and th' Arabian shoare;
3	538	25	So wide the op'ning seemd, where bounds were set
3	539	25	To darkness, such as bound the Ocean wave.
3	540	25	Satan from hence now on the lower stair
3	541	25	That scal'd by steps of Gold to Heav'n Gate
3	542	25	Looks down with wonder at the sudden view
3	543	25	Of all this World at once. As when a Scout
3	544	25	Through dark and desart wayes with peril gone
3	545	25	All night; at last by break of chearful dawne
3	546	25	Obtains the brow of some high-climbing Hill,
3	547	25	Which to his eye discovers unaware
3	548	25	The goodly prospect of some forein land
3	549	25	First-seen, or some renown'd Metropolis
3	550	25	With glistering Spires and Pinnacles adorn'd,
3	551	25	Which now the Rising Sun guilds with his beams.
3	552	25	Such wonder seis'd, though after Heaven seen,
3	553	25	The Spirit maligne, but much more envy seis'd
3	554	25	At sight of all this World beheld so faire.
3	555	25	Round he surveys, and well might, where he stood
3	556	25	So high above the circling Canopie
3	557	25	Of Nights extended shade; from Eastern Point
3	558	25	Of Libra to the fleecie Starr that bears
3	559	25	Andromeda farr off Atlantic Seas
3	560	25	Beyond th' Horizon; then from Pole to Pole
3	561	25	He views in bredth, and without longer pause
3	562	25	Down right into the Worlds first Region throws
3	563	25	His flight precipitant, and windes with ease
3	564	25	Through the pure marble Air his oblique way
3	565	25	Amongst innumerable Starrs, that shon
3	566	25	Stars distant, but nigh hand seemd other Worlds,
3	567	25	Or other Worlds they seemd, or happy Iles,
3	568	25	Like those Hesperian Gardens fam'd of old,
3	569	25	Fortunate Fields, and Groves and flourie Vales,
3	570	25	Thrice happy Iles, but who dwelt happy there
3	571	25	He stayd not to enquire: above them all
3	572	25	The golden Sun in splendor likest Heaven
3	573	25	Allur'd his eye: Thither his course he bends
3	574	25	Through the calm Firmament; but up or downe
3	575	25	By center, or eccentric, hard to tell,
3	576	25	Or Longitude, where the great Luminarie
3	577	25	Alooff the vulgar Constellations thick,
3	578	25	That from his Lordly eye keep distance due,
3	579	25	Dispenses Light from farr; they as they move
3	580	25	Thir Starry dance in numbers that compute
3	581	25	Days, months, & years, towards his all-chearing Lamp
3	582	25	Turn swift thir various motions, or are turnd
3	583	25	By his Magnetic beam, that gently warms
3	584	25	The Univers, and to each inward part
3	585	25	With gentle penetration, though unseen,
3	586	25	Shoots invisible vertue even to the deep:
3	587	25	So wondrously was set his Station bright.
3	588	25	There lands the Fiend, a spot like which perhaps
3	589	25	Astronomer in the Sun's lucent Orbe
3	590	25	Through his glaz'd Optic Tube yet never saw.
3	591	25	The place he found beyond expression bright,
3	592	25	Compar'd with aught on Earth, Medal or Stone;
3	593	25	Not all parts like, but all alike informd
3	594	25	With radiant light, as glowing Iron with fire;
3	595	25	If mettal, part seemd Gold, part Silver cleer;
3	596	25	If stone, Carbuncle most or Chrysolite,
3	597	25	Rubie or Topaz, to the Twelve that shon
3	598	25	In Aarons Brest-plate, and a stone besides
3	599	25	Imagind rather oft then elsewhere seen,
3	600	25	That stone, or like to that which here below
3	601	25	Philosophers in vain so long have sought,
3	602	25	In vain, though by thir powerful Art they binde
3	603	25	Volatil Hermes, and call up unbound
3	604	25	In various shapes old Proteus from the Sea,
3	605	25	Draind through a Limbec to his Native forme.
3	606	25	What wonder then if fields and region here
3	607	25	Breathe forth Elixir pure, and Rivers run
3	608	25	Potable Gold, when with one vertuous touch
3	609	25	Th' Arch-chimic Sun so farr from us remote
3	610	25	Produces with Terrestrial Humor mixt
3	611	25	Here in the dark so many precious things
3	612	25	Of colour glorious and effect so rare?
3	613	25	Here matter new to gaze the Devil met
3	614	25	Undazl'd, farr and wide his eye commands,
3	615	25	For sight no obstacle found here, nor shade,
3	616	25	But all Sun-shine, as when his Beams at Noon
3	617	25	Culminate from th' Æquator, as they now
3	618	25	Shot upward still direct, whence no way round
3	619	25	Shadow from body opaque can fall, and the Aire,
3	620	25	No where so cleer, sharp'nd his visual ray
3	621	25	To objects distant farr, whereby he soon
3	622	25	Saw within kenn a glorious Angel stand,
3	623	25	The same whom John saw also in the Sun:
3	624	25	His back was turnd, but not his brightness hid;
3	625	25	Of beaming sunnie Raies, a golden tiar
3	626	25	Circl'd his Head, nor less his Locks behind
3	627	25	Illustrious on his Shoulders fledge with wings
3	628	25	Lay waving round; on som great charge imploy'd
3	629	25	He seemd, or fixt in cogitation deep.
3	630	25	Glad was the Spirit impure as now in hope
3	631	25	To find who might direct his wandring flight
3	632	25	To Paradise the happie seat of Man,
3	633	25	His journies end and our beginning woe.
3	634	25	But first he casts to change his proper shape,
3	635	25	Which else might work him danger or delay:
3	636	25	And now a stripling Cherube he appeers,
3	637	25	Not of the prime, yet such as in his face
3	638	25	Youth smil'd Celestial, and to every Limb
3	639	25	Sutable grace diffus'd, so well he feign'd;
3	640	25	Under a Coronet his flowing haire
3	641	25	In curles on either cheek plaid, wings he wore
3	642	25	Of many a colourd plume sprinkl'd with Gold,
3	643	25	His habit fit for speed succinct, and held
3	644	25	Before his decent steps a Silver wand.
3	645	25	He drew not nigh unheard, the Angel bright,
3	646	25	Ere he drew nigh, his radiant visage turnd,
3	647	25	Admonisht by his ear, and strait was known
3	648	25	Th' Arch-Angel Uriel, one of the seav'n
3	649	25	Who in God's presence, neerest to his Throne
3	650	25	Stand ready at command, and are his Eyes
3	651	25	That run through all the Heav'ns, or down to th' Earth
3	652	25	Bear his swift errands over moist and dry,
3	653	25	O're Sea and Land; him Satan thus accostes;
3	654	27	Uriel, for thou of those seav'n Spirits that stand
3	655	27	In sight of God's high Throne, gloriously bright,
3	656	27	The first art wont his great authentic will
3	657	27	Interpreter through highest Heav'n to bring,
3	658	27	Where all his Sons thy Embassie attend;
3	659	27	And here art likeliest by supream decree
3	660	27	Like honor to obtain, and as his Eye
3	661	27	To visit oft this new Creation round;
3	662	27	Unspeakable desire to see, and know
3	663	27	All these his wondrous works, but chiefly Man,
3	664	27	His chief delight and favour, him for whom
3	665	27	All these his works so wondrous he ordaind,
3	666	27	Hath brought me from the Quires of Cherubim
3	667	27	Alone thus wandring. Brightest Seraph tell
3	668	27	In which of all these shining Orbes hath Man
3	669	27	His fixed seat, or fixed seat hath none,
3	670	27	But all these shining Orbes his choice to dwell;
3	671	27	That I may find him, and with secret gaze,
3	672	27	Or open admiration him behold
3	673	27	On whom the great Creator hath bestowd
3	674	27	Worlds, and on whom hath all these graces powrd;
3	675	27	That both in him and all things, as is meet,
3	676	27	The Universal Maker we may praise;
3	677	27	Who justly hath driv'n out his Rebell Foes
3	678	27	To deepest Hell, and to repair that loss
3	679	27	Created this new happie Race of Men
3	680	27	To serve him better: wise are all his wayes.
3	681	29	So spake the false dissembler unperceivd;
3	682	29	For neither Man nor Angel can discern
3	683	29	Hypocrisie, the onely evil that walks
3	684	29	Invisible, except to God alone,
3	685	29	By his permissive will, through Heav'n and Earth:
3	686	29	And oft though wisdom wake, suspicion sleeps
3	687	29	At wisdoms Gate, and to simplicitie
3	688	29	Resigns her charge, while goodness thinks no ill
3	689	29	Where no ill seems: Which now for once beguil'd
3	690	29	Uriel, though Regent of the Sun, and held
3	691	29	The sharpest sighted Spirit of all in Heav'n;
3	692	29	Who to the fraudulent Impostor foule
3	693	29	In his uprightness answer thus returnd.
3	694	29	Faire Angel, thy desire which tends to know
3	695	29	The works of God, thereby to glorifie
3	696	29	The great Work-Maister, leads to no excess
3	697	29	That reaches blame, but rather merits praise
3	698	29	The more it seems excess, that led thee hither
3	699	29	From thy Empyreal Mansion thus alone,
3	700	29	To witness with thine eyes what some perhaps
3	701	29	Contented with report hear onely in heav'n:
3	702	29	For wonderful indeed are all his works,
3	703	29	Pleasant to know, and worthiest to be all
3	704	29	Had in remembrance alwayes with delight;
3	705	29	But what created mind can comprehend
3	706	29	Thir number, or the wisdom infinite
3	707	29	That brought them forth, but hid thir causes deep.
3	708	29	I saw when at his Word the formless Mass,
3	709	29	This worlds material mould, came to a heap:
3	710	29	Confusion heard his voice, and wilde uproar
3	711	29	Stood rul'd, stood vast infinitude confin'd;
3	712	29	Till at his second bidding darkness fled,
3	713	29	Light shon, and order from disorder sprung:
3	714	29	Swift to thir several Quarters hasted then
3	715	29	The cumbrous Elements, Earth, Flood, Aire, Fire,
3	716	29	And this Ethereal quintessence of Heav'n
3	717	29	Flew upward, spirited with various forms,
3	718	29	That rowld orbicular, and turnd to Starrs
3	719	29	Numberless, as thou seest, and how they move;
3	720	29	Each had his place appointed, each his course,
3	721	29	The rest in circuit walles this Universe.
3	722	29	Look downward on that Globe whose hither side
3	723	29	With light from hence, though but reflected, shines;
3	724	29	That place is Earth the seat of Man, that light
3	725	29	His day, which else as th' other Hemisphere
3	726	29	Night would invade, but there the neighbouring Moon
3	727	29	(So call that opposite fair Starr) her aide
3	728	29	Timely interposes, and her monthly round
3	729	29	Still ending, still renewing through mid Heav'n,
3	730	29	With borrowd light her countenance triform
3	731	29	Hence fills and empties to enlighten th' Earth,
3	732	29	And in her pale dominion checks the night.
3	733	29	That spot to which I point is Paradise,
3	734	29	Adams abode, those loftie shades his Bowre.
3	735	29	Thy way thou canst not miss, me mine requires.
3	736	31	Thus said, he turnd, and Satan bowing low,
3	737	31	As to superior Spirits is wont in Heaven,
3	738	31	Where honour due and reverence none neglects,
3	739	31	Took leave, and toward the coast of Earth beneath,
3	740	31	Down from th' Ecliptic, sped with hop'd success,
3	741	31	Throws his steep flight in many an Aerie wheele,
3	742	31	Nor staid, till on Niphates top he lights.
4	1	1	O For that warning voice, which he who saw
4	2	1	Th' Apocalyps, heard cry in Heaven aloud,
4	3	1	Then when the Dragon, put to second rout,
4	4	1	Came furious down to be reveng'd on men,
4	5	1	Wo to the inhabitants on Earth! that now,
4	6	1	While time was, our first-Parents had bin warnd
4	7	1	The coming of thir secret foe, and scap'd
4	8	1	Haply so scap'd his mortal snare; for now
4	9	1	Satan, now first inflam'd with rage, came down,
4	10	1	The Tempter ere th' Accuser of man-kind,
4	11	1	To wreck on innocent frail man his loss
4	12	1	Of that first Battel, and his flight to Hell:
4	13	1	Yet not rejoycing in his speed, though bold,
4	14	1	Far off and fearless, nor with cause to boast,
4	15	1	Begins his dire attempt, which nigh the birth
4	16	1	Now rowling, boiles in his tumultuous brest,
4	17	1	And like a devillish Engine back recoiles
4	18	1	Upon himself; horror and doubt distract
4	19	1	His troubl'd thoughts, and from the bottom stirr
4	20	1	The Hell within him, for within him Hell
4	21	1	He brings, and round about him, nor from Hell
4	22	1	One step no more then from himself can fly
4	23	1	By change of place: Now conscience wakes despair
4	24	1	That slumberd, wakes the bitter memorie
4	25	1	Of what he was, what is, and what must be
4	26	1	Worse; of worse deeds worse sufferings must ensue.
4	27	1	Sometimes towards Eden which now in his view
4	28	1	Lay pleasant, his grievd look he fixes sad,
4	29	1	Sometimes towards Heav'n and the full-blazing Sun,
4	30	1	Which now sat high in his Meridian Towre:
4	31	1	Then much revolving, thus in sighs began.
4	32	3	O thou that with surpassing Glory crownd,
4	33	3	Look'st from thy sole Dominion like the God
4	34	3	Of this new World; at whose sight all the Starrs
4	35	3	Hide thir diminisht heads; to thee I call,
4	36	3	But with no friendly voice, and add thy name
4	37	3	O Sun, to tell thee how I hate thy beams
4	38	3	That bring to my remembrance from what state
4	39	3	I fell, how glorious once above thy Spheare;
4	40	3	Till Pride and worse Ambition threw me down
4	41	3	Warring in Heav'n against Heav'ns matchless King:
4	42	3	Ah wherefore! he deservd no such return
4	43	3	From me, whom he created what I was
4	44	3	In that bright eminence, and with his good
4	45	3	Upbraided none; nor was his service hard.
4	46	3	What could be less then to afford him praise,
4	47	3	The easiest recompence, and pay him thanks,
4	48	3	How due! yet all his good prov'd ill in me,
4	49	3	And wrought but malice; lifted up so high
4	50	3	I sdeind subjection, and thought one step higher
4	51	3	Would set me highest, and in a moment quit
4	52	3	The debt immense of endless gratitude,
4	53	3	So burthensome, still paying, still to ow;
4	54	3	Forgetful what from him I still receivd,
4	55	3	And understood not that a grateful mind
4	56	3	By owing owes not, but still pays, at once
4	57	3	Indebted and dischargd; what burden then?
4	58	3	O had his powerful Destiny ordaind
4	59	3	Me some inferiour Angel, I had stood
4	60	3	Then happie; no unbounded hope had rais'd
4	61	3	Ambition. Yet why not? som other Power
4	62	3	As great might have aspir'd, and me though mean
4	63	3	Drawn to his part; but other Powers as great
4	64	3	Fell not, but stand unshak'n, from within
4	65	3	Or from without, to all temptations arm'd.
4	66	3	Hadst thou the same free Will and Power to stand?
4	67	3	Thou hadst: whom hast thou then or what to accuse,
4	68	3	But Heav'ns free Love dealt equally to all?
4	69	3	Be then his Love accurst, since love or hate,
4	70	3	To me alike, it deals eternal woe.
4	71	3	Nay curs'd be thou; since against his thy will
4	72	3	Chose freely what it now so justly rues.
4	73	3	Me miserable! which way shall I flie
4	74	3	Infinite wrauth, and infinite despaire?
4	75	3	Which way I flie is Hell; my self am Hell;
4	76	3	And in the lowest deep a lower deep
4	77	3	Still threatning to devour me opens wide,
4	78	3	To which the Hell I suffer seems a Heav'n.
4	79	3	O then at last relent: is there no place
4	80	3	Left for Repentance, none for Pardon left?
4	81	3	None left but by submission; and that word
4	82	3	Disdain forbids me, and my dread of shame
4	83	3	Among the Spirits beneath, whom I seduc'd
4	84	3	With other promises and other vaunts
4	85	3	Then to submit, boasting I could subdue
4	86	3	Th' Omnipotent. Ay me, they little know
4	87	3	How dearly I abide that boast so vaine,
4	88	3	Under what torments inwardly I groane:
4	89	3	While they adore me on the Throne of Hell,
4	90	3	With Diadem and Sceptre high advanc'd
4	91	3	The lower still I fall, onely Supream
4	92	3	In miserie; such joy Ambition findes.
4	93	3	But say I could repent and could obtaine
4	94	3	By Act of Grace my former state; how soon
4	95	3	Would higth recall high thoughts, how soon unsay
4	96	3	What feign'd submission swore: ease would recant
4	97	3	Vows made in pain, as violent and void.
4	98	3	For never can true reconcilement grow
4	99	3	Where wounds of deadly hate have peirc'd so deep:
4	100	3	Which would but lead me to a worse relapse
4	101	3	And heavier fall: so should I purchase deare
4	102	3	Short intermission bought with double smart.
4	103	3	This knows my punisher; therefore as farr
4	104	3	From granting hee, as I from begging peace:
4	105	3	All hope excluded thus, behold in stead
4	106	3	Of us out-cast, exil'd, his new delight,
4	107	3	Mankind created, and for him this World.
4	108	3	So farewel Hope, and with Hope farewel Fear,
4	109	3	Farewel Remorse: all Good to me is lost;
4	110	3	Evil be thou my Good; by thee at least
4	111	3	Divided Empire with Heav'ns King I hold
4	112	3	By thee, and more then half perhaps will reigne;
4	113	3	As Man ere long, and this new World shall know.
4	114	5	Thus while he spake, each passion dimm'd his face
4	115	5	Thrice chang'd with pale, ire, envie and despair,
4	116	5	Which marrd his borrow'd visage, and betraid
4	117	5	Him counterfet, if any eye beheld.
4	118	5	For heav'nly mindes from such distempers foule
4	119	5	Are ever cleer. Whereof hee soon aware,
4	120	5	Each perturbation smooth'd with outward calme,
4	121	5	Artificer of fraud; and was the first
4	122	5	That practisd falshood under saintly shew,
4	123	5	Deep malice to conceale, couch't with revenge:
4	124	5	Yet not anough had practisd to deceive
4	125	5	Uriel once warnd; whose eye pursu'd him down
4	126	5	The way he went, and on th' Assyrian mount
4	127	5	Saw him disfigur'd, more then could befall
4	128	5	Spirit of happie sort: his gestures fierce
4	129	5	He markd and mad demeanour, then alone,
4	130	5	As he suppos'd all unobserv'd, unseen.
4	131	5	So on he fares, and to the border comes
4	132	5	Of Eden, where delicious Paradise,
4	133	5	Now nearer, Crowns with her enclosure green,
4	134	5	As with a rural mound the champain head
4	135	5	Of a steep wilderness, whose hairie sides
4	136	5	With thicket overgrown, grottesque and wilde,
4	137	5	Access deni'd; and over head up grew
4	138	5	Insuperable highth of loftiest shade,
4	139	5	Cedar, and Pine, and Firr, and branching Palm
4	140	5	A Silvan Scene, and as the ranks ascend
4	141	5	Shade above shade, a woodie Theatre
4	142	5	Of stateliest view. Yet higher then thir tops
4	143	5	The verdurous wall of paradise up sprung:
4	144	5	Which to our general Sire gave prospect large
4	145	5	Into his neather Empire neighbouring round.
4	146	5	And higher then that Wall a circling row
4	147	5	Of goodliest Trees loaden with fairest Fruit,
4	148	5	Blossoms and Fruits at once of golden hue
4	149	5	Appeerd, with gay enameld colours mixt:
4	150	5	On which the Sun more glad impress'd his beams
4	151	5	Then in fair Evening Cloud, or humid Bow,
4	152	5	When God hath showrd the earth; so lovely seemd
4	153	5	That Lantskip: And of pure now purer aire
4	154	5	Meets his approach, and to the heart inspires
4	155	5	Vernal delight and joy, able to drive
4	156	5	All sadness but despair: now gentle gales
4	157	5	Fanning thir odoriferous wings dispense
4	158	5	Native perfumes, and whisper whence they stole
4	159	5	Those balmie spoiles. As when to them who saile
4	160	5	Beyond the Cape of Hope, and now are past
4	161	5	Mozambic, off at Sea North-East windes blow
4	162	5	Sabean Odours from the spicie shoare
4	163	5	Of Arabie the blest, with such delay
4	164	5	Well pleas'd they slack thir course, and many a League
4	165	5	Chear'd with the grateful smell old Ocean smiles.
4	166	5	So entertaind those odorous sweets the Fiend
4	167	5	Who came thir bane, though with them better pleas'd
4	168	5	Then Asmodeus with the fishie fume,
4	169	5	That drove him, though enamourd, from the Spouse
4	170	5	Of Tobits Son, and with a vengeance sent
4	171	5	From Media post to Ægypt, there fast bound.
4	172	7	Now to th' ascent of that steep savage Hill
4	173	7	Satan had journied on, pensive and slow;
4	174	7	But further way found none, so thick entwin'd,
4	175	7	As one continu'd brake, the undergrowth
4	176	7	Of shrubs and tangling bushes had perplext
4	177	7	All path of Man or Beast that past that way:
4	178	7	One Gate there only was, and that look'd East
4	179	7	On th' other side: which when th' arch-fellon saw
4	180	7	Due entrance he disdaind, and in contempt,
4	181	7	At one slight bound high over leap'd all bound
4	182	7	Of Hill or highest Wall, and sheer within
4	183	7	Lights on his feet. As when a prowling Wolfe,
4	184	7	Whom hunger drives to seek new haunt for prey,
4	185	7	Watching where Shepherds pen thir Flocks at eeve
4	186	7	In hurdl'd Cotes amid the field secure,
4	187	7	Leaps o're the fence with ease into the Fould:
4	188	7	Or as a Thief bent to unhoord the cash
4	189	7	Of some rich Burgher, whose substantial dores,
4	190	7	Cross-barrd and bolted fast, fear no assault,
4	191	7	In at the window climbs, or o're the tiles;
4	192	7	So clomb this first grand Thief into Gods Fould:
4	193	7	So since into his Church lewd Hirelings climbe.
4	194	7	Thence up he flew, and on the Tree of Life,
4	195	7	The middle Tree and highest there that grew,
4	196	7	Sat like a Cormorant; yet not true Life
4	197	7	Thereby regaind, but sat devising Death
4	198	7	To them who liv'd; nor on the vertue thought
4	199	7	Of that life-giving Plant, but only us'd
4	200	7	For prospect, what well us'd had bin the pledge
4	201	7	Of immortality. So little knows
4	202	7	Any, but God alone, to value right
4	203	7	The good before him, but perverts best things
4	204	7	To worst abuse, or to thir meanest use.
4	205	7	Beneath him with new wonder now he views
4	206	7	To all delight of human sense expos'd
4	207	7	In narrow room Natures whole wealth, yea more,
4	208	7	A Heaven on Earth, for blissful Paradise
4	209	7	Of God the Garden was, by him in the East
4	210	7	Of Eden planted; Eden stretchd her Line
4	211	7	From Auran Eastward to the Royal Towrs
4	212	7	Of Great Seleucia, built by Grecian Kings,
4	213	7	Or where the Sons of Eden long before
4	214	7	Dwelt in Telassar: in this pleasant soile
4	215	7	His farr more pleasant Garden God ordaind;
4	216	7	Out of the fertil ground he caus'd to grow
4	217	7	All Trees of noblest kind for sight, smell, taste;
4	218	7	And all amid them stood the Tree of Life,
4	219	7	High eminent, blooming Ambrosial Fruit
4	220	7	Of vegetable Gold; and next to Life
4	221	7	Our Death the Tree of Knowledge grew fast by,
4	222	7	Knowledge of Good bought dear by knowing ill.
4	223	7	Southward through Eden went a River large,
4	224	7	Nor chang'd his course, but through the shaggie hill
4	225	7	Pass'd underneath ingulft, for God had thrown
4	226	7	That Mountain as his Garden mould high rais'd
4	227	7	Upon the rapid current, which through veins
4	228	7	Of porous Earth with kindly thirst up drawn,
4	229	7	Rose a fresh Fountain, and with many a rill
4	230	7	Waterd the Garden; thence united fell
4	231	7	Down the steep glade, and met the neather Flood,
4	232	7	Which from his darksom passage now appeers,
4	233	7	And now divided into four main Streams,
4	234	7	Runs divers, wandring many a famous Realme
4	235	7	And Country whereof here needs no account,
4	236	7	But rather to tell how, if Art could tell,
4	237	7	How from that Saphire Fount the crisped Brooks,
4	238	7	Rowling on Orient Pearl and sands of Gold,
4	239	7	With mazie error under pendant shades
4	240	7	Ran Nectar, visiting each plant, and fed
4	241	7	Flours worthy of Paradise which not nice Art
4	242	7	In Beds and curious Knots, but Nature boon
4	243	7	Powrd forth profuse on Hill and Dale and Plaine,
4	244	7	Both where the morning Sun first warmly smote
4	245	7	The open field, and where the unpierc't shade
4	246	7	Imbround the noontide Bowrs: Thus was this place,
4	247	7	A happy rural seat of various view;
4	248	7	Groves whose rich Trees wept odorous Gumms and Balme,
4	249	7	Others whose fruit burnisht with Golden Rinde
4	250	7	Hung amiable, Hesperian Fables true,
4	251	7	If true, here only, and of delicious taste:
4	252	7	Betwixt them Lawns, or level Downs, and Flocks
4	253	7	Grasing the tender herb, were interpos'd,
4	254	7	Or palmie hilloc, or the flourie lap
4	255	7	Of som irriguous Valley spred her store,
4	256	7	Flours of all hue, and without Thorn the Rose:
4	257	7	Another side, umbrageous Grots and Caves
4	258	7	Of coole recess, o're which the mantling vine
4	259	7	Layes forth her purple Grape, and gently creeps
4	260	7	Luxuriant; mean while murmuring waters fall
4	261	7	Down the slope hills, disperst, or in a Lake,
4	262	7	That to the fringed Bank with Myrtle crownd,
4	263	7	Her chrystal mirror holds, unite thir streams.
4	264	7	The Birds thir quire apply; aires, vernal aires,
4	265	7	Breathing the smell of field and grove, attune
4	266	7	The trembling leaves, while Universal Pan
4	267	7	Knit with the Graces and the Hours in dance
4	268	7	Led on th' Eternal Spring. Not that faire field
4	269	7	Of Enna, where Proserpin gathering flours
4	270	7	Her self a fairer Floure by gloomie Dis
4	271	7	Was gatherd, which cost Ceres all that pain
4	272	7	To seek her through the world; nor that sweet Grove
4	273	7	Of Daphne by Orontes, and th' inspir'd
4	274	7	Castalian Spring, might with this Paradise
4	275	7	Of Eden strive; nor that Nyseian Ile
4	276	7	Girt with the River Triton, where old Cham,
4	277	7	Whom Gentiles Ammon call and Lybian Jove,
4	278	7	Hid Amalthea and her Florid Son
4	279	7	Young Bacchus from his Stepdame Rhea's eye;
4	280	7	Nor where Abassin Kings thir issue Guard,
4	281	7	Mount Amara, though this by som suppos'd
4	282	7	True Paradise under the Ethiop Line
4	283	7	By Nilus head, enclosd with shining Rock,
4	284	7	A whole days journy high, but wide remote
4	285	7	From this Assyrian Garden, where the Fiend
4	286	7	Saw undelighted all delight, all kind
4	287	7	Of living Creatures new to sight and strange:
4	288	7	Two of far nobler shape erect and tall,
4	289	7	Godlike erect, with native Honour clad
4	290	7	In naked Majestie seemd Lords of all,
4	291	7	And worthie seemd, for in thir looks Divine
4	292	7	The image of thir glorious Maker shon,
4	293	7	Truth, wisdome, Sanctitude severe and pure,
4	294	7	Severe but in true filial freedom plac't;
4	295	7	Whence true autority in men; though both
4	296	7	Not equal, as thir sex not equal seemd;
4	297	7	For contemplation hee and valour formd,
4	298	7	For softness shee and sweet attractive Grace,
4	299	7	Hee for God only, shee for God in him:
4	300	7	His fair large Front and Eye sublime declar'd
4	301	7	Absolute rule; and Hyacinthin Locks
4	302	7	Round from his parted forelock manly hung
4	303	7	Clustring, but not beneath his shoulders broad:
4	304	7	Shee as a vail down to the slender waste
4	305	7	Her unadorned golden tresses wore
4	306	7	Disheveld, but in wanton ringlets wav'd
4	307	7	As the Vine curles her tendrils, which impli'd
4	308	7	Subjection, but requir'd with gentle sway,
4	309	7	And by her yielded, by him best receivd,
4	310	7	Yielded with coy submission, modest pride,
4	311	7	And sweet reluctant amorous delay.
4	312	7	Nor those mysterious parts were then conceald,
4	313	7	Then was not guiltie shame, dishonest shame
4	314	7	Of natures works, honor dishonorable,
4	315	7	Sin-bred, how have ye troubl'd all mankind
4	316	7	With shews instead, meer shews of seeming pure,
4	317	7	And banisht from mans life his happiest life,
4	318	7	Simplicitie and spotless innocence.
4	319	7	So passd they naked on, nor shund the sight
4	320	7	Of God or Angel, for they thought no ill:
4	321	7	So hand in hand they passd, the lovliest pair
4	322	7	That ever since in loves imbraces met,
4	323	7	Adam the goodliest man of men since borne
4	324	7	His Sons, the fairest of her Daughters Eve.
4	325	7	Under a tuft of shade that on a green
4	326	7	Stood whispering soft, by a fresh Fountain side
4	327	7	They sat them down, and after no more toil
4	328	7	Of thir sweet Gardning labour then suffic'd
4	329	7	To recommend coole Zephyr, and made ease
4	330	7	More easie, wholsom thirst and appetite
4	331	7	More grateful, to thir Supper Fruits they fell,
4	332	7	Nectarine Fruits which the compliant boughes
4	333	7	Yielded them, side-long as they sat recline
4	334	7	On the soft downie Bank damaskt with flours:
4	335	7	The savourie pulp they chew, and in the rinde
4	336	7	Still as they thirsted scoop the brimming stream;
4	337	7	Nor gentle purpose, nor endearing smiles
4	338	7	Wanted, nor youthful dalliance as beseems
4	339	7	Fair couple, linkt in happie nuptial League,
4	340	7	Alone as they. About them frisking playd
4	341	7	All Beasts of th' Earth, since wilde, and of all chase
4	342	7	In Wood or Wilderness, Forrest or Den;
4	343	7	Sporting the Lion rampd, and in his paw
4	344	7	Dandl'd the Kid; Bears, Tygers, Ounces, Pards
4	345	7	Gambold before them, th' unwieldy Elephant
4	346	7	To make them mirth us'd all his might, and wreathd
4	347	7	His Lithe Proboscis; close the Serpent sly
4	348	7	Insinuating, wove with Gordian twine
4	349	7	His breaded train, and of his fatal guile
4	350	7	Gave proof unheeded; others on the grass
4	351	7	Coucht, and now fild with pasture gazing sat,
4	352	7	Or Bedward ruminating: for the Sun
4	353	7	Declin'd was hasting now with prone carreer
4	354	7	To th' Ocean Iles, and in th' ascending Scale
4	355	7	Of Heav'n the Starrs that usher Evening rose:
4	356	7	When Satan still in gaze, as first he stood,
4	357	7	Scarce thus at length faild speech recoverd sad.
4	358	9	O Hell! what doe mine eyes with grief behold,
4	359	9	Into our room of bliss thus high advanc't
4	360	9	Creatures of other mould, earth-born perhaps,
4	361	9	Not Spirits, yet to heav'nly Spirits bright
4	362	9	Little inferior; whom my thoughts pursue
4	363	9	With wonder, and could love, so lively shines
4	364	9	In them Divine resemblance, and such grace
4	365	9	The hand that formd them on thir shape hath pourd.
4	366	9	Ah gentle pair, yee little think how nigh
4	367	9	Your change approaches, when all these delights
4	368	9	Will vanish and deliver ye to woe,
4	369	9	More woe, the more your taste is now of joy;
4	370	9	Happie, but for so happie ill secur'd
4	371	9	Long to continue, and this high seat your Heav'n
4	372	9	Ill fenc't for Heav'n to keep out such a foe
4	373	9	As now is enterd; yet no purpos'd foe
4	374	9	To you whom I could pittie thus forlorne
4	375	9	Though I unpittied: League with you I seek,
4	376	9	And mutual amitie so streight, so close,
4	377	9	That I with you must dwell, or you with me
4	378	9	Henceforth; my dwelling haply may not please
4	379	9	Like this fair Paradise, your sense, yet such
4	380	9	Accept your Makers work; he gave it me,
4	381	9	Which I as freely give; Hell shall unfold,
4	382	9	To entertain you two, her widest Gates,
4	383	9	And send forth all her Kings; there will be room,
4	384	9	Not like these narrow limits, to receive
4	385	9	Your numerous ofspring; if no better place,
4	386	9	Thank him who puts me loath to this revenge
4	387	9	On you who wrong me not for him who wrongd.
4	388	9	And should I at your harmless innocence
4	389	9	Melt, as I doe, yet public reason just,
4	390	9	Honour and Empire with revenge enlarg'd,
4	391	9	By conquering this new World, compels me now
4	392	9	To do what else though damnd I should abhorre.
4	393	11	So spake the Fiend, and with necessitie,
4	394	11	The Tyrants plea, excus'd his devilish deeds.
4	395	11	Then from his loftie stand on that high Tree
4	396	11	Down he alights among the sportful Herd
4	397	11	Of those fourfooted kindes, himself now one,
4	398	11	Now other, as thir shape servd best his end
4	399	11	Neerer to view his prey, and unespi'd
4	400	11	To mark what of thir state he more might learn
4	401	11	By word or action markt: about them round
4	402	11	A Lion now he stalkes with fierie glare,
4	403	11	Then as a Tyger, who by chance hath spi'd
4	404	11	In some Purlieu two gentle Fawnes at play,
4	405	11	Strait couches close, then rising changes oft
4	406	11	His couchant watch, as one who chose his ground
4	407	11	Whence rushing he might surest seize them both
4	408	11	Gript in each paw: when Adam first of men
4	409	11	To first of women Eve thus moving speech,
4	410	11	Turnd him all eare to hear new utterance flow.
4	411	13	Sole partner and sole part of all these joyes,
4	412	13	Dearer thy self then all; needs must the Power
4	413	13	That made us, and for us this ample World
4	414	13	Be infinitly good, and of his good
4	415	13	As liberal and free as infinite,
4	416	13	That rais'd us from the dust and plac't us here
4	417	13	In all this happiness, who at his hand
4	418	13	Have nothing merited, nor can performe
4	419	13	Aught whereof hee hath need, hee who requires
4	420	13	From us no other service then to keep
4	421	13	This one, this easie charge, of all the Trees
4	422	13	In Paradise that bear delicious fruit
4	423	13	So various, not to taste that onely Tree
4	424	13	Of knowledge, planted by the Tree of Life,
4	425	13	So neer grows Death to Life, what ere Death is,
4	426	13	Som dreadful thing no doubt; for well thou knowst
4	427	13	God hath pronounc't it death to taste that Tree,
4	428	13	The only sign of our obedience left
4	429	13	Among so many signes of power and rule
4	430	13	Conferrd upon us, and Dominion giv'n
4	431	13	Over all other Creatures that possess
4	432	13	Earth, Aire, and Sea. Then let us not think hard
4	433	13	One easie prohibition, who enjoy
4	434	13	Free leave so large to all things else, and choice
4	435	13	Unlimited of manifold delights:
4	436	13	But let us ever praise him, and extoll
4	437	13	His bountie, following our delightful task
4	438	13	To prune these growing Plants, and tend these Flours,
4	439	13	Which were it toilsom, yet with thee were sweet.
4	440	15	To whom thus Eve repli'd. O thou for whom
4	441	15	And from whom I was formd flesh of thy flesh,
4	442	15	And without whom am to no end, my Guide
4	443	15	And Head, what thou hast said is just and right.
4	444	15	For wee to him indeed all praises owe,
4	445	15	And daily thanks, I chiefly who enjoy
4	446	15	So farr the happier Lot, enjoying thee
4	447	15	Præeminent by so much odds, while thou
4	448	15	Like consort to thy self canst no where find.
4	449	15	That day I oft remember, when from sleep
4	450	15	I first awak't, and found my self repos'd
4	451	15	Under a shade of flours, much wondring where
4	452	15	And what I was, whence thither brought, and how.
4	453	15	Not distant far from thence a murmuring sound
4	454	15	Of waters issu'd from a Cave and spread
4	455	15	Into a liquid Plain, then stood unmov'd
4	456	15	Pure as th' expanse of Heav'n; I thither went
4	457	15	With unexperienc't thought, and laid me downe
4	458	15	On the green bank, to look into the cleer
4	459	15	Smooth Lake, that to me seemd another Skie.
4	460	15	As I bent down to look, just opposite,
4	461	15	A Shape within the watry gleam appeard
4	462	15	Bending to look on me, I started back,
4	463	15	It started back, but pleas'd I soon returnd,
4	464	15	Pleas'd it returnd as soon with answering looks
4	465	15	Of sympathie and love; there I had fixt
4	466	15	Mine eyes till now, and pin'd with vain desire,
4	467	15	Had not a voice thus warnd me, What thou seest,
4	468	15	What there thou seest fair Creature is thy self,
4	469	15	With thee it came and goes: but follow me,
4	470	15	And I will bring thee where no shadow staies
4	471	15	Thy coming, and thy soft imbraces, hee
4	472	15	Whose image thou art, him thou shalt enjoy
4	473	15	Inseparablie thine, to him shalt beare
4	474	15	Multitudes like thy self, and thence be call'd
4	475	15	Mother of human Race: what could I doe,
4	476	15	But follow strait, invisibly thus led?
4	477	15	Till I espi'd thee, fair indeed and tall,
4	478	15	Under a Platan, yet methought less faire,
4	479	15	Less winning soft, less amiablie milde,
4	480	15	Then that smooth watry image; back I turnd,
4	481	15	Thou following cryd'st aloud, Return faire Eve,
4	482	15	Whom fli'st thou? whom thou fli'st, of him thou art,
4	483	15	His flesh, his bone; to give thee being I lent
4	484	15	Out of my side to thee, neerest my heart
4	485	15	Substantial Life, to have thee by my side
4	486	15	Henceforth an individual solace dear;
4	487	15	Part of my Soul I seek thee, and thee claim
4	488	15	My other half: with that thy gentle hand
4	489	15	Seisd mine, I yielded, and from that time see
4	490	15	How beauty is excelld by manly grace
4	491	15	And wisdom, which alone is truly fair.
4	492	17	So spake our general Mother, and with eyes
4	493	17	Of conjugal attraction unreprov'd,
4	494	17	And meek surrender, half imbracing leand
4	495	17	On our first Father, half her swelling Breast
4	496	17	Naked met his under the flowing Gold
4	497	17	Of her loose tresses hid: he in delight
4	498	17	Both of her Beauty and submissive Charms
4	499	17	Smil'd with superior Love, as Jupiter
4	500	17	On Juno smiles, when he impregns the Clouds
4	501	17	That shed May Flowers; and press'd her Matron lip
4	502	17	With kisses pure: aside the Devil turnd
4	503	17	For envie, yet with jealous leer maligne
4	504	17	Ey'd them askance, and to himself thus plaind.
4	505	19	Sight hateful, sight tormenting! thus these two
4	506	19	Imparadis't in one anothers arms
4	507	19	The happier Eden, shall enjoy thir fill
4	508	19	Of bliss on bliss, while I to Hell am thrust,
4	509	19	Where neither joy nor love, but fierce desire,
4	510	19	Among our other torments not the least,
4	511	19	Still unfulfill'd with pain of longing pines;
4	512	19	Yet let me not forget what I have gain'd
4	513	19	From thir own mouths; all is not theirs it seems:
4	514	19	One fatal Tree there stands of Knowledge call'd,
4	515	19	Forbidden them to taste: Knowledge forbidd'n?
4	516	19	Suspicious, reasonless. Why should thir Lord
4	517	19	Envie them that? can it be sin to know,
4	518	19	Can it be death? and do they onely stand
4	519	19	By Ignorance, is that thir happie state,
4	520	19	The proof of thir obedience and thir faith?
4	521	19	O fair foundation laid whereon to build
4	522	19	Thir ruine! Hence I will excite thir minds
4	523	19	With more desire to know, and to reject
4	524	19	Envious commands, invented with designe
4	525	19	To keep them low whom knowledge might exalt
4	526	19	Equal with Gods; aspiring to be such,
4	527	19	They taste and die: what likelier can ensue?
4	528	19	But first with narrow search I must walk round
4	529	19	This Garden, and no corner leave unspi'd;
4	530	19	A chance but chance may lead where I may meet
4	531	19	Some wandring Spirit of Heav'n, by Fountain side,
4	532	19	Or in thick shade retir'd, from him to draw
4	533	19	What further would be learnt. Live while ye may,
4	534	19	Yet happie pair; enjoy, till I return,
4	535	19	Short pleasures, for long woes are to succeed.
4	536	21	So saying, his proud step he scornful turn'd,
4	537	21	But with sly circumspection, and began
4	538	21	Through wood, through waste, o're hill, o're dale his roam.
4	539	21	Mean while in utmost Longitude, where Heav'n
4	540	21	With Earth and Ocean meets, the setting Sun
4	541	21	Slowly descended, and with right aspect
4	542	21	Against the eastern Gate of Paradise
4	543	21	Leveld his eevning Rayes: it was a Rock
4	544	21	Of Alablaster, pil'd up to the Clouds,
4	545	21	Conspicuous farr, winding with one ascent
4	546	21	Accessible from Earth, one entrance high;
4	547	21	The rest was craggie cliff, that overhung
4	548	21	Still as it rose, impossible to climbe.
4	549	21	Betwixt these rockie Pillars Gabriel sat
4	550	21	Chief of th' Angelic Guards, awaiting night;
4	551	21	About him exercis'd Heroic Games
4	552	21	Th' unarmed Youth of Heav'n, but nigh at hand
4	553	21	Celestial Armourie, Shields, Helmes, and Speares
4	554	21	Hung high with Diamond flaming, and with Gold.
4	555	21	Thither came Uriel, gliding through the Eeven
4	556	21	On a Sun beam, swift as a shooting Starr
4	557	21	In Autumn thwarts the night, when vapors fir'd
4	558	21	Impress the Air, and shews the Mariner
4	559	21	From what point of his Compass to beware
4	560	21	Impetuous winds: he thus began in haste.
4	561	23	Gabriel, to thee thy course by Lot hath giv'n
4	562	23	Charge and strict watch that to this happie place
4	563	23	No evil thing approach or enter in;
4	564	23	This day at highth of Noon came to my Spheare
4	565	23	A Spirit, zealous, as he seem'd, to know
4	566	23	More of th' Almighties works, and chiefly Man
4	567	23	Gods latest Image: I describ'd his way
4	568	23	Bent all on speed, and markt his Aerie Gate;
4	569	23	But in the Mount that lies from Eden North,
4	570	23	Where he first lighted, soon discernd his looks
4	571	23	Alien from Heav'n, with passions foul obscur'd:
4	572	23	Mine eye pursu'd him still, but under shade
4	573	23	Lost sight of him; one of the banisht crew
4	574	23	I fear, hath ventur'd from the Deep, to raise
4	575	23	New troubles; him thy care must be to find.
4	576	25	To whom the winged Warriour thus returnd:
4	577	25	Uriel, no wonder if thy perfet sight,
4	578	25	Amid the Suns bright circle where thou sitst,
4	579	25	See farr and wide: in at this Gate none pass
4	580	25	The vigilance here plac't, but such as come
4	581	25	Well known from Heav'n; and since Meridian hour
4	582	25	No Creature thence: if Spirit of other sort,
4	583	25	So minded, have oreleapt these earthie bounds
4	584	25	On purpose, hard thou knowst it to exclude
4	585	25	Spiritual substance with corporeal barr.
4	586	25	But if within the circuit of these walks,
4	587	25	In whatsoever shape he lurk, of whom
4	588	25	Thou tellst, by morrow dawning I shall know.
4	589	27	So promis'd hee, and Uriel to his charge
4	590	27	Returnd on that bright beam, whose point now rais'd
4	591	27	Bore him slope downward to the Sun now fall'n
4	592	27	Beneath th' Azores; whither the prime Orb,
4	593	27	Incredible how swift, had thither rowl'd
4	594	27	Diurnal, or this less volubil Earth
4	595	27	By shorter flight to th' East, had left him there
4	596	27	Arraying with reflected Purple and Gold
4	597	27	The Clouds that on his Western Throne attend:
4	598	27	Now came still Eevning on, and Twilight gray
4	599	27	Had in her sober Liverie all things clad;
4	600	27	Silence accompanied, for Beast and Bird,
4	601	27	They to thir grassie Couch, these to thir Nests
4	602	27	Were slunk, all but the wakeful Nightingale;
4	603	27	She all night long her amorous descant sung;
4	604	27	Silence was pleas'd: now glow'd the Firmament
4	605	27	With living Saphirs: Hesperus that led
4	606	27	The starrie Host, rode brightest, till the Moon
4	607	27	Rising in clouded Majestie, at length
4	608	27	Apparent Queen unvaild her peerless light,
4	609	27	And o're the dark her Silver Mantle threw.
4	610	29	When Adam thus to Eve: Fair Consort, th' hour
4	611	29	Of night, and all things now retir'd to rest
4	612	29	Mind us of like repose, since God hath set
4	613	29	Labour and rest, as day and night to men
4	614	29	Successive, and the timely dew of sleep
4	615	29	Now falling with soft slumbrous weight inclines
4	616	29	Our eye-lids; other Creatures all day long
4	617	29	Rove idle unimploid, and less need rest;
4	618	29	Man hath his daily work of body or mind
4	619	29	Appointed, which declares his Dignitie,
4	620	29	And the regard of Heav'n on all his waies;
4	621	29	While other Animals unactive range,
4	622	29	And of thir doings God takes no account.
4	623	29	To morrow ere fresh Morning streak the East
4	624	29	With first approach of light, we must be ris'n,
4	625	29	And at our pleasant labour, to reform
4	626	29	Yon flourie Arbors, yonder Allies green,
4	627	29	Our walk at noon, with branches overgrown,
4	628	29	That mock our scant manuring, and require
4	629	29	More hands then ours to lop thir wanton growth:
4	630	29	Those Blossoms also, and those dropping Gumms,
4	631	29	That lie bestrowne unsightly and unsmooth,
4	632	29	Ask riddance, if we mean to tread with ease;
4	633	29	Mean while, as Nature wills, Night bids us rest.
4	634	31	To whom thus Eve with perfet beauty adornd.
4	635	31	My Author and Disposer, what thou bidst
4	636	31	Unargu'd I obey; so God ordains,
4	637	31	God is thy Law, thou mine: to know no more
4	638	31	Is womans happiest knowledge and her praise.
4	639	31	With thee conversing I forget all time,
4	640	31	All seasons and thir change, all please alike.
4	641	31	Sweet is the breath of morn, her rising sweet,
4	642	31	With charm of earliest Birds; pleasant the Sun
4	643	31	When first on this delightful Land he spreads
4	644	31	His orient Beams, on herb, tree, fruit, and flour,
4	645	31	Glistring with dew; fragrant the fertil earth
4	646	31	After soft showers; and sweet the coming on
4	647	31	Of grateful Eevning milde, then silent Night
4	648	31	With this her solemn Bird and this fair Moon,
4	649	31	And these the Gemms of Heav'n, her starrie train:
4	650	31	But neither breath of Morn when she ascends
4	651	31	With charm of earliest Birds, nor rising Sun
4	652	31	On this delightful land, nor herb, fruit, floure,
4	653	31	Glistring with dew, nor fragrance after showers,
4	654	31	Nor grateful Eevning mild, nor silent Night
4	655	31	With this her solemn Bird, nor walk by Moon,
4	656	31	Or glittering Starr-light without thee is sweet.
4	657	31	But wherfore all night long shine these, for whom
4	658	31	This glorious sight, when sleep hath shut all eyes?
4	659	33	To whom our general Ancestor repli'd.
4	660	33	Daughter of God and Man, accomplisht Eve,
4	661	33	Those have thir course to finish, round the Earth,
4	662	33	By morrow Eevning, and from Land to Land
4	663	33	In order, though to Nations yet unborn,
4	664	33	Ministring light prepar'd, they set and rise;
4	665	33	Least total darkness should by Night regaine
4	666	33	Her old possession, and extinguish life
4	667	33	In Nature and all things, which these soft fires
4	668	33	Not only enlighten, but with kindly heate
4	669	33	Of various influence foment and warme,
4	670	33	Temper or nourish, or in part shed down
4	671	33	Thir stellar vertue on all kinds that grow
4	672	33	On Earth, made hereby apter to receive
4	673	33	Perfection from the Suns more potent Ray.
4	674	33	These then, though unbeheld in deep of night,
4	675	33	Shine not in vain, nor think, though men were none,
4	676	33	That heav'n would want spectators, God want praise;
4	677	33	Millions of spiritual Creatures walk the Earth
4	678	33	Unseen, both when we wake, and when we sleep:
4	679	33	All these with ceasless praise his works behold
4	680	33	Both day and night: how often from the steep
4	681	33	Of echoing Hill or Thicket have we heard
4	682	33	Celestial voices to the midnight air,
4	683	33	Sole, or responsive each to others note
4	684	33	Singing thir great Creator: oft in bands
4	685	33	While they keep watch, or nightly rounding walk,
4	686	33	With Heav'nly touch of instrumental sounds
4	687	33	In full harmonic number joind, thir songs
4	688	33	Divide the night, and lift our thoughts to Heaven.
4	689	35	Thus talking hand in hand alone they pass'd
4	690	35	On to thir blissful Bower; it was a place
4	691	35	Chos'n by the sovran Planter, when he fram'd
4	692	35	All things to mans delightful use; the roofe
4	693	35	Of thickest covert was inwoven shade
4	694	35	Laurel and Mirtle, and what higher grew
4	695	35	Of firm and fragrant leaf; on either side
4	696	35	Acanthus, and each odorous bushie shrub
4	697	35	Fenc'd up the verdant wall; each beauteous flour,
4	698	35	Iris all hues, Roses, and Gessamin
4	699	35	Rear'd high thir flourisht heads between, and wrought
4	700	35	Mosaic; underfoot the Violet,
4	701	35	Crocus, and Hyacinth with rich inlay
4	702	35	Broiderd the ground, more colour'd then with stone
4	703	35	Of costliest Emblem: other Creature here
4	704	35	Beast, Bird, Insect, or Worm durst enter none;
4	705	35	Such was thir awe of Man. In shadie Bower
4	706	35	More sacred and sequesterd, though but feignd,
4	707	35	Pan or Silvanus never slept, nor Nymph,
4	708	35	Nor Faunus haunted. Here in close recess
4	709	35	With Flowers, Garlands, and sweet-smelling Herbs
4	710	35	Espoused Eve deckt first her Nuptial Bed,
4	711	35	And heav'nlyly Quires the Hymenæan sung,
4	712	35	What day the genial Angel to our Sire
4	713	35	Brought her in naked beauty more adorn'd
4	714	35	More lovely then Pandora, whom the Gods
4	715	35	Endowd with all thir gifts, and O too like
4	716	35	In sad event, when to the unwiser Son
4	717	35	Of Japhet brought by Hermes, she ensnar'd
4	718	35	Mankind with her faire looks, to be aveng'd
4	719	35	On him who had stole Joves authentic fire.
4	720	37	Thus at thir shadie Lodge arriv'd, both stood
4	721	37	Both turnd, and under op'n Skie ador'd
4	722	37	The God that made both Skie, Air, Earth and Heav'n
4	723	37	Which they beheld, the Moons resplendent Globe
4	724	37	And starrie Pole: Thou also mad'st the Night,
4	725	37	Maker Omnipotent, and thou the Day,
4	726	37	Which we in our appointed work imployd
4	727	37	Have finisht happie in our mutual help
4	728	37	And mutual love, the Crown of all our bliss
4	729	37	Ordaind by thee, and this delicious place
4	730	37	For us too large, where thy abundance wants
4	731	37	Partakers, and uncropt falls to the ground.
4	732	37	But thou hast promis'd from us two a Race
4	733	37	To fill the Earth, who shall with us extoll
4	734	37	Thy goodness infinite, both when we wake,
4	735	37	And when we seek, as now, thy gift of sleep.
4	736	39	This said unanimous, and other Rites
4	737	39	Observing none, but adoration pure
4	738	39	Which God likes best, into thir inmost bowre
4	739	39	Handed they went; and eas'd the putting off
4	740	39	These troublesom disguises which wee wear,
4	741	39	Strait side by side were laid, nor turnd I weene
4	742	39	Adam from his fair Spouse, nor Eve the Rites
4	743	39	Mysterious of connubial Love refus'd:
4	744	39	Whatever Hypocrites austerely talk
4	745	39	Of puritie and place and innocence,
4	746	39	Defaming as impure what God declares
4	747	39	Pure, and commands to som, leaves free to all.
4	748	39	Our Maker bids increase, who bids abstain
4	749	39	But our Destroyer, foe to God and Man?
4	750	39	Haile wedded Love, mysterious Law, true source
4	751	39	Of human ofspring, sole propriety,
4	752	39	In Paradise of all things common else.
4	753	39	By thee adulterous lust was driv'n from men
4	754	39	Among the bestial herds to raunge, by thee
4	755	39	Founded in Reason, Loyal, Just, and Pure,
4	756	39	Relations dear, and all the Charities
4	757	39	Of Father, Son, and Brother first were known.
4	758	39	Farr be it, that I should write thee sin or blame,
4	759	39	Or think thee unbefitting holiest place,
4	760	39	Perpetual Fountain of Domestic sweets,
4	761	39	Whose bed is undefil'd and chaste pronounc't,
4	762	39	Present, or past, as Saints and Patriarchs us'd.
4	763	39	Here Love his golden shafts imploies, here lights
4	764	39	His constant Lamp, and waves his purple wings,
4	765	39	Reigns here and revels; not in the bought smile
4	766	39	Of Harlots, loveless, joyless, unindeard,
4	767	39	Casual fruition, nor in Court Amours
4	768	39	Mixt Dance, or wanton Mask, or Midnight Bal,
4	769	39	Or Serenate, which the starv'd Lover sings
4	770	39	To his proud fair, best quitted with disdain.
4	771	39	These lulld by Nightingales imbraceing slept,
4	772	39	And on thir naked limbs the flourie roof
4	773	39	Showrd Roses, which the Morn repair'd. Sleep on
4	774	39	Blest pair; and O yet happiest if ye seek
4	775	39	No happier state, and know to know no more.
4	776	41	Now had night measur'd with her shaddowie Cone
4	777	41	Half way up Hill this vast Sublunar Vault,
4	778	41	And from thir Ivorie Port the Cherubim
4	779	41	Forth issuing at th' accustomd hour stood armd
4	780	41	To thir night watches in warlike Parade,
4	781	41	When Gabriel to his next in power thus spake.
4	782	43	Uzziel, half these draw off, and coast the South
4	783	43	With strictest watch; these other wheel the North,
4	784	43	Our circuit meets full West. As flame they part
4	785	43	Half wheeling to the Shield, half to the Spear.
4	786	43	From these, two strong and suttle Spirits he calld
4	787	43	That neer him stood, and gave them thus in charge.
4	788	45	Ithuriel and Zephon, with wingd speed
4	789	45	Search through this Garden, leave unsearcht no nook,
4	790	45	But chiefly where those two fair Creatures Lodge,
4	791	45	Now laid perhaps asleep secure of harme.
4	792	45	This Eevning from the Sun's decline arriv'd
4	793	45	Who tells of som infernal Spirit seen
4	794	45	Hitherward bent (who could have thought?) escap'd
4	795	45	The barrs of Hell, on errand bad no doubt:
4	796	45	Such where ye find, seise fast, and hither bring.
4	797	47	So saying, on he led his radiant Files,
4	798	47	Daz'ling the Moon; these to the Bower direct
4	799	47	In search of whom they sought: him there they found
4	800	47	Squat like a Toad, close at the eare of Eve;
4	801	47	Assaying by his Devilish art to reach
4	802	47	The Organs of her Fancie, and with them forge
4	803	47	Illusions as he list, Phantasms and Dreams,
4	804	47	Or if, inspiring venom, he might taint
4	805	47	Th' animal spirits that from pure blood arise
4	806	47	Like gentle breaths from Rivers pure, thence raise
4	807	47	At least distemperd, discontented thoughts,
4	808	47	Vaine hopes, vaine aimes, inordinate desires
4	809	47	Blown up with high conceits ingendring pride.
4	810	47	Him thus intent Ithuriel with his Spear
4	811	47	Touch'd lightly; for no falshood can endure
4	812	47	Touch of Celestial temper, but returns
4	813	47	Of force to its own likeness: up he starts
4	814	47	Discoverd and surpriz'd. As when a spark
4	815	47	Lights on a heap of nitrous Powder, laid
4	816	47	Fit for the Tun som Magazin to store
4	817	47	Against a rumord Warr, the Smuttie graine
4	818	47	With sudden blaze diffus'd, inflames the Aire:
4	819	47	So started up in his own shape the Fiend.
4	820	47	Back stept those two fair Angels half amaz'd
4	821	47	So sudden to behold the grieslie King;
4	822	47	Yet thus, unmovd with fear, accost him soon.
4	823	49	Which of those rebell Spirits adjudg'd to Hell
4	824	49	Com'st thou, escap'd thy prison, and transform'd,
4	825	49	Why satst thou like an enemie in waite
4	826	49	Here watching at the head of these that sleep?
4	827	51	Know ye not then said Satan, fill'd with scorn
4	828	51	Know ye not mee? ye knew me once no mate
4	829	51	For you, there sitting where ye durst not soare;
4	830	51	Not to know mee argues your selves unknown,
4	831	51	The lowest of your throng; or if ye know,
4	832	51	Why ask ye, and superfluous begin
4	833	51	Your message, like to end as much in vain?
4	834	51	To whom thus Zephon, answering scorn with scorn.
4	835	51	Think not, revolted Spirit, thy shape the same,
4	836	51	Or undiminisht brightness, to be known
4	837	51	As when thou stoodst in Heav'n upright and pure;
4	838	51	That Glorie then, when thou no more wast good,
4	839	51	Departed from thee, and thou resembl'st now
4	840	51	Thy sin and place of doom obscure and foule.
4	841	51	But come, for thou, be sure, shalt give account
4	842	51	To him who sent us, whose charge is to keep
4	843	51	This place inviolable, and these from harm.
4	844	53	So spake the Cherube, and his grave rebuke
4	845	53	Severe in youthful beautie, added grace
4	846	53	Invincible: abasht the Devil stood,
4	847	53	And felt how awful goodness is, and saw
4	848	53	Vertue in her shape how lovly, saw, and pin'd
4	849	53	His loss; but chiefly to find here observd
4	850	53	His lustre visibly impair'd; yet seemd
4	851	53	Undaunted. If I must contend, said he,
4	852	53	Best with the best, the Sender not the sent,
4	853	53	Or all at once; more glorie will be wonn,
4	854	53	Or less be lost. Thy fear, said Zephon bold,
4	855	53	Will save us trial what the least can doe
4	856	53	Single against thee wicked, and thence weak.
4	857	55	The Fiend repli'd not, overcome with rage;
4	858	55	But like a proud Steed reind, went hautie on,
4	859	55	Chaumping his iron curb: to strive or flie
4	860	55	He held it vain; awe from above had quelld
4	861	55	His heart, not else dismai'd. Now drew they nigh
4	862	55	The western Point, where those half-rounding guards
4	863	55	Just met, and closing stood in squadron joind
4	864	55	Awaiting next command. To whom thir Chief
4	865	55	Gabriel from the Front thus calld aloud.
4	866	57	O friends, I hear the tread of nimble feet
4	867	57	Hasting this way, and now by glimps discerne
4	868	57	Ithuriel and Zephon through the shade,
4	869	57	And with them comes a third of Regal port,
4	870	57	But faded splendor wan; who by his gate
4	871	57	And fierce demeanour seems the Prince of Hell,
4	872	57	Not likely to part hence without contest;
4	873	57	Stand firm, for in his look defiance lours.
4	874	59	He scarce had ended, when those two approachd
4	875	59	And brief related whom they brought, where found,
4	876	59	How busied, in what form and posture coucht.
4	877	61	To whom with stern regard thus Gabriel spake.
4	878	61	Why hast thou, Satan, broke the bounds prescrib'd
4	879	61	To thy transgressions, and disturbd the charge
4	880	61	Of others, who approve not to transgress
4	881	61	By thy example, but have power and right
4	882	61	To question thy bold entrance on this place;
4	883	61	Imploi'd it seems to violate sleep, and those
4	884	61	Whose dwelling God hath planted here in bliss?
4	885	63	To whom thus Satan with contemptuous brow.
4	886	63	Gabriel, thou hadst in Heav'n th' esteem of wise,
4	887	63	And such I held thee; but this question askt
4	888	63	Puts me in doubt. Lives ther who loves his pain?
4	889	63	Who would not, finding way, break loose from Hell,
4	890	63	Though thither doomd? Thou wouldst thyself, no doubt,
4	891	63	And boldly venture to whatever place
4	892	63	Farthest from pain, where thou mightst hope to change
4	893	63	Torment with ease, and; soonest recompence
4	894	63	Dole with delight, which in this place I sought;
4	895	63	To thee no reason; who knowst only good,
4	896	63	But evil hast not tri'd: and wilt object
4	897	63	His will who bound us? let him surer barr
4	898	63	His Iron Gates, if he intends our stay
4	899	63	In that dark durance: thus much what was askt.
4	900	63	The rest is true, they found me where they say;
4	901	63	But that implies not violence or harme.
4	902	65	Thus he in scorn. The warlike Angel mov'd,
4	903	65	Disdainfully half smiling thus repli'd.
4	904	65	O loss of one in Heav'n to judge of wise,
4	905	65	Since Satan fell, whom follie overthrew,
4	906	65	And now returns him from his prison scap't,
4	907	65	Gravely in doubt whether to hold them wise
4	908	65	Or not, who ask what boldness brought him hither
4	909	65	Unlicenc't from his bounds in Hell prescrib'd;
4	910	65	So wise he judges it to fly from pain
4	911	65	However, and to scape his punishment.
4	912	65	So judge thou still, presumptuous, till the wrauth,
4	913	65	Which thou incurr'st by flying, meet thy flight
4	914	65	Seavenfold, and scourge that wisdom back to Hell,
4	915	65	Which taught thee yet no better, that no pain
4	916	65	Can equal anger infinite provok't.
4	917	65	But wherefore thou alone? wherefore with thee
4	918	65	Came not all Hell broke loose? is pain to them
4	919	65	Less pain, less to be fled, or thou then they
4	920	65	Less hardie to endure? courageous Chief,
4	921	65	The first in flight from pain, hadst thou alleg'd
4	922	65	To thy deserted host this cause of flight,
4	923	65	Thou surely hadst not come sole fugitive.
4	924	67	To which the Fiend thus answerd frowning stern.
4	925	67	Not that I less endure, or shrink from pain,
4	926	67	Insulting Angel, well thou knowst I stood
4	927	67	Thy fiercest, when in Battel to thy aide
4	928	67	The blasting volied Thunder made all speed
4	929	67	And seconded thy else not dreaded Spear.
4	930	67	But still thy words at random, as before,
4	931	67	Argue thy inexperience what behooves
4	932	67	From hard assaies and ill successes past
4	933	67	A faithful Leader, not to hazard all
4	934	67	Through wayes of danger by himself untri'd,
4	935	67	I therefore, I alone first undertook
4	936	67	To wing the desolate Abyss, and spie
4	937	67	This new created World, whereof in Hell
4	938	67	Fame is not silent, here in hope to find
4	939	67	Better abode, and my afflicted Powers
4	940	67	To settle here on Earth, or in mid Aire;
4	941	67	Though for possession put to try once more
4	942	67	What thou and thy gay Legions dare against;
4	943	67	Whose easier business were to serve thir Lord
4	944	67	High up in Heav'n, with songs to hymne his Throne,
4	945	67	And practis'd distances to cringe, not fight.
4	946	69	To whom the warriour Angel, soon repli'd.
4	947	69	To say and strait unsay, pretending first
4	948	69	Wise to flie pain, professing next the Spie,
4	949	69	Argues no Leader, but a lyar trac't,
4	950	69	Satan, and couldst thou faithful add? O name,
4	951	69	O sacred name of faithfulness profan'd!
4	952	69	Faithful to whom? to thy rebellious crew?
4	953	69	Armie of Fiends, fit body to fit head;
4	954	69	Was this your discipline and faith ingag'd,
4	955	69	Your military obedience, to dissolve
4	956	69	Allegeance to th' acknowledg'd Power supream?
4	957	69	And thou sly hypocrite, who now wouldst seem
4	958	69	Patron of liberty, who more then thou
4	959	69	Once fawn'd, and cring'd, and servilly ador'd
4	960	69	Heav'ns awful Monarch? wherefore but in hope
4	961	69	To dispossess him, and thy self to reigne?
4	962	69	But mark what I arreede thee now, avant;
4	963	69	Flie thither whence thou fledst: if from this houre
4	964	69	Within these hallowd limits thou appeer,
4	965	69	Back to th' infernal pit I drag thee chaind,
4	966	69	And Seale thee so, as henceforth not to scorne
4	967	69	The facil gates of hell too slightly barrd.
4	968	71	So threatn'd hee, but Satan to no threats
4	969	71	Gave heed, but waxing more in rage repli'd.
4	970	73	Then when I am thy captive talk of chaines,
4	971	73	Proud limitarie Cherube, but ere then
4	972	73	Farr heavier load thy self expect to feel
4	973	73	From my prevailing arme, though Heavens King
4	974	73	Ride on thy wings, and thou with thy Compeers,
4	975	73	Us'd to the yoak, draw'st his triumphant wheels
4	976	73	In progress through the rode of Heav'n Star-pav'd.
4	977	75	While thus he spake, th' Angelic Squadron bright
4	978	75	Turnd fierie red, sharpning in mooned hornes
4	979	75	Thir Phalanx, and began to hemm him round
4	980	75	With ported Spears, as thick as when a field
4	981	75	Of Ceres ripe for harvest waving bends
4	982	75	Her bearded Grove of ears, which way the wind
4	983	75	Swayes them; the careful Plowman doubting stands
4	984	75	Least on the threshing floore his hopeful sheaves
4	985	75	Prove chaff. On th' other side Satan allarm'd
4	986	75	Collecting all his might dilated stood,
4	987	75	Like Teneriff or Atlas unremov'd:
4	988	75	His stature reacht the Skie, and on his Crest
4	989	75	Sat horror Plum'd; nor wanted in his graspe
4	990	75	What seemd both Spear and Shield: now dreadful deeds
4	991	75	Might have ensu'd, nor onely Paradise
4	992	75	In this commotion, but the Starrie Cope
4	993	75	Of Heav'n perhaps, or all the Elements
4	994	75	At least had gon to rack, disturbd and torne
4	995	75	With violence of this conflict, had not soon
4	996	75	Th' Eternal to prevent such horrid fray
4	997	75	Hung forth in Heav'n his golden Scales, yet seen
4	998	75	Betwixt Astrea and the Scorpion signe,
4	999	75	Wherein all things created first he weighd,
4	1000	75	The pendulous round Earth with balanc't Aire
4	1001	75	In counterpoise, now ponders all events,
4	1002	75	Battels and Realms: in these he put two weights
4	1003	75	The sequel each of parting and of fight;
4	1004	75	The latter quick up flew, and kickt the beam;
4	1005	75	Which Gabriel spying, thus bespake the Fiend.
4	1006	77	Satan, I know thy strength, and thou know'st mine,
4	1007	77	Neither our own but giv'n; what follie then
4	1008	77	To boast what Arms can doe, since thine no more
4	1009	77	Then Heav'n permits, nor mine, though doubld now
4	1010	77	To trample thee as mire: for proof look up,
4	1011	77	And read thy Lot in yon celestial Sign
4	1012	77	Where thou art weigh'd, and shown how light, how weak,
4	1013	77	If thou resist. The Fiend lookt up and knew
4	1014	77	His mounted scale aloft: nor more; but fled
4	1015	77	Murmuring, and with him fled the shades of night.
5	1	1	NOw Morn her rosie steps in th' Eastern Clime
5	2	1	Advancing, sow'd the earth with Orient Pearle,
5	3	1	When Adam wak't, so customd, for his sleep
5	4	1	Was Aerie light, from pure digestion bred,
5	5	1	And temperat vapors bland, which th' only sound
5	6	1	Of leaves and fuming rills, Aurora's fan,
5	7	1	Lightly dispers'd, and the shrill Matin Song
5	8	1	Of Birds on every bough; so much the more
5	9	1	His wonder was to find unwak'nd Eve
5	10	1	With Tresses discompos'd, and glowing Cheek,
5	11	1	As through unquiet rest: he on his side
5	12	1	Leaning half-rais'd, with looks of cordial Love
5	13	1	Hung over her enamour'd, and beheld
5	14	1	Beautie, which whether waking or asleep,
5	15	1	Shot forth peculiar graces; then with voice
5	16	1	Milde, as when Zephyrus on Flora breathes,
5	17	1	Her hand soft touching, whisperd thus. Awake
5	18	1	My fairest, my espous'd, my latest found,
5	19	1	Heav'ns last best gift, my ever new delight,
5	20	1	Awake, the morning shines, and the fresh field
5	21	1	Calls us, we lose the prime, to mark how spring
5	22	1	Our tended Plants, how blows the Citron Grove,
5	23	1	What drops the Myrrhe, and what the balmie Reed,
5	24	1	How Nature paints her colours, how the Bee
5	25	1	Sits on the Bloom extracting liquid sweet.
5	26	3	Such whispering wak'd her, but with startl'd eye
5	27	3	On Adam, whom imbracing, thus she spake.
5	28	5	O Sole in whom my thoughts find all repose,
5	29	5	My Glorie, my Perfection, glad I see
5	30	5	Thy face, and Morn return'd, for I this Night,
5	31	5	Such night till this I never pass'd, have dream'd,
5	32	5	If dream'd, not as I oft am wont, of thee,
5	33	5	Works of day pass't, or morrows next designe,
5	34	5	But of offense and trouble, which my mind
5	35	5	Knew never till this irksom night; methought
5	36	5	Close at mine ear one call'd me forth to walk
5	37	5	With gentle voice, I thought it thine; it said,
5	38	5	Why sleepst thou Eve? now is the pleasant time,
5	39	5	The cool, the silent, save where silence yields
5	40	5	To the night-warbling Bird, that now awake
5	41	5	Tunes sweetest his love-labor'd song; now reignes
5	42	5	Full Orb'd the Moon, and with more pleasing light
5	43	5	Shadowie sets off the face of things; in vain,
5	44	5	If none regard; Heav'n wakes with all his eyes,
5	45	5	Whom to behold but thee, Natures desire,
5	46	5	In whose sight all things joy, with ravishment
5	47	5	Attracted by thy beauty still to gaze.
5	48	5	I rose as at thy call, but found thee not;
5	49	5	To find thee I directed then my walk;
5	50	5	And on, methought, alone I pass'd through ways
5	51	5	That brought me on a sudden to the Tree
5	52	5	Of interdicted Knowledge: fair it seem'd,
5	53	5	Much fairer to my Fancie then by day:
5	54	5	And as I wondring lookt, beside it stood
5	55	5	One shap'd and wing'd like one of those from Heav'n
5	56	5	By us oft seen; his dewie locks distill'd
5	57	5	Ambrosia; on that Tree he also gaz'd;
5	58	5	And O fair Plant, said he, with fruit surcharg'd,
5	59	5	Deigns none to ease thy load and taste thy sweet,
5	60	5	Nor God, nor Man; is Knowledge so despis'd?
5	61	5	Or envie, or what reserve forbids to taste?
5	62	5	Forbid who will, none shall from me withhold
5	63	5	Longer thy offerd good, why else set here?
5	64	5	This said he paus'd not, but with ventrous Arme
5	65	5	He pluckt, he tasted; mee damp horror chil'd
5	66	5	At such bold words voucht with a deed so bold:
5	67	5	But he thus overjoy'd, O Fruit Divine,
5	68	5	Sweet of thy self, but much more sweet thus cropt,
5	69	5	Forbidd'n here, it seems, as onely fit
5	70	5	For God's, yet able to make Gods of Men:
5	71	5	And why not Gods of Men, since good, the more
5	72	5	Communicated, more abundant growes,
5	73	5	The Author not impair'd, but honourd more?
5	74	5	Here, happie Creature, fair Angelic Eve,
5	75	5	Partake thou also; happie though thou art,
5	76	5	Happier thou mayst be, worthier canst not be:
5	77	5	Taste this, and be henceforth among the Gods
5	78	5	Thy self a Goddess, not to Earth confind,
5	79	5	But somtimes in the Air, as wee, somtimes
5	80	5	Ascend to Heav'n, by merit thine, and see
5	81	5	What life the Gods live there, and such live thou.
5	82	5	So saying, he drew nigh, and to me held,
5	83	5	Even to my mouth of that same fruit held part
5	84	5	Which he had pluckt; the pleasant savourie smell
5	85	5	So quick'nd appetite, that I, methought,
5	86	5	Could not but taste. Forthwith up to the Clouds
5	87	5	With him I flew, and underneath beheld
5	88	5	The Earth outstretcht immense, a prospect wide
5	89	5	And various: wondring at my flight and change
5	90	5	To this high exaltation; suddenly
5	91	5	My Guide was gon, and I, me thought, sunk down,
5	92	5	And fell asleep; but O how glad I wak'd
5	93	5	To find this but a dream! Thus Eve her Night
5	94	5	Related, and thus Adam answerd sad.
5	95	7	Best Image of my self and dearer half,
5	96	7	The trouble of thy thoughts this night in sleep
5	97	7	Affects me equally; nor can I like
5	98	7	This uncouth dream, of evil sprung I fear;
5	99	7	Yet evil whence? in thee can harbour none,
5	100	7	Created pure. But know that in the Soule
5	101	7	Are many lesser Faculties that serve
5	102	7	Reason as chief; among these Fansie next
5	103	7	Her office holds; of all external things,
5	104	7	Which the five watchful Senses represent,
5	105	7	She forms Imaginations, Aerie shapes,
5	106	7	Which Reason joyning or disjoyning, frames
5	107	7	All what we affirm or what deny, and call
5	108	7	Our knowledge or opinion; then retires
5	109	7	Into her private Cell when Nature rests.
5	110	7	Oft in her absence mimic Fansie wakes
5	111	7	To imitate her; but misjoyning shapes,
5	112	7	Wilde work produces oft, and most in dreams,
5	113	7	Ill matching words and deeds long past or late.
5	114	7	Som such resemblances methinks I find
5	115	7	Of our last Eevnings talk, in this thy dream,
5	116	7	But with addition strange; yet be not sad.
5	117	7	Evil into the mind of God or Man
5	118	7	May come and go, so unapprov'd, and leave
5	119	7	No spot or blame behind: Which gives me hope
5	120	7	That what in sleep thou didst abhorr to dream,
5	121	7	Waking thou never wilt consent to do.
5	122	7	Be not disheart'nd then, nor cloud those looks
5	123	7	That wont to be more chearful and serene
5	124	7	Then when fair Morning first smiles on the World,
5	125	7	And let us to our fresh imployments rise
5	126	7	Among the Groves, the Fountains, and the Flours
5	127	7	That open now thir choicest bosom'd smells
5	128	7	Reservd from night, and kept for thee in store.
5	129	9	So cheard he his fair Spouse, and she was cheard,
5	130	9	But silently a gentle tear let fall
5	131	9	From either eye, and wip'd them with her haire;
5	132	9	Two other precious drops that ready stood,
5	133	9	Each in thir Chrystal sluce, hee ere they fell
5	134	9	Kiss'd as the gracious signs of sweet remorse
5	135	9	And pious awe, that feard to have offended.
5	136	11	So all was cleard, and to the Field they haste.
5	137	11	But first from under shadie arborous roof,
5	138	11	Soon as they forth were come to open sight
5	139	11	Of day-spring, and the Sun, who scarce up risen
5	140	11	With wheels yet hov'ring o're the Ocean brim,
5	141	11	Shot paralel to the earth his dewie ray,
5	142	11	Discovering in wide Lantskip all the East
5	143	11	Of Paradise and Edens happie Plains,
5	144	11	Lowly they bow'd adoring, and began
5	145	11	Thir Orisons, each Morning duly paid
5	146	11	In various style, for neither various style
5	147	11	Nor holy rapture wanted they to praise
5	148	11	Thir Maker, in fit strains pronounc't or sung
5	149	11	Unmeditated, such prompt eloquence
5	150	11	Flowd from thir lips, in Prose or numerous Verse,
5	151	11	More tuneable then needed Lute or Harp
5	152	11	To add more sweetness, and they thus began.
5	153	13	These are thy glorious works, Parent of good,
5	154	13	Almightie, thine this universal Frame,
5	155	13	Thus wondrous fair; thy self how wondrous then!
5	156	13	Unspeakable, who sitst above these Heavens
5	157	13	To us invisible or dimly seen
5	158	13	In these thy lowest works, yet these declare
5	159	13	Thy goodness beyond thought, and Power Divine:
5	160	13	Speak yee who best can tell, ye Sons of Light,
5	161	13	Angels, for yee behold him, and with songs
5	162	13	And choral symphonies, Day without Night,
5	163	13	Circle his Throne rejoycing, yee in Heav'n,
5	164	13	On Earth joyn all ye Creatures to extoll
5	165	13	Him first, him last, him midst, and without end.
5	166	13	Fairest of Starrs, last in the train of Night,
5	167	13	If better thou belong not to the dawn,
5	168	13	Sure pledge of day, that crownst the smiling Morn
5	169	13	With thy bright Circlet, praise him in thy Spheare
5	170	13	While day arises, that sweet hour of Prime.
5	171	13	Thou Sun, of this great World both Eye and Soule,
5	172	13	Acknowledge him thy Greater, sound his praise
5	173	13	In thy eternal course, both when thou climb'st,
5	174	13	And when high Noon hast gaind, and when thou fallst.
5	175	13	Moon, that now meetst the orient Sun, now fli'st
5	176	13	With the fixt Starrs, fixt in thir Orb that flies,
5	177	13	And yee five other wandring Fires that move
5	178	13	In mystic Dance not without Song, resound
5	179	13	His praise, who out of Darkness call'd up Light.
5	180	13	Aire, and ye Elements the eldest birth
5	181	13	Of Natures Womb, that in quaternion run
5	182	13	Perpetual Circle, multiform; and mix
5	183	13	And nourish all things, let your ceasless change
5	184	13	Varie to our great Maker still new praise.
5	185	13	Ye Mists and Exhalations that now rise
5	186	13	From Hill or steaming Lake, duskie or grey,
5	187	13	Till the Sun paint your fleecie skirts with Gold,
5	188	13	In honour to the Worlds great Author rise,
5	189	13	Whether to deck with Clouds th' uncolourd skie,
5	190	13	Or wet the thirstie Earth with falling showers,
5	191	13	Rising or falling still advance his praise.
5	192	13	His praise ye Winds, that from four Quarters blow,
5	193	13	Breathe soft or loud; and wave your tops, ye Pines,
5	194	13	With every Plant, in sign of Worship wave.
5	195	13	Fountains and yee, that warble, as ye flow,
5	196	13	Melodious murmurs, warbling tune his praise.
5	197	13	Joyn voices all ye living Souls; ye Birds,
5	198	13	That singing up to Heaven Gate ascend,
5	199	13	Bear on your wings and in your notes his praise;
5	200	13	Yee that in Waters glide, and yee that walk
5	201	13	The Earth, and stately tread, or lowly creep;
5	202	13	Witness if I be silent, Morn or Eeven,
5	203	13	To Hill, or Valley, Fountain, or fresh shade
5	204	13	Made vocal by my Song, and taught his praise.
5	205	13	Hail universal Lord, be bounteous still
5	206	13	To give us onely good; and if the night
5	207	13	Have gathered aught of evil or conceald,
5	208	13	Disperse it, as now light dispels the dark.
5	209	15	So pray'd they innocent, and to thir thoughts
5	210	15	Firm peace recoverd soon and wonted calm.
5	211	15	On to thir mornings rural work they haste
5	212	15	Among sweet dewes and flours; where any row
5	213	15	Of Fruit-trees overwoodie reachd too farr
5	214	15	Thir pamperd boughes, and needed hands to check
5	215	15	Fruitless imbraces: or they led the Vine
5	216	15	To wed her Elm; she spous'd about him twines
5	217	15	Her marriageable arms, and with her brings
5	218	15	Her dowr th' adopted Clusters, to adorn
5	219	15	His barren leaves. Them thus imploid beheld
5	220	15	With pittie Heav'ns high King, and to him call'd
5	221	15	Raphael, the sociable Spirit, that deign'd
5	222	15	To travel with Tobias, and secur'd
5	223	15	His marriage with the seaventimes-wedded Maid.
5	224	17	Raphael, said hee, thou hear'st what stir on Earth
5	225	17	Satan from Hell scap't through the darksom Gulf
5	226	17	Hath raisd in Paradise, and how disturbd
5	227	17	This night the human pair, how he designes
5	228	17	In them at once to ruin all mankind.
5	229	17	Go therefore, half this day as friend with friend
5	230	17	Converse with Adam, in what Bowre or shade
5	231	17	Thou find'st him from the heat of Noon retir'd,
5	232	17	To respit his day-labour with repast,
5	233	17	Or with repose; and such discourse bring on,
5	234	17	As may advise him of his happie state,
5	235	17	Happiness in his power left free to will,
5	236	17	Left to his own free Will, his Will though free,
5	237	17	Yet mutable; whence warne him to beware
5	238	17	He swerve not too secure: tell him withall
5	239	17	His danger, and from whom, what enemie
5	240	17	Late falln himself from Heav'n, is plotting now
5	241	17	The fall of others from like state of bliss;
5	242	17	By violence, no, for that shall be withstood,
5	243	17	But by deceit and lies; this let him know,
5	244	17	Lest wilfully transgressing he pretend
5	245	17	Surprisal, unadmonisht, unforewarnd.
5	246	19	So spake th' Eternal Father, and fulfilld
5	247	19	All Justice: nor delaid the winged Saint
5	248	19	After his charge receivd; but from among
5	249	19	Thousand Celestial Ardors, where he stood
5	250	19	Vaild with his gorgeous wings, up springing light
5	251	19	Flew through the midst of Heav'n; th' angelic Quires
5	252	19	On each hand parting, to his speed gave way
5	253	19	Through all th' Empyreal road; till at the Gate
5	254	19	Of Heav'n arriv'd, the gate self-opend wide
5	255	19	On golden Hinges turning, as by work
5	256	19	Divine the sov'ran Architect had fram'd.
5	257	19	From hence, no cloud, or, to obstruct his sight,
5	258	19	Starr interpos'd, however small he sees,
5	259	19	Not unconform to other shining Globes,
5	260	19	Earth and the Gard'n of God, with Cedars crownd
5	261	19	Above all Hills. As when by night the Glass
5	262	19	Of Galileo, less assur'd, observes
5	263	19	Imagind Lands and Regions in the Moon:
5	264	19	Or Pilot from amidst the Cyclades
5	265	19	Delos or Samos first appeering kenns
5	266	19	A cloudy spot. Down thither prone in flight
5	267	19	He speeds, and through the vast Ethereal Skie
5	268	19	Sailes between worlds and worlds, with steddie wing
5	269	19	Now on the polar windes, then with quick Fann
5	270	19	Winnows the buxom Air; till within soare
5	271	19	Of Towring Eagles, to all the Fowles he seems
5	272	19	A Phœnix, gaz'd by all, as that sole Bird
5	273	19	When to enshrine his reliques in the Sun's
5	274	19	Bright Temple, to Ægyptian Theb's he flies.
5	275	19	At once on th' Eastern cliff of Paradise
5	276	19	He lights, and to his proper shape returns
5	277	19	A Seraph wingd; six wings he wore, to shade
5	278	19	His lineaments Divine; the pair that clad
5	279	19	Each shoulder broad, came mantling o're his brest
5	280	19	With regal Ornament; the middle pair
5	281	19	Girt like a Starrie Zone his waste, and round
5	282	19	Skirted his loines and thighes with downie Gold
5	283	19	And colours dipt in Heav'n; the third his feet
5	284	19	Shaddowd from either heele with featherd maile
5	285	19	Skie-tinctur'd grain. Like Maia's son he stood,
5	286	19	And shook his Plumes, that Heav'nly fragrance filld
5	287	19	The circuit wide. Strait knew him all the Bands
5	288	19	Of Angels under watch; and to his state,
5	289	19	And to his message high in honour rise;
5	290	19	For on Som message high they guessd him bound.
5	291	19	Thir glittering Tents he passd, and now is come
5	292	19	Into the blissful field, through Groves of Myrrhe,
5	293	19	And flouring Odours, Cassia, Nard, and Balme;
5	294	19	A Wilderness of sweets; for Nature here
5	295	19	Wantond as in her prime, and plaid at will
5	296	19	Her Virgin Fancies, pouring forth more sweet,
5	297	19	Wilde above Rule or Art; enormous bliss.
5	298	19	Him through the spicie Forrest onward com
5	299	19	Adam discernd, as in the dore he sat
5	300	19	Of his coole Bowre, while now the mounted Sun
5	301	19	Shot down direct his fervid Raies, to warme
5	302	19	Earths inmost womb, more warmth then Adam needs;
5	303	19	And Eve within, due at her hour prepar'd
5	304	19	For dinner savourie fruits, of taste to please
5	305	19	True appetite, and not disrelish thirst
5	306	19	Of nectarous draughts between, from milkie stream,
5	307	19	Berrie or Grape: to whom thus Adam call'd.
5	308	21	Haste hither Eve, and worth thy sight behold
5	309	21	Eastward among those Trees, what glorious shape
5	310	21	Comes this way moving; seems another Morn
5	311	21	Ris'n on mid-noon; Som great behest from Heav'n
5	312	21	To us perhaps he brings, and will voutsafe
5	313	21	This day to be our Guest. But goe with speed,
5	314	21	And what thy stores contain, bring forth and poure
5	315	21	Abundance, fit to honour and receive
5	316	21	Our Heav'nly stranger; well we may afford
5	317	21	Our givers thir own gifts, and large bestow
5	318	21	From large bestowd, where Nature multiplies
5	319	21	Her fertil growth, and by disburd'ning grows
5	320	21	More fruitful, which instructs us not to spare.
5	321	23	To whom thus Eve. Adam, earths hallowd mould,
5	322	23	Of God inspir'd, small store will serve, where store,
5	323	23	All seasons, ripe for use hangs on the stalk;
5	324	23	Save what by frugal storing firmness gains
5	325	23	To nourish, and superfluous moist consumes:
5	326	23	But I will haste and from each bough and break,
5	327	23	Each Plant and juiciest Gourd will pluck such choice
5	328	23	To entertain our Angel guest, as hee
5	329	23	Beholding shall confess that here on Earth
5	330	23	God hath dispenst his bounties as in Heav'n.
5	331	25	So saying, with dispatchful looks in haste
5	332	25	She turns, on hospitable thoughts intent
5	333	25	What choice to chuse for delicacie best,
5	334	25	What order, so contriv'd as not to mix
5	335	25	Tastes, not well joynd, inelegant, but bring
5	336	25	Taste after taste upheld with kindliest change,
5	337	25	Bestirs her then, and from each tender stalk
5	338	25	Whatever Earth all-bearing Mother yields
5	339	25	In India East or West, or middle shoare
5	340	25	In Pontus or the Punic Coast, or where
5	341	25	Alcinous reign'd, fruit of all kindes, in coate,
5	342	25	Rough, or smooth rin'd, or bearded husk, or shell
5	343	25	She gathers, Tribute large, and on the board
5	344	25	Heaps with unsparing hand; for drink the Grape
5	345	25	She crushes, inoffensive moust, and meathes
5	346	25	From many a berrie, and from sweet kernels prest
5	347	25	She tempers dulcet creams, nor these to hold
5	348	25	Wants her fit vessels pure, then strews the ground
5	349	25	With Rose and Odours from the shrub unfum'd.
5	350	25	Mean while our Primitive great Sire, to meet
5	351	25	His god-like Guest, walks forth, without more train
5	352	25	Accompanied then with his own compleat
5	353	25	Perfections; in himself was all his state,
5	354	25	More solemn then the tedious pomp that waits
5	355	25	On Princes, when thir rich Retinue long
5	356	25	Of Horses led, and Grooms besmeard with Gold
5	357	25	Dazles the croud, and sets them all agape.
5	358	25	Neerer his presence Adam though not awd,
5	359	25	Yet with submiss approach and reverence meek,
5	360	25	As to a superior Nature, bowing low,
5	361	27	Thus said. Native of Heav'n, for other place
5	362	27	None can then Heav'n such glorious shape contain;
5	363	27	Since by descending from the Thrones above,
5	364	27	Those happie places thou hast deignd a while
5	365	27	To want, and honour these, voutsafe with us
5	366	27	Two onely, who yet by sov'ran gift possess
5	367	27	This spacious ground, in yonder shadie Bowre
5	368	27	To rest, and what the Garden choicest bears
5	369	27	To sit and taste, till this meridian heat
5	370	27	Be over, and the Sun more coole decline.
5	371	29	Whom thus the Angelic Vertue answerd milde.
5	372	29	Adam, I therefore came, nor art thou such
5	373	29	Created, or such place hast here to dwell,
5	374	29	As may not oft invite, though Spirits of Heav'n
5	375	29	To visit thee; lead on then where thy Bowre
5	376	29	Oreshades; for these mid-hours, till Eevning rise
5	377	29	I have at will. So to the Silvan Lodge
5	378	29	They came, that like Pomona's Arbour smil'd
5	379	29	With flourets deck't and fragrant smells; but Eve
5	380	29	Undeckt, save with her self more lovely fair
5	381	29	Then Wood-Nymph, or the fairest Goddess feign'd
5	382	29	Of three that in Mount Ida naked strove,
5	383	29	Stood to entertain her guest from Heav'n; no vaile
5	384	29	Shee needed, Vertue-proof, no thought infirme
5	385	29	Alterd her cheek. On whom the Angel Haile
5	386	29	Bestowd, the holy salutation us'd
5	387	29	Long after to blest Marie, second Eve.
5	388	31	Haile Mother of Mankind, whose fruitful Womb
5	389	31	Shall fill the World more numerous with thy Sons
5	390	31	Then with these various fruits the Trees of God
5	391	31	Have heap'd this Table. Rais'd of grassie terf
5	392	31	Thir Table was, and mossie seats had round,
5	393	31	And on her ample Square from side to side
5	394	31	All Autumn pil'd, though Spring and Autumn here
5	395	31	Danc'd hand in hand. A while discourse they hold;
5	396	31	No fear lest Dinner coole; when thus began
5	397	31	Our Authour. Heav'nly stranger, please to taste
5	398	31	These bounties which our Nourisher, from whom
5	399	31	All perfet good unmeasur'd out, descends,
5	400	31	To us for food and for delight hath caus'd
5	401	31	The Earth to yeild; unsavourie food perhaps
5	402	31	To spiritual Natures; only this I know,
5	403	31	That one Celestial Father gives to all.
5	404	33	To whom the Angel. Therefore what he gives
5	405	33	(Whose praise be ever sung) to man in part
5	406	33	Spiritual, may of purest Spirits be found
5	407	33	No ingrateful food: and food alike those pure
5	408	33	Intelligential substances require
5	409	33	As doth your Rational; and both contain
5	410	33	Within them every lower facultie
5	411	33	Of sense, whereby they hear, see, smell, touch, taste,
5	412	33	Tasting concoct, digest, assimilate,
5	413	33	And corporeal to incorporeal turn.
5	414	33	For know, whatever was created, needs
5	415	33	To be sustaind and fed; of Elements
5	416	33	The grosser feeds the purer, Earth the Sea,
5	417	33	Earth and the Sea feed Air, the Air those Fires
5	418	33	Ethereal, and as lowest first the Moon;
5	419	33	Whence in her visage round those spots, unpurg'd
5	420	33	Vapours not yet into her substance turnd.
5	421	33	Nor doth the Moon no nourishment exhale
5	422	33	From her moist Continent to higher Orbes.
5	423	33	The Sun that light imparts to all, receives
5	424	33	From all his alimental recompence
5	425	33	In humid exhalations, and at Even
5	426	33	Sups with the Ocean: though in Heav'n the Trees
5	427	33	Of life ambrosial frutage bear, and vines
5	428	33	Yield Nectar, though from off the boughs each Morn
5	429	33	We brush mellifluous Dewes, and find the ground
5	430	33	Cover'd with pearly grain: yet God hath here
5	431	33	Varied his bounty so with new delights,
5	432	33	As may compare with Heaven; and to taste
5	433	33	Think not I shall be nice. So down they sat,
5	434	33	And to thir viands fell, nor seemingly
5	435	33	The Angel, nor in mist, the common gloss
5	436	33	Of Theologians, but with keen dispatch
5	437	33	Of real hunger, and concoctive heate
5	438	33	To transubstantiate; what redounds, transpires
5	439	33	Through Spirits with ease; nor wonder; if by fire
5	440	33	Of sooty coal the Empiric Alchimist
5	441	33	Can turn, or holds it possible to turn
5	442	33	Metals of drossiest Ore to perfet Gold
5	443	33	As from the Mine. Mean while at Table Eve
5	444	33	Ministerd naked, and thir flowing cups
5	445	33	With pleasant liquors crown'd: O innocence
5	446	33	Deserving Paradise! if ever, then,
5	447	33	Then had the Sons of God excuse to have bin
5	448	33	Enamour'd at that sight; but in those hearts
5	449	33	Love unlibidinous reign'd, nor jealousie
5	450	33	Was understood, the injur'd Lovers Hell.
5	451	35	Thus when with meats and drinks they had suffic'd
5	452	35	Not burd'nd Nature, sudden mind arose
5	453	35	In Adam, not to let th' occasion pass
5	454	35	Given him by this great Conference to know
5	455	35	Of things above his World, and of thir being
5	456	35	Who dwell in Heav'n, whose excellence he saw
5	457	35	Transcend his own so farr, whose radiant forms
5	458	35	Divine effulgence, whose high Power so far
5	459	35	Exceeded human, and his wary speech
5	460	35	Thus to th' Empyreal Minister he fram'd.
5	461	37	Inhabitant with God, now know I well
5	462	37	Thy favour, in this honour done to man,
5	463	37	Under whose lowly roof thou hast voutsaf't
5	464	37	To enter, and these earthly fruits to taste,
5	465	37	Food not of Angels, yet accepted so,
5	466	37	As that more willingly thou couldst not seem
5	467	37	At Heav'n's high feasts to have fed: yet what compare?
5	468	39	To whom the winged Hierarch repli'd.
5	469	39	O Adam, one Almightie is, from whom
5	470	39	All things proceed, and up to him return,
5	471	39	If not deprav'd from good, created all
5	472	39	Such to perfection, one first matter all,
5	473	39	Indu'd with various forms, various degrees
5	474	39	Of substance, and in things that live, of life;
5	475	39	But more refin'd, more spiritous, and pure,
5	476	39	As neerer to him plac't or neerer tending
5	477	39	Each in thir several active Sphears assignd,
5	478	39	Till body up to spirit work, in bounds
5	479	39	Proportiond to each kind. So from the root
5	480	39	Springs lighter the green stalk, from thence the leaves
5	481	39	More aerie, last the bright consummate floure
5	482	39	Spirits odorous breathes: flours and thir fruit
5	483	39	Mans nourishment, by gradual scale sublim'd
5	484	39	To vital Spirits aspire, to animal,
5	485	39	To intellectual, give both life and sense,
5	486	39	Fansie and understanding, whence the Soule
5	487	39	Reason receives, and reason is her being,
5	488	39	Discursive, or Intuitive; discourse
5	489	39	Is oftest yours, the latter most is ours,
5	490	39	Differing but in degree, of kind the same.
5	491	39	Wonder not then, what God for you saw good
5	492	39	If I refuse not, but convert, as you,
5	493	39	To proper substance; time may come when men
5	494	39	With Angels may participate, and find
5	495	39	No inconvenient Diet, nor too light Fare:
5	496	39	And from these corporal nutriments perhaps
5	497	39	Your bodies may at last turn all to Spirit,
5	498	39	Improv'd by tract of time, and wingd ascend
5	499	39	Ethereal, as wee, or may at choice
5	500	39	Here or in Heav'nly Paradises dwell;
5	501	39	If ye be found obedient, and retain
5	502	39	Unalterably firm his love entire
5	503	39	Whose progenie you are. Mean while enjoy
5	504	39	Your fill what happiness this happie state
5	505	39	Can comprehend, incapable of more.
5	506	41	To whom the Patriarch of mankind repli'd,
5	507	41	O favourable spirit, propitious guest,
5	508	41	Well hast thou taught the way that might direct
5	509	41	Our knowledge, and the scale of Nature set
5	510	41	From center to circumference, whereon
5	511	41	In contemplation of created things
5	512	41	By steps we may ascend to God. But say,
5	513	41	What meant that caution joind, if ye be found
5	514	41	Obedient? can we want obedience then
5	515	41	To him, or possibly his love desert
5	516	41	Who formd us from the dust, and plac'd us here
5	517	41	Full to the utmost measure of what bliss
5	518	41	Human desires can seek or apprehend?
5	519	43	To whom the Angel. Son of Heav'n and Earth,
5	520	43	Attend: That thou art happie, owe to God;
5	521	43	That thou continu'st such, owe to thy self,
5	522	43	That is, to thy obedience; therein stand.
5	523	43	This was that caution giv'n thee; be advis'd.
5	524	43	God made thee perfet, not immutable;
5	525	43	And good he made thee, but to persevere
5	526	43	He left it in thy power, ordaind thy will
5	527	43	By nature free, not over-rul'd by Fate
5	528	43	Inextricable, or strict necessity;
5	529	43	Our voluntarie service he requires,
5	530	43	Not our necessitated, such with him
5	531	43	Finds no acceptance, nor can find, for how
5	532	43	Can hearts, not free, be tri'd whether they serve
5	533	43	Willing or no, who will but what they must
5	534	43	By Destinie, and can no other choose?
5	535	43	Myself and all th' Angelic Host that stand
5	536	43	In sight of God enthron'd, our happie state
5	537	43	Hold, as you yours, while our obedience holds;
5	538	43	On other surety none; freely we serve
5	539	43	Because we freely love, as in our will
5	540	43	To love or not; in this we stand or fall:
5	541	43	And Som are fall'n, to disobedience fall'n,
5	542	43	And so from Heav'n to deepest Hell; O fall
5	543	43	From what high state of bliss into what woe!
5	544	45	To whom our great Progenitor. Thy words
5	545	45	Attentive, and with more delighted eare
5	546	45	Divine instructer, I have heard, then when
5	547	45	Cherubic Songs by night from neighbouring Hills
5	548	45	Aereal Music send: nor knew I not
5	549	45	To be both will and deed created free;
5	550	45	Yet that we never shall forget to love
5	551	45	Our maker, and obey him whose command
5	552	45	Single, is yet so just, my constant thoughts
5	553	45	Assur'd me and still assure: though what thou tellst
5	554	45	Hath past in Heav'n, Som doubt within me move,
5	555	45	But more desire to hear, if thou consent,
5	556	45	The full relation, which must needs be strange,
5	557	45	Worthy of Sacred silence to be heard;
5	558	45	And we have yet large day, for scarce the Sun
5	559	45	Hath finisht half his journey, and scarce begins
5	560	45	His other half in the great Zone of Heav'n.
5	561	47	Thus Adam made request, and Raphael
5	562	47	After short pause assenting, thus began.
5	563	49	High matter thou injoinst me, O prime of men,
5	564	49	Sad task and hard, for how shall I relate
5	565	49	To human sense th' invisible exploits
5	566	49	Of warring Spirits; how without remorse
5	567	49	The ruin of so many glorious once
5	568	49	And perfet while they stood; how last unfould
5	569	49	The secrets of another World, perhaps
5	570	49	Not lawful to reveal? yet for thy good
5	571	49	This is dispenc't, and what surmounts the reach
5	572	49	Of human sense, I shall delineate so,
5	573	49	By lik'ning spiritual to corporal forms,
5	574	49	As may express them best, though what if Earth
5	575	49	Be but the shaddow of Heav'n, and things therein
5	576	49	Each to other like, more then on earth is thought?
5	577	51	As yet this World was not, and Chaos Wilde
5	578	51	Reignd where these Heav'ns now rowl, where Earth now rests
5	579	51	Upon her Center pois'd, when on a day
5	580	51	(For Time, though in Eternitie, appli'd
5	581	51	To motion, measures all things durable
5	582	51	By present, past, and future) on such day
5	583	51	As Heav'ns great Year brings forth, th' Empyreal Host
5	584	51	Of Angels by Imperial summons call'd,
5	585	51	Innumerable before th' Almighties Throne
5	586	51	Forthwith from all the ends of Heav'n appeerd
5	587	51	Under thir Hierarchs in orders bright
5	588	51	Ten thousand thousand Ensignes high advanc'd,
5	589	51	Standards and Gonfalons twixt Van and Reare
5	590	51	Streame in the Aire, and for distinction serve
5	591	51	Of Hierarchies, of Orders, and Degrees;
5	592	51	Or in thir glittering Tissues bear imblaz'd
5	593	51	Holy Memorials, acts of Zeale and Love
5	594	51	Recorded eminent. Thus when in Orbes
5	595	51	Of circuit inexpressible they stood,
5	596	51	Orb within Orb, the Father infinite,
5	597	51	By whom in bliss imbosom'd sat the Son,
5	598	51	Amidst as from a flaming Mount, whose top
5	599	51	Brightness had made invisible, thus spake.
5	600	53	Hear all ye Angels, Progenie of Light,
5	601	53	Thrones, Dominations, Princedoms, Vertues, Powers,
5	602	53	Hear my Decree, which unrevok't shall stand.
5	603	53	This day I have begot whom I declare
5	604	53	My onely Son, and on this holy Hill
5	605	53	Him have anointed, whom ye now behold
5	606	53	At my right hand; your Head I him appoint;
5	607	53	And by my Self have sworn to him shall bow
5	608	53	All knees in Heav'n, and shall confess him Lord:
5	609	53	Under his great Vice-gerent Reign abide
5	610	53	United as one individual Soule
5	611	53	For ever happie: him who disobeyes
5	612	53	Mee disobeyes, breaks union, and that day
5	613	53	Cast out from God and blessed vision, falls
5	614	53	Into utter darkness, deep ingulft, his place
5	615	53	Ordaind without redemption, without end.
5	616	55	So spake th' Omnipotent, and with his words
5	617	55	All seemd well pleas'd, all seem'd, but were not all.
5	618	55	That day, as other solemn dayes, they spent
5	619	55	In song and dance about the sacred Hill,
5	620	55	Mystical dance, which yonder starrie Spheare
5	621	55	Of Planets and of fixt in all her Wheeles
5	622	55	Resembles nearest, mazes intricate,
5	623	55	Eccentric, intervolv'd, yet regular
5	624	55	Then most, when most irregular they seem,
5	625	55	And in thir motions harmonie Divine
5	626	55	So smooths her charming tones, that Gods own ear
5	627	55	Listens delighted. Eevning now approach'd
5	628	55	(For wee have also our Eevning and our Morn,
5	629	55	Wee ours for change delectable, not need)
5	630	55	Forthwith from dance to sweet repast they turn
5	631	55	Desirous, all in Circles as they stood,
5	632	55	Tables are set, and on a sudden pil'd
5	633	55	With Angels Food, and rubied Nectar flows
5	634	55	In Pearl, in Diamond, and massie Gold,
5	635	55	Fruit of delicious Vines, the growth of Heav'n.
5	636	55	On flours repos'd, and with fresh flourets crownd,
5	637	55	They eate, they drink, and in communion sweet
5	638	55	Quaff immortalitie and joy, secure
5	639	55	Of surfet where full measure onely bounds
5	640	55	Excess, before th' all bounteous King, who showrd
5	641	55	With copious hand, rejoycing in thir joy.
5	642	55	Now when ambrosial Night with Clouds exhal'd
5	643	55	From that high mount of God, whence light & shade
5	644	55	Spring both, the face of brightest Heav'n had changd
5	645	55	To grateful Twilight (for Night comes not there
5	646	55	In darker veile) and roseat Dews dispos'd
5	647	55	All but the unsleeping eyes of God to rest,
5	648	55	Wide over all the Plain, and wider farr
5	649	55	Then all this globous Earth in Plain out spred,
5	650	55	(Such are the Courts of God) th' Angelic throng
5	651	55	Disperst in Bands and Files thir Camp extend
5	652	55	By living Streams among the Trees of Life,
5	653	55	Pavilions numberless, and sudden reard,
5	654	55	Celestial Tabernacles, where they slept
5	655	55	Fannd with coole Winds, save those who in thir course
5	656	55	Melodious Hymns about the sovran Throne
5	657	55	Alternate all night long: but not so wak'd
5	658	55	Satan, so call him now, his former name
5	659	55	Is heard no more in Heav'n; he of the first,
5	660	55	If not the first Arch-Angel, great in Power,
5	661	55	In favour and præeminence, yet fraught
5	662	55	With envie against the Son of God, that day
5	663	55	Honourd by his great Father, and proclaimd
5	664	55	Messiah King anointed, could not beare
5	665	55	Through pride that sight, & thought himself impaird.
5	666	55	Deep malice thence conceiving and disdain,
5	667	55	Soon as midnight brought on the duskie houre
5	668	55	Friendliest to sleep and silence, he resolv'd
5	669	55	With all his Legions to dislodge, and leave
5	670	55	Unworshipt, unobey'd the Throne supream
5	671	55	Contemptuous, and his next subordinate
5	672	55	Awak'ning, thus to him in secret spake.
5	673	57	Sleepst thou, Companion dear, what sleep can close
5	674	57	Thy eye-lids? and remembrest what Decree
5	675	57	Of yesterday, so late hath past the lips
5	676	57	Of Heav'ns Almightie. Thou to me thy thoughts
5	677	57	Wast wont, I mine to thee was wont to impart;
5	678	57	Both waking we were one; how then can now
5	679	57	Thy sleep dissent? new Laws thou seest impos'd;
5	680	57	New Laws from him who reigns, new minds may raise
5	681	57	In us who serve, new Counsels, to debate
5	682	57	What doubtful may ensue; more in this place
5	683	57	To utter is not safe. Assemble thou
5	684	57	Of all those Myriads which we lead the chief;
5	685	57	Tell them that by command, ere yet dim Night
5	686	57	Her shadowie Cloud withdraws, I am to haste,
5	687	57	And all who under me thir Banners wave,
5	688	57	Homeward with flying march where we possess
5	689	57	The Quarters of the North, there to prepare
5	690	57	Fit entertainment to receive our King
5	691	57	The great Messiah, and his new commands,
5	692	57	Who speedily through all the Hierarchies
5	693	57	Intends to pass triumphant, and give Laws.
5	694	59	So spake the false Arch-Angel, and infus'd
5	695	59	Bad influence into th' unwarie brest
5	696	59	Of his Associate; hee together calls,
5	697	59	Or several one by one, the Regent Powers,
5	698	59	Under him Regent, tells, as he was taught,
5	699	59	That the most High commanding, now ere Night,
5	700	59	Now ere dim Night had disincumberd Heav'n,
5	701	59	The great Hierarchal Standard was to move;
5	702	59	Tells the suggested cause, and casts between
5	703	59	Ambiguous words and jealousies, to sound
5	704	59	Or taint integritie; but all obey'd
5	705	59	The wonted signal, and superior voice
5	706	59	Of thir great Potentate; for great indeed
5	707	59	His name, and high was his degree in Heav'n;
5	708	59	His count'nance, as the Morning Starr that guides
5	709	59	The starrie flock, allur'd them, and with lyes
5	710	59	Drew after him the third part of Heav'ns Host:
5	711	59	Mean while th' Eternal eye, whose sight discernes
5	712	59	Abstrusest thoughts, from forth his holy Mount
5	713	59	And from within the golden Lamps that burne
5	714	59	Nightly before him, saw without thir light
5	715	59	Rebellion rising, saw in whom, how spred
5	716	59	Among the sons of Morn, what multitudes
5	717	59	Were banded to oppose his high Decree;
5	718	59	And smiling to his onely Son thus said.
5	719	61	Son, thou in whom my glory I behold
5	720	61	In full resplendence, Heir of all my might,
5	721	61	Neerly it now concernes us to be sure
5	722	61	Of our Omnipotence, and with what Arms
5	723	61	We mean to hold what anciently we claim
5	724	61	Of Deitie or Empire, such a foe
5	725	61	Is rising, who intends to erect his Throne
5	726	61	Equal to ours, throughout the spacious North;
5	727	61	Nor so content, hath in his thought to try
5	728	61	In battel, what our Power is, or our right.
5	729	61	Let us advise, and to this hazard draw
5	730	61	With speed what force is left, and all imploy
5	731	61	In our defense, lest unawares we lose
5	732	61	This our high place, our Sanctuarie, our Hill.
5	733	63	To whom the Son with calm aspect and cleer
5	734	63	Light'ning Divine, ineffable, serene,
5	735	63	Made answer. Mightie Father, thou thy foes
5	736	63	Justly hast in derision, and secure
5	737	63	Laugh'st at thir vain designes and tumults vain,
5	738	63	Matter to mee of Glory, whom thir hate
5	739	63	Illustrates, when they see all Regal Power
5	740	63	Giv'n me to quell thir pride, and in event
5	741	63	Know whether I be dextrous to subdue
5	742	63	Thy Rebels, or be found the worst in Heav'n.
5	743	65	So spake the Son, but Satan with his Powers
5	744	65	Far was advanc't on winged speed, an Host
5	745	65	Innumerable as the Starrs of Night,
5	746	65	Or Starrs of Morning, Dew-drops, which the Sun
5	747	65	Impearls on every leaf and every flouer.
5	748	65	Regions they pass'd, the mightie Regencies
5	749	65	Of Seraphim and Potentates and Thrones
5	750	65	In thir triple Degrees, Regions to which
5	751	65	All thy Dominion, Adam, is no more
5	752	65	Then what this Garden is to all the Earth,
5	753	65	And all the Sea, from one entire globose
5	754	65	Stretcht into Longitude; which having pass'd
5	755	65	At length into the limits of the North
5	756	65	They came, and Satan to his Royal seat
5	757	65	High on a Hill, far blazing, as a Mount
5	758	65	Rais'd on a Mount, with Pyramids and Towrs
5	759	65	From Diamond Quarries hew'n, and Rocks of Gold,
5	760	65	The Palace of great Lucifer, (so call
5	761	65	That Structure in the Dialect of men
5	762	65	Interpreted) which not long after, he
5	763	65	Affecting all equality with God,
5	764	65	In imitation of that Mount whereon
5	765	65	Messiah was declar'd in sight of Heav'n,
5	766	65	The Mountain of the Congregation call'd;
5	767	65	For thither he assembl'd all his Train,
5	768	65	Pretending so commanded to consult
5	769	65	About the great reception of thir King,
5	770	65	Thither to come, and with calumnious Art
5	771	65	Of counterfeted truth thus held thir ears.
5	772	67	Thrones, Dominations, Princedoms, Vertues, Powers,
5	773	67	If these magnific Titles yet remain
5	774	67	Not meerly titular, since by Decree
5	775	67	Another now hath to himself ingross't
5	776	67	All Power, and us eclipst under the name
5	777	67	Of King anointed, for whom all this haste
5	778	67	Of midnight march, and hurried meeting here,
5	779	67	This onely to consult how we may best
5	780	67	With what may be devis'd of honours new
5	781	67	Receive him coming to receive from us
5	782	67	Knee-tribute yet unpaid, prostration vile,
5	783	67	Too much to one, but double how endur'd,
5	784	67	To one and to his image now proclaim'd?
5	785	67	But what if better counsels might erect
5	786	67	Our minds and teach us to cast off this Yoke?
5	787	67	Will ye submit your necks, and chuse to bend
5	788	67	The supple knee? ye will not, if I trust
5	789	67	To know ye right, or if ye know your selves
5	790	67	Natives and Sons of Heav'n possest before
5	791	67	By none, and if not equal all, yet free,
5	792	67	Equally free; for Orders and Degrees
5	793	67	Jarr not with liberty, but well consist.
5	794	67	Who can in reason then or right assume
5	795	67	Monarchie over such as live by right
5	796	67	His equals, if in power and splendor less,
5	797	67	In freedome equal? or can introduce
5	798	67	Law and Edict on us, who without law
5	799	67	Erre not, much less for this to be our Lord,
5	800	67	And look for adoration to th' abuse
5	801	67	Of those Imperial Titles which assert
5	802	67	Our being ordain'd to govern, not to serve?
5	803	69	Thus farr his bold discourse without controule
5	804	69	Had audience, when among the Seraphim
5	805	69	Abdiel, then whom none with more zeale ador'd
5	806	69	The Deitie, and divine commands obeid,
5	807	69	Stood up, and in a flame of zeale severe
5	808	69	The current of his fury thus oppos'd.
5	809	71	O argument blasphemous, false and proud!
5	810	71	Words which no eare ever to hear in Heav'n
5	811	71	Expected, least of all from thee, ingrate
5	812	71	In place thy self so high above thy Peeres.
5	813	71	Canst thou with impious obloquie condemne
5	814	71	The just Decree of God, pronounc't and sworn,
5	815	71	That to his only Son by right endu'd
5	816	71	With Regal Scepter, every Soule in Heav'n
5	817	71	Shall bend the knee, and in that honour due
5	818	71	Confess him rightful King? unjust thou saist
5	819	71	Flatly unjust, to binde with Laws the free,
5	820	71	And equal over equals to let Reigne,
5	821	71	One over all with unsucceeded power.
5	822	71	Shalt thou give Law to God, shalt thou dispute
5	823	71	With him the points of libertie, who made
5	824	71	Thee what thou art, and formd the Pow'rs of Heav'n
5	825	71	Such as he pleasd, and circumscrib'd thir being?
5	826	71	Yet by experience taught we know how good,
5	827	71	And of our good, and of our dignitie
5	828	71	How provident he is, how farr from thought
5	829	71	To make us less, bent rather to exalt
5	830	71	Our happie state under one Head more neer
5	831	71	United. But to grant it thee unjust,
5	832	71	That equal over equals Monarch Reigne:
5	833	71	Thy self though great and glorious dost thou count,
5	834	71	Or all Angelic Nature joind in one,
5	835	71	Equal to him begotten Son, by whom
5	836	71	As by his Word the mighty Father made
5	837	71	All things, ev'n thee, and all the Spirits of Heav'n
5	838	71	By him created in thir bright degrees,
5	839	71	Crownd them with Glory, and to thir Glory nam'd
5	840	71	Thrones, Dominations, Princedoms, Vertues, Powers,
5	841	71	Essential Powers, nor by his Reign obscur'd,
5	842	71	But more illustrious made, since he the Head
5	843	71	One of our number thus reduc't becomes,
5	844	71	His Laws our Laws, all honour to him done
5	845	71	Returns our own. Cease then this impious rage,
5	846	71	And tempt not these; but hast'n to appease
5	847	71	Th' incensed Father, and th' incensed Son,
5	848	71	While Pardon may be found in time besought.
5	849	73	So spake the fervent Angel, but his zeale
5	850	73	None seconded, as out of season judg'd,
5	851	73	Or singular and rash, whereat rejoic'd
5	852	73	Th' Apostat, and more haughty thus repli'd.
5	853	73	That we were formd then saist thou? and the work
5	854	73	Of secondarie hands, by task transferd
5	855	73	From Father to his Son? strange point and new!
5	856	73	Doctrin which we would know whence learnt: who saw
5	857	73	When this creation was? rememberst thou
5	858	73	Thy making, while the Maker gave thee being?
5	859	73	We know no time when we were not as now;
5	860	73	Know none before us, self-begot, self-rais'd
5	861	73	By our own quick'ning power, when fatal course
5	862	73	Had circl'd his full Orbe, the birth mature
5	863	73	Of this our native Heav'n, Ethereal Sons.
5	864	73	Our puissance is our own, our own right hand
5	865	73	Shall teach us highest deeds, by proof to try
5	866	73	Who is our equal: then thou shalt behold
5	867	73	Whether by supplication we intend
5	868	73	Address, and to begirt th' Almighty Throne
5	869	73	Beseeching or besieging. This report,
5	870	73	These tidings carrie to th' anointed King;
5	871	73	And fly, ere evil intercept thy flight.
5	872	75	He said, and as the sound of waters deep
5	873	75	Hoarce murmur echo'd to his words applause
5	874	75	Through the infinite Host, nor less for that
5	875	75	The flaming Seraph fearless, though alone
5	876	75	Encompass'd round with foes, thus answerd bold.
5	877	77	O alienate from God, O spirit accurst,
5	878	77	Forsak'n of all good; I see thy fall
5	879	77	Determind, and thy hapless crew involv'd
5	880	77	In this perfidious fraud, contagion spred
5	881	77	Both of thy crime and punishment: henceforth
5	882	77	No more be troubl'd how to quit the yoke
5	883	77	Of Gods Messiah; those indulgent Laws
5	884	77	Will not now be voutsaf't, other Decrees
5	885	77	Against thee are gon forth without recall;
5	886	77	That Golden Scepter which thou didst reject
5	887	77	Is now an Iron Rod to bruise and breake
5	888	77	Thy disobedience. Well thou didst advise,
5	889	77	Yet not for thy advise or threats I fly
5	890	77	These wicked Tents devoted, least the wrauth
5	891	77	Impendent, raging into sudden flame
5	892	77	Distinguish not: for soon expect to feel
5	893	77	His Thunder on thy head, devouring fire.
5	894	77	Then who created thee lamenting learne,
5	895	77	When who can uncreate thee thou shalt know.
5	896	79	So spake the Seraph Abdiel faithful found,
5	897	79	Among the faithless, faithful only hee;
5	898	79	Among innumerable false, unmov'd,
5	899	79	Unshak'n, unseduc'd, unterrifi'd
5	900	79	His Loyaltie he kept, his Love, his Zeale;
5	901	79	Nor number, nor example with him wrought
5	902	79	To swerve from truth, or change his constant mind
5	903	79	Though single. From amidst them forth he passd,
5	904	79	Long way through hostile scorn, which he susteind
5	905	79	Superior, nor of violence fear'd aught;
5	906	79	And with retorted scorn his back he turn'd
5	907	79	On those proud Towrs to swift destruction doom'd.
6	1	1	ALL night the dreadless Angel unpursu'd
6	2	1	Through Heav'ns wide Champain held his way, till Morn,
6	3	1	Wak't by the circling Hours, with rosie hand
6	4	1	Unbarr'd the gates of Light. There is a Cave
6	5	1	Within the Mount of God, fast by his Throne,
6	6	1	Where light and darkness in perpetual round
6	7	1	Lodge and dislodge by turns, which makes through Heav'n
6	8	1	Grateful vicissitude, like Day and Night;
6	9	1	Light issues forth, and at the other dore
6	10	1	Obsequious darkness enters, till her houre
6	11	1	To veile the Heav'n, though darkness there might well
6	12	1	Seem twilight here; and now went forth the Morn
6	13	1	Such as in highest Heav'n, arrayd in Gold
6	14	1	Empyreal, from before her vanisht Night,
6	15	1	Shot through with orient Beams: when all the Plain
6	16	1	Coverd with thick embatteld Squadrons bright,
6	17	1	Chariots and flaming Armes, and fierie Steeds
6	18	1	Reflecting blaze on blaze, first met his view:
6	19	1	Warr he perceav'd, warr in procinct, and found
6	20	1	Already known what he for news had thought
6	21	1	To have reported: gladly then he mixt
6	22	1	Among those friendly Powers who him receav'd
6	23	1	With joy and acclamations loud, that one
6	24	1	That of so many Myriads fall'n, yet one
6	25	1	Returnd not lost: On to the sacred hill
6	26	1	They led him high applauded, and present
6	27	1	Before the seat supream; from whence a voice
6	28	1	From midst a Golden Cloud thus milde was heard.
6	29	3	Servant of God, well done, well hast thou fought
6	30	3	The better fight, who single hast maintaind
6	31	3	Against revolted multitudes the Cause
6	32	3	Of Truth, in word mightier then they in Armes;
6	33	3	And for the testimonie of Truth hast born
6	34	3	Universal reproach, far worse to beare
6	35	3	Then violence: for this was all thy care
6	36	3	To stand approv'd in sight of God, though Worlds
6	37	3	Judg'd thee perverse: the easier conquest now
6	38	3	Remains thee, aided by this host of friends,
6	39	3	Back on thy foes more glorious to return
6	40	3	Then scornd thou didst depart, and to subdue
6	41	3	By force, who reason for thir Law refuse,
6	42	3	Right reason for thir Law, and for thir King
6	43	3	Messiah, who by right of merit Reigns.
6	44	3	Go Michael of Celestial Armies Prince,
6	45	3	And thou in Military prowess next
6	46	3	Gabriel, lead forth to Battel these my Sons
6	47	3	Invincible, lead forth my armed Saints
6	48	3	By Thousands and by Millions rang'd for fight;
6	49	3	Equal in number to that Godless crew
6	50	3	Rebellious, them with Fire and hostile Arms
6	51	3	Fearless assault, and to the brow of Heav'n
6	52	3	Pursuing drive them out from God and bliss,
6	53	3	Into thir place of punishment, the Gulf
6	54	3	Of Tartarus, which ready opens wide
6	55	3	His fiery Chaos to receave thir fall.
6	56	5	So spake the Sovran voice, and Clouds began
6	57	5	To darken all the Hill, and smoak to rowl
6	58	5	In duskie wreathes, reluctant flames, the signe
6	59	5	Of wrauth awak't: nor with less dread the loud
6	60	5	Ethereal Trumpet from on high gan blow:
6	61	5	At which command the Powers Militant,
6	62	5	That stood for Heav'n, in mighty Quadrate joyn'd
6	63	5	Of Union irresistible, mov'd on
6	64	5	In silence thir bright Legions, to the sound
6	65	5	Of instrumental Harmonie that breath'd
6	66	5	Heroic Ardor to advent'rous deeds
6	67	5	Under thir God-like Leaders, in the Cause
6	68	5	Of God and his Messiah. On they move
6	69	5	Indissolubly firm; nor obvious Hill
6	70	5	Nor streit'ning Vale, nor Wood, nor Stream divides
6	71	5	Thir perfet ranks; for high above the ground
6	72	5	Thir march was, and the passive Air upbore
6	73	5	Thir nimble tread, as when the total kind
6	74	5	Of Birds in orderly array on wing
6	75	5	Came summond over Eden to receive
6	76	5	Thir names of thee; so over many a tract
6	77	5	Of Heav'n they march'd, and many a Province wide
6	78	5	Tenfold the length of this terrene: at last
6	79	5	Farr in th' Horizon to the North appeer'd
6	80	5	From skirt to skirt a fierie Region, stretcht
6	81	5	In battailous aspect, and neerer view
6	82	5	Bristl'd with upright beams innumerable
6	83	5	Of rigid Spears, and Helmets throng'd, and Shields
6	84	5	Various, with boastful Argument portraid,
6	85	5	The banded Powers of Satan hasting on
6	86	5	With furious expedition; for they weend
6	87	5	That self same day by fight, or by surprize
6	88	5	To win the Mount of God, and on his Throne
6	89	5	To set the envier of his State, the proud
6	90	5	Aspirer, but thir thoughts prov'd fond and vain
6	91	5	In the mid way: though strange to us it seemd
6	92	5	At first, that Angel should with Angel warr,
6	93	5	And in fierce hosting meet, who wont to meet
6	94	5	So oft in Festivals of joy and love
6	95	5	Unanimous, as sons of one great Sire
6	96	5	Hymning th' Eternal Father: but the shout
6	97	5	Of Battel now began, and rushing sound
6	98	5	Of onset ended soon each milder thought.
6	99	5	High in the midst exalted as a God
6	100	5	Th' Apostate in his Sun-bright Chariot sate
6	101	5	Idol of Majesty Divine, enclos'd
6	102	5	With Flaming Cherubim, and golden Shields;
6	103	5	Then lighted from his gorgeous Throne, for now
6	104	5	'Twixt Host and Host but narrow space was left,
6	105	5	A dreadful intervall, and Front to Front
6	106	5	Presented stood in terrible array
6	107	5	Of hideous length: before the cloudie Van,
6	108	5	On the rough edge of battel ere it joyn'd,
6	109	5	Satan with vast and haughtie strides advanc't,
6	110	5	Came towring, armd in Adamant and Gold;
6	111	5	Abdiel that sight endur'd not, where he stood
6	112	5	Among the mightiest, bent on highest deeds,
6	113	5	And thus his own undaunted heart explores.
6	114	7	O Heav'n! that such resemblance of the Highest
6	115	7	Should yet remain, where faith and realtie
6	116	7	Remain not; wherefore should not strength and might
6	117	7	There fail where Vertue fails, or weakest prove
6	118	7	Where boldest; though to sight unconquerable?
6	119	7	His puissance, trusting in th' Almightie's aide,
6	120	7	I mean to try, whose Reason I have tri'd
6	121	7	Unsound and false; nor is it aught but just,
6	122	7	That he who in debate of Truth hath won,
6	123	7	Should win in Arms, in both disputes alike
6	124	7	Victor; though brutish that contest and foule,
6	125	7	When Reason hath to deal with force, yet so
6	126	7	Most reason is that Reason overcome.
6	127	9	So pondering, and from his armed Peers
6	128	9	Forth stepping opposite, half way he met
6	129	9	His daring foe, at this prevention more
6	130	9	Incens't, and thus securely him defi'd.
6	131	11	Proud, art thou met? thy hope was to have reacht
6	132	11	The highth of thy aspiring unoppos'd,
6	133	11	The Throne of God unguarded, and his side
6	134	11	Abandond at the terror of thy Power
6	135	11	Or potent tongue; fool, not to think how vain
6	136	11	Against th' Omnipotent to rise in Arms;
6	137	11	Who out of smallest things could without end
6	138	11	Have rais'd incessant Armies to defeat
6	139	11	Thy folly; or with solitarie hand
6	140	11	Reaching beyond all limit at one blow
6	141	11	Unaided could have finisht thee, and whelmd
6	142	11	Thy Legions under darkness; but thou seest
6	143	11	All are not of thy Train; there be who Faith
6	144	11	Prefer, and Pietie to God, though then
6	145	11	To thee not visible, when I alone
6	146	11	Seemd in thy World erroneous to dissent
6	147	11	From all: my Sect thou seest, now learn too late
6	148	11	How few somtimes may know, when thousands err.
6	149	13	Whom the grand foe with scornful eye askance
6	150	13	Thus answerd. Ill for thee, but in wisht houre
6	151	13	Of my revenge, first sought for thou returnst
6	152	13	From flight, seditious Angel, to receave
6	153	13	Thy merited reward, the first assay
6	154	13	Of this right hand provok't, since first that tongue
6	155	13	Inspir'd with contradiction durst oppose
6	156	13	A third part of the Gods, in Synod met
6	157	13	Thir Deities to assert, who while they feel
6	158	13	Vigour Divine within them, can allow
6	159	13	Omnipotence to none. But well thou comst
6	160	13	Before thy fellows, ambitious to win
6	161	13	From me som Plume, that thy success may show
6	162	13	Destruction to the rest: this pause between
6	163	13	(Unanswerd least thou boast) to let thee know;
6	164	13	At first I thought that Libertie and Heav'n
6	165	13	To heav'nly Soules had bin all one; but now
6	166	13	I see that most through sloth had rather serve,
6	167	13	Ministring Spirits, traind up in Feast and Song;
6	168	13	Such hast thou arm'd, the Minstrelsie of Heav'n,
6	169	13	Servilitie with freedom to contend,
6	170	13	As both thir deeds compar'd this day shall prove.
6	171	15	To whom in brief thus Abdiel stern repli'd.
6	172	15	Apostat, still thou errst, nor end wilt find
6	173	15	Of erring, from the path of truth remote:
6	174	15	Unjustly thou deprav'st it with the name
6	175	15	Of Servitude to serve whom God ordains,
6	176	15	Or Nature; God and Nature bid the same,
6	177	15	When he who rules is worthiest, and excells
6	178	15	Them whom he governs. This is servitude,
6	179	15	To serve th' unwise, or him who hath rebelld
6	180	15	Against his worthier, as thine now serve thee,
6	181	15	Thy self not free, but to thy self enthrall'd;
6	182	15	Yet leudly dar'st our ministring upbraid.
6	183	15	Reign thou in Hell thy Kingdom, let mee serve
6	184	15	In Heav'n God ever blest, and his Divine
6	185	15	Behests obey, worthiest to be obey'd,
6	186	15	Yet Chains in Hell, not Realms expect: mean while
6	187	15	From mee returnd, as erst thou saidst, from flight,
6	188	15	This greeting on thy impious Crest receive.
6	189	17	So saying, a noble stroke he lifted high,
6	190	17	Which hung not, but so swift with tempest fell
6	191	17	On the proud Crest of Satan, that no sight,
6	192	17	Nor motion of swift thought, less could his Shield
6	193	17	Such ruin intercept: ten paces huge
6	194	17	He back recoild; the tenth on bended knee
6	195	17	His massie Spear upstaid; as if on Earth
6	196	17	Winds under ground or waters forcing way
6	197	17	Sidelong, had push't a Mountain from his seat
6	198	17	Half sunk with all his Pines. Amazement seis'd
6	199	17	The Rebel Thrones, but greater rage to see
6	200	17	Thus foil'd thir mightiest, ours joy filld, and shout,
6	201	17	Presage of Victorie and fierce desire
6	202	17	Of Battel: whereat Michael bid sound
6	203	17	Th' Arch-Angel trumpet; through the vast of Heaven
6	204	17	It sounded, and the faithful Armies rung
6	205	17	Hosanna to the Highest: nor stood at gaze
6	206	17	The adverse Legions, nor less hideous joyn'd
6	207	17	The horrid shock: now storming furie rose,
6	208	17	And clamour such as heard in Heav'n till now
6	209	17	Was never, Arms on Armour clashing bray'd
6	210	17	Horrible discord, and the madding Wheeles
6	211	17	Of brazen Chariots rag'd; dire was the noise
6	212	17	Of conflict; over head the dismal hiss
6	213	17	Of fiery Darts in flaming volies flew,
6	214	17	And flying vaulted either Host with fire.
6	215	17	So under fierie Cope together rush'd
6	216	17	Both Battels maine, with ruinous assault
6	217	17	And inextinguishable rage; all Heav'n
6	218	17	Resounded, and had Earth bin then, all Earth
6	219	17	Had to her Center shook. What wonder? when
6	220	17	Millions of fierce encountring Angels fought
6	221	17	On either side, the least of whom could weild
6	222	17	These Elements, and arm him with the force
6	223	17	Of all thir Regions: how much more of Power
6	224	17	Armie against Armie numberless to raise
6	225	17	Dreadful combustion warring, and disturb,
6	226	17	Though not destroy, thir happie Native seat;
6	227	17	Had not th' Eternal King Omnipotent
6	228	17	From his strong hold of Heav'n high over-rul'd
6	229	17	And limited thir might; though numberd such
6	230	17	As each divided Legion might have seemd
6	231	17	A numerous Host, in strength each armed hand
6	232	17	A Legion; led in fight, yet Leader seemd
6	233	17	Each Warriour single as in Chief, expert
6	234	17	When to advance, or stand, or turn the sway
6	235	17	Of Battel, open when, and when to close
6	236	17	The ridges of grim Warr; no thought of flight,
6	237	17	None of retreat, no unbecoming deed
6	238	17	That argu'd fear; each on himself reli'd,
6	239	17	As onely in his arm the moment lay
6	240	17	Of victorie; deeds of eternal fame
6	241	17	Were don, but infinite: for wide was spred
6	242	17	That Warr and various; somtimes on firm ground
6	243	17	A standing fight, then soaring on main wing
6	244	17	Tormented all the Air; all Air seemd then
6	245	17	Conflicting Fire: long time in eeven scale
6	246	17	The Battel hung; till Satan, who that day
6	247	17	Prodigious power had shewn, and met in Armes
6	248	17	No equal, raunging through the dire attack
6	249	17	Of fighting Seraphim confus'd, at length
6	250	17	Saw where the Sword of Michael smote, and fell'd
6	251	17	Squadrons at once, with huge two-handed sway
6	252	17	Brandisht aloft the horrid edge came down
6	253	17	Wide wasting; such destruction to withstand
6	254	17	He hasted, and oppos'd the rockie Orb
6	255	17	Of tenfold Adamant, his ample Shield
6	256	17	A vast circumference: At his approach
6	257	17	The great Arch-Angel from his warlike toile
6	258	17	Surceas'd, and glad as hoping here to end
6	259	17	Intestine War in Heav'n, the arch foe subdu'd
6	260	17	Or Captive drag'd in Chains, with hostile frown
6	261	17	And visage all enflam'd first thus began.
6	262	19	Author of evil, unknown till thy revolt,
6	263	19	Unnam'd in Heav'n, now plenteous, as thou seest
6	264	19	These Acts of hateful strife, hateful to all,
6	265	19	Though heaviest by just measure on thy self
6	266	19	And thy adherents: how hast thou disturb'd
6	267	19	Heav'ns blessed peace, and into Nature brought
6	268	19	Miserie, uncreated till the crime
6	269	19	Of thy Rebellion? how hast thou instill'd
6	270	19	Thy malice into thousands, once upright
6	271	19	And faithful, now prov'd false. But think not here
6	272	19	To trouble Holy Rest; Heav'n casts thee out
6	273	19	From all her Confines. Heav'n the seat of bliss
6	274	19	Brooks not the works of violence and Warr.
6	275	19	Hence then, and evil go with thee along
6	276	19	Thy ofspring, to the place of evil, Hell,
6	277	19	Thou and thy wicked crew; there mingle broiles,
6	278	19	Ere this avenging Sword begin thy doome,
6	279	19	Or som more sudden vengeance wing'd from God
6	280	19	Precipitate thee with augmented paine.
6	281	21	So spake the Prince of Angels; to whom thus
6	282	21	The Adversarie. Nor think thou with wind
6	283	21	Of airie threats to aw whom yet with deeds
6	284	21	Thou canst not. Hast thou turnd the least of these
6	285	21	To flight, or if to fall, but that they rise
6	286	21	Unvanquisht, easier to transact with mee
6	287	21	That thou shouldst hope, imperious, and with threats
6	288	21	To chase me hence? erre not that so shall end
6	289	21	The strife which thou call'st evil, but wee style
6	290	21	The strife of Glorie: which we mean to win,
6	291	21	Or turn this Heav'n it self into the Hell
6	292	21	Thou fablest, here however to dwell free,
6	293	21	If not to reign: mean while thy utmost force,
6	294	21	And join him nam'd Almighty to thy aid,
6	295	21	I flie not, but have sought thee farr and nigh.
6	296	23	They ended parle, and both addresst for fight
6	297	23	Unspeakable; for who, though with the tongue
6	298	23	Of Angels, can relate, or to what things
6	299	23	Liken on Earth conspicuous, that may lift
6	300	23	Human imagination to such highth
6	301	23	Of Godlike Power: for likest Gods they seemd,
6	302	23	Stood they or mov'd, in stature, motion, arms
6	303	23	Fit to decide the Empire of great Heav'n.
6	304	23	Now wav'd thir fierie Swords, and in the Aire
6	305	23	Made horrid Circles; two broad Suns thir Shields
6	306	23	Blaz'd opposite, while expectation stood
6	307	23	In horror; from each hand with speed retir'd
6	308	23	Where erst was thickest fight, th' Angelic throng,
6	309	23	And left large field, unsafe within the wind
6	310	23	Of such commotion, such as to set forth
6	311	23	Great things by small, If Natures concord broke,
6	312	23	Among the Constellations warr were sprung,
6	313	23	Two Planets rushing from aspect maligne
6	314	23	Of fiercest opposition in mid Skie,
6	315	23	Should combat, and thir jarring Sphears confound.
6	316	23	Together both with next to Almightie Arme,
6	317	23	Uplifted imminent one stroke they aim'd
6	318	23	That might determine, and not need repeate,
6	319	23	As not of power, at once; nor odds appeerd
6	320	23	In might or swift prevention; but the sword
6	321	23	Of Michael from the Armorie of God
6	322	23	Was giv'n him temperd so, that neither keen
6	323	23	Nor solid might resist that edge: it met
6	324	23	The sword of Satan with steep force to smite
6	325	23	Descending, and in half cut sheere, nor staid,
6	326	23	But with swift wheele reverse, deep entring shar'd
6	327	23	All his right side; then Satan first knew pain,
6	328	23	And writh' d him to and fro convolv'd; so sore
6	329	23	The griding sword with discontinuous wound
6	330	23	Passd through him, but th' Ethereal substance clos'd
6	331	23	Not long divisible, and from the gash
6	332	23	A stream of Nectarous humor issuing flow'd
6	333	23	Sanguin, such as Celestial Spirits may bleed,
6	334	23	And all his Armour staind ere while so bright.
6	335	23	Forthwith on all sides to his aide was run
6	336	23	By Angels many and strong, who interpos'd
6	337	23	Defence, while others bore him on thir Shields
6	338	23	Back to his Chariot; where it stood retir'd
6	339	23	From off the files of warr; there they him laid
6	340	23	Gnashing for anguish and despite and shame
6	341	23	To find himself not matchless, and his pride
6	342	23	Humbl'd by such rebuke, so farr beneath
6	343	23	His confidence to equal God in power.
6	344	23	Yet soon he heal'd; for Spirits that live throughout
6	345	23	Vital in every part, not as frail man
6	346	23	In Entrailes, Heart or Head, Liver or Reines;
6	347	23	Cannot but by annihilating die;
6	348	23	Nor in thir liquid texture mortal wound
6	349	23	Receive, no more then can the fluid Aire:
6	350	23	All Heart they live, all Head, all Eye, all Eare,
6	351	23	All Intellect, all Sense, and as they please,
6	352	23	They Limb themselves, and colour, shape or size
6	353	23	Assume, as likes them best, condense or rare.
6	354	25	Mean while in other parts like deeds deservd
6	355	25	Memorial, where the might of Gabriel fought,
6	356	25	And with fierce Ensignes pierc'd the deep array
6	357	25	Of Moloc furious King, who him defi'd
6	358	25	And at his Chariot wheeles to drag him bound
6	359	25	Threatn'd, nor from the Holie One of Heav'n
6	360	25	Refrein'd his tongue blasphemous; but anon
6	361	25	Down clov'n to the waste, with shatterd Armes
6	362	25	And uncouth paine fled bellowing. On each wing
6	363	25	Uriel and Raphael his vaunting foe,
6	364	25	Though huge, and in a Rock of Diamond Armd,
6	365	25	Vanquish'd Adramelec, and Asmadai,
6	366	25	Two potent Thrones, that to be less then Gods
6	367	25	Disdain'd, but meaner thoughts learnd in thir flight,
6	368	25	Mangl'd with gastly wounds through Plate and Maile,
6	369	25	Nor stood unmindful Abdiel to annoy
6	370	25	The Atheist crew, but with redoubl'd blow
6	371	25	Ariel and Arioc, and the violence
6	372	25	Of Ramiel scorcht and blasted overthrew.
6	373	25	I might relate of thousands, and thir names
6	374	25	Eternize here on Earth; but those elect
6	375	25	Angels contented with thir fame in Heav'n
6	376	25	Seek not the praise of men: the other sort
6	377	25	In might though wondrous and in Acts of Warr,
6	378	25	Nor of Renown less eager, yet by doome
6	379	25	Canceld from Heav'n and sacred memorie,
6	380	25	Nameless in dark oblivion let them dwell.
6	381	25	For strength from Truth divided and from Just,
6	382	25	Illaudable, naught merits but dispraise
6	383	25	And ignominie, yet to glorie aspires
6	384	25	Vain glorious, and through infamie seeks fame:
6	385	25	Therfore Eternal silence be thir doome.
6	386	27	And now thir Mightiest quelld, the battel swerv'd,
6	387	27	With many an inrode gor'd; deformed rout
6	388	27	Enter'd, and foul disorder; all the ground
6	389	27	With shiverd armour strow'n, and on a heap
6	390	27	Chariot and Charioter lay overturnd
6	391	27	And fierie foaming Steeds; what stood, recoyld
6	392	27	Orewearied, through the faint Satanic Host
6	393	27	Defensive scarse, or with pale fear surpris'd,
6	394	27	Then first with fear surpris'd and sense of paine
6	395	27	Fled ignominious, to such evil brought
6	396	27	By sin of disobedience, till that hour
6	397	27	Not liable to fear or flight or paine.
6	398	27	Far otherwise th' inviolable Saints
6	399	27	In Cubic Phalanx firm advanc't entire,
6	400	27	Invulnerable, impenitrably arm'd:
6	401	27	Such high advantages thir innocence
6	402	27	Gave them above thir foes, not to have sinnd,
6	403	27	Not to have disobei'd; in fight they stood
6	404	27	Unwearied, unobnoxious to be pain'd
6	405	27	By wound, though from thir place by violence mov'd.
6	406	29	Now Night her course began, and over Heav'n
6	407	29	Inducing darkness, grateful truce impos'd,
6	408	29	And silence on the odious dinn of Warr:
6	409	29	Under her Cloudie covert both retir'd,
6	410	29	Victor and Vanquisht: on the foughten field
6	411	29	Michael and his Angels prevalent
6	412	29	Encamping, plac'd in Guard thir Watches round,
6	413	29	Cherubic waving fires: on th' other part
6	414	29	Satan with his rebellious disappeerd,
6	415	29	Far in the dark dislodg'd, and void of rest,
6	416	29	His Potentates to Councel call'd by night;
6	417	29	And in the midst thus undismai'd began.
6	418	31	O now in danger tri'd, now known in Armes
6	419	31	Not to be overpowerd, Companions deare,
6	420	31	Found worthy not of Libertie alone,
6	421	31	Too mean pretense, but what we more affect,
6	422	31	Honour, Dominion, Glorie, and renowne,
6	423	31	Who have sustaind one day in doubtful fight
6	424	31	(And if one day, why not Eternal dayes?)
6	425	31	What Heavens Lord had powerfullest to send
6	426	31	Against us from about his Throne, and judg'd
6	427	31	Sufficient to subdue us to his will,
6	428	31	But proves not so: then fallible, it seems,
6	429	31	Of future we may deem him, though till now
6	430	31	Omniscient thought. True is, less firmly arm'd,
6	431	31	Some disadvantage we endur'd and paine,
6	432	31	Till now not known, but known as soon contemnd,
6	433	31	Since now we find this our Empyreal form
6	434	31	Incapable of mortal injurie
6	435	31	Imperishable, and though pierc'd with wound,
6	436	31	Soon closing, and by native vigour heal'd.
6	437	31	Of evil then so small as easie think
6	438	31	The remedie; perhaps more valid Armes,
6	439	31	Weapons more violent, when next we meet,
6	440	31	May serve to better us, and worse our foes,
6	441	31	Or equal what between us made the odds,
6	442	31	In Nature none: if other hidden cause
6	443	31	Left them Superiour, while we can preserve
6	444	31	Unhurt our mindes, and understanding sound,
6	445	31	Due search and consultation will disclose.
6	446	33	He sat; and in th' assembly next upstood
6	447	33	Nisroc, of Principalities the prime;
6	448	33	As one he stood escap't from cruel fight,
6	449	33	Sore toild, his riv'n Armes to havoc hewn,
6	450	33	And cloudie in aspect thus answering spake.
6	451	33	Deliverer from new Lords, leader to free
6	452	33	Enjoyment of our right as Gods; yet hard
6	453	33	For Gods, and too unequal work we find
6	454	33	Against unequal arms to fight in paine,
6	455	33	Against unpaind, impassive; from which evil
6	456	33	Ruin must needs ensue; for what availes
6	457	33	Valour or strength, though matchless, quelld with pain
6	458	33	Which all subdues, and makes remiss the hands
6	459	33	Of Mightiest. Sense of pleasure we may well
6	460	33	Spare out of life perhaps, and not repine,
6	461	33	But live content, which is the calmest life:
6	462	33	But pain is perfet miserie, the worst
6	463	33	Of evils, and excessive, overturnes
6	464	33	All patience. He who therefore can invent
6	465	33	With what more forcible we may offend
6	466	33	Our yet unwounded Enemies, or arme
6	467	33	Our selves with like defence, to me deserves
6	468	33	No less then for deliverance what we owe.
6	469	35	Whereto with look compos'd Satan repli'd.
6	470	35	Not uninvented that, which thou aright
6	471	35	Believst so main to our success, I bring;
6	472	35	Which of us who beholds the bright surface
6	473	35	Of this Ethereous mould whereon we stand,
6	474	35	This continent of spacious Heav'n, adornd
6	475	35	With Plant, Fruit, Flour Ambrosial, Gemms & Gold,
6	476	35	Whose Eye so superficially surveyes
6	477	35	These things, as not to mind from whence they grow
6	478	35	Deep under ground, materials dark and crude,
6	479	35	Of spiritous and fierie spume, till toucht
6	480	35	With Heav'ns ray, and temperd they shoot forth
6	481	35	So beauteous, op'ning to the ambient light.
6	482	35	These in thir dark Nativitie the Deep
6	483	35	Shall yield us pregnant with infernal flame,
6	484	35	Which into hallow Engins long and round
6	485	35	Thick-rammd, at th' other bore with touch of fire
6	486	35	Dilated and infuriate shall send forth
6	487	35	From far with thundring noise among our foes
6	488	35	Such implements of mischief as shall dash
6	489	35	To pieces, and orewhelm whatever stands
6	490	35	Adverse, that they shall fear we have disarmd
6	491	35	The Thunderer of his only dreaded bolt.
6	492	35	Nor long shall be our labour, yet ere dawne,
6	493	35	Effect shall end our wish. Mean while revive;
6	494	35	Abandon fear; to strength and counsel joind
6	495	35	Think nothing hard, much less to be despaird.
6	496	35	He ended, and his words thir drooping chere
6	497	35	Enlightn'd, and thir languisht hope reviv'd.
6	498	35	Th' invention all admir'd, and each, how hee
6	499	35	To be th' inventor miss'd, so easie it seemd
6	500	35	Once found, which yet unfound most would have thought
6	501	35	Impossible: yet haply of thy Race
6	502	35	In future dayes, if Malice should abound,
6	503	35	Some one intent on mischief, or inspir'd
6	504	35	With dev'lish machination might devise
6	505	35	Like instrument to plague the Sons of men
6	506	35	For sin, on warr and mutual slaughter bent.
6	507	35	Forthwith from Councel to the work they flew,
6	508	35	None arguing stood, innumerable hands
6	509	35	Were ready, in a moment up they turnd
6	510	35	Wide the Celestial soile, and saw beneath
6	511	35	Th' originals of Nature in thir crude
6	512	35	Conception; Sulphurous and Nitrous Foame
6	513	35	They found, they mingl'd, and with suttle Art,
6	514	35	Concocted and adusted they reduc'd
6	515	35	To blackest grain, and into store convey'd:
6	516	35	Part hidd'n veins diggd up (nor hath this Earth
6	517	35	Entrails unlike) of Mineral and Stone,
6	518	35	Whereof to found thir Engins and thir Balls
6	519	35	Of missive ruin; part incentive reed
6	520	35	Provide, pernicious with one touch to fire.
6	521	35	So all ere day-spring, under conscious Night
6	522	35	Secret they finish'd, and in order set,
6	523	35	With silent circumspection unespi'd.
6	524	35	Now when fair Morn Orient in Heav'n appeerd
6	525	35	Up rose the Victor Angels, and to Arms
6	526	35	The matin Trumpet Sung: in Arms they stood
6	527	35	Of Golden Panoplie, refulgent Host,
6	528	35	Soon banded; others from the dawning Hills
6	529	35	Lookd round, and Scouts each Coast light-armed scoure,
6	530	35	Each quarter, to descrie the distant foe,
6	531	35	Where lodg'd, or whither fled, or if for fight,
6	532	35	In motion or in alt: him soon they met
6	533	35	Under spred Ensignes moving nigh, in slow
6	534	35	But firm Battalion; back with speediest Sail
6	535	35	Zophiel, of Cherubim the swiftest wing,
6	536	35	Came flying, and in mid Aire aloud thus cri'd.
6	537	37	Arme, Warriours, Arme for fight, the foe at hand,
6	538	37	Whom fled we thought, will save us long pursuit
6	539	37	This day, fear not his flight; so thick a Cloud
6	540	37	He comes, and settl'd in his face I see
6	541	37	Sad resolution and secure: let each
6	542	37	His Adamantine coat gird well, and each
6	543	37	Fit well his Helme, gripe fast his orbed Shield,
6	544	37	Born eevn or high, for this day will pour down,
6	545	37	If I conjecture aught, no drizling showr,
6	546	37	But ratling storm of Arrows barbd with fire.
6	547	37	So warnd he them aware themselves, and soon
6	548	37	In order, quit of all impediment;
6	549	37	Instant without disturb they took Allarm,
6	550	37	And onward move Embattelld; when behold
6	551	37	Not distant far with heavie pace the Foe
6	552	37	Approaching gross and huge; in hollow Cube
6	553	37	Training his devilish Enginrie, impal'd
6	554	37	On every side with shaddowing Squadrons Deep,
6	555	37	To hide the fraud. At interview both stood
6	556	37	A while, but suddenly at head appeerd
6	557	37	Satan: And thus was heard Commanding loud.
6	558	39	Vanguard, to Right and Left the Front unfould;
6	559	39	That all may see who hate us, how we seek
6	560	39	Peace and composure, and with open brest
6	561	39	Stand readie to receive them, if they like
6	562	39	Our overture, and turn not back perverse;
6	563	39	But that I doubt, however witness Heaven,
6	564	39	Heav'n witness thou anon, while we discharge
6	565	39	Freely our part; yee who appointed stand
6	566	39	Do as you have in charge, and briefly touch
6	567	39	What we propound, and loud that all may hear.
6	568	41	So scoffing in ambiguous words he scarce
6	569	41	Had ended; when to Right and Left the Front
6	570	41	Divided, and to either Flank retir'd.
6	571	41	Which to our eyes discoverd new and strange,
6	572	41	A triple mounted row of Pillars laid
6	573	41	On Wheels (for like to Pillars most they seem'd
6	574	41	Or hollow'd bodies made of Oak or Firr
6	575	41	With branches lopt, in Wood or Mountain fell'd)
6	576	41	Brass, Iron, Stonie mould, had not thir mouthes
6	577	41	With hideous orifice gap't on us wide,
6	578	41	Portending hollow truce; at each behind
6	579	41	A Seraph stood, and in his hand a Reed
6	580	41	Stood waving tipt with fire; while we suspense,
6	581	41	Collected stood within our thoughts amus'd,
6	582	41	Not long, for sudden all at once thir Reeds
6	583	41	Put forth, and to a narrow vent appli'd
6	584	41	With nicest touch. Immediate in a flame,
6	585	41	But soon obscur'd with smoak, all Heav'n appeerd,
6	586	41	From those deep throated Engins belcht, whose roar
6	587	41	Emboweld with outragious noise the Air,
6	588	41	And all her entrails tore, disgorging foule
6	589	41	Thir devilish glut, chaind Thunderbolts and Hail
6	590	41	Of Iron Globes, which on the Victor Host
6	591	41	Level'd, with such impetuous furie smote,
6	592	41	That whom they hit, none on thir feet might stand,
6	593	41	Though standing else as Rocks, but down they fell
6	594	41	By thousands, Angel on Arch-Angel rowl'd;
6	595	41	The sooner for thir Arms, unarm'd they might
6	596	41	Have easily as Spirits evaded swift
6	597	41	By quick contraction or remove; but now
6	598	41	Foule dissipation follow'd and forc't rout;
6	599	41	Nor serv'd it to relax thir serried files.
6	600	41	What should they do? if on they rusht, repulse
6	601	41	Repeated, and indecent overthrow
6	602	41	Doubl'd, would render them yet more despis'd,
6	603	41	And to thir foes a laughter; for in view
6	604	41	Stood rankt of Seraphim another row
6	605	41	In posture to displode thir second tire
6	606	41	Of Thunder: back defeated to return
6	607	41	They worse abhorr'd. Satan beheld thir plight,
6	608	41	And to his Mates thus in derision call'd.
6	609	43	O Friends, why come not on these Victors proud?
6	610	43	Ere while they fierce were coming, and when wee,
6	611	43	To entertain them fair with open Front
6	612	43	And Brest, (what could we more?) propounded terms
6	613	43	Of composition, strait they chang'd thir minds,
6	614	43	Flew off, and into strange vagaries fell,
6	615	43	As they would dance, yet for a dance they seemd
6	616	43	Somwhat extravagant and wilde, perhaps
6	617	43	For joy of offerd peace: but I suppose
6	618	43	If our proposals once again were heard
6	619	43	We should compel them to a quick result.
6	620	45	To whom thus Belial in like gamesom mood,
6	621	45	Leader, the terms we sent were terms of weight,
6	622	45	Of hard contents, and full of force urg'd home,
6	623	45	Such as we might perceive amus'd them all,
6	624	45	And stumbl'd many, who receives them right,
6	625	45	Had need from head to foot well understand;
6	626	45	Not understood, this gift they have besides,
6	627	45	They shew us when our foes walk not upright.
6	628	47	So they among themselves in pleasant veine
6	629	47	Stood scoffing, highthn'd in thir thoughts beyond
6	630	47	All doubt of victorie, eternal might
6	631	47	To match with thir inventions they presum'd
6	632	47	So easie, and of his Thunder made a scorn,
6	633	47	And all his Host derided, while they stood
6	634	47	A while in trouble; but they stood not long,
6	635	47	Rage prompted them at length, and found them arms
6	636	47	Against such hellish mischief fit to oppose.
6	637	47	Forthwith (behold the excellence, the power
6	638	47	Which God hath in his mighty Angels plac'd)
6	639	47	Thir Arms away they threw, and to the Hills
6	640	47	(For Earth hath this variety from Heav'n
6	641	47	Of pleasure situate in Hill and Dale)
6	642	47	Light as the Lightning glimps they ran, they flew,
6	643	47	From thir foundations loosning to and fro
6	644	47	They pluckt the seated Hills with all thir load,
6	645	47	Rocks, Waters, Woods, and by the shaggie tops
6	646	47	Up lifting bore them in thir hands: Amaze,
6	647	47	Be sure, and terrour seis'd the rebel Host,
6	648	47	When coming towards them so dread they saw
6	649	47	The bottom of the Mountains upward turn'd,
6	650	47	Till on those cursed Engins triple-row
6	651	47	They saw them whelm'd, and all thir confidence
6	652	47	Under the weight of Mountains buried deep,
6	653	47	Themselves invaded next, and on thir heads
6	654	47	Main Promontories flung, which in the Air
6	655	47	Came shadowing, and opprest whole Legions arm'd,
6	656	47	Thir armor help'd thir harm, crush't in and bruis'd
6	657	47	Into thir substance pent, which wrought them pain
6	658	47	Implacable, and many a dolorous groan,
6	659	47	Long strugling underneath, ere they could wind
6	660	47	Out of such prison, though Spirits of purest light,
6	661	47	Purest at first, now gross by sinning grown.
6	662	47	The rest in imitation to like Armes
6	663	47	Betook them, and the neighbouring Hills uptore;
6	664	47	So Hills amid the Air encounterd Hills
6	665	47	Hurl'd to and fro with jaculation dire,
6	666	47	That under ground, they fought in dismal shade;
6	667	47	Infernal noise; Warr seem'd a civil Game
6	668	47	To this uproar; horrid confusion heapt
6	669	47	Upon confusion rose: and now all Heav'n
6	670	47	Had gone to wrack, with ruin overspred,
6	671	47	Had not th' Almightie Father where he sits
6	672	47	Shrin'd in his Sanctuarie of Heav'n secure,
6	673	47	Consulting on the sum of things, foreseen
6	674	47	This tumult, and permitted all, advis'd:
6	675	47	That his great purpose he might so fulfill,
6	676	47	To honour his Anointed Son aveng'd
6	677	47	Upon his enemies, and to declare
6	678	47	All power on him transferr'd: whence to his Son
6	679	47	Th' Assessor of his Throne he thus began.
6	680	49	Effulgence of my Glorie, Son belov'd,
6	681	49	Son in whose face invisible is beheld
6	682	49	Visibly, what by Deitie I am,
6	683	49	And in whose hand what by Decree I doe,
6	684	49	Second Omnipotence, two dayes are past,
6	685	49	Two dayes, as we compute the dayes of Heav'n,
6	686	49	Since Michael and his Powers went forth to tame
6	687	49	These disobedient; sore hath been thir fight,
6	688	49	As likeliest was, when two such Foes met arm'd;
6	689	49	For to themselves I left them, and thou knowst,
6	690	49	Equal in thir Creation they were form'd,
6	691	49	Save what sin hath impaird, which yet hath wrought
6	692	49	Insensibly, for I suspend thir doom;
6	693	49	Whence in perpetual fight they needs must last
6	694	49	Endless, and no solution will be found:
6	695	49	Warr wearied hath perform'd what Warr can do,
6	696	49	And to disorder'd rage let loose the reines,
6	697	49	With Mountains as with Weapons arm'd, which makes
6	698	49	Wild work in Heav'n, and dangerous to the maine.
6	699	49	Two dayes are therefore past, the third is thine;
6	700	49	For thee I have ordain'd it, and thus farr
6	701	49	Have sufferd, that the Glorie may be thine
6	702	49	Of ending this great Warr, since none but Thou
6	703	49	Can end it. Into thee such Vertue and Grace
6	704	49	Immense I have transfus'd, that all may know
6	705	49	In Heav'n and Hell thy Power above compare,
6	706	49	And this perverse Commotion governd thus,
6	707	49	To manifest thee worthiest to be Heir
6	708	49	Of all things, to be Heir and to be King
6	709	49	By Sacred Unction, thy deserved right.
6	710	49	Go then thou Mightiest in thy Fathers might,
6	711	49	Ascend my Chariot, guide the rapid Wheeles
6	712	49	That shake Heav'ns basis, bring forth all my Warr,
6	713	49	My Bow and Thunder, my Almightie Arms
6	714	49	Gird on, and Sword upon thy puissant Thigh;
6	715	49	Pursue these sons of Darkness, drive them out
6	716	49	From all Heav'ns bounds into the utter Deep:
6	717	49	There let them learn, as likes them, to despise
6	718	49	God and Messiah his anointed King.
6	719	51	He said, and on his Son with Rayes direct
6	720	51	Shon full, he all his Father full exprest
6	721	51	Ineffably into his face receiv'd,
6	722	51	And thus the filial Godhead answering spake.
6	723	53	O Father, O Supream of heav'nly Thrones,
6	724	53	First, Highest, Holiest, Best, thou alwayes seekst
6	725	53	To glorifie thy Son, I alwayes thee,
6	726	53	As is most just; this I my Glorie account,
6	727	53	My exaltation, and my whole delight,
6	728	53	That thou in me well pleas'd, declarst thy will
6	729	53	Fulfill'd, which to fulfil is all my bliss.
6	730	53	Scepter and Power, thy giving, I assume,
6	731	53	And gladlier shall resign, when in the end
6	732	53	Thou shalt be All in All, and I in thee
6	733	53	For ever, and in mee all whom thou lov'st:
6	734	53	But whom thou hat'st, I hate, and can put on
6	735	53	Thy terrors, as I put thy mildness on,
6	736	53	Image of thee in all things; and shall soon,
6	737	53	Armd with thy might, rid heav'n of these rebell'd,
6	738	53	To thir prepar'd ill Mansion driven down
6	739	53	To chains of darkness, and th' undying Worm,
6	740	53	That from thy just obedience could revolt,
6	741	53	Whom to obey is happiness entire.
6	742	53	Then shall thy Saints unmixt, and from th' impure
6	743	53	Farr separate, circling thy holy Mount
6	744	53	Unfeigned Halleluiahs to thee sing,
6	745	53	Hymns of high praise, and I among them chief.
6	746	53	So said, he o're his Scepter bowing, rose
6	747	53	From the right hand of Glorie where he sate,
6	748	53	And the third sacred Morn began to shine
6	749	53	Dawning through Heav'n: forth rush'd with whirl-wind sound
6	750	53	The Chariot of Paternal Deitie,
6	751	53	Flashing thick flames, Wheele within Wheele, undrawn,
6	752	53	It self instinct with Spirit, but convoyd
6	753	53	By four Cherubic shapes, four Faces each
6	754	53	Had wondrous, as with Starrs thir bodies all
6	755	53	And Wings were set with Eyes, with Eyes the wheels
6	756	53	Of Beril, and careering Fires between;
6	757	53	Over thir heads a chrystal Firmament,
6	758	53	Whereon a Saphir Throne, inlaid with pure
6	759	53	Amber, and colours of the showrie Arch.
6	760	53	Hee in Celestial Panoplie all armd
6	761	53	Of radiant Urim, work divinely wrought,
6	762	53	Ascended, at his right hand Victorie
6	763	53	Sate Eagle-wing'd, beside him hung his Bow
6	764	53	And Quiver with three-bolted Thunder stor'd,
6	765	53	And from about him fierce Effusion rowld
6	766	53	Of smoak and bickering flame, and sparkles dire;
6	767	53	Attended with ten thousand thousand Saints,
6	768	53	He onward came, farr off his coming shon,
6	769	53	And twentie thousand (I thir number heard)
6	770	53	Chariots of God, half on each hand were seen:
6	771	53	Hee on the wings of Cherub rode sublime
6	772	53	On the Chrystallin Skie, in Saphir Thron'd.
6	773	53	Illustrious farr and wide, but by his own
6	774	53	First seen, them unexpected joy surpriz'd,
6	775	53	When the great Ensign of Messiah blaz'd
6	776	53	Aloft by Angels born, his Sign in Heav'n:
6	777	53	Under whose Conduct Michael soon reduc'd
6	778	53	His Armie, circumfus'd on either Wing,
6	779	53	Under thir Head imbodied all in one.
6	780	53	Before him Power Divine his way prepar'd;
6	781	53	At his command the uprooted Hills retir'd
6	782	53	Each to his place, they heard his voice and went
6	783	53	Obsequious, Heav'n his wonted face renewd,
6	784	53	And with fresh Flourets Hill and Valley smil'd.
6	785	53	This saw his hapless Foes but stood obdur'd,
6	786	53	And to rebellious fight rallied thir Powers
6	787	53	Insensate, hope conceiving from despair.
6	788	53	In heav'nly Spirits could such perverseness dwell?
6	789	53	But to convince the proud what Signs availe,
6	790	53	Or Wonders move th' obdurate to relent?
6	791	53	They hard'nd more by what might most reclame,
6	792	53	Grieving to see his Glorie, at the sight
6	793	53	Took envie, and aspiring to his highth,
6	794	53	Stood reimbattell'd fierce, by force or fraud
6	795	53	Weening to prosper, and at length prevaile
6	796	53	Against God and Messiah, or to fall
6	797	53	In universal ruin last, and now
6	798	53	To final Battel drew, disdaining flight,
6	799	53	Or faint retreat; when the great Son of God
6	800	53	To all his Host on either hand thus spake.
6	801	55	Stand still in bright array ye Saints, here stand
6	802	55	Ye Angels arm'd, this day from Battel rest;
6	803	55	Faithful hath been your warfare, and of God
6	804	55	Accepted, fearless in his righteous Cause,
6	805	55	And as ye have receivd, so have ye don
6	806	55	Invincibly; but of this cursed crew
6	807	55	The punishment to other hand belongs,
6	808	55	Vengeance is his, or whose he sole appoints;
6	809	55	Number to this dayes work is not ordain'd
6	810	55	Nor multitude, stand onely and behold
6	811	55	Gods indignation on these Godless pourd
6	812	55	By mee, not you but mee they have despis'd,
6	813	55	Yet envied; against mee is all thir rage,
6	814	55	Because the Father, t' whom in Heav'n supream
6	815	55	Kingdom and Power and Glorie appertains,
6	816	55	Hath honourd me according to his will.
6	817	55	Therefore to mee thir doom he hath assig'n'd;
6	818	55	That they may have thir wish, to trie with mee
6	819	55	In Battel which the stronger proves, they all,
6	820	55	Or I alone against them, since by strength
6	821	55	They measure all, of other excellence
6	822	55	Not emulous, nor care who them excells;
6	823	55	Nor other strife with them do I voutsafe.
6	824	57	So spake the Son, and into terrour chang'd
6	825	57	His count'nance too severe to be beheld
6	826	57	And full of wrauth bent on his Enemies.
6	827	57	At once the Four spred out thir Starrie wings
6	828	57	With dreadful shade contiguous, and the Orbes
6	829	57	Of his fierce Chariot rowld, as with the sound
6	830	57	Of torrent Floods, or of a numerous Host.
6	831	57	Hee on his impious Foes right onward drove,
6	832	57	Gloomie as Night; under his burning Wheeles
6	833	57	The stedfast Empyrean shook throughout,
6	834	57	All but the Throne it self of God. Full soon
6	835	57	Among them he arriv'd; in his right hand
6	836	57	Grasping ten thousand Thunders, which he sent
6	837	57	Before him, such as in thir Soules infix'd
6	838	57	Plagues; they astonisht all resistance lost,
6	839	57	All courage; down thir idle weapons drop'd;
6	840	57	O're Shields and Helmes, and helmed heads he rode
6	841	57	Of Thrones and mighty Seraphim prostrate,
6	842	57	That wisht the Mountains now might be again
6	843	57	Thrown on them as a shelter from his ire.
6	844	57	Nor less on either side tempestuous fell
6	845	57	His arrows, from the fourfold-visag'd Foure,
6	846	57	Distinct with eyes, and from the living Wheels,
6	847	57	Distinct alike with multitude of eyes,
6	848	57	One Spirit in them rul'd, and every eye
6	849	57	Glar'd lightning, and shot forth pernicious fire
6	850	57	Among th' accurst, that witherd all thir strength,
6	851	57	And of thir wonted vigour left them draind,
6	852	57	 Exhausted, spiritless, afflicted, fall'n.
6	853	57	Yet half his strength he put not forth, but check'd
6	854	57	His Thunder in mid Volie, for he meant
6	855	57	Not to destroy, but root them out of Heav'n:
6	856	57	The overthrown he rais'd, and as a Heard
6	857	57	Of Goats or timerous flock together throngd
6	858	57	Drove them before him Thunder-struck, pursu'd
6	859	57	With terrors and with furies to the bounds
6	860	57	And Chrystal wall of Heav'n, which op'ning wide,
6	861	57	Rowld inward, and a spacious Gap disclos'd
6	862	57	Into the wastful Deep; the monstrous sight
6	863	57	Strook them with horror backward, but far worse
6	864	57	Urg'd them behind; headlong themselves they threw
6	865	57	Down from the verge of Heav'n, Eternal wrauth
6	866	57	Burnt after them to the bottomless pit.
6	867	59	Hell heard th' unsufferable noise, Hell saw
6	868	59	Heav'n ruining from Heav'n and would have fled
6	869	59	Affrighted; but strict Fate had cast too deep
6	870	59	Her dark foundations, and too fast had bound.
6	871	59	Nine dayes they fell; confounded Chaos roard,
6	872	59	And felt tenfold confusion in thir fall
6	873	59	Through his wilde Anarchie, so huge a rout
6	874	59	Incumberd him with ruin: Hell at last
6	875	59	Yawning receavd them whole, and on them clos'd,
6	876	59	Hell thir fit habitation fraught with fire
6	877	59	Unquenchable, the house of woe and paine.
6	878	59	Disburdnd Heav'n rejoic'd, and soon repaird
6	879	59	Her mural breach, returning whence it rowld.
6	880	59	Sole Victor from th' expulsion of his Foes
6	881	59	Messiah his triumphal Chariot turnd:
6	882	59	To meet him all his Saints, who silent stood
6	883	59	Eye witnesses of his Almightie Acts,
6	884	59	With Jubilie advanc'd; and as they went,
6	885	59	Shaded with branching Palme, each order bright,
6	886	59	Sung Triumph, and him sung Victorious King,
6	887	59	Son, Heir, and Lord, to him Dominion giv'n,
6	888	59	Worthiest to Reign: he celebrated rode
6	889	59	Triumphant through mid Heav'n, into the Courts
6	890	59	And Temple of his mightie Father Thron'd
6	891	59	On high: who into Glorie him receav'd,
6	892	59	Where now he sits at the right hand of bliss.
6	893	61	Thus measuring things in Heav'n by things on Earth
6	894	61	At thy request, and that thou maist beware
6	895	61	By what is past, to thee I have reveal'd
6	896	61	What might have else to human Race bin hid;
6	897	61	The discord which befel, and Warr in Heav'n
6	898	61	Among th' Angelic Powers, and the deep fall
6	899	61	Of those too high aspiring, who rebelld
6	900	61	With Satan, hee who envies now thy state,
6	901	61	Who now is plotting how he may seduce
6	902	61	Thee also from obedience, that with him
6	903	61	Bereavd of happiness thou maist partake
6	904	61	His punishment, Eternal miserie;
6	905	61	Which would be all his solace and revenge,
6	906	61	As a despite don against the most High,
6	907	61	Thee once to gaine Companion of his woe.
6	908	61	But list'n not to his Temptations, warne
6	909	61	Thy weaker; let it profit thee to have heard
6	910	61	By terrible Example the reward
6	911	61	Of disobedience; firm they might have stood,
6	912	61	Yet fell; remember, and fear to transgress.
7	1	1	DEscend from Heav'n Urania, by that name
7	2	1	If rightly thou art call'd, whose Voice divine
7	3	1	Following, above th' Olympian Hill I soare,
7	4	1	Above the flight of Pegasean wing.
7	5	1	The meaning, not the Name I call: for thou
7	6	1	Nor of the Muses nine, nor on the top
7	7	1	Of old Olympus dwell'st, but Heav'nlie borne,
7	8	1	Before the Hills appeerd, or Fountain flow'd,
7	9	1	Thou with Eternal Wisdom didst converse,
7	10	1	Wisdom thy Sister, and with her didst play
7	11	1	In presence of th' Almightie Father, pleas'd
7	12	1	With thy Celestial Song. Up led by thee
7	13	1	Into the Heav'n of Heav'ns I have presum'd,
7	14	1	An Earthlie Guest, and drawn Empyreal Aire,
7	15	1	Thy tempring; with like safetie guided down
7	16	1	Return me to my Native Element:
7	17	1	Least from this flying Steed unrein'd, (as once
7	18	1	Bellerophon, though from a lower Clime)
7	19	1	Dismounted, on th' Aleian Field I fall
7	20	1	Erroneous there to wander and forlorne.
7	21	1	Half yet remaines unsung, but narrower bound
7	22	1	Within the visible Diurnal Spheare;
7	23	1	Standing on Earth, not rapt above the Pole,
7	24	1	More safe I Sing with mortal voice, unchang'd
7	25	1	To hoarce or mute, though fall'n on evil dayes,
7	26	1	On evil dayes though fall'n, and evil tongues;
7	27	1	In darkness, and with dangers compast round,
7	28	1	And solitude; yet not alone, while thou
7	29	1	Visit'st my slumbers Nightly, or when Morn
7	30	1	Purples the East: still govern thou my Song,
7	31	1	Urania, and fit audience find, though few.
7	32	1	But drive farr off the barbarous dissonance
7	33	1	Of Bacchus and his Revellers, the Race
7	34	1	Of that wilde Rout that tore the Thracian Bard
7	35	1	In Rhodope, where Woods and Rocks had Eares
7	36	1	To rapture, till the savage clamor dround
7	37	1	Both Harp and Voice; nor could the Muse defend
7	38	1	Her Son. So fail not thou, who thee implores:
7	39	1	For thou art Heav'nlie, shee an empty dreame.
7	40	3	Say Goddess, what ensu'd when Raphael,
7	41	3	The affable Arch-Angel, had forewarn'd
7	42	3	Adam by dire example to beware
7	43	3	Apostasie, by what befell in Heaven
7	44	3	To those Apostates, least the like befall
7	45	3	In Paradise to Adam or his Race,
7	46	3	Charg'd not to touch the interdicted Tree,
7	47	3	If they transgress, and slight that sole command,
7	48	3	So easily obeyd amid the choice
7	49	3	Of all tastes else to please thir appetite,
7	50	3	Though wandring. He with his consorted Eve
7	51	3	The storie heard attentive, and was fill'd
7	52	3	With admiration, and deep Muse to heare
7	53	3	Of things so high and strange, things to thir thought
7	54	3	So unimaginable as hate in Heav'n,
7	55	3	And Warr so neer the Peace of God in bliss
7	56	3	With such confusion: but the evil soon
7	57	3	Driv'n back redounded as a flood on those
7	58	3	From whom it sprung, impossible to mix
7	59	3	With Blessedness. Whence Adam soon repeal'd
7	60	3	The doubts that in his heart arose: and now
7	61	3	Led on, yet sinless, with desire to know
7	62	3	What neerer might concern him, how this World
7	63	3	Of Heav'n and Earth conspicious first began,
7	64	3	When, and whereof created, for what cause,
7	65	3	What within Eden or without was done
7	66	3	Before his memorie, as one whose drouth
7	67	3	Yet scarce allay'd still eyes the current streame,
7	68	3	Whose liquid murmur heard new thirst excites,
7	69	3	Proceeded thus to ask his Heav'nly Guest.
7	70	5	Great things, and full of wonder in our eares,
7	71	5	Farr differing from this World, thou hast reveal'd
7	72	5	Divine interpreter, by favour sent
7	73	5	Down from the Empyrean to forewarne
7	74	5	Us timely of what might else have bin our loss,
7	75	5	Unknown, which human knowledg could not reach:
7	76	5	For which to the infinitly Good we owe
7	77	5	Immortal thanks, and his admonishment
7	78	5	Receave with solemne purpose to observe
7	79	5	Immutably his sovran will, the end
7	80	5	Of what we are. But since thou hast voutsaf't
7	81	5	Gently for our instruction to impart
7	82	5	Things above Earthly thought, which yet concernd
7	83	5	Our knowing, as to highest wisdom seemd,
7	84	5	Deign to descend now lower, and relate
7	85	5	What may no less perhaps availe us known,
7	86	5	How first began this Heav'n which we behold
7	87	5	Distant so high, with moving Fires adornd
7	88	5	Innumerable, and this which yeelds or fills
7	89	5	All space, the ambient Aire, wide interfus'd
7	90	5	Imbracing round this florid Earth, what cause
7	91	5	Mov'd the Creator in his holy Rest
7	92	5	Through all Eternitie so late to build
7	93	5	In Chaos, and the work begun, how soon
7	94	5	Absolv'd, if unforbid thou maist unfould
7	95	5	What wee, not to explore the secrets aske
7	96	5	Of his Eternal Empire, but the more
7	97	5	To magnifie his works, the more we know.
7	98	5	And the great Light of Day yet wants to run
7	99	5	Much of his Race though steep, suspens in Heav'n
7	100	5	Held by thy voice, thy potent voice he heares,
7	101	5	And longer will delay to heare thee tell
7	102	5	His Generation, and the rising Birth
7	103	5	Of Nature from the unapparent Deep:
7	104	5	Or if the Starr of Eevning and the Moon
7	105	5	Haste to thy audience, Night with her will bring
7	106	5	Silence, and Sleep listning to thee will watch,
7	107	5	Or we can bid his absence, till thy Song
7	108	5	End, and dismiss thee ere the Morning shine.
7	109	7	Thus Adam his illustrious Guest besought:
7	110	9	And thus the Godlike Angel answerd milde.
7	111	9	This also thy request with caution askt
7	112	9	Obtaine: though to recount Almightie works
7	113	9	What words or tongue of Seraph can suffice,
7	114	9	Or heart of man suffice to comprehend?
7	115	9	Yet what thou canst attain, which best may serve
7	116	9	To glorifie the Maker, and inferr
7	117	9	Thee also happier, shall not be withheld
7	118	9	Thy hearing, such Commission from above
7	119	9	I have receav'd, to answer thy desire
7	120	9	Of knowledge within bounds; beyond abstain
7	121	9	To ask, nor let thine own inventions hope
7	122	9	Things not reveal'd, which th' invisible King,
7	123	9	Onely Omniscient hath supprest in Night,
7	124	9	To none communicable in Earth or Heaven:
7	125	9	Anough is left besides to search and know.
7	126	9	But Knowledge is as food, and needs no less
7	127	9	Her Temperance over Appetite, to know
7	128	9	In measure what the mind may well contain,
7	129	9	Oppresses else with Surfet, and soon turns
7	130	9	Wisdom to Folly, as Nourishment to Winde.
7	131	11	Know then, that after Lucifer from Heav'n
7	132	11	(So call him, brighter once amidst the Host
7	133	11	Of Angels, then that Starr the Starrs among)
7	134	11	Fell with his flaming Legions through the Deep
7	135	11	Into his place, and the great Son returnd
7	136	11	Victorious with his Saints, th' Omnipotent
7	137	11	Eternal Father from his Throne beheld
7	138	11	Thir multitude, and to his Son thus spake.
7	139	13	At least our envious Foe hath fail'd, who thought
7	140	13	All like himself rebellious, by whose aid
7	141	13	This inaccessible high strength, the seat
7	142	13	Of Deitie supream, us dispossest,
7	143	13	He trusted to have seis'd, and into fraud
7	144	13	Drew many, whom thir place knows here no more;
7	145	13	Yet farr the greater part have kept, I see,
7	146	13	Thir station, Heav'n yet populous retaines
7	147	13	Number sufficient to possess her Realmes
7	148	13	Though wide, and this high Temple to frequent
7	149	13	With Ministeries due and solemn Rites:
7	150	13	But least his heart exalt him in the harme
7	151	13	Already done, to have dispeopl'd Heav'n
7	152	13	My damage fondly deem'd, I can repaire
7	153	13	That detriment, if such it be to lose
7	154	13	Self-lost, and in a moment will create
7	155	13	Another World, out of one man a Race
7	156	13	Of men innumerable, there to dwell,
7	157	13	Not here, till by degrees of merit rais'd
7	158	13	They open to themselves at length the way
7	159	13	Up hither, under long obedience tri'd,
7	160	13	And Earth be chang'd to Heav'n, & Heav'n to Earth,
7	161	13	One Kingdom, Joy and Union without end.
7	162	13	Mean while inhabit laxe, ye Powers of Heav'n,
7	163	13	And by my Word, begotten Son, by thee
7	164	13	This I perform, speak thou, and be it don:
7	165	13	My overshadowing Spirit and might with thee
7	166	13	I send along, ride forth, and bid the Deep
7	167	13	Within appointed bounds be Heav'n and Earth,
7	168	13	Boundless the Deep, because I am who fill
7	169	13	Infinitude, nor vacuous the space.
7	170	13	Though I uncircumscrib'd my self retire,
7	171	13	And put not forth my goodness, which is free
7	172	13	To act or not, Necessitie and Chance
7	173	13	Approach not mee, and what I will is Fate.
7	174	15	So spake th' Almightie, and to what he spake
7	175	15	His Word, the Filial Godhead, gave effect.
7	176	15	Immediate are the Acts of God, more swift
7	177	15	Then time or motion, but to human ears
7	178	15	Cannot without process of speech be told,
7	179	15	So told as earthly notion can receave.
7	180	15	Great triumph and rejoycing was in Heav'n
7	181	15	When such was heard declar'd the Almightie's will;
7	182	15	Glorie they sung to the most High, good will
7	183	15	To future men, and in thir dwellings peace:
7	184	15	Glorie to him whose just avenging ire
7	185	15	Had driven out th' ungodly from his sight
7	186	15	And th' habitations of the just; to him
7	187	15	Glorie and praise, whose wisdom had ordain'd
7	188	15	Good out of evil to create, in stead
7	189	15	Of Spirits maligne a better Race to bring
7	190	15	Into thir vacant room, and thence diffuse
7	191	15	His good to Worlds and Ages infinite.
7	192	15	So sang the Hierarchies: Mean while the Son
7	193	15	On his great Expedition now appeer'd,
7	194	15	Girt with Omnipotence, with Radiance crown'd
7	195	15	Of Majestie Divine, Sapience and Love
7	196	15	Immense, and all his Father in him shon.
7	197	15	About his Chariot numberless were pour'd
7	198	15	Cherub and Seraph, Potentates and Thrones,
7	199	15	And Vertues, winged Spirits, and Chariots wing'd,
7	200	15	From the Armoury of God, where stand of old
7	201	15	Myriads between two brazen Mountains lodg'd
7	202	15	Against a solemn day, harnest at hand,
7	203	15	Celestial Equipage; and now came forth
7	204	15	Spontaneous, for within them Spirit livd,
7	205	15	Attendant on thir Lord: Heav'n op'nd wide
7	206	15	Her ever during Gates, Harmonious sound
7	207	15	On golden Hinges moving, to let forth
7	208	15	The King of Glorie in his powerful Word
7	209	15	And Spirit coming to create new Worlds.
7	210	15	On heav'nly ground they stood, and from the shore
7	211	15	They view'd the vast immeasurable Abyss
7	212	15	Outrageous as a Sea, dark, wasteful, wilde,
7	213	15	Up from the bottom turn'd by furious windes
7	214	15	And surging waves, as Mountains to assault
7	215	15	Heav'ns highth, and with the Center mix the Pole.
7	216	17	Silence, ye troubl'd waves, and thou Deep, peace,
7	217	17	Said then th' Omnific Word, your discord end:
7	218	19	Nor staid, but on the Wings of Cherubim
7	219	19	Uplifted, in Paternal Glorie rode
7	220	19	Farr into Chaos, and the World unborn;
7	221	19	For Chaos heard his voice: him all his Traine
7	222	19	Follow'd in bright procession to behold
7	223	19	Creation, and the wonders of his might.
7	224	19	Then staid the fervid Wheeles, and in his hand
7	225	19	He took the golden Compasses, prepar'd
7	226	19	In Gods Eternal store, to circumscribe
7	227	19	This Universe, and all created things:
7	228	19	One foot he center'd, and the other turn'd
7	229	19	Round through the vast profunditie obscure,
7	230	19	And said, thus farr extend, thus farr thy bounds,
7	231	19	This be thy just Circumference, O World.
7	232	19	Thus God the Heav'n created, thus the Earth,
7	233	19	Matter unform'd and void: Darkness profound
7	234	19	Cover'd th' Abyss: but on the watrie calme
7	235	19	His brooding wings the Spirit of God outspred,
7	236	19	And vital vertue infus'd, and vital warmth
7	237	19	Throughout the fluid Mass, but downward purg'd
7	238	19	The black tartareous cold Infernal dregs
7	239	19	Adverse to life: then founded, then conglob'd
7	240	19	Like things to like, the rest to several place
7	241	19	Disparted, and between spun out the Air,
7	242	19	And Earth self ballanc't on her Center hung.
7	243	21	Let ther be Light, said God, and forthwith Light
7	244	21	Ethereal, first of things, quintessence pure
7	245	21	Sprung from the Deep, and from her Native East
7	246	21	To journie through the airie gloom began,
7	247	21	Sphear'd in a radiant Cloud, for yet the Sun
7	248	21	Was not; shee in a cloudie Tabernacle
7	249	21	Sojourn'd the while. God saw the Light was good;
7	250	21	And light from darkness by the Hemisphere
7	251	21	Divided: Light the Day, and Darkness Night
7	252	21	He nam'd. Thus was the first Day Eev'n and Morn:
7	253	21	Nor past uncelebrated, nor unsung
7	254	21	By the Celestial Quires, when Orient Light
7	255	21	Exhaling first from Darkness they beheld;
7	256	21	Birth-day of Heav'n and Earth; with joy and shout
7	257	21	The hollow Universal Orb they fill'd,
7	258	21	And touch'd thir Golden Harps, and hymning prais'd
7	259	21	God and his works, Creatour him they sung,
7	260	21	Both when first Eevning was, and when first Morn.
7	261	23	Again, God said, let ther be Firmament
7	262	23	Amid the Waters, and let it divide
7	263	23	The Waters from the Waters: and God made
7	264	23	The Firmament, expanse of liquid, pure,
7	265	23	Transparent, Elemental Air, diffus'd
7	266	23	In circuit to the uttermost convex
7	267	23	Of this great Round: partition firm and sure,
7	268	23	The Waters underneath from those above
7	269	23	Dividing: for as Earth, so he the World
7	270	23	Built on circumfluous Waters calme, in wide
7	271	23	Crystallin Ocean, and the loud misrule
7	272	23	Of Chaos farr remov'd, least fierce extreames
7	273	23	Contiguous might distemper the whole frame:
7	274	23	And Heav'n he nam'd the Firmament: So Eev'n
7	275	23	And Morning Chorus sung the second Day.
7	276	25	The Earth was form'd, but in the Womb as yet
7	277	25	Of Waters, Embryon immature involv'd,
7	278	25	Appeer'd not: over all the face of Earth
7	279	25	Main Ocean flow'd, not idle, but with warme
7	280	25	Prolific humour soft'ning all her Globe,
7	281	25	Fermented the great Mother to conceave,
7	282	25	Satiate with genial moisture, when God said
7	283	25	Be gather'd now ye Waters under Heav'n
7	284	25	Into one place, and let dry Land appeer.
7	285	25	Immediately the Mountains huge appeer
7	286	25	Emergent, and thir broad bare backs upheave
7	287	25	Into the Clouds, thir tops ascend the Skie:
7	288	25	So high as heav'd the tumid Hills, so low
7	289	25	Down sunk a hollow bottom broad and deep,
7	290	25	Capacious bed of Waters: thither they
7	291	25	Hasted with glad precipitance, uprowld
7	292	25	As drops on dust conglobing from the drie;
7	293	25	Part rise in crystal Wall, or ridge direct,
7	294	25	For haste; such flight the great command impress'd
7	295	25	On the swift flouds: as Armies at the call
7	296	25	Of Trumpet (for of Armies thou hast heard)
7	297	25	Troop to thir Standard, so the watrie throng,
7	298	25	Wave rowling after Wave, where way they found,
7	299	25	If steep, with torrent rapture, if through Plaine,
7	300	25	Soft-ebbing; nor withstood them Rock or Hill,
7	301	25	But they, or under ground, or circuit wide
7	302	25	With Serpent errour wandring, found thir way,
7	303	25	And on the washie Oose deep Channels wore;
7	304	25	Easie, e're God had bid the ground be drie,
7	305	25	All but within those banks, where Rivers now
7	306	25	Stream, and perpetual draw thir humid traine.
7	307	25	The dry Land, Earth, and the great receptacle
7	308	25	Of congregated Waters he call'd Seas:
7	309	25	And saw that it was good, and said, Let th' Earth
7	310	25	Put forth the verdant Grass, Herb yielding Seed,
7	311	25	And Fruit Tree yielding Fruit after her kind;
7	312	25	Whose Seed is in her self upon the Earth.
7	313	25	He scarce had said, when the bare Earth, till then
7	314	25	Desert and bare, unsightly, unadorn'd,
7	315	25	Brought forth the tender Grass, whose verdure clad
7	316	25	Her Universal Face with pleasant green,
7	317	25	Then Herbs of every leaf, that sudden flour'd
7	318	25	Op'ning thir various colours, and made gay
7	319	25	Her bosom smelling sweet: and these scarce blown,
7	320	25	Forth flourish't thick the clustring Vine, forth crept
7	321	25	The smelling Gourd, up stood the cornie Reed
7	322	25	Embattell'd in her field: and the humble Shrub,
7	323	25	And Bush with frizl'd hair implicit: last
7	324	25	Rose as in Dance the stately Trees, and spred
7	325	25	Thir branches hung with copious Fruit; or gemm'd
7	326	25	Thir blossoms: with high woods the hills were crownd,
7	327	25	With tufts the vallies and each fountain side,
7	328	25	With borders long the Rivers. That Earth now
7	329	25	Seemd like to Heav'n, a seat where Gods might dwell,
7	330	25	Or wander with delight, and love to haunt
7	331	25	Her sacred shades: though God had yet not rain'd
7	332	25	Upon the Earth, and man to till the ground
7	333	25	None was, but from the Earth a dewie Mist
7	334	25	Went up and waterd all the ground, and each
7	335	25	Plant of the field, which e're it was in the Earth
7	336	25	God made, and every Herb, before it grew
7	337	25	On the green stemm; God saw that it was good.
7	338	25	So Eev'n and Morn recorded the Third Day.
7	339	27	Again th' Almightie spake: Let there be Lights
7	340	27	High in th' expanse of Heaven to divide
7	341	27	The Day from Night; and let them be for Signes,
7	342	27	For Seasons, and for Dayes, and circling Years,
7	343	27	And let them be for Lights as I ordaine
7	344	27	Thir Office in the Firmament of Heav'n
7	345	27	To give Light on the Earth; and it was so.
7	346	27	And God made two great Lights, great for thir use
7	347	27	To Man, the greater to have rule by Day,
7	348	27	The less by Night alterne: and made the Starrs,
7	349	27	And set them in the Firmament of Heav'n
7	350	27	To illuminate the Earth, and rule the Day
7	351	27	In thir vicissitude, and rule the Night,
7	352	27	And Light from Darkness to divide. God saw,
7	353	27	Surveying his great Work, that it was good:
7	354	27	For of Celestial Bodies first the Sun
7	355	27	A mightie Spheare he fram'd, unlightsom first,
7	356	27	Though of Ethereal Mould: then form'd the Moon
7	357	27	Globose, and every magnitude of Starrs,
7	358	27	And sowd with Starrs the Heav'n thick as a field:
7	359	27	Of Light by farr the greater part he took,
7	360	27	Transplanted from her cloudie Shrine, and plac'd
7	361	27	In the Suns Orb, made porous to receive
7	362	27	And drink the liquid Light, firm to retaine
7	363	27	Her gather'd beams, great Palace now of Light.
7	364	27	Hither as to thir Fountain other Starrs
7	365	27	Repairing, in thir gold'n Urns draw Light,
7	366	27	And hence the Morning Planet guilds her horns;
7	367	27	By tincture or reflection they augment
7	368	27	Thir small peculiar, though from human sight
7	369	27	So farr remote, with diminution seen.
7	370	27	First in his East the glorious Lamp was seen,
7	371	27	Regent of Day, and all th' Horizon round
7	372	27	Invested with bright Rayes, jocond to run
7	373	27	His Longitude through Heav'n's high rode: the gray
7	374	27	Dawn, and the Pleiades before him danc'd
7	375	27	Shedding sweet influence: less bright the Moon,
7	376	27	But opposite in leveld West was set
7	377	27	His mirror, with full face borrowing her Light
7	378	27	From him, for other light she needed none
7	379	27	In that aspect, and still that distance keepes
7	380	27	Till night, then in the East her turn she shines,
7	381	27	Revolvd on Heav'ns great Axle, and her Reign
7	382	27	With thousand lesser Lights dividual holds,
7	383	27	With thousand thousand Starres, that then appeer'd
7	384	27	Spangling the Hemisphere: then first adornd
7	385	27	With thir bright Luminaries that Set and Rose,
7	386	27	Glad Eevning and glad Morn crownd the fourth day.
7	387	29	And God said, let the Waters generate
7	388	29	Reptil with Spawn abundant, living Soule:
7	389	29	And let Fowle flie above the Earth, with wings
7	390	29	Displayd on the op'n Firmament of Heav'n.
7	391	29	And God created the great Whales, and each
7	392	29	Soul living, each that crept, which plenteously
7	393	29	The waters generated by thir kindes,
7	394	29	And every Bird of wing after his kinde;
7	395	29	And saw that it was good, and bless'd them, saying,
7	396	29	Be fruitful, multiply, and in the Seas
7	397	29	And Lakes and running Streams the waters fill;
7	398	29	And let the Fowle be multiply'd on the Earth.
7	399	29	Forthwith the Sounds and Seas, each Creek and Bay
7	400	29	With Frie innumerable swarme, and Shoales
7	401	29	Of Fish that with thir Finns and shining Scales
7	402	29	Glide under the green Wave, in Sculles that oft
7	403	29	Bank the mid Sea: part single or with mate
7	404	29	Graze the Sea weed thir pasture, and through Groves
7	405	29	Of Coral stray, or sporting with quick glance
7	406	29	Show to the Sun thir wav'd coats dropt with Gold,
7	407	29	Or in thir Pearlie shells at ease, attend
7	408	29	Moist nutriment, or under Rocks thir food
7	409	29	In jointed Armour watch: on smooth the Seale,
7	410	29	And bended Dolphins play: part huge of bulk
7	411	29	Wallowing unweildie, enormous in thir Gate
7	412	29	Tempest the Ocean: there Leviathan
7	413	29	Hugest of living Creatures, on the Deep
7	414	29	Stretcht like a Promontorie sleeps or swimmes,
7	415	29	And seems a moving Land, and at his Gilles
7	416	29	Draws in, and at his Trunck spouts out a Sea.
7	417	29	Mean while the tepid Caves, and Fens and shoares
7	418	29	Thir Brood as numerous hatch, from the Egg that soon
7	419	29	Bursting with kindly rupture forth disclos'd
7	420	29	Thir callow young, but featherd soon and fledge
7	421	29	They summ'd thir Penns, and soaring th' air sublime
7	422	29	With clang despis'd the ground, under a cloud
7	423	29	In prospect; there the Eagle and the Stork
7	424	29	On Cliffs and Cedar tops thir Eyries build:
7	425	29	Part loosly wing the Region, part more wise
7	426	29	In common, rang'd in figure wedge thir way,
7	427	29	Intelligent of seasons, and set forth
7	428	29	Thir Aierie Caravan high over Sea's
7	429	29	Flying, and over Lands with mutual wing
7	430	29	Easing thir flight; so stears the prudent Crane
7	431	29	Her annual Voiage, born on Windes; the Aire,
7	432	29	Floats, as they pass, fann'd with unnumber'd plumes:
7	433	29	From Branch to Branch the smaller Birds with song
7	434	29	Solac'd the Woods, and spred thir painted wings
7	435	29	Till Ev'n, nor then the solemn Nightingal
7	436	29	Ceas'd warbling, but all night tun'd her soft layes:
7	437	29	Others on Silver Lakes and Rivers Bath'd
7	438	29	Thir downie Brest; the Swan with Arched neck
7	439	29	Between her white wings mantling proudly, Rowes
7	440	29	Her state with Oarie feet: yet oft they quit
7	441	29	The Dank, and rising on stiff Pennons, towre
7	442	29	The mid Aereal Skie: Others on ground
7	443	29	Walk'd firm; the crested Cock whose clarion sounds
7	444	29	The silent hours, and th' other whose gay Traine
7	445	29	Adorns him, colour'd with the Florid hue
7	446	29	Of Rainbows and Starrie Eyes. The Waters thus
7	447	29	With Fish replenisht, and the Aire with Fowle,
7	448	29	Ev'ning and Morn solemniz'd the Fift day.
7	449	31	The Sixt, and of Creation last arose
7	450	31	With Eevning Harps and Mattin, when God said,
7	451	31	Let th' Earth bring forth Foul living in her kinde,
7	452	31	Cattel and Creeping things, and Beast of the Earth,
7	453	31	Each in their kinde. The Earth obey'd, and strait
7	454	31	Op'ning her fertile Woomb teem'd at a Birth
7	455	31	Innumerous living Creatures, perfet formes,
7	456	31	Limb'd and full grown: out of the ground up rose
7	457	31	As from his Laire the wilde Beast where he wonns
7	458	31	In Forrest wilde, in Thicket, Brake, or Den;
7	459	31	Among the Trees in Pairs they rose, they walk'd:
7	460	31	The Cattel in the Fields and Meddowes green:
7	461	31	Those rare and solitarie, these in flocks
7	462	31	Pasturing at once, and in broad Herds upsprung.
7	463	31	The grassie Clods now Calv'd, now half appeer'd
7	464	31	The Tawnie Lion, pawing to get free
7	465	31	His hinder parts, then springs as broke from Bonds,
7	466	31	And Rampant shakes his Brinded main; the Ounce,
7	467	31	The Libbard, and the Tyger, as the Moale
7	468	31	Rising, the crumbl'd Earth above them threw
7	469	31	In Hillocks; the swift Stag from under ground
7	470	31	Bore up his branching head: scarse from his mould
7	471	31	Behemoth biggest born of Earth upheav'd
7	472	31	His vastness: Fleec't the Flocks and bleating rose,
7	473	31	As Plants: ambiguous between Sea and Land
7	474	31	The River Horse and scalie Crocodile.
7	475	31	At once came forth whatever creeps the ground,
7	476	31	Insect or Worme; those wav'd thir limber fans
7	477	31	For wings, and smallest Lineaments exact
7	478	31	In all the Liveries dect of Summers pride
7	479	31	With spots of Gold and Purple, azure and green:
7	480	31	These as a line thir long dimension drew,
7	481	31	Streaking the ground with sinuous trace; not all
7	482	31	Minims of Nature; some of Serpent kinde
7	483	31	Wondrous in length and corpulence involv'd
7	484	31	Thir Snakie foulds, and added wings. First crept
7	485	31	The Parsimonious Emmet, provident
7	486	31	Of future, in small room large heart enclos'd,
7	487	31	Pattern of just equalitie perhaps
7	488	31	Hereafter, join'd in her popular Tribes
7	489	31	Of Commonaltie: swarming next appeer'd
7	490	31	The Female Bee that feeds her Husband Drone
7	491	31	Deliciously, and builds her waxen Cells
7	492	31	With Honey stor'd: the rest are numberless,
7	493	31	And thou thir Natures know'st, & gav'st them Names,
7	494	31	Needless to thee repeated; nor unknown
7	495	31	The Serpent suttl'st Beast of all the field,
7	496	31	Of huge extent somtimes, with brazen Eyes
7	497	31	And hairie Main terrific, though to thee
7	498	31	Not noxious, but obedient at thy call.
7	499	31	Now Heav'n in all her Glorie shon, and rowld
7	500	31	Her motions, as the great first-Movers hand
7	501	31	First wheeld thir course; Earth in her rich attire
7	502	31	Consummate lovly smil'd; Aire, Water, Earth,
7	503	31	By Fowl, Fish, Beast, was flown, was swum, was walkt
7	504	31	Frequent; and of the Sixt day yet remain'd;
7	505	31	There wanted yet the Master work, the end
7	506	31	Of all yet don; a Creature who not prone
7	507	31	And Brute as other Creatures, but endu'd
7	508	31	With Sanctitie of Reason, might erect
7	509	31	His Stature, and upright with Front serene
7	510	31	Govern the rest, self-knowing, and from thence
7	511	31	Magnanimous to correspond with Heav'n,
7	512	31	But grateful to acknowledge whence his good
7	513	31	Descends, thither with heart and voice and eyes
7	514	31	Directed in Devotion, to adore
7	515	31	And worship God Supream, who made him chief
7	516	31	Of all his works: therefore the Omnipotent
7	517	31	Eternal Father (For where is not hee
7	518	31	Present) thus to his Son audibly spake.
7	519	33	Let us make now Man in our image, Man
7	520	33	In our similitude, and let them rule
7	521	33	Over the Fish and Fowle of Sea and Aire,
7	522	33	Beast of the Field, and over all the Earth,
7	523	33	And every creeping thing that creeps the ground.
7	524	33	This said, he formd thee, Adam, thee O Man
7	525	33	Dust of the ground, and in thy nostrils breath'd
7	526	33	The breath of Life; in his own Image hee
7	527	33	Created thee, in the Image of God
7	528	33	Express, and thou becam'st a living Soul.
7	529	33	Male he created thee, but thy consort
7	530	33	Female for Race; then bless'd Mankinde, and said,
7	531	33	Be fruitful, multiplie, and fill the Earth,
7	532	33	Subdue it, and throughout Dominion hold
7	533	33	Over Fish of the Sea, and Fowle of the Aire,
7	534	33	And every living thing that moves on the Earth.
7	535	33	Wherever thus created, for no place
7	536	33	Is yet distinct by name, thence, as thou know'st
7	537	33	He brought thee into this delicious Grove,
7	538	33	This Garden, planted with the Trees of God,
7	539	33	Delectable both to behold and taste;
7	540	33	And freely all thir pleasant fruit for food
7	541	33	Gave thee, all sorts are here that all th' Earth yields,
7	542	33	Varietie without end; but of the Tree
7	543	33	Which tasted works knowledge of Good and Evil,
7	544	33	Thou mai'st not; in the day thou eat'st, thou di'st;
7	545	33	Death is the penaltie impos'd, beware,
7	546	33	And govern well thy appetite, least sin
7	547	33	Surprise thee, and her black attendant Death.
7	548	33	Here finish'd hee, and all that he had made
7	549	33	View'd, and behold all was entirely good;
7	550	33	So Ev'n and Morn accomplish't the Sixt day:
7	551	33	Yet not till the Creator from his work
7	552	33	Desisting, though unwearied, up returnd
7	553	33	Up to the Heav'n of Heav'ns his high abode,
7	554	33	Thence to behold this new created World
7	555	33	Th' addition of his Empire, how it shew'd
7	556	33	In prospect from his Throne, how good, how faire,
7	557	33	Answering his great Idea. Up he rode
7	558	33	Followd with acclamation and the sound
7	559	33	Symphonious of ten thousand Harpes that tun'd
7	560	33	Angelic harmonies: the Earth, the Aire,
7	561	33	Resounded, (thou remember'st for thou heardst)
7	562	33	The Heav'ns and all the Constellations rung,
7	563	33	The Planets in thir stations list'ning stood,
7	564	33	While the bright Pomp ascended jubilant.
7	565	33	Open, ye everlasting Gates, they sung,
7	566	33	Open, ye Heav'ns, your living dores; let in
7	567	33	The great Creator from his work returnd
7	568	33	Magnificent, his Six days work, a World;
7	569	33	Open, and henceforth oft; for God will deigne
7	570	33	To visit oft the dwellings of just Men
7	571	33	Delighted, and with frequent intercourse
7	572	33	Thither will send his winged Messengers
7	573	33	On errands of supernal Grace. So sung
7	574	33	The glorious Train ascending: He through Heav'n,
7	575	33	That open'd wide her blazing Portals, led
7	576	33	To Gods Eternal house direct the way,
7	577	33	A broad and ample rode, whose dust is Gold
7	578	33	And pavement Starrs, as Starrs to thee appeer,
7	579	33	Seen in the Galaxie, that Milkie way
7	580	33	Which nightly as a circling Zone thou seest
7	581	33	Pouderd with Starrs. And now on Earth the Seventh
7	582	33	Eev'ning arose in Eden, for the Sun
7	583	33	Was set, and twilight from the East came on,
7	584	33	Forerunning Night; when at the holy mount
7	585	33	Of Heav'ns high-seated top, th' Impereal Throne
7	586	33	Of Godhead, fixt for ever firm and sure,
7	587	33	The Filial Power arriv'd, and sate him down
7	588	33	With his great Father (for he also went
7	589	33	Invisible, yet staid, such priviledge
7	590	33	Hath Omnipresence) and the work ordain'd,
7	591	33	Author and end of all things, and from work
7	592	33	Now resting, bless'd and hallowd the Seav'nth day,
7	593	33	As resting on that day from all his work,
7	594	33	But not in silence holy kept; the Harp
7	595	33	Had work and rested not, the solemn Pipe,
7	596	33	And Dulcimer, all Organs of sweet stop,
7	597	33	All sounds on Fret by String or Golden Wire
7	598	33	Temper'd soft Tunings, intermixt with Voice
7	599	33	Choral or Unison; of incense Clouds
7	600	33	Fuming from Golden Censers hid the Mount.
7	601	33	Creation and the Six dayes acts they sung,
7	602	33	Great are thy works, Jehovah, infinite
7	603	33	Thy power; what thought can measure thee or tongue
7	604	33	Relate thee; greater now in thy return
7	605	33	Then from the Giant Angels; thee that day
7	606	33	Thy Thunders magnifi'd; but to create
7	607	33	Is greater then created to destroy.
7	608	33	Who can impair thee, mighty King, or bound
7	609	33	Thy Empire? easily the proud attempt
7	610	33	Of Spirits apostat and thir Counsels vaine
7	611	33	Thou hast repeld, while impiously they thought
7	612	33	Thee to diminish, and from thee withdraw
7	613	33	The number of thy worshippers. Who seekes
7	614	33	To lessen thee, against his purpose serves
7	615	33	To manifest the more thy might: his evil
7	616	33	Thou usest, and from thence creat'st more good.
7	617	33	Witness this new-made World, another Heav'n
7	618	33	From Heaven Gate not farr, founded in view
7	619	33	On the cleer Hyaline, the Glassie Sea;
7	620	33	Of amplitude almost immense, with Starr's
7	621	33	Numerous, and every Starr perhaps a World
7	622	33	Of destind habitation; but thou know'st
7	623	33	Thir seasons: among these the seat of men,
7	624	33	Earth with her nether Ocean circumfus'd,
7	625	33	Thir pleasant dwelling place. Thrice happie men,
7	626	33	And sons of men, whom God hath thus advanc't,
7	627	33	Created in his Image, there to dwell
7	628	33	And worship him, and in reward to rule
7	629	33	Over his Works, on Earth, in Sea, or Air,
7	630	33	And multiply a Race of Worshippers
7	631	33	Holy and just: thrice happie if they know
7	632	33	Thir happiness, and persevere upright.
7	633	35	So sung they, and the Empyrean rung,
7	634	35	With Halleluiahs: Thus was Sabbath kept.
7	635	35	And thy request think now fulfill'd, that ask'd
7	636	35	How first this World and face of things began,
7	637	35	And what before thy memorie was don
7	638	35	From the beginning, that posteritie
7	639	35	Informd by thee might know; if else thou seek'st
7	640	35	Aught, not surpassing human measure, say.
8	1	1	THE Angel ended, and in Adams Eare
8	2	1	So Charming left his voice, that he a while
8	3	1	Thought him still speaking, still stood fixt to hear;
8	4	1	Then as new wak't thus gratefully repli'd.
8	5	1	What thanks sufficient, or what recompence
8	6	1	Equal have I to render thee, Divine
8	7	1	Hystorian, who thus largely hast allayd
8	8	1	The thirst I had of knowledge, and voutsaf't
8	9	1	This friendly condescention to relate
8	10	1	Things else by me unsearchable, now heard
8	11	1	With wonder, but delight, and, as is due,
8	12	1	With glorie attributed to the high
8	13	1	Creator; something yet of doubt remaines,
8	14	1	Which onely thy solution can resolve.
8	15	1	When I behold this goodly Frame, this World
8	16	1	Of Heav'n and Earth consisting, and compute,
8	17	1	Thir magnitudes, this Earth a spot, a graine,
8	18	1	An Atom, with the Firmament compar'd
8	19	1	And all her numberd Starrs, that seem to rowle
8	20	1	Spaces incomprehensible (for such
8	21	1	Thir distance argues and thir swift return
8	22	1	Diurnal) meerly to officiate light
8	23	1	Round this opacous Earth, this punctual spot,
8	24	1	One day and night; in all thir vast survey
8	25	1	Useless besides, reasoning I oft admire,
8	26	1	How Nature wise and frugal could commit
8	27	1	Such disproportions, with superfluous hand
8	28	1	So many nobler Bodies to create,
8	29	1	Greater so manifold to this one use,
8	30	1	For aught appeers, and on thir Orbs impose
8	31	1	Such restless revolution day by day
8	32	1	Repeated, while the sedentarie Earth,
8	33	1	That better might with farr less compass move,
8	34	1	Serv'd by more noble then her self, attaines
8	35	1	Her end without least motion, and receaves,
8	36	1	As Tribute such a sumless journey brought
8	37	1	Of incorporeal speed, her warmth and light;
8	38	1	Speed, to describe whose swiftness Number failes.
8	39	3	So spake our Sire, and by his count'nance seemd
8	40	3	Entring on studious thoughts abstruse, which Eve
8	41	3	Perceaving where she sat retir'd in sight,
8	42	3	With lowliness Majestic from her seat,
8	43	3	And Grace that won who saw to wish her stay,
8	44	3	Rose, and went forth among her Fruits and Flours,
8	45	3	To visit how they prosper'd, bud and bloom,
8	46	3	Her Nurserie; they at her coming sprung
8	47	3	And toucht by her fair tendance gladlier grew.
8	48	3	Yet went she not, as not with such discourse
8	49	3	Delighted, or not capable her eare
8	50	3	Of what was high: such pleasure she reserv'd,
8	51	3	Adam relating, she sole Auditress;
8	52	3	Her Husband the Relater she preferr'd
8	53	3	Before the Angel, and of him to ask
8	54	3	Chose rather: hee, she knew would intermix
8	55	3	Grateful digressions, and solve high dispute
8	56	3	With conjugal Caresses, from his Lip
8	57	3	Not Words alone pleas'd her. O when meet now
8	58	3	Such pairs, in Love and mutual Honour joyn'd?
8	59	3	With Goddess-like demeanour forth she went;
8	60	3	Not unattended, for on her as Queen
8	61	3	A pomp of winning Graces waited still,
8	62	3	And from about her shot Darts of desire
8	63	3	Into all Eyes to wish her still in sight.
8	64	3	And Raphael now to Adam's doubt propos'd
8	65	3	Benevolent and facil thus repli'd.
8	66	5	To ask or search I blame thee not, for Heav'n
8	67	5	Is as the Book of God before thee set,
8	68	5	Wherein to read his wondrous Works, and learne
8	69	5	His Seasons, Hours, or Dayes, or Months, or Yeares:
8	70	5	This to attain, whether Heav'n move or Earth,
8	71	5	Imports not, if thou reck'n right, the rest
8	72	5	From Man or Angel the great Architect
8	73	5	Did wisely to conceal, and not divulge
8	74	5	His secrets to be scann'd by them who ought
8	75	5	Rather admire; or if they list to try
8	76	5	Conjecture, he his Fabric of the Heav'ns
8	77	5	Hath left to thir disputes, perhaps to move
8	78	5	His laughter at thir quaint Opinions wide
8	79	5	Hereafter, when they come to model Heav'n
8	80	5	And calculate the Starrs, how they will weild
8	81	5	The mightie frame, how build, unbuild, contrive
8	82	5	To save appeerances, how gird the Sphear
8	83	5	With Centric and Eccentric scribl'd o're,
8	84	5	Cycle and Epicycle, Orb in Orb:
8	85	5	Alreadie by thy reasoning this I guess,
8	86	5	Who art to lead thy ofspring, and supposest
8	87	5	That bodies bright and greater should not serve
8	88	5	The less not bright, nor Heav'n such journies run,
8	89	5	Earth sitting still, when she alone receaves
8	90	5	The benefit: consider first, that Great
8	91	5	Or Bright inferrs not Excellence: the Earth
8	92	5	Though, in comparison of Heav'n, so small,
8	93	5	Nor glistering, may of solid good containe
8	94	5	More plenty then the Sun that barren shines,
8	95	5	Whose vertue on it self workes no effect,
8	96	5	But in the fruitful Earth; there first receavd
8	97	5	His beams, unactive else, thir vigour find.
8	98	5	Yet not to Earth are those bright Luminaries
8	99	5	Officious, but to thee Earths habitant.
8	100	5	And for the Heav'ns wide Circuit, let it speak
8	101	5	The Makers high magnificence, who built
8	102	5	So spacious, and his Line stretcht out so farr;
8	103	5	That Man may know he dwells not in his own;
8	104	5	An Edifice too large for him to fill,
8	105	5	Lodg'd in a small partition, and the rest
8	106	5	Ordain'd for uses to his Lord best known.
8	107	5	The swiftness of those Circles attribute,
8	108	5	Though numberless, to his Omnipotence,
8	109	5	That to corporeal substances could adde
8	110	5	Speed almost Spiritual; mee thou thinkst not slow,
8	111	5	Who since the Morning hour set out from Heav'n
8	112	5	Where God resides, and ere mid-day arriv'd
8	113	5	In Eden, distance inexpressible
8	114	5	By Numbers that have name. But this I urge,
8	115	5	Admitting Motion in the Heav'ns, to shew
8	116	5	Invalid that which thee to doubt it mov'd;
8	117	5	Not that I so affirm, though so it seem
8	118	5	To thee who hast thy dwelling here on Earth.
8	119	5	God to remove his wayes from human sense,
8	120	5	Plac'd Heav'n from Earth so farr, that earthly sight,
8	121	5	If it presume, might erre in things too high,
8	122	5	And no advantage gaine. What if the Sun
8	123	5	Be Centre to the World, and other Starrs
8	124	5	By his attractive vertue and their own
8	125	5	Incited, dance about him various rounds?
8	126	5	Thir wandring course now high, now low, then hid,
8	127	5	Progressive, retrograde, or standing still,
8	128	5	In six thou seest, and what if sev'nth to these
8	129	5	The Planet Earth, so stedfast though she seem,
8	130	5	Insensibly three different Motions move?
8	131	5	Which else to several Spheres thou must ascribe,
8	132	5	Mov'd contrarie with thwart obliquities,
8	133	5	Or save the Sun his labour, and that swift
8	134	5	Nocturnal and Diurnal rhomb suppos'd,
8	135	5	Invisible else above all Starrs, the Wheele
8	136	5	Of Day and Night; which needs not thy beleefe,
8	137	5	If Earth industrious of her self fetch Day
8	138	5	Travelling East, and with her part averse
8	139	5	From the Suns beam meet Night, her other part
8	140	5	Still luminous by his ray. What if that light
8	141	5	Sent from her through the wide transpicuous aire,
8	142	5	To the terrestrial Moon be as a Starr
8	143	5	Enlightning her by Day, as she by Night
8	144	5	This Earth? reciprocal, if Land be there,
8	145	5	Fields and Inhabitants: Her spots thou seest
8	146	5	As Clouds, and Clouds may rain, and Rain produce
8	147	5	Fruits in her soft'nd Soile, for some to eate
8	148	5	Allotted there; and other Suns perhaps
8	149	5	With thir attendant Moons thou wilt descrie
8	150	5	Communicating Male and Femal Light,
8	151	5	Which two great Sexes animate the World,
8	152	5	Stor'd in each Orb perhaps with some that live.
8	153	5	For such vast room in Nature unpossest
8	154	5	By living Soule, desert and desolate,
8	155	5	Onely to shine, yet scarce to contribute
8	156	5	Each Orb a glimps of Light, conveyd so farr
8	157	5	Down to this habitable, which returnes
8	158	5	Light back to them, is obvious to dispute.
8	159	5	But whether thus these things, or whether not,
8	160	5	Whether the Sun predominant in Heav'n
8	161	5	Rise on the Earth, or Earth rise on the Sun,
8	162	5	Hee from the East his flaming rode begin,
8	163	5	Or Shee from West her silent course advance
8	164	5	With inoffensive pace that spinning sleeps
8	165	5	On her soft Axle, while she paces Eev'n,
8	166	5	And beares thee soft with the smooth Air along,
8	167	5	Sollicit not thy thoughts with matters hid,
8	168	5	Leave them to God above, him serve and feare;
8	169	5	Of other Creatures, as him pleases best,
8	170	5	Wherever plac't, let him dispose: joy thou
8	171	5	In what he gives to thee, this Paradise
8	172	5	And thy faire Eve; Heav'n is for thee too high
8	173	5	To know what passes there; be lowlie wise:
8	174	5	Think onely what concernes thee and thy being;
8	175	5	Dream not of other Worlds, what Creatures there
8	176	5	Live, in what state, condition or degree,
8	177	5	Contented that thus farr hath been reveal'd
8	178	5	Not of Earth onely but of highest Heav'n.
8	179	7	To whom thus Adam cleerd of doubt, repli'd.
8	180	7	How fully hast thou satisfi'd me, pure
8	181	7	Intelligence of Heav'n, Angel serene,
8	182	7	And freed from intricacies, taught to live
8	183	7	The easiest way, nor with perplexing thoughts
8	184	7	To interrupt the sweet of Life, from which
8	185	7	God hath bid dwell farr off all anxious cares,
8	186	7	And not molest us, unless we our selves
8	187	7	Seek them with wandring thoughts, and notions vain.
8	188	7	But apt the Mind or Fancy is to roave
8	189	7	Uncheckt, and of her roaving is no end;
8	190	7	Till warn'd, or by experience taught, she learne,
8	191	7	That not to know at large of things remote
8	192	7	From use, obscure and suttle, but to know
8	193	7	That which before us lies in daily life,
8	194	7	Is the prime Wisdom, what is more, is fume,
8	195	7	Or emptiness, or fond impertinence,
8	196	7	And renders us in things that most concerne
8	197	7	Unpractis'd, unprepar'd, and still to seek.
8	198	7	Therefore from this high pitch let us descend
8	199	7	A lower flight, and speak of things at hand
8	200	7	Useful, whence haply mention may arise
8	201	7	Of somthing not unseasonable to ask
8	202	7	By sufferance, and thy wonted favour deign'd.
8	203	7	Thee I have heard relating what was don
8	204	7	Ere my remembrance: now hear mee relate
8	205	7	My Storie, which perhaps thou hast not heard;
8	206	7	And Day is yet not spent; till then thou seest
8	207	7	How suttly to detaine thee I devise,
8	208	7	Inviting thee to hear while I relate,
8	209	7	Fond, were it not in hope of thy reply:
8	210	7	For while I sit with thee, I seem in Heav'n,
8	211	7	And sweeter thy discourse is to my eare
8	212	7	Then Fruits of Palm-tree pleasantest to thirst
8	213	7	And hunger both, from labour, at the houre
8	214	7	Of sweet repast; they satiate, and soon fill,
8	215	7	Though pleasant, but thy words with Grace Divine
8	216	7	Imbu'd, bring to thir sweetness no satietie.
8	217	9	To whom thus Raphael answer'd heav'nly meek.
8	218	9	Nor are thy lips ungraceful, Sire of men,
8	219	9	Nor tongue ineloquent; for God on thee
8	220	9	Abundantly his gifts hath also pour'd
8	221	9	Inward and outward both, his image faire:
8	222	9	Speaking or mute all comliness and grace
8	223	9	Attends thee, and each word, each motion formes.
8	224	9	Nor less think wee in Heav'n of thee on Earth
8	225	9	Then of our fellow servant, and inquire
8	226	9	Gladly into the wayes of God with Man:
8	227	9	For God we see hath honour'd thee, and set
8	228	9	On Man his Equal Love: say therefore on;
8	229	9	For I that Day was absent, as befell,
8	230	9	Bound on a voyage uncouth and obscure,
8	231	9	Farr on excursion toward the Gates of Hell;
8	232	9	Squar'd in full Legion (such command we had)
8	233	9	To see that none thence issu'd forth a spie,
8	234	9	Or enemie, while God was in his work,
8	235	9	Least hee incenst at such eruption bold,
8	236	9	Destruction with Creation might have mixt.
8	237	9	Not that they durst without his leave attempt,
8	238	9	But us he sends upon his high behests
8	239	9	For state, as Sovran King, and to enure
8	240	9	Our prompt obedience. Fast we found, fast shut
8	241	9	The dismal Gates, and barricado'd strong;
8	242	9	But long ere our approaching heard within
8	243	9	Noise, other then the sound of Dance or Song,
8	244	9	Torment, and loud lament, and furious rage.
8	245	9	Glad we return'd up to the coasts of Light
8	246	9	Ere Sabbath Eev'ning: so we had in charge.
8	247	9	But thy relation now; for I attend,
8	248	9	Pleas'd with thy words no less then thou with mine.
8	249	11	So spake the Godlike Power, and thus our Sire.
8	250	11	For Man to tell how human Life began
8	251	11	Is hard; for who himself beginning knew?
8	252	11	Desire with thee still longer to converse
8	253	11	Induc'd me. As new wak't from soundest sleep
8	254	11	Soft on the flourie herb I found me laid
8	255	11	In Balmie Sweat, which with his Beames the Sun
8	256	11	Soon dri'd, and on the reaking moisture fed.
8	257	11	Strait toward Heav'n my wondring Eyes I turnd,
8	258	11	And gaz'd a while the ample Skie, till rais'd
8	259	11	By quick instinctive motion up I sprung,
8	260	11	As thitherward endevoring, and upright
8	261	11	Stood on my feet; about me round I saw
8	262	11	Hill, Dale, and shadie Woods, and sunnie Plaines,
8	263	11	And liquid Lapse of murmuring Streams; by these,
8	264	11	Creatures that livd, and movd, and walk'd, or flew,
8	265	11	Birds on the branches warbling; all things smil'd,
8	266	11	With fragrance and with joy my heart oreflow'd.
8	267	11	My self I then perus'd, and Limb by Limb
8	268	11	Survey'd, and sometimes went, and sometimes ran
8	269	11	With supple joints, as lively vigour led:
8	270	11	But who I was, or where, or from what cause,
8	271	11	Knew not; to speak I tri'd, and forthwith spake,
8	272	11	My Tongue obey'd and readily could name
8	273	11	What e're I saw. Thou Sun, said I, faire Light,
8	274	11	And thou enlight'nd Earth, so fresh and gay,
8	275	11	Ye Hills and Dales, ye Rivers, Woods, and Plaines,
8	276	11	And ye that live and move, fair Creatures, tell,
8	277	11	Tell, if ye saw, how came I thus, how here?
8	278	11	Not of my self; by some great Maker then,
8	279	11	In goodness and in power præeminent;
8	280	11	Tell me, how may I know him, how adore,
8	281	11	From whom I have that thus I move and live,
8	282	11	And feel that I am happier then I know.
8	283	11	While thus I call'd, and stray'd I knew not whither,
8	284	11	From where I first drew Aire, and first beheld
8	285	11	This happie Light, when answer none return'd,
8	286	11	On a green shadie Bank profuse of Flours
8	287	11	Pensive I sate me down; there gentle sleep
8	288	11	First found me, and with soft oppression seis'd
8	289	11	My droused sense, untroubl'd, though I thought
8	290	11	I then was passing to my former state
8	291	11	Insensible, and forthwith to dissolve:
8	292	11	When suddenly stood at my Head a dream,
8	293	11	Whose inward apparition gently mov'd
8	294	11	My Fancy to believe I yet had being,
8	295	11	And livd: One came, methought, of shape Divine,
8	296	11	And said, thy Mansion wants thee, Adam, rise,
8	297	11	First Man, of Men innumerable ordain'd
8	298	11	First Father, call'd by thee I come thy Guide
8	299	11	To the Garden of bliss, thy seat prepar'd.
8	300	11	So saying, by the hand he took me rais'd,
8	301	11	And over Fields and Waters, as in Aire
8	302	11	Smooth sliding without step, last led me up
8	303	11	A woodie Mountain; whose high top was plaine,
8	304	11	A Circuit wide, enclos'd, with goodliest Trees
8	305	11	Planted, with Walks, and Bowers, that what I saw
8	306	11	Of Earth before scarce pleasant seemd. Each Tree
8	307	11	Load'n with fairest Fruit, that hung to the Eye
8	308	11	Tempting, stirr'd in me sudden appetite
8	309	11	To pluck and eate; whereat I wak'd, and found
8	310	11	Before mine Eyes all real, as the dream
8	311	11	Had lively shadowd: Here had new begun
8	312	11	My wandring, had not hee who was my Guide
8	313	11	Up hither, from among the Trees appeer'd,
8	314	11	Presence Divine. Rejoycing, but with aw,
8	315	11	In adoration at his feet I fell
8	316	11	Submiss: he rear'd me, and Whom thou soughtst I am,
8	317	11	Said mildely, Author of all this thou seest
8	318	11	Above, or round about thee or beneath.
8	319	11	This Paradise I give thee, count it thine
8	320	11	To Till and keep, and of the Fruit to eate:
8	321	11	Of every Tree that in the Garden growes
8	322	11	Eate freely with glad heart; fear here no dearth:
8	323	11	But of the Tree whose operation brings
8	324	11	Knowledg of good and ill, which I have set
8	325	11	The Pledge of thy Obedience and thy Faith,
8	326	11	Amid the Garden by the Tree of Life,
8	327	11	Remember what I warne thee, shun to taste,
8	328	11	And shun the bitter consequence: for know,
8	329	11	The day thou eat'st thereof, my sole command
8	330	11	Transgrest, inevitably thou shalt dye;
8	331	11	From that day mortal, and this happie State
8	332	11	Shalt loose, expell'd from hence into a World
8	333	11	Of woe and sorrow. Sternly he pronounc'd
8	334	11	The rigid interdiction, which resounds
8	335	11	Yet dreadful in mine eare, though in my choice
8	336	11	Not to incur; but soon his cleer aspect
8	337	11	Return'd and gracious purpose thus renew'd.
8	338	11	Not onely these fair bounds, but all the Earth
8	339	11	To thee and to thy Race I give; as Lords
8	340	11	Possess it, and all things that therein live,
8	341	11	Or live in Sea, or Aire, Beast, Fish, and Fowle.
8	342	11	In signe whereof each Bird and Beast behold
8	343	11	After thir kindes; I bring them to receave
8	344	11	From thee thir Names, and pay thee fealtie
8	345	11	With low subjection; understand the same
8	346	11	Of Fish within thir watry residence,
8	347	11	Not hither summon'd, since they cannot change
8	348	11	Thir Element to draw the thinner Aire.
8	349	11	As thus he spake, each Bird and Beast behold
8	350	11	Approaching two and two, These cowring low
8	351	11	With blandishment, each Bird stoop'd on his wing.
8	352	11	I nam'd them, as they pass'd, and understood
8	353	11	Thir Nature, with such knowledg God endu'd
8	354	11	My sudden apprehension: but in these
8	355	11	I found not what me thought I wanted still;
8	356	11	And to the Heav'nly vision thus presum'd.
8	357	13	O by what Name, for thou above all these,
8	358	13	Above mankinde, or aught then mankinde higher,
8	359	13	Surpassest farr my naming, how may I
8	360	13	Adore thee, Author of this Universe,
8	361	13	And all this good to man, for whose well being
8	362	13	So amply, and with hands so liberal
8	363	13	Thou hast provided all things: but with mee
8	364	13	I see not who partakes. In solitude
8	365	13	What happiness, who can enjoy alone,
8	366	13	Or all enjoying, what contentment find?
8	367	13	Thus I presumptuous; and the vision bright,
8	368	13	As with a smile more bright'nd, thus repli'd.
8	369	15	What call'st thou solitude, is not the Earth
8	370	15	With various living creatures, and the Aire
8	371	15	Replenisht, and all these at thy command
8	372	15	To come and play before thee; know'st thou not
8	373	15	Thir language and thir wayes? They also know,
8	374	15	And reason not contemptibly; with these
8	375	15	Find pastime, and beare rule; thy Realm is large.
8	376	15	So spake the Universal Lord, and seem'd
8	377	15	So ordering. I with leave of speech implor'd,
8	378	15	And humble deprecation thus repli'd.
8	379	17	Let not my words offend thee, Heav'nly Power,
8	380	17	My Maker, be propitious while I speak.
8	381	17	Hast thou not made me here thy substitute,
8	382	17	And these inferiour farr beneath me set?
8	383	17	Among unequals what societie
8	384	17	Can sort, what harmonie or true delight?
8	385	17	Which must be mutual, in proportion due
8	386	17	Giv'n and receiv'd; but in disparitie
8	387	17	The one intense, the other still remiss
8	388	17	Cannot well suite with either, but soon prove
8	389	17	Tedious alike: Of fellowship I speak
8	390	17	Such as I seek, fit to participate
8	391	17	All rational delight, wherein the brute
8	392	17	Cannot be human consort; they rejoyce
8	393	17	Each with thir kinde, Lion with Lioness;
8	394	17	So fitly them in pairs thou hast combin'd;
8	395	17	Much less can Bird with Beast, or Fish with Fowle
8	396	17	So well converse, nor with the Ox the Ape;
8	397	17	Wors then can Man with Beast, and least of all.
8	398	17	Whereto th' Almighty answer'd, not displeas'd.
8	399	17	A nice and suttle happiness I see
8	400	17	Thou to thyself proposest, in the choice
8	401	17	Of thy Associates, Adam, and wilt taste
8	402	17	No pleasure, though in pleasure, solitarie.
8	403	17	What think'st thou then of mee, and this my State,
8	404	17	Seem I to thee sufficiently possest
8	405	17	Of happiness, or not? who am alone
8	406	17	From all Eternitie, for none I know
8	407	17	Second to mee or like, equal much less.
8	408	17	How have I then with whom to hold converse
8	409	17	Save with the Creatures which I made, and those
8	410	17	To me inferiour, infinite descents
8	411	17	Beneath what other Creatures are to thee?
8	412	19	He ceas'd, I lowly answer'd. To attaine
8	413	19	The highth and depth of thy Eternal wayes
8	414	19	All human thoughts come short, Supream of things;
8	415	19	Thou in thy self art perfet, and in thee
8	416	19	Is no deficience found; not so is Man,
8	417	19	But in degree, the cause of his desire
8	418	19	By conversation with his like to help,
8	419	19	Or solace his defects. No need that thou
8	420	19	Shouldst propagat, already infinite;
8	421	19	And through all numbers absolute, though One;
8	422	19	But Man by number is to manifest
8	423	19	His single imperfection, and beget
8	424	19	Like of his like, his Image multipli'd,
8	425	19	In unitie defective, which requires
8	426	19	Collateral love, and deerest amitie.
8	427	19	Thou in thy secresie although alone,
8	428	19	Best with thy self accompanied, seek'st not
8	429	19	Social communication, yet so pleas'd,
8	430	19	Canst raise thy Creature to what highth thou wilt
8	431	19	Of Union or Communion, deifi'd;
8	432	19	I by conversing cannot these erect
8	433	19	From prone, nor in thir wayes complacence find.
8	434	19	Thus I embold'nd spake, and freedom us'd
8	435	19	Permissive, and acceptance found, which gain'd
8	436	19	This answer from the gratious voice Divine.
8	437	21	Thus farr to try thee, Adam, I was pleas'd,
8	438	21	And finde thee knowing not of Beasts alone,
8	439	21	Which thou hast rightly nam'd, but of thy self,
8	440	21	Expressing well the spirit within thee free,
8	441	21	My Image, not imparted to the Brute,
8	442	21	Whose fellowship therefore unmeet for thee
8	443	21	Good reason was thou freely shouldst dislike,
8	444	21	And be so minded still; I, ere thou spak'st,
8	445	21	Knew it not good for Man to be alone,
8	446	21	And no such companie as then thou saw'st
8	447	21	Intended thee, for trial onely brought,
8	448	21	To see how thou could'st judge of fit and meet:
8	449	21	What next I bring shall please thee, be assur'd,
8	450	21	Thy likeness, thy fit help, thy other self,
8	451	21	Thy wish, exactly to thy hearts desire.
8	452	23	Hee ended, or I heard no more, for now
8	453	23	My earthly by his Heav'nly overpowerd,
8	454	23	Which it had long stood under, streind to the highth
8	455	23	In that celestial Colloquie sublime,
8	456	23	As with an object that excels the sense,
8	457	23	Dazl'd and spent, sunk down, and sought repair
8	458	23	Of sleep, which instantly fell on me, call'd
8	459	23	By Nature as in aide, and clos'd mine eyes.
8	460	23	Mine eyes he clos'd, but op'n left the Cell
8	461	23	Of Fancie my internal sight, by which
8	462	23	Abstract as in a transe methought I saw,
8	463	23	Though sleeping, where I lay, and saw the shape
8	464	23	Still glorious before whom awake I stood;
8	465	23	Who stooping op'nd my left side, and took
8	466	23	From thence a Rib, with cordial spirits warme,
8	467	23	And Life-blood streaming fresh; wide was the wound,
8	468	23	But suddenly with flesh fill'd up and heal'd:
8	469	23	The Rib he formd and fashond with his hands;
8	470	23	Under his forming hands a Creature grew,
8	471	23	Manlike, but different sex, so lovly faire,
8	472	23	That what seemd fair in all the World, seemd now
8	473	23	Mean, or in her summ'd up, in her containd
8	474	23	And in her looks, which from that time infus'd
8	475	23	Sweetness into my heart, unfelt before,
8	476	23	And into all things from her Aire inspir'd
8	477	23	The spirit of love and amorous delight.
8	478	23	Shee disappeerd, and left me dark, I wak'd
8	479	23	To find her, or for ever to deplore
8	480	23	Her loss, and other pleasures all abjure:
8	481	23	When out of hope, behold her, not farr off,
8	482	23	Such as I saw her in my dream, adornd
8	483	23	With what all Earth or Heaven could bestow
8	484	23	To make her amiable: On she came,
8	485	23	Led by her Heav'nly Maker, though unseen,
8	486	23	And guided by his voice, nor uninformd
8	487	23	Of nuptial Sanctitie and marriage Rites:
8	488	23	Grace was in all her steps, Heav'n in her Eye,
8	489	23	In every gesture dignitie and love.
8	490	23	I overjoyd could not forbear aloud.
8	491	25	This turn hath made amends; thou hast fulfill'd
8	492	25	Thy words, Creator bounteous and benigne,
8	493	25	Giver of all things faire, but fairest this
8	494	25	Of all thy gifts, nor enviest. I now see
8	495	25	Bone of my Bone, Flesh of my Flesh, my Self
8	496	25	Before me; Woman is her Name, of Man
8	497	25	Extracted; for this cause he shall forgoe
8	498	25	Father and Mother, and to his Wife adhere;
8	499	25	And they shall be one Flesh, one Heart, one Soule.
8	500	27	She heard me thus, and though divinely brought,
8	501	27	Yet Innocence and Virgin Modestie,
8	502	27	Her vertue and the conscience of her worth,
8	503	27	That would be woo'd, and not unsought be won,
8	504	27	Not obvious, not obtrusive, but retir'd,
8	505	27	The more desirable, or to say all,
8	506	27	Nature her self, though pure of sinful thought,
8	507	27	Wrought in her so, that seeing me, she turn'd;
8	508	27	I follow'd her, she what was Honour knew,
8	509	27	And with obsequious Majestie approv'd
8	510	27	My pleaded reason. To the Nuptial Bowre
8	511	27	I led her blushing like the Morn: all Heav'n,
8	512	27	And happie Constellations on that houre
8	513	27	Shed thir selectest influence; the Earth
8	514	27	Gave sign of gratulation, and each Hill;
8	515	27	Joyous the Birds; fresh Gales and gentle Aires
8	516	27	Whisper'd it to the Woods, and from thir wings
8	517	27	Flung Rose, flung Odours from the spicie Shrub,
8	518	27	Disporting, till the amorous Bird of Night
8	519	27	Sung Spousal, and bid haste the Eevning Starr
8	520	27	On his Hill top, to light the bridal Lamp.
8	521	27	Thus I have told thee all my State, and brought
8	522	27	My Storie to the sum of earthly bliss
8	523	27	Which I enjoy, and must confess to find
8	524	27	In all things else delight indeed, but such
8	525	27	As us'd or not, works in the mind no change,
8	526	27	Nor vehement desire, these delicacies
8	527	27	I mean of Taste, Sight, Smell, Herbs, Fruits and Flours,
8	528	27	Walks, and the melodie of Birds; but here
8	529	27	Farr otherwise, transported I behold,
8	530	27	Transported touch; here passion first I felt,
8	531	27	Commotion strange, in all enjoyments else
8	532	27	Superiour and unmov'd, here onely weake
8	533	27	Against the charm of Beauties powerful glance.
8	534	27	Or Nature faild in mee, and left some part
8	535	27	Not proof enough such Object to sustain,
8	536	27	Or from my side subducting, took perhaps
8	537	27	More then enough; at least on her bestow'd
8	538	27	Too much of Ornament, in outward shew
8	539	27	Elaborate, of inward less exact.
8	540	27	For well I understand in the prime end
8	541	27	Of Nature her th' inferiour, in the mind
8	542	27	And inward Faculties, which most excell,
8	543	27	In outward also her resembling less
8	544	27	His Image who made both, and less expressing
8	545	27	The character of that Dominion giv'n
8	546	27	O're other Creatures; yet when I approach
8	547	27	Her loveliness, so absolute she seems
8	548	27	And in her self compleat, so well to know
8	549	27	Her own, that what she wills to do or say,
8	550	27	Seems wisest, vertuousest, discreetest, best;
8	551	27	All higher knowledge in her presence falls
8	552	27	Degraded, Wisdom in discourse with her
8	553	27	Looses discount'nanc't, and like folly shewes;
8	554	27	Authority and Reason on her waite,
8	555	27	As one intended first, not after made
8	556	27	Occasionally; and to consummate all,
8	557	27	Greatness of mind and nobleness thir seat
8	558	27	Build in her loveliest, and create an awe
8	559	27	About her, as a guard Angelic plac't.
8	560	27	To whom the Angel with contracted brow.
8	561	29	Accuse not Nature, she hath don her part;
8	562	29	Do thou but thine, and be not diffident
8	563	29	Of Wisdom, she deserts thee not, if thou
8	564	29	Dismiss not her, when most thou needst her nigh,
8	565	29	By attributing overmuch to things
8	566	29	Less excellent, as thou thy self perceav'st.
8	567	29	For what admir'st thou, what transports thee so,
8	568	29	An outside? fair no doubt, and worthy well
8	569	29	Thy cherishing, thy honouring, and thy love,
8	570	29	Not thy subjection: weigh with her thy self;
8	571	29	Then value: Oft times nothing profits more
8	572	29	Then self esteem, grounded on just and right
8	573	29	Well manag'd; of that skill the more thou know'st,
8	574	29	The more she will acknowledge thee her Head,
8	575	29	And to realities yield all her shows:
8	576	29	Made so adorn for thy delight the more,
8	577	29	So awful, that with honour thou maist love
8	578	29	Thy mate, who sees when thou art seen least wise.
8	579	29	But if the sense of touch whereby mankind
8	580	29	Is propagated seem such dear delight
8	581	29	Beyond all other, think the same voutsaf't
8	582	29	To Cattel and each Beast; which would not be
8	583	29	To them made common and divulg'd, if aught
8	584	29	Therein enjoy'd were worthy to subdue
8	585	29	The Soule of Man, or passion in him move.
8	586	29	What higher in her societie thou findst
8	587	29	Attractive, human, rational, love still;
8	588	29	In loving thou dost well, in passion not,
8	589	29	Wherein true Love consists not; love refines
8	590	29	The thoughts, and heart enlarges, hath his seat
8	591	29	In Reason, and is judicious, is the scale
8	592	29	By which to heav'nly Love thou maist ascend,
8	593	29	Not sunk in carnal pleasure, for which cause
8	594	29	Among the Beasts no Mate for thee was found.
8	595	31	To whom thus half abash't Adam repli'd.
8	596	31	Neither her out-side formd so fair, nor aught
8	597	31	In procreation common to all kindes
8	598	31	(Though higher of the genial Bed by far,
8	599	31	And with mysterious reverence I deem)
8	600	31	So much delights me as those graceful acts,
8	601	31	Those thousand decencies that daily flow
8	602	31	From all her words and actions mixt with Love
8	603	31	And sweet compliance, which declare unfeign'd
8	604	31	Union of Mind, or in us both one Soule;
8	605	31	Harmonie to behold in wedded pair
8	606	31	More grateful then harmonious sound to the eare.
8	607	31	Yet these subject not; I to thee disclose
8	608	31	What inward thence I feel, not therefore foild,
8	609	31	Who meet with various objects, from the sense
8	610	31	Variously representing; yet still free
8	611	31	Approve the best, and follow what I approve.
8	612	31	To Love thou blam'st me not, for love thou saist
8	613	31	Leads up to Heav'n, is both the way and guide;
8	614	31	Bear with me then, if lawful what I ask;
8	615	31	Love not the heav'nly Spirits, and how thir Love
8	616	31	Express they, by looks onely, or do they mix
8	617	31	Irradiance, virtual or immediate touch?
8	618	33	To whom the Angel with a smile that glow'd
8	619	33	Celestial rosie red, Loves proper hue,
8	620	33	Answer'd. Let it suffice thee that thou know'st
8	621	33	Us happie, and without Love no happiness.
8	622	33	Whatever pure thou in the body enjoy'st
8	623	33	(And pure thou wert created) we enjoy
8	624	33	In eminence, and obstacle find none
8	625	33	Of membrane, joynt, or limb, exclusive barrs:
8	626	33	Easier then Air with Air, if Spirits embrace,
8	627	33	Total they mix, Union of Pure with Pure
8	628	33	Desiring; nor restrain'd conveyance need
8	629	33	As Flesh to mix with Flesh, or Soul with Soul.
8	630	33	But I can now no more; the parting Sun
8	631	33	Beyond the Earths green Cape and verdant Isles
8	632	33	Hesperean sets, my Signal to depart.
8	633	33	Be strong, live happie, and love, but first of all
8	634	33	Him whom to love is to obey, and keep
8	635	33	His great command; take heed lest Passion sway
8	636	33	Thy Judgment to do aught, which else free Will
8	637	33	Would not admit; thine and of all thy Sons
8	638	33	The weal or woe in thee is plac't; beware.
8	639	33	I in thy persevering shall rejoyce,
8	640	33	And all the Blest: stand fast; to stand or fall
8	641	33	Free in thine own Arbitrement it lies.
8	642	33	Perfet within, no outward aid require;
8	643	33	And all temptation to transgress repel.
8	644	35	So saying, he arose; whom Adam thus
8	645	35	Follow'd with benediction. Since to part,
8	646	35	Go heavenly Guest, Ethereal Messenger,
8	647	35	Sent from whose sovran goodness I adore.
8	648	35	Gentle to me and affable hath been
8	649	35	Thy condescension, and shall be honour'd ever
8	650	35	With grateful Memorie: thou to mankind
8	651	35	Be good and friendly still, and oft return.
8	652	37	So parted they, the Angel up to Heav'n
8	653	37	From the thick shade, and Adam to his Bowre.
9	1	1	NO more of talk where God or Angel Guest
9	2	1	With Man, as with his Friend, familiar us'd
9	3	1	To sit indulgent, and with him partake
9	4	1	Rural repast, permitting him the while
9	5	1	Venial discourse unblam'd: I now must change
9	6	1	Those Notes to Tragic; foul distrust, and breach
9	7	1	Disloyal on the part of Man, revolt,
9	8	1	And disobedience: On the part of Heav'n
9	9	1	Now alienated, distance and distaste,
9	10	1	Anger and just rebuke, and judgement giv'n,
9	11	1	That brought into this World a world of woe,
9	12	1	Sinne and her shadow Death, and Miserie
9	13	1	Deaths Harbinger: Sad task, yet argument
9	14	1	Not less but more Heroic then the wrauth
9	15	1	Of stern Achilles on his Foe pursu'd
9	16	1	Thrice Fugitive about Troy Wall; or rage
9	17	1	Of Turnus for Lavinia disespous'd,
9	18	1	Or Neptun's ire or Juno's, that so long
9	19	1	Perplex'd  the Greek and Cytherea's Son;
9	20	1	If answerable style I can obtaine
9	21	1	Of my Celestial Patroness, who deignes
9	22	1	Her nightly visitation unimplor'd,
9	23	1	And dictates to me slumb'ring, or inspires
9	24	1	Easie my unpremeditated Verse:
9	25	1	Since first this Subject for Heroic Song
9	26	1	Pleas'd me long choosing, and beginning late;
9	27	1	Not sedulous by Nature to indite
9	28	1	Warrs, hitherto the onely Argument
9	29	1	Heroic deem'd, chief maistrie to dissect
9	30	1	With long and tedious havoc fabl'd Knights
9	31	1	In Battels feign'd; the better fortitude
9	32	1	Of Patience and Heroic Martyrdom
9	33	1	Unsung; or to describe Races and Games,
9	34	1	Or tilting Furniture, emblazon'd Shields,
9	35	1	Impreses quaint, Caparisons and Steeds;
9	36	1	Bases and tinsel Trappings, gorgious Knights
9	37	1	At Joust and Torneament; then marshal'd Feast
9	38	1	Serv'd up in Hall with Sewers, and Seneshals;
9	39	1	The skill of Artifice or Office mean,
9	40	1	Not that which justly gives Heroic name
9	41	1	To Person or to Poem. Mee of these
9	42	1	Nor skilld nor studious, higher Argument
9	43	1	Remaines, sufficient of it self to raise
9	44	1	That name, unless an age too late, or cold
9	45	1	Climat, or Years damp my intended wing
9	46	1	Deprest, and much they may, if all be mine,
9	47	1	Not Hers who brings it nightly to my Ear.
9	48	3	The Sun was sunk, and after him the Starr
9	49	3	Of Hesperus, whose Office is to bring
9	50	3	Twilight upon the Earth, short Arbiter
9	51	3	Twixt Day and Night, and now from end to end
9	52	3	Nights Hemisphere had veild the Horizon round:
9	53	3	When Satan who late fled before the threats
9	54	3	Of Gabriel out of Eden, now improv'd
9	55	3	In meditated fraud and malice, bent
9	56	3	On mans destruction, maugre what might hap
9	57	3	Of heavier on himself, fearless return'd.
9	58	3	By Night he fled, and at Midnight return'd.
9	59	3	From compassing the Earth, cautious of day,
9	60	3	Since Uriel Regent of the Sun descri'd
9	61	3	His entrance, and forewarnd the Cherubim
9	62	3	That kept thir watch; thence full of anguish driv'n,
9	63	3	The space of seven continu'd Nights he rode
9	64	3	With darkness, thrice the Equinoctial Line
9	65	3	He circl'd, four times cross'd the Carr of Night
9	66	3	From Pole to Pole, traversing each Colure;
9	67	3	On the eighth return'd, and on the Coast averse
9	68	3	From entrance or Cherubic Watch, by stealth
9	69	3	Found unsuspected way. There was a place,
9	70	3	Now not, though Sin, not Time, first wraught the change,
9	71	3	Where Tigris at the foot of Paradise
9	72	3	Into a Gulf shot under ground, till part
9	73	3	Rose up a Fountain by the Tree of Life;
9	74	3	In with the River sunk, and with it rose
9	75	3	Satan involv'd in rising Mist, then sought
9	76	3	Where to lie hid; Sea he had searcht and Land
9	77	3	From Eden over Pontus, and the Poole
9	78	3	 Mæotis, up beyond the River Ob;
9	79	3	Downward as farr Antartic; and in length
9	80	3	West from Orontes to the Ocean barr'd
9	81	3	At Darien, thence to the Land where flowes
9	82	3	Ganges and Indus: thus the Orb he roam'd
9	83	3	With narrow search; and with inspection deep
9	84	3	Consider'd every Creature, which of all
9	85	3	Most opportune might serve his Wiles, and found
9	86	3	The Serpent suttlest Beast of all the Field.
9	87	3	Him after long debate, irresolute
9	88	3	Of thoughts revolv'd, his final sentence chose
9	89	3	Fit Vessel, fittest Imp of fraud, in whom
9	90	3	To enter, and his dark suggestions hide
9	91	3	From sharpest sight: for in the wilie Snake,
9	92	3	Whatever sleights none would suspicious mark,
9	93	3	As from his wit and native suttletie
9	94	3	Proceeding, which in other Beasts observ'd
9	95	3	Doubt might beget of Diabolic pow'r
9	96	3	Active within beyond the sense of brute.
9	97	3	Thus he resolv'd, but first from inward griefe
9	98	3	His bursting passion into plaints thus pour'd:
9	99	5	O Earth, how like to Heav'n, if not preferr'd
9	100	5	More justly, Seat worthier of Gods, as built
9	101	5	With second thoughts, reforming what was old!
9	102	5	For what God after better worse would build?
9	103	5	Terrestrial Heav'n, danc't round by other Heav'ns
9	104	5	That shine, yet bear thir bright officious Lamps,
9	105	5	Light above Light, for thee alone, as seems,
9	106	5	In thee concentring all thir precious beams
9	107	5	Of sacred influence: As God in Heav'n
9	108	5	Is Center, yet extends to all, so thou
9	109	5	Centring receav'st from all those Orbs; in thee,
9	110	5	Not in themselves, all thir known vertue appeers
9	111	5	Productive in Herb, Plant, and nobler birth
9	112	5	Of Creatures animate with gradual life
9	113	5	Of Growth, Sense, Reason, all summ'd up in Man.
9	114	5	With what delight could I have walkt thee round,
9	115	5	If I could joy in aught, sweet interchange
9	116	5	Of Hill, and Vallie, Rivers, Woods and Plaines,
9	117	5	Now Land, now Sea, and Shores with Forrest crownd,
9	118	5	Rocks, Dens, and Caves; but I in none of these
9	119	5	Find place or refuge; and the more I see
9	120	5	Pleasures about me, so much more I feel
9	121	5	Torment within me, as from the hateful siege
9	122	5	Of contraries; all good to me becomes
9	123	5	Bane, and in Heav'n much worse would be my state.
9	124	5	But neither here seek I, no nor in Heav'n
9	125	5	To dwell, unless by maistring Heav'ns Supreame;
9	126	5	Nor hope to be my self less miserable
9	127	5	By what I seek, but others to make such
9	128	5	As I, though thereby worse to me redound:
9	129	5	For onely in destroying I find ease
9	130	5	To my relentless thoughts; and him destroyd,
9	131	5	Or won to what may work his utter loss,
9	132	5	For whom all this was made, all this will soon
9	133	5	Follow, as to him linkt in weal or woe,
9	134	5	In wo then: that destruction wide may range:
9	135	5	To mee shall be the glorie sole among
9	136	5	The infernal Powers, in one day to have marr'd
9	137	5	What he Almightie styl'd, six Nights and Days
9	138	5	Continu'd making, and who knows how long
9	139	5	Before had bin contriving, though perhaps
9	140	5	Not longer then since I in one Night freed
9	141	5	From servitude inglorious welnigh half
9	142	5	Th' Angelic Name, and thinner left the throng
9	143	5	Of his adorers: hee to be aveng'd,
9	144	5	And to repaire his numbers thus impair'd,
9	145	5	Whether such vertue spent of old now faild
9	146	5	More Angels to Create, if they at least
9	147	5	Are his Created, or to spite us more,
9	148	5	Determin'd to advance into our room
9	149	5	A Creature form'd of Earth, and him endow,
9	150	5	Exalted from so base original,
9	151	5	With Heav'nly spoils, our spoils: What he decreed
9	152	5	He effected; Man he made, and for him built
9	153	5	Magnificent this World, and Earth his seat,
9	154	5	Him Lord pronounc'd, and, O indignitie!
9	155	5	Subjected to his service Angel wings,
9	156	5	And flaming Ministers to watch and tend
9	157	5	Thir earthy Charge: Of these the vigilance
9	158	5	I dread, and to elude, thus wrapt in mist
9	159	5	Of midnight vapor glide obscure, and prie
9	160	5	In every Bush and Brake, where hap may finde
9	161	5	The Serpent sleeping, in whose mazie foulds
9	162	5	To hide me, and the dark intent I bring.
9	163	5	O foul descent! that I who erst contended
9	164	5	With Gods to sit the highest, am now constraind
9	165	5	Into a Beast, and mixt with bestial slime,
9	166	5	This essence to incarnate and imbrute,
9	167	5	That to the hight of Deitie aspir'd;
9	168	5	But what will not Ambition and Revenge
9	169	5	Descend to? who aspires must down as low
9	170	5	As high he soard, obnoxious first or last
9	171	5	To basest things. Revenge, at first though sweet,
9	172	5	Bitter ere long back on it self recoiles;
9	173	5	Let it; I reck not, so it light well aim'd,
9	174	5	Since higher I fall short, on him who next
9	175	5	Provokes my envie, this new Favorite
9	176	5	Of Heav'n, this Man of Clay, Son of despite,
9	177	5	Whom us the more to spite his Maker rais'd
9	178	5	From dust: spite then with spite is best repaid.
9	179	7	So saying, through each Thicket Danck or Drie,
9	180	7	Like a black mist low creeping, he held on
9	181	7	His midnight search, where soonest he might finde
9	182	7	The Serpent: him fast sleeping soon he found
9	183	7	In Labyrinth of many a round self-rowld,
9	184	7	His head the midst, well stor'd with suttle wiles:
9	185	7	Not yet in horrid Shade or dismal Den,
9	186	7	Nor nocent yet, but on the grassie Herbe
9	187	7	Fearless unfeard he slept: in at his Mouth
9	188	7	The Devil enterd, and his brutal sense,
9	189	7	In heart or head, possessing soon inspir'd
9	190	7	With act intelligential; but his sleep
9	191	7	Disturbd not, waiting close th' approach of Morn.
9	192	7	Now when as sacred Light began to dawne
9	193	7	In Eden on the humid Flours, that breathd
9	194	7	Thir morning incense, when all things that breath,
9	195	7	From th' Earths great Altar send up silent praise
9	196	7	To the Creator, and his Nostrils fill
9	197	7	With grateful Smell, forth came the human pair
9	198	7	And joind thir vocal Worship to the Quire
9	199	7	Of Creatures wanting voice, that done, partake
9	200	7	The season, prime for sweetest Sents and Aires:
9	201	7	Then commune how that day they best may ply
9	202	7	Thir growing work: for much thir work outgrew
9	203	7	The hands dispatch of two Gardning so wide.
9	204	7	And Eve first to her Husband thus began.
9	205	9	Adam, well may we labour still to dress
9	206	9	This Garden, still to tend Plant, Herb and Flour,
9	207	9	Our pleasant task enjoyn'd, but till more hands
9	208	9	Aid us, the work under our labour grows,
9	209	9	Luxurious by restraint; what we by day
9	210	9	Lop overgrown, or prune, or prop, or bind,
9	211	9	One night or two with wanton growth derides
9	212	9	Tending to wilde. Thou therefore now advise
9	213	9	Or hear what to my minde first thoughts present,
9	214	9	Let us divide our labours, thou where choice
9	215	9	Leads thee, or where most needs, whether to wind
9	216	9	The Woodbine round this Arbour, or direct
9	217	9	The clasping Ivie where to climb, while I
9	218	9	In yonder Spring of Roses intermixt
9	219	9	With Myrtle, find what to redress till Noon:
9	220	9	For while so near each other thus all day
9	221	9	Our taske we choose, what wonder if so near
9	222	9	Looks intervene and smiles, or object new
9	223	9	Casual discourse draw on, which intermits
9	224	9	Our dayes work brought to little, though begun
9	225	9	Early, and th' hour of Supper comes unearn'd.
9	226	11	To whom mild answer Adam thus return'd.
9	227	11	Sole Eve, Associate sole, to me beyond
9	228	11	Compare above all living Creatures deare,
9	229	11	Well hast thou motion'd, well thy thoughts imployd
9	230	11	How we might best fulfill the work which here
9	231	11	God hath assign'd us, nor of me shalt pass
9	232	11	Unprais'd: for nothing lovelier can be found
9	233	11	In Woman, then to studie houshold good,
9	234	11	And good workes in her Husband to promote.
9	235	11	Yet not so strictly hath our Lord impos'd
9	236	11	Labour, as to debarr us when we need
9	237	11	Refreshment, whether food, or talk between,
9	238	11	Food of the mind, or this sweet intercourse
9	239	11	Of looks and smiles, for smiles from Reason flow,
9	240	11	To brute deni'd, and are of Love the food,
9	241	11	Love not the lowest end of human life.
9	242	11	For not to irksom toile, but to delight
9	243	11	He made us, and delight to Reason joyn'd.
9	244	11	These paths & Bowers doubt not but our joynt hands
9	245	11	Will keep from Wilderness with ease, as wide
9	246	11	As we need walk, till younger hands ere long
9	247	11	Assist us: But if much converse perhaps
9	248	11	Thee satiate, to short absence I could yield.
9	249	11	For solitude somtimes is best societie,
9	250	11	And short retirement urges sweet returne.
9	251	11	But other doubt possesses me, least harm
9	252	11	Befall thee sever'd from me; for thou knowst
9	253	11	What hath bin warn'd us, what malicious Foe
9	254	11	Envying our happiness, and of his own
9	255	11	Despairing, seeks to work us woe and shame
9	256	11	By sly assault; and somwhere nigh at hand
9	257	11	Watches, no doubt, with greedy hope to find
9	258	11	His wish and best advantage, us asunder,
9	259	11	Hopeless to circumvent us joynd, where each
9	260	11	To other speedie aide might lend at need;
9	261	11	Whether his first design be to withdraw
9	262	11	Our fealtie from God, or to disturb
9	263	11	Conjugal Love, then which perhaps no bliss
9	264	11	Enjoy'd by us excites his envie more;
9	265	11	Or this, or worse, leave not the faithful side
9	266	11	That gave thee being, still shades thee and protects.
9	267	11	The Wife, where danger or dishonour lurks,
9	268	11	Safest and seemliest by her Husband staies,
9	269	11	Who guards her, or with her the worst endures.
9	270	13	To whom the Virgin Majestie of Eve,
9	271	13	As one who loves, and some unkindness meets,
9	272	13	With sweet austeer composure thus reply'd,
9	273	15	Ofspring of Heav'n and Earth, and all Earths Lord,
9	274	15	That such an Enemie we have, who seeks
9	275	15	Our ruin, both by thee informd I learne,
9	276	15	And from the parting Angel over-heard
9	277	15	As in a shadie nook I stood behind,
9	278	15	Just then returnd at shut of Evening Flours.
9	279	15	But that thou shouldst my firmness therfore doubt
9	280	15	To God or thee, because we have a foe
9	281	15	May tempt it, I expected not to hear.
9	282	15	His violence thou fear'st not, being such,
9	283	15	As wee, not capable of death or paine,
9	284	15	Can either not receave, or can repell.
9	285	15	His fraud is then thy fear, which plain inferrs
9	286	15	Thy equal fear that my firm Faith and Love
9	287	15	Can by his fraud be shak'n or seduc't;
9	288	15	Thoughts, which how found they harbour in thy brest
9	289	15	Adam, misthought of her to thee so dear?
9	290	17	To whom with healing words Adam replyd.
9	291	17	Daughter of God and Man, immortal Eve,
9	292	17	For such thou art, from sin and blame entire:
9	293	17	Not diffident of thee do I dissuade
9	294	17	Thy absence from my sight, but to avoid
9	295	17	Th' attempt itself, intended by our Foe.
9	296	17	For hee who tempts, though in vain, at least asperses
9	297	17	The tempted with dishonour foul, suppos'd
9	298	17	Not incorruptible of Faith, not prooff
9	299	17	Against temptation: thou thy self with scorne
9	300	17	And anger wouldst resent the offer'd wrong,
9	301	17	Though ineffectual found: misdeem not then,
9	302	17	If such affront I labour to avert
9	303	17	From thee alone, which on us both at once
9	304	17	The Enemie, though bold, will hardly dare,
9	305	17	Or daring, first on mee th' assault shall light.
9	306	17	Nor thou his malice and false guile contemn;
9	307	17	Suttle he needs must be, who could seduce
9	308	17	Angels nor think superfluous others aid.
9	309	17	I from the influence of thy looks receave
9	310	17	Access in every Vertue, in thy sight
9	311	17	More wise, more watchful, stronger, if need were
9	312	17	Of outward strength; while shame, thou looking on,
9	313	17	Shame to be overcome or over-reacht
9	314	17	Would utmost vigor raise, and rais'd unite.
9	315	17	Why shouldst not thou like sense within thee feel
9	316	17	When I am present, and thy trial choose
9	317	17	With me, best witness of thy Vertue tri'd.
9	318	19	So spake domestick Adam in his care
9	319	19	And Matrimonial Love; but Eve, who thought
9	320	19	Less attributed to her Faith sincere,
9	321	19	Thus her reply with accent sweet renewd.
9	322	21	If this be our condition, thus to dwell
9	323	21	In narrow circuit strait'nd by a Foe,
9	324	21	Suttle or violent, we not endu'd
9	325	21	Single with like defence, wherever met,
9	326	21	How are we happie, still in fear of harm?
9	327	21	But harm precedes not sin: onely our Foe
9	328	21	Tempting affronts us with his foul esteem
9	329	21	Of our integritie: his foul esteeme
9	330	21	Sticks no dishonor on our Front, but turns
9	331	21	Foul on himself; then wherefore shund or feard
9	332	21	By us? who rather double honour gaine
9	333	21	From his surmise prov'd false, find peace within,
9	334	21	Favour from Heav'n, our witness from th' event.
9	335	21	And what is Faith, Love, Vertue unassaid
9	336	21	Alone, without exterior help sustaind?
9	337	21	Let us not then suspect our happie State
9	338	21	Left so imperfet by the Maker wise,
9	339	21	As not secure to single or combin'd.
9	340	21	Fraile is our happiness, if this be so,
9	341	21	And Eden were no Eden thus expos'd.
9	342	23	To whom thus Adam fervently repli'd.
9	343	23	O Woman, best are all things as the will
9	344	23	Of God ordain'd them, his creating hand
9	345	23	Nothing imperfet or deficient left
9	346	23	Of all that he Created, much less Man,
9	347	23	Or aught that might his happie State secure,
9	348	23	Secure from outward force; within himself
9	349	23	The danger lies, yet lies within his power:
9	350	23	Against his will he can receave no harme.
9	351	23	But God left free the Will, for what obeyes
9	352	23	Reason, is free, and Reason he made right
9	353	23	But bid her well beware, and still erect,
9	354	23	Least by some faire appeering good surpris'd
9	355	23	She dictate false, and misinforme the Will
9	356	23	To do what God expresly hath forbid,
9	357	23	Not then mistrust, but tender love enjoynes,
9	358	23	That I should mind thee oft, and mind thou me.
9	359	23	Firm we subsist, yet possible to swerve,
9	360	23	Since Reason not impossibly may meet
9	361	23	Some specious object by the Foe subornd,
9	362	23	And fall into deception unaware,
9	363	23	Not keeping strictest watch, as she was warnd.
9	364	23	Seek not temptation then, which to avoide
9	365	23	Were better, and most likelie if from mee
9	366	23	Thou sever not: Trial will come unsought.
9	367	23	Wouldst thou approve thy constancie, approve
9	368	23	First thy obedience; th' other who can know,
9	369	23	Not seeing thee attempted, who attest?
9	370	23	But if thou think, trial unsought may finde
9	371	23	Us both securer then thus warnd thou seemst,
9	372	23	Go; for thy stay, not free, absents thee more;
9	373	23	Go in thy native innocence, relie
9	374	23	On what thou hast of vertue, summon all,
9	375	23	For God towards thee hath done his part, do thine.
9	376	25	So spake the Patriarch of Mankinde, but Eve
9	377	25	Persisted, yet submiss, though last, repli'd.
9	378	27	With thy permission then, and thus forewarnd
9	379	27	Chiefly by what thy own last reasoning words
9	380	27	Touchd onely, that our trial, when least sought,
9	381	27	May finde us both perhaps farr less prepar'd,
9	382	27	The willinger I goe, nor much expect
9	383	27	A Foe so proud will first the weaker seek,
9	384	27	So bent, the more shall shame him his repulse.
9	385	27	Thus saying, from her Husbands hand her hand
9	386	27	Soft she withdrew, and like a Wood-Nymph light
9	387	27	Oread or Dryad, or of Delia's Traine,
9	388	27	Betook her to the Groves, but Delia's self
9	389	27	In gate surpass'd and Goddess-like deport,
9	390	27	Though not as shee with Bow and Quiver armd,
9	391	27	But with such Gardning Tools as Art yet rude,
9	392	27	Guiltless of fire had formd, or Angels brought.
9	393	27	To Pales, or Pomona, thus adornd,
9	394	27	Likeliest she seemd, Pomona when she fled
9	395	27	Vertumnus, or to Ceres in her Prime,
9	396	27	Yet Virgin of Proserpina from Jove.
9	397	27	Her long with ardent look his Eye pursu'd
9	398	27	Delighted, but desiring more her stay.
9	399	27	Oft he to her his charge of quick returne
9	400	27	Repeated, shee to him as oft engag'd
9	401	27	To be returnd by Noon amid the Bowre,
9	402	27	And all things in best order to invite
9	403	27	Noontide repast, or Afternoons repose.
9	404	27	O much deceav'd, much failing, hapless Eve,
9	405	27	Of thy presum'd return! event perverse!
9	406	27	Thou never from that houre in Paradise
9	407	27	Foundst either sweet repast, or sound repose;
9	408	27	Such ambush hid among sweet Flours and Shades
9	409	27	Waited with hellish rancour imminent
9	410	27	To intercept thy way, or send thee back
9	411	27	Despoild of Innocence, of Faith, of Bliss.
9	412	27	For now, and since first break of dawne the Fiend,
9	413	27	Meer Serpent in appearance, forth was come,
9	414	27	And on his Quest, where likeliest he might finde
9	415	27	The onely two of Mankinde, but in them
9	416	27	The whole included Race, his purposd prey.
9	417	27	In Bowre and Field he sought, where any tuft
9	418	27	Of Grove or Garden-Plot more pleasant lay,
9	419	27	Thir tendance or Plantation for delight,
9	420	27	By Fountain or by shadie Rivulet
9	421	27	He sought them both, but wish'd his hap might find
9	422	27	Eve separate, he wish'd, but not with hope
9	423	27	Of what so seldom chanc'd, when to his wish,
9	424	27	Beyond his hope, Eve separate he spies,
9	425	27	Veild in a Cloud of Fragrance, where she stood,
9	426	27	Half spi'd, so thick the Roses bushing round
9	427	27	About her glowd, oft stooping to support
9	428	27	Each Flour of slender stalk, whose head though gay
9	429	27	Carnation, Purple, Azure, or spect with Gold,
9	430	27	Hung drooping unsustaind, them she upstaies
9	431	27	Gently with Mirtle band, mindless the while,
9	432	27	Her self, though fairest unsupported Flour,
9	433	27	From her best prop so farr, and storm so nigh.
9	434	27	Neerer he drew, and many a walk travers'd
9	435	27	Of stateliest Covert, Cedar, Pine, or Palme,
9	436	27	Then voluble and bold, now hid, now seen
9	437	27	Among thick-wov'n Arborets and Flours
9	438	27	Imborderd on each Bank, the hand of Eve:
9	439	27	Spot more delicious then those Gardens feign'd
9	440	27	Or of reviv'd Adonis, or renownd
9	441	27	Alcinous, host of old Laertes Son,
9	442	27	Or that, not Mystic, where the Sapient King
9	443	27	Held dalliance with his fair Egyptian Spouse.
9	444	27	Much hee the Place admir'd, the Person more.
9	445	27	As one who long in populous City pent,
9	446	27	Where Houses thick and Sewers annoy the Aire,
9	447	27	Forth issuing on a Summers Morn to breathe
9	448	27	Among the pleasant Villages and Farmes
9	449	27	Adjoynd, from each thing met conceaves delight,
9	450	27	The smell of Grain, or tedded Grass, or Kine,
9	451	27	Or Dairie, each rural sight, each rural sound;
9	452	27	If chance with Nymphlike step fair Virgin pass,
9	453	27	What pleasing seemd, for her now pleases more,
9	454	27	She most, and in her look summs all Delight.
9	455	27	Such Pleasure took the Serpent to behold
9	456	27	This Flourie Plat, the sweet recess of Eve
9	457	27	Thus earlie, thus alone; her Heav'nly forme
9	458	27	Angelic, but more soft, and Feminine,
9	459	27	Her graceful Innocence, her every Aire
9	460	27	Of gesture or lest action overawd
9	461	27	His Malice, and with rapine sweet bereav'd
9	462	27	His fierceness of the fierce intent it brought:
9	463	27	That space the Evil one abstracted stood
9	464	27	From his own evil, and for the time remaind
9	465	27	Stupidly good, of enmitie disarm'd,
9	466	27	Of guile, of hate, of envie, of revenge;
9	467	27	But the hot Hell that alwayes in him burnes,
9	468	27	Though in mid Heav'n, soon ended his delight,
9	469	27	And tortures him now more, the more he sees
9	470	27	Of pleasure not for him ordain'd: then soon
9	471	27	Fierce hate he recollects, and all his thoughts
9	472	27	Of mischief, gratulating, thus excites.
9	473	29	Thoughts, whither have ye led me, with what sweet
9	474	29	Compulsion thus transported to forget
9	475	29	What hither brought us, hate, not love, nor hope
9	476	29	Of Paradise for Hell, hope here to taste
9	477	29	Of pleasure, but all pleasure to destroy,
9	478	29	Save what is in destroying, other joy
9	479	29	To me is lost. Then let me not let pass
9	480	29	Occasion which now smiles, behold alone
9	481	29	The Woman, opportune to all attempts,
9	482	29	Her Husband, for I view far round, not nigh,
9	483	29	Whose higher intellectual more I shun,
9	484	29	And strength, of courage hautie, and of limb
9	485	29	Heroic built, though of terrestrial mould,
9	486	29	Foe not informidable, exempt from wound,
9	487	29	I not; so much hath Hell debas'd, and paine
9	488	29	Infeebl'd me, to what I was in Heav'n.
9	489	29	Shee fair, divinely fair, fit Love for Gods,
9	490	29	Not terrible, though terrour be in Love
9	491	29	And beautie, not approacht by stronger hate,
9	492	29	Hate stronger, under shew of Love well feign'd,
9	493	29	The way which to her ruin now I tend.
9	494	31	So spake the Enemie of Mankind, enclos'd
9	495	31	In Serpent, Inmate bad, and toward Eve
9	496	31	Address'd his way, not with indented wave,
9	497	31	Prone on the ground, as since, but on his reare,
9	498	31	Circular base of rising foulds, that tour'd
9	499	31	Fould above fould a surging Maze, his Head
9	500	31	Crested aloft, and Carbuncle his Eyes;
9	501	31	With burnisht Neck of verdant Gold, erect
9	502	31	Amidst his circling Spires, that on the grass
9	503	31	Floted redundant: pleasing was his shape,
9	504	31	And lovely, never since of Serpent kind
9	505	31	Lovelier, not those that in Illyria chang'd
9	506	31	Hermione and Cadmus, or the God
9	507	31	In Epidaurus; nor to which transformd
9	508	31	Ammonian Jove, or Capitoline was seen,
9	509	31	Hee with Olympias, this with her who bore
9	510	31	Scipio the highth of Rome. With tract oblique
9	511	31	At first, as one who sought access, but feard
9	512	31	To interrupt, side-long he works his way.
9	513	31	As when a Ship by skilful Stearsman wrought
9	514	31	Nigh Rivers mouth or Foreland, where the Wind
9	515	31	Veres oft, as oft so steers, and shifts her Saile;
9	516	31	So varied hee, and of his tortuous Traine
9	517	31	Curld many a wanton wreath in sight of Eve,
9	518	31	To lure her Eye; shee busied heard the sound
9	519	31	Of rusling Leaves, but minded not, as us'd
9	520	31	To such disport before her through the Field,
9	521	31	From every Beast, more duteous at her call,
9	522	31	Then at Circean call the Herd disguis'd.
9	523	31	Hee boulder now, uncall'd before her stood;
9	524	31	But as in gaze admiring: Oft he bowd
9	525	31	His turret Crest, and sleek enamel'd Neck,
9	526	31	Fawning, and lick'd the ground whereon she trod.
9	527	31	His gentle dumb expression turnd at length
9	528	31	The Eye of Eve to mark his play; he glad
9	529	31	Of her attention gaind, with Serpent Tongue
9	530	31	Organic, or impulse of vocal Air,
9	531	31	His fraudulent temptation thus began.
9	532	33	Wonder not, sovran Mistress, if perhaps
9	533	33	Thou canst, who art sole Wonder, much less arm
9	534	33	Thy looks, the Heav'n of mildness, with disdain,
9	535	33	Displeas'd that I approach thee thus, and gaze
9	536	33	Insatiate, I thus single, nor have feard
9	537	33	Thy awful brow, more awful thus retir'd.
9	538	33	Fairest resemblance of thy Maker faire,
9	539	33	Thee all things living gaze on, all things thine
9	540	33	By gift, and thy Celestial Beautie adore
9	541	33	With ravishment beheld, there best beheld
9	542	33	Where universally admir'd; but here
9	543	33	In this enclosure wild, these Beasts among,
9	544	33	Beholders rude, and shallow to discerne
9	545	33	Half what in thee is fair, one man except,
9	546	33	Who sees thee? (and what is one?) who shouldst be seen
9	547	33	A Goddess among Gods, ador'd and serv'd
9	548	33	By Angels numberless, thy daily Train.
9	549	35	So gloz'd the Tempter, and his Proem tun'd;
9	550	35	Into the Heart of Eve his words made way,
9	551	35	Though at the voice much marveling; at length
9	552	35	Not unamaz'd she thus in answer spake.
9	553	35	What may this mean? Language of Man pronounc't
9	554	35	By Tongue of Brute, and human sense exprest?
9	555	35	The first at lest of these I thought deni'd
9	556	35	To Beasts, whom God on thir Creation-Day
9	557	35	Created mute to all articulat sound;
9	558	35	The latter I demurre, for in thir looks
9	559	35	Much reason, and in thir actions oft appeers.
9	560	35	Thee, Serpent, suttlest beast of all the field
9	561	35	I knew, but not with human voice endu'd;
9	562	35	Redouble then this miracle, and say,
9	563	35	How cam'st thou speakable of mute, and how
9	564	35	To me so friendly grown above the rest
9	565	35	Of brutal kind, that daily are in sight?
9	566	35	Say, for such wonder claims attention due.
9	567	37	To whom the guileful Tempter thus reply'd.
9	568	37	Empress of this fair World, resplendent Eve,
9	569	37	Easie to mee it is to tell thee all
9	570	37	What thou commandst and right thou shouldst be obeyd:
9	571	37	I was at first as other Beasts that graze
9	572	37	The trodden Herb, of abject thoughts and low,
9	573	37	As was my food, nor aught but food discern'd
9	574	37	Or Sex, and apprehended nothing high:
9	575	37	Till on a day roaving the field, I chanc'd
9	576	37	A goodly Tree farr distant to behold
9	577	37	Loaden with fruit of fairest colours mixt,
9	578	37	Ruddie and Gold: I nearer drew to gaze;
9	579	37	When from the boughes a savorie odour blow'n,
9	580	37	Grateful to appetite, more pleas'd my sense,
9	581	37	Then smell of sweetest Fenel or the Teats
9	582	37	Of Ewe or Goat dropping with Milk at Eevn,
9	583	37	Unsuckt of Lamb or Kid, that tend thir play.
9	584	37	To satisfie the sharp desire I had
9	585	37	Of tasting those fair Apples, I resolv'd
9	586	37	Not to deferr; hunger and thirst at once,
9	587	37	Powerful perswaders, quick'nd at the scent
9	588	37	Of that alluring fruit, urg'd me so keene.
9	589	37	About the mossie Trunk I wound me soon,
9	590	37	For high from ground the branches would require
9	591	37	Thy utmost reach or Adams: Round the Tree
9	592	37	All other Beasts that saw, with like desire
9	593	37	Longing and envying stood, but could not reach.
9	594	37	Amid the Tree now got, where plenty hung
9	595	37	Tempting so nigh, to pluck and eat my fill
9	596	37	I spar'd not, for such pleasure till that hour
9	597	37	At Feed or Fountain never had I found.
9	598	37	Sated at length, ere long I might perceave
9	599	37	Strange alteration in me, to degree
9	600	37	Of Reason in my inward Powers, and Speech
9	601	37	Wanted not long, though to this shape retain'd.
9	602	37	Thenceforth to Speculations high or deep
9	603	37	I turnd my thoughts, and with capacious mind
9	604	37	Considerd all things visible in Heav'n,
9	605	37	Or Earth, or Middle, all things fair and good;
9	606	37	But all that fair and good in thy Divine
9	607	37	Semblance, and in thy Beauties heav'nly Ray
9	608	37	United I beheld; no Fair to thine
9	609	37	Equivalent or second, which compel'd
9	610	37	Mee thus, though importune perhaps, to come
9	611	37	And gaze, and worship thee of right declar'd
9	612	37	Sovran of Creatures, universal Dame.
9	613	39	So talk'd the spirited sly Snake; and Eve
9	614	39	Yet more amaz'd unwarie thus reply'd.
9	615	41	Serpent, thy overpraising leaves in doubt
9	616	41	The vertue of that Fruit, in thee first prov'd:
9	617	41	But say, where grows the Tree, from hence how far?
9	618	41	For many are the Trees of God that grow
9	619	41	In Paradise, and various, yet unknown
9	620	41	To us, in such abundance lies our choice,
9	621	41	As leaves a greater store of Fruit untoucht,
9	622	41	Still hanging incorruptible, till men
9	623	41	Grow up to thir provision, and more hands
9	624	41	Help to disburden Nature of her Bearth.
9	625	43	To whom the wilie Adder, blithe and glad.
9	626	43	Empress, the way is readie, and not long,
9	627	43	Beyond a row of Myrtles, on a Flat,
9	628	43	Fast by a Fountain, one small Thicket past
9	629	43	Of blowing Myrrh and Balme; if thou accept
9	630	43	My conduct, I can bring thee thither soon.
9	631	45	Lead then, said Eve. Hee leading swiftly rowld
9	632	45	In tangles, and made intricate seem strait,
9	633	45	To mischief swift. Hope elevates, and joy
9	634	45	Bright'ns his Crest, as when a wandring Fire
9	635	45	Compact of unctuous vapor, which the Night
9	636	45	Condenses, and the cold invirons round,
9	637	45	Kindl'd through agitation to a Flame,
9	638	45	Which oft, they say, some evil Spirit attends
9	639	45	Hovering and blazing with delusive Light,
9	640	45	Misleads th' amaz'd Night-wanderer from his way
9	641	45	To Boggs and Mires, and oft through Pond or Poole,
9	642	45	There swallow'd up and lost, from succour farr.
9	643	45	So glister'd the dire Snake, and into fraud
9	644	45	Led Eve our credulous Mother, to the Tree
9	645	45	Of prohibition, root of all our woe;
9	646	45	Which when she saw, thus to her guide she spake.
9	647	47	Serpent, we might have spar'd our coming hither,
9	648	47	Fruitless to mee, though Fruit be here to excess,
9	649	47	The credit of whose vertue rest with thee,
9	650	47	Wondrous indeed, if cause of such effects.
9	651	47	But of this Tree we may not taste nor touch;
9	652	47	God so commanded, and left that Command
9	653	47	Sole Daughter of his voice; the rest, we live
9	654	47	Law to our selves, our Reason is our Law.
9	655	49	To whom the Tempter guilefully repli'd.
9	656	49	Indeed? hath God then said that of the Fruit
9	657	49	Of all these Garden Trees ye shall not eate,
9	658	49	Yet Lords declar'd of all in Earth or Aire?
9	659	51	To whom thus Eve yet sinless. Of the Fruit
9	660	51	Of each Tree in the Garden we may eate,
9	661	51	But of the Fruit of this fair Tree amidst
9	662	51	The Garden, God hath said, Ye shall not eate
9	663	51	Thereof, nor shall ye touch it, least ye die.
9	664	53	She scarse had said, though brief, when now more bold
9	665	53	The Tempter, but with shew of Zeale and Love
9	666	53	To Man, and indignation at his wrong,
9	667	53	New part puts on, and as to passion mov'd,
9	668	53	Fluctuats disturbd, yet comely and in act
9	669	53	Rais'd, as of som great matter to begin.
9	670	53	As when of old som Orator renound
9	671	53	In Athens or free Rome, where Eloquence
9	672	53	Flourishd, since mute, to som great cause addrest,
9	673	53	Stood in himself collected, while each part,
9	674	53	Motion, each act won audience ere the tongue,
9	675	53	Somtimes in highth began, as no delay
9	676	53	Of Preface brooking through his Zeal of Right.
9	677	53	So standing, moving, or to highth upgrown
9	678	53	The Tempter all impassiond thus began.
9	679	55	O Sacred, Wise, and Wisdom-giving Plant,
9	680	55	Mother of Science, Now I feel thy Power
9	681	55	Within me cleere, not onely to discerne
9	682	55	Things in thir Causes, but to trace the wayes
9	683	55	Of highest Agents, deemd however wise.
9	684	55	Queen of this Universe, doe not believe
9	685	55	Those rigid threats of Death; ye shall not Die:
9	686	55	How should ye? by the Fruit? it gives you Life
9	687	55	To Knowledge, By the Threatner? look on mee,
9	688	55	Mee who have touch'd and tasted, yet both live,
9	689	55	And life more perfet have attaind then Fate
9	690	55	Meant mee, by ventring higher then my Lot.
9	691	55	Shall that be shut to Man, which to the Beast
9	692	55	Is open? or will God incense his ire
9	693	55	For such a petty Trespass, and not praise
9	694	55	Rather your dauntless vertue, whom the pain
9	695	55	Of Death denounc't, whatever thing Death be,
9	696	55	Deterrd not from atchieving what might leade
9	697	55	To happier life, knowledge of Good and Evil;
9	698	55	Of good, how just? of evil, if what is evil
9	699	55	Be real, why not known, since easier shunnd?
9	700	55	God therefore cannot hurt ye, and be just;
9	701	55	Not just, not God; not feard then, nor obeyd:
9	702	55	Your feare it self of Death removes the feare.
9	703	55	Why then was this forbid? Why but to awe,
9	704	55	Why but to keep ye low and ignorant,
9	705	55	His worshippers; he knows that in the day
9	706	55	Ye Eate thereof, your Eyes that seem so cleere,
9	707	55	Yet are but dim, shall perfetly be then
9	708	55	Op'nd and cleerd, and ye shall be as Gods,
9	709	55	Knowing both Good and Evil as they know.
9	710	55	That ye should be as Gods, since I as Man,
9	711	55	Internal Man, is but proportion meet,
9	712	55	I of brute human, yee of human Gods.
9	713	55	So ye shall die perhaps, by putting off
9	714	55	Human, to put on Gods, death to be wisht,
9	715	55	Though threat'nd, which no worse then this can bring.
9	716	55	And what are Gods that Man may not become
9	717	55	As they, participating God-like food?
9	718	55	The Gods are first, and that advantage use
9	719	55	On our belief, that all from them proceeds;
9	720	55	I question it, for this fair Earth I see,
9	721	55	Warm'd by the Sun, producing every kind,
9	722	55	Them nothing: If they all things, who enclos'd
9	723	55	Knowledge of Good and Evil in this Tree,
9	724	55	That whoso eats thereof, forthwith attains
9	725	55	Wisdom without their leave? and wherein lies
9	726	55	Th' offence, that Man should thus attain to know?
9	727	55	What can your knowledge hurt him, or this Tree
9	728	55	Impart against his will if all be his?
9	729	55	Or is it envie, and can envie dwell
9	730	55	In Heav'nly brests? these, these and many more
9	731	55	Causes import your need of this fair Fruit.
9	732	55	Goddess humane, reach then, and freely taste.
9	733	57	He ended, and his words replete with guile
9	734	57	Into her heart too easie entrance won:
9	735	57	Fixt on the Fruit she gaz'd, which to behold
9	736	57	Might tempt alone, and in her ears the sound
9	737	57	Yet rung of his perswasive words, impregn'd
9	738	57	With Reason, to her seeming, and with Truth;
9	739	57	Mean while the hour of Noon drew on, and wak'd
9	740	57	An eager appetite, rais'd by the smell
9	741	57	So savorie of that Fruit, which with desire,
9	742	57	Inclinable now grown to touch or taste,
9	743	57	Sollicited her longing eye; yet first
9	744	57	Pausing a while, thus to her self she mus'd.
9	745	59	Great are thy Vertues, doubtless, best of Fruits.
9	746	59	Though kept from Man, and worthy to be admir'd,
9	747	59	Whose taste, too long forborn, at first assay
9	748	59	Gave elocution to the mute, and taught
9	749	59	The Tongue not made for Speech to speak thy praise:
9	750	59	Thy praise hee also who forbids thy use,
9	751	59	Conceales not from us, naming thee the Tree
9	752	59	Of Knowledge, knowledge both of good and evil;
9	753	59	Forbids us then to taste, but his forbidding
9	754	59	Commends thee more, while it inferrs the good
9	755	59	By thee communicated, and our want:
9	756	59	For good unknown, sure is not had, or had
9	757	59	And yet unknown, is as not had at all.
9	758	59	In plain then, what forbids he but to know,
9	759	59	Forbids us good, forbids us to be wise?
9	760	59	Such prohibitions binde not. But if Death
9	761	59	Bind us with after-bands, what profits then
9	762	59	Our inward freedom? In the day we eate
9	763	59	Of this fair Fruit, our doom is, we shall die.
9	764	59	How dies the Serpent? hee hath eat'n and lives,
9	765	59	And knows, and speaks, and reasons, and discerns,
9	766	59	Irrational till then. For us alone
9	767	59	Was death invented? or to us deni'd
9	768	59	This intellectual food, for beasts reserv'd?
9	769	59	For Beasts it seems: yet that one Beast which first
9	770	59	Hath tasted, envies not, but brings with joy
9	771	59	The good befall'n him, Author unsuspect,
9	772	59	Friendly to man, farr from deceit or guile.
9	773	59	What fear I then, rather what know to feare
9	774	59	Under this ignorance of good and Evil,
9	775	59	Of God or Death, of Law or Penaltie?
9	776	59	Here grows the Cure of all, this Fruit Divine,
9	777	59	Fair to the Eye, inviting to the Taste,
9	778	59	Of vertue to make wise: what hinders then
9	779	59	To reach, and feed at once both Bodie and Mind?
9	780	61	So saying, her rash hand in evil hour
9	781	61	Forth reaching to the Fruit, she pluck'd, she eat:
9	782	61	Earth felt the wound, and Nature from her seat
9	783	61	Sighing through all her Works gave signs of woe,
9	784	61	That all was lost. Back to the Thicket slunk
9	785	61	The guiltie Serpent, and well might, for Eve
9	786	61	Intent now wholly on her taste, naught else
9	787	61	Regarded, such delight till then, as seemd,
9	788	61	In Fruit she never tasted, whether true
9	789	61	Or fansied so, through expectation high
9	790	61	Of knowledg, nor was God-head from her thought.
9	791	61	Greedily she ingorg'd without restraint,
9	792	61	And knew not eating Death: Satiate at length,
9	793	61	And hight'nd as with Wine, jocond and boon,
9	794	61	Thus to her self she pleasingly began.
9	795	63	O Sovran, vertuous, precious of all Trees
9	796	63	In Paradise, of operation blest
9	797	63	To Sapience, hitherto obscur'd, infam'd,
9	798	63	And thy fair Fruit let hang, as to no end
9	799	63	Created; but henceforth my early care,
9	800	63	Not without Song, each Morning, and due praise
9	801	63	Shall tend thee, and the fertil burden ease
9	802	63	Of thy full branches offer'd free to all;
9	803	63	Till dieted by thee I grow mature
9	804	63	In knowledge, as the Gods who all things know;
9	805	63	Though others envie what they cannot give;
9	806	63	For had the gift bin theirs, it had not here
9	807	63	Thus grown. Experience, next to thee I owe,
9	808	63	Best guide; not following thee, I had remaind
9	809	63	In ignorance, thou op'nst Wisdoms way,
9	810	63	And giv'st access, though secret she retire.
9	811	63	And I perhaps am secret; Heav'n is high,
9	812	63	High and remote to see from thence distinct
9	813	63	Each thing on Earth; and other care perhaps
9	814	63	May have diverted from continual watch
9	815	63	Our great Forbidder, safe with all his Spies
9	816	63	About him. But to Adam in what sort
9	817	63	Shall I appeer? shall I to him make known
9	818	63	As yet my change, and give him to partake
9	819	63	Full happiness with mee, or rather not,
9	820	63	But keep the odds of Knowledge in my power
9	821	63	Without Copartner? so to add what wants
9	822	63	In Femal Sex, the more to draw his Love,
9	823	63	And render me more equal, and perhaps,
9	824	63	A thing not undesireable, somtime
9	825	63	Superior: for inferior who is free?
9	826	63	This may be well: but what if God have seen
9	827	63	And Death ensue? then I shall be no more,
9	828	63	And Adam wedded to another Eve,
9	829	63	Shall live with her enjoying, I extinct;
9	830	63	A death to think. Confirm'd then I resolve,
9	831	63	Adam shall share with me in bliss or woe:
9	832	63	So dear I love him, that with him all deaths
9	833	63	I could endure, without him live no life.
9	834	65	So saying, from the Tree her step she turnd,
9	835	65	But first low Reverence don, as to the power
9	836	65	That dwelt within, whose presence had infus'd
9	837	65	Into the plant sciential sap, deriv'd
9	838	65	From Nectar, drink of Gods. Adam the while
9	839	65	Waiting desirous her return, had wove
9	840	65	Of choicest Flours a Garland to adorne
9	841	65	Her Tresses, and her rural labours crown,
9	842	65	As Reapers oft are wont thir Harvest Queen.
9	843	65	Great joy he promis'd to his thoughts, and new
9	844	65	Solace in her return, so long delay'd;
9	845	65	Yet oft his heart, divine of somthing ill,
9	846	65	Misgave him; hee the faultring measure felt;
9	847	65	And forth to meet her went, the way she took
9	848	65	That Morn when first they parted; by the Tree
9	849	65	Of Knowledge he must pass, there he her met,
9	850	65	Scarse from the Tree returning; in her hand
9	851	65	A bough of fairest fruit that downie smil'd,
9	852	65	New gatherd, and ambrosial smell diffus'd.
9	853	65	To him she hasted, in her face excuse
9	854	65	Came Prologue, and Apologie to prompt,
9	855	65	Which with bland words at will she thus addrest.
9	856	67	Hast thou not wonderd, Adam, at my stay?
9	857	67	Thee I have misst, and thought it long, depriv'd
9	858	67	Thy presence, agonie of love till now
9	859	67	Not felt, nor shall be twice, for never more
9	860	67	Mean I to trie, what rash untri'd I sought,
9	861	67	The pain of absence from thy sight. But strange
9	862	67	Hath bin the cause, and wonderful to heare:
9	863	67	This Tree is not as we are told, a Tree
9	864	67	Of danger tasted, nor to evil unknown
9	865	67	Op'ning the way, but of Divine effect
9	866	67	To open Eyes, and make them Gods who taste;
9	867	67	And hath bin tasted such: the Serpent wise,
9	868	67	Or not restraind as wee, or not obeying,
9	869	67	Hath eat'n of the fruit, and is become,
9	870	67	Not dead, as we are threatn'd, but thenceforth
9	871	67	Endu'd with human voice and human sense,
9	872	67	Reasoning to admiration, and with mee
9	873	67	Perswasively hath so prevaild, that I
9	874	67	Have also tasted, and have also found
9	875	67	Th' effects to correspond, opener mine Eyes
9	876	67	Dimm erst, dilated Spirits, ampler Heart,
9	877	67	And growing up to Godhead; which for thee
9	878	67	Chiefly I sought, without thee can despise.
9	879	67	For bliss, as thou hast part, to me is bliss,
9	880	67	Tedious, unshar'd with thee, and odious soon.
9	881	67	Thou therefore also taste, that equal Lot
9	882	67	May joyne us, equal Joy, as equal Love;
9	883	67	Least thou not tasting, different degree
9	884	67	Disjoyne us, and I then too late renounce
9	885	67	Deitie for thee, when Fate will not permit.
9	886	69	Thus Eve with Countnance blithe her storie told;
9	887	69	But in her Cheek distemper flushing glowd.
9	888	69	On th' other side, Adam, soon as he heard
9	889	69	The fatal Trespass don by Eve, amaz'd,
9	890	69	Astonied stood and Blank, while horror chill
9	891	69	Ran through his veins, and all his joynts relax'd;
9	892	69	From his slack hand the Garland wreath'd for Eve
9	893	69	Down drop'd, and all the faded Roses shed:
9	894	69	Speechless he stood and pale, till thus at length
9	895	69	First to himself he inward silence broke.
9	896	71	O fairest of Creation, last and best
9	897	71	Of all Gods works, Creature in whom excell'd
9	898	71	Whatever can to sight or thought be formd,
9	899	71	Holy, divine, good, amiable, or sweet!
9	900	71	How art thou lost, how on a sudden lost,
9	901	71	Defac't, deflourd, and now to Death devote?
9	902	71	Rather how hast thou yeelded to transgress
9	903	71	The strict forbiddance, how to violate
9	904	71	The sacred Fruit forbidd'n! som cursed fraud
9	905	71	Of Enemie hath beguil'd thee, yet unknown,
9	906	71	And mee with thee hath ruind, for with thee
9	907	71	Certain my resolution is to Die;
9	908	71	How can I live without thee, how forgoe
9	909	71	Thy sweet Converse and Love so dearly joyn'd,
9	910	71	To live again in these wilde Woods forlorn?
9	911	71	Should God create another Eve, and I
9	912	71	Another Rib afford, yet loss of thee
9	913	71	Would never from my heart; no no, I feel
9	914	71	The Link of Nature draw me: Flesh of Flesh,
9	915	71	Bone of my Bone thou art, and from thy State
9	916	71	Mine never shall be parted, bliss or woe.
9	917	73	So having said, as one from sad dismay
9	918	73	Recomforted, and after thoughts disturbd
9	919	73	Submitting to what seemd remediless,
9	920	73	Thus in calm mood his Words to Eve he turnd.
9	921	75	Bold deed thou hast presum'd, adventrous Eve
9	922	75	And peril great provok't, who thus hath dar'd
9	923	75	Had it been onely coveting to Eye
9	924	75	That sacred Fruit, sacred to abstinence,
9	925	75	Much more to taste it under banne to touch.
9	926	75	But past who can recall, or don undoe?
9	927	75	Not God Omnipotent, nor Fate, yet so
9	928	75	Perhaps thou shalt not Die, perhaps the Fact
9	929	75	Is not so hainous now, foretasted Fruit,
9	930	75	Profan'd first by the Serpent, by him first
9	931	75	Made common and unhallowd ere our taste;
9	932	75	Nor yet on him found deadly, he yet lives,
9	933	75	Lives, as thou saidst, and gaines to live as Man
9	934	75	Higher degree of Life, inducement strong
9	935	75	To us, as likely tasting to attaine
9	936	75	Proportional ascent, which cannot be
9	937	75	But to be Gods, or Angels Demi-gods.
9	938	75	Nor can I think that God, Creator wise,
9	939	75	Though threatning, will in earnest so destroy
9	940	75	Us his prime Creatures, dignifi'd so high,
9	941	75	Set over all his Works, which in our Fall,
9	942	75	For us created, needs with us must faile,
9	943	75	Dependent made; so God shall uncreate,
9	944	75	Be frustrate, do, undo, and labour loose,
9	945	75	Not well conceav'd of God, who though his Power
9	946	75	Creation could repeate, yet would be loath
9	947	75	Us to abolish, least the Adversary
9	948	75	Triumph and say; Fickle their State whom God
9	949	75	Most Favors, who can please him long; Mee first
9	950	75	He ruind, now Mankind; whom will he next?
9	951	75	Matter of scorne, not to be given the Foe,
9	952	75	However I with thee have fixt my Lot,
9	953	75	Certain to undergoe like doom, if Death
9	954	75	Consort with thee, Death is to mee as Life;
9	955	75	So forcible within my heart I feel
9	956	75	The Bond of Nature draw me to my owne,
9	957	75	My own in thee, for what thou art is mine;
9	958	75	Our State cannot be severd, we are one,
9	959	75	One Flesh; to loose thee were to loose my self.
9	960	77	So Adam, and thus Eve to him repli'd.
9	961	77	O glorious trial of exceeding Love,
9	962	77	Illustrious evidence, example high!
9	963	77	Ingaging me to emulate, but short
9	964	77	Of thy perfection, how shall I attaine,
9	965	77	Adam, from whose deare side I boast me sprung,
9	966	77	And gladly of our Union heare thee speak,
9	967	77	One Heart, one Soul in both; whereof good prooff
9	968	77	This day affords, declaring thee resolvd,
9	969	77	Rather then Death or aught then Death more dread
9	970	77	Shall separate us, linkt in Love so deare,
9	971	77	To undergoe with mee one Guilt, one Crime,
9	972	77	If any be, of tasting this fair Fruit,
9	973	77	Whose vertue, for of good still good proceeds,
9	974	77	Direct, or by occasion hath presented
9	975	77	This happie trial of thy Love, which else
9	976	77	So eminently never had bin known.
9	977	77	Were it I thought Death menac't would ensue
9	978	77	This my attempt, I would sustain alone
9	979	77	The worst, and not perswade thee, rather die
9	980	77	Deserted, then oblige thee with a fact
9	981	77	Pernicious to thy Peace, chiefly assur'd
9	982	77	Remarkably so late of thy so true,
9	983	77	So faithful Love unequald; but I feel
9	984	77	Farr otherwise th' event, not Death, but Life
9	985	77	Augmented, op'nd Eyes, new Hopes, new Joyes,
9	986	77	Taste so Divine, that what of sweet before
9	987	77	Hath toucht my sense, flat seems to this, and harsh.
9	988	77	On my experience, Adam, freely taste,
9	989	77	And fear of Death deliver to the Windes.
9	990	79	So saying, she embrac'd him, and for joy
9	991	79	Tenderly wept, much won that he his Love
9	992	79	Had so enobl'd, as of choice to incurr
9	993	79	Divine displeasure for her sake, or Death.
9	994	79	In recompence (for such compliance bad
9	995	79	Such recompence best merits) from the bough
9	996	79	She gave him of that fair enticing Fruit
9	997	79	With liberal hand: he scrupl'd not to eat
9	998	79	Against his better knowledge, not deceav'd,
9	999	79	But fondly overcome with Femal charm.
9	1000	79	Earth trembl'd from her entrails, as again
9	1001	79	In pangs, and Nature gave a second groan,
9	1002	79	Skie lowr'd, and muttering Thunder, som sad drops
9	1003	79	Wept at compleating of the mortal Sin
9	1004	79	Original; while Adam took no thought,
9	1005	79	Eating his fill, nor Eve to iterate
9	1006	79	Her former trespass fear'd, the more to soothe
9	1007	79	Him with her lov'd societie, that now
9	1008	79	As with new Wine intoxicated both
9	1009	79	They swim in mirth, and fansie that they feel
9	1010	79	Divinitie within them breeding wings
9	1011	79	Wherewith to scorne the Earth: but that false Fruit
9	1012	79	Farr other operation first displaid,
9	1013	79	Carnal desire enflaming, hee on Eve
9	1014	79	Began to cast lascivious Eyes, she him
9	1015	79	As wantonly repaid; in Lust they burne:
9	1016	79	Till Adam thus 'gan Eve to dalliance move,
9	1017	81	Eve, now I see thou art exact of taste,
9	1018	81	And elegant, of Sapience no small part,
9	1019	81	Since to each meaning savour we apply,
9	1020	81	And Palate call judicious; I the praise
9	1021	81	Yeild thee, so well this day thou hast purvey'd.
9	1022	81	Much pleasure we have lost, while we abstain'd
9	1023	81	From this delightful Fruit, nor known till now
9	1024	81	True relish, tasting; if such pleasure be
9	1025	81	In things to us forbidden, it might be wish'd,
9	1026	81	For this one Tree had bin forbidden ten.
9	1027	81	But come, so well refresh't, now let us play,
9	1028	81	As meet is, after such delicious Fare;
9	1029	81	For never did thy Beautie since the day
9	1030	81	I saw thee first and wedded thee, adorn'd
9	1031	81	With all perfections, so enflame my sense
9	1032	81	With ardor to enjoy thee, fairer now
9	1033	81	Then ever, bountie of this vertuous Tree.
9	1034	83	So said he, and forbore not glance or toy
9	1035	83	Of amorous intent, well understood
9	1036	83	Of Eve, whose Eye darted contagious Fire.
9	1037	83	Her hand he seis'd, and to a shadie bank,
9	1038	83	Thick overhead with verdant roof imbowr'd
9	1039	83	He led her nothing loath; Flours were the Couch,
9	1040	83	Pansies, and Violets, and Asphodel,
9	1041	83	And Hyacinth, Earths freshest softest lap.
9	1042	83	There they thir fill of Love and Loves disport
9	1043	83	Took largely, of thir mutual guilt the Seale,
9	1044	83	The solace of thir sin, till dewie sleep
9	1045	83	Oppress'd them, wearied with thir amorous play.
9	1046	83	Soon as the force of that fallacious Fruit,
9	1047	83	That with exhilerating vapour bland
9	1048	83	About thir spirits had plaid, and inmost powers
9	1049	83	Made erre, was now exhal'd, and grosser sleep
9	1050	83	Bred of unkindly fumes, with conscious dreams
9	1051	83	Encumberd, now had left them, up they rose
9	1052	83	As from unrest, and each the other viewing,
9	1053	83	Soon found thir Eyes how op'nd, and thir minds
9	1054	83	How dark'nd; innocence, that as a veile
9	1055	83	Had shadow'd them from knowing ill, was gon,
9	1056	83	Just confidence, and native righteousness
9	1057	83	And honour from about them, naked left
9	1058	83	To guiltie shame hee cover'd, but his Robe
9	1059	83	Uncover'd more, so rose the Danite strong
9	1060	83	Herculean Samson from the Harlot-lap
9	1061	83	Of Philistean Dalilah, and wak'd
9	1062	83	Shorn of his strength, They destitute and bare
9	1063	83	Of all thir vertue: silent, and in face
9	1064	83	Confounded long they sate, as struck'n mute,
9	1065	83	Till Adam, though not less then Eve abasht,
9	1066	83	At length gave utterance to these words constraind.
9	1067	85	O Eve, in evil hour thou didst give eare
9	1068	85	To that false Worm, of whomsoever taught
9	1069	85	To counterfet Mans voice, true in our Fall,
9	1070	85	False in our promis'd Rising; since our Eyes
9	1071	85	Op'nd we find indeed, and find we know
9	1072	85	Both Good and Evil, Good lost, and Evil got,
9	1073	85	Bad Fruit of Knowledge, if this be to know,
9	1074	85	Which leaves us naked thus, of Honour void,
9	1075	85	Of Innocence, of Faith, of Puritie,
9	1076	85	Our wonted Ornaments now soild and staind,
9	1077	85	And in our Faces evident the signes
9	1078	85	Of foul concupiscence; whence evil store;
9	1079	85	Even shame, the last of evils; of the first
9	1080	85	Be sure then. How shall I behold the face
9	1081	85	Henceforth of God or Angel, earst with joy
9	1082	85	And rapture so oft beheld? those heav'nly shapes
9	1083	85	Will dazle now this earthly, with thir blaze
9	1084	85	Insufferably bright. O might I here
9	1085	85	In solitude live savage, in some glade
9	1086	85	Obscur'd, where highest Woods impenetrable
9	1087	85	To Starr or Sun-light, spread thir umbrage broad,
9	1088	85	And brown as Evening: Cover me ye Pines,
9	1089	85	Ye Cedars, with innumerable boughs
9	1090	85	Hide me, where I may never see them more.
9	1091	85	But let us now, as in bad plight, devise
9	1092	85	What best may for the present serve to hide
9	1093	85	The Parts of each from other, that seem most
9	1094	85	To shame obnoxious, and unseemliest seen,
9	1095	85	Some Tree whose broad smooth Leaves together sowd,
9	1096	85	And girded on our loyns, may cover round
9	1097	85	Those middle parts, that this new commer, Shame,
9	1098	85	There sit not, and reproach us as unclean.
9	1099	87	So counsel'd hee, and both together went
9	1100	87	Into the thickest Wood, there soon they chose
9	1101	87	The Figtree, not that kind for Fruit renown'd,
9	1102	87	But such as at this day to Indians known
9	1103	87	In Malabar or Decan spreds her Armes
9	1104	87	Braunching so broad and long, that in the ground
9	1105	87	The bended Twigs take root, and Daughters grow
9	1106	87	About the Mother Tree, a Pillard shade
9	1107	87	High overarch't, and echoing Walks between;
9	1108	87	There oft the Indian Herdsman shunning heate
9	1109	87	Shelters in coole, and tends his pasturing Herds
9	1110	87	At Loopholes cut through thickest shade: Those Leaves
9	1111	87	They gatherd, broad as Amazonian Targe,
9	1112	87	And with what skill they had, together sowd,
9	1113	87	To gird thir waste, vain Covering if to hide
9	1114	87	Thir guilt and dreaded shame; O how unlike
9	1115	87	To that first naked Glorie. Such of late
9	1116	87	Columbus found th' American so girt
9	1117	87	With featherd Cincture, naked else and wilde
9	1118	87	Among the Trees on Iles and woodie Shores.
9	1119	87	Thus fenc't, and as they thought, thir shame in part
9	1120	87	Coverd, but not at rest or ease of Mind,
9	1121	87	They sate them down to weep, nor onely Teares
9	1122	87	Raind at thir Eyes, but high Winds worse within
9	1123	87	Began to rise, high Passions, Anger, Hate,
9	1124	87	Mistrust, Suspicion, Discord, and shook sore
9	1125	87	Thir inward State of Mind, calm Region once
9	1126	87	And full of Peace, now tost and turbulent:
9	1127	87	For Understanding rul'd not, and the Will
9	1128	87	Heard not her lore, both in subjection now
9	1129	87	To sensual Appetite, who from beneathe
9	1130	87	Usurping over sovran Reason claimd
9	1131	87	Superior sway: From thus distemperd brest,
9	1132	87	Adam, estrang'd in look and alterd stile,
9	1133	87	Speech intermitted thus to Eve renewd.
9	1134	89	Would thou hadst heark'nd to my words, and stai'd
9	1135	89	With me, as I besought thee, when that strange
9	1136	89	Desire of wandring this unhappie Morn,
9	1137	89	I know not whence possessd thee; we had then
9	1138	89	Remaind still happie, not as now, despoild
9	1139	89	Of all our good, sham'd, naked, miserable.
9	1140	89	Let none henceforth seek needless cause to approve
9	1141	89	The Faith they owe; when earnestly they seek
9	1142	89	Such proof, conclude, they then begin to faile.
9	1143	91	To whom soon mov'd with touch of blame thus Eve.
9	1144	91	What words have past thy Lips, Adam severe,
9	1145	91	Imput'st thou that to my default, or will
9	1146	91	Of wandring, as thou call'st it, which who knows
9	1147	91	But might as ill have happ'nd thou being by,
9	1148	91	Or to thy self perhaps: hadst thou been there,
9	1149	91	Or here th' attempt, thou couldst not have discernd
9	1150	91	Fraud in the Serpent, speaking as he spake;
9	1151	91	No ground of enmitie between us known,
9	1152	91	Why hee should mean me ill, or seek to harme.
9	1153	91	Was I to have never parted from thy side?
9	1154	91	As good have grown there still a liveless Rib.
9	1155	91	Being as I am, why didst not thou the Head
9	1156	91	Command me absolutely not to go,
9	1157	91	Going into such danger as thou saidst?
9	1158	91	Too facil then thou didst not much gainsay,
9	1159	91	Nay, didst permit, approve, and fair dismiss.
9	1160	91	Hadst thou bin firm and fixt in thy dissent,
9	1161	91	Neither had I transgress'd, nor thou with mee.
9	1162	93	To whom then first incenst Adam repli'd,
9	1163	93	Is this the Love, is this the recompence
9	1164	93	Of mine to thee, ingrateful Eve, exprest
9	1165	93	Immutable when thou wert lost, not I,
9	1166	93	Who might have liv'd and joyd immortal bliss,
9	1167	93	Yet willingly chose rather Death with thee:
9	1168	93	And am I now upbraided, as the cause
9	1169	93	Of thy transgressing? not enough severe,
9	1170	93	It seems, in thy restraint: what could I more?
9	1171	93	I warn'd thee, I admonish'd thee, foretold
9	1172	93	The danger, and the lurking Enemie
9	1173	93	That lay in wait; beyond this had bin force,
9	1174	93	And force upon free Will hath here no place.
9	1175	93	But confidence then bore thee on, secure
9	1176	93	Either to meet no danger, or to finde
9	1177	93	Matter of glorious trial; and perhaps
9	1178	93	I also  err'd in overmuch admiring
9	1179	93	What seemd in thee so perfet, that I thought
9	1180	93	No evil durst attempt thee, but I rue
9	1181	93	That errour now, which is become my crime,
9	1182	93	And thou th' accuser. Thus it shall befall
9	1183	93	Him who to worth in Women overtrusting
9	1184	93	Lets her Will rule; restraint she will not brook,
9	1185	93	And left to her self, if evil thence ensue,
9	1186	93	Shee first his weak indulgence will accuse.
9	1187	95	Thus they in mutual accusation spent
9	1188	95	The fruitless hours, but neither self-condemning,
9	1189	95	And of thir vain contest appeer'd no end.
10	1	1	MEanwhile the hainous and despightfull act
10	2	1	Of Satan done in Paradise, and how
10	3	1	Hee in the Serpent, had perverted Eve,
10	4	1	Her Husband shee, to taste the fatall fruit,
10	5	1	Was known in Heav'n; for what can scape the Eye
10	6	1	Of God All-seeing, or deceave his Heart
10	7	1	Omniscient, who in all things wise and just,
10	8	1	Hinder'd not Satan to attempt the minde
10	9	1	Of Man, with strength entire, and free will arm'd,
10	10	1	Complete to have discover'd and repulst
10	11	1	Whatever wiles of Foe or seeming Friend.
10	12	1	For still they knew, and ought to have still remember'd
10	13	1	The high Injunction not to taste that Fruit,
10	14	1	Whoever tempted; which they not obeying,
10	15	1	Incurr'd, what could they less, the penaltie,
10	16	1	And manifold in sin, deserv'd to fall.
10	17	1	Up into Heav'n from Paradise in haste
10	18	1	Th' Angelic Guards ascended, mute and sad
10	19	1	For Man, for of his state by this they knew,
10	20	1	Much wondring how the suttle Fiend had stoln
10	21	1	Entrance unseen. Soon as th' unwelcome news
10	22	1	From Earth arriv'd at Heaven Gate, displeas'd
10	23	1	All were who heard, dim sadness did not spare
10	24	1	That time Celestial visages, yet mixt
10	25	1	With pitie, violated not thir bliss.
10	26	1	About the new-arriv'd, in multitudes
10	27	1	Th' ethereal People ran, to hear and know
10	28	1	How all befell: they towards the Throne Supream
10	29	1	Accountable made haste to make appear
10	30	1	With righteous plea, thir utmost vigilance,
10	31	1	And easily approv'd; when the most High
10	32	1	Eternal Father from his secret Cloud,
10	33	1	Amidst in Thunder utter'd thus his voice.
10	34	3	Assembl'd Angels, and ye Powers return'd
10	35	3	From unsuccessful charge, be not dismaid,
10	36	3	Nor troubl'd at these tidings from the Earth,
10	37	3	Which your sincerest care could not prevent,
10	38	3	Foretold so lately what would come to pass,
10	39	3	When first this Tempter cross'd the Gulf from Hell.
10	40	3	I told ye then he should prevail and speed
10	41	3	On his bad Errand, Man should be seduc't
10	42	3	And flatter'd out of all, believing lies
10	43	3	Against his Maker; no Decree of mine
10	44	3	Concurring to necessitate his Fall,
10	45	3	Or touch with lightest moment of impulse
10	46	3	His free Will, to her own inclining left
10	47	3	In eevn scale. But fall'n he is, and now
10	48	3	What rests but that the mortal Sentence pass
10	49	3	On his transgression Death denounc't that day,
10	50	3	Which he presumes already vain and void,
10	51	3	Because not yet inflicted, as he fear'd,
10	52	3	By some immediate stroak; but soon shall find
10	53	3	Forbearance no acquittance ere day end.
10	54	3	Justice shall not return as bountie scorn'd.
10	55	3	But whom send I to judge them? whom but thee
10	56	3	Vicegerent Son, to thee I have transferr'd
10	57	3	All Judgement whether in Heav'n, or Earth, or Hell.
10	58	3	Easie it might be seen that I intend
10	59	3	Mercie collegue with Justice, sending thee
10	60	3	Mans Friend his Mediator, his design'd
10	61	3	Both Ransom and Redeemer voluntarie,
10	62	3	And destin'd Man himself to judge Man fall'n.
10	63	5	So spake the Father, and unfoulding bright
10	64	5	Toward the right hand his Glorie, on the Son
10	65	5	Blaz'd forth unclouded Deitie; he full
10	66	5	Resplendent all his Father manifest
10	67	5	Express'd, and thus divinely answer'd milde.
10	68	7	Father Eternal, thine is to decree,
10	69	7	Mine both in Heav'n and Earth to do thy will
10	70	7	Supream, that thou in mee thy Son belov'd
10	71	7	Mayst ever rest well pleas'd. I go to judge
10	72	7	On Earth these thy transgressors, but thou knowst,
10	73	7	Whoever judg'd, the worst on mee must light,
10	74	7	When time shall be, for so I undertook
10	75	7	Before thee; and not repenting, this obtaine
10	76	7	Of right, that I may mitigate thir doom
10	77	7	On me deriv'd, yet I shall temper so
10	78	7	Justice with Mercie, as may illustrate most
10	79	7	Them fully satisfied, and thee appease.
10	80	7	Attendance none shall need, nor Train, where none
10	81	7	Are to behold the Judgement, but the judg'd,
10	82	7	Those two; the third best absent is condemn'd,
10	83	7	Convict by flight, and Rebel to all Law
10	84	7	Conviction to the Serpent none belongs.
10	85	9	Thus saying, from his radiant Seat he rose
10	86	9	Of high collateral glorie: him Thrones and Powers,
10	87	9	Princedoms, and Dominations ministrant
10	88	9	Accompanied to Heaven Gate, from whence
10	89	9	Eden and all the Coast in prospect lay.
10	90	9	Down he descended strait; the speed of Gods
10	91	9	Time counts not, though with swiftest minutes wing'd.
10	92	9	Now was the Sun in Western cadence low
10	93	9	From Noon, and gentle Aires due at thir hour
10	94	9	To fan the Earth now wak'd, and usher in
10	95	9	The Eevning coole, when he from wrauth more coole
10	96	9	Came the mild Judge and Intercessor both
10	97	9	To sentence Man: the voice of God they heard
10	98	9	Now walking in the Garden, by soft windes
10	99	9	Brought to thir Ears, while day declin'd, they heard,
10	100	9	And from his presence hid themselves among
10	101	9	The thickest Trees, both Man and Wife, till God
10	102	9	Approaching, thus to Adam call'd aloud.
10	103	11	Where art thou Adam, wont with joy to meet
10	104	11	My coming seen far off? I miss thee here,
10	105	11	Not pleas'd, thus entertaind with solitude,
10	106	11	Where obvious dutie erewhile appear'd unsaught:
10	107	11	Or come I less conspicuous, or what change
10	108	11	Absents thee, or what chance detains? Come forth.
10	109	11	He came, and with him Eve, more loth, though first
10	110	11	To offend, discount'nanc't both, and discompos'd;
10	111	11	Love was not in thir looks, either to God
10	112	11	Or to each other, but apparent guilt,
10	113	11	And shame, and perturbation, and despaire,
10	114	11	Anger, and obstinacie, and hate, and guile.
10	115	11	Whence Adam faultring long, thus answer'd brief.
10	116	13	I heard thee in the Garden, and of thy voice
10	117	13	Affraid, being naked, hid my self. To whom
10	118	13	The gracious Judge without revile repli'd.
10	119	15	My voice thou oft hast heard, and hast not fear'd,
10	120	15	But still rejoyc't, how is it now become
10	121	15	So dreadful to thee? that thou art naked, who
10	122	15	Hath told thee? hast thou eaten of the Tree
10	123	15	Whereof I gave thee charge thou shouldst not eat?
10	124	17	To whom thus Adam sore beset repli'd.
10	125	17	O Heav'n! in evil strait this day I stand
10	126	17	Before my Judge, either to undergoe
10	127	17	My self the total Crime, or to accuse
10	128	17	My other self, the partner of my life;
10	129	17	Whose failing, while her Faith to me remaines,
10	130	17	I should conceal, and not expose to blame
10	131	17	By my complaint; but strict necessitie
10	132	17	Subdues me, and calamitous constraint
10	133	17	Least on my head both sin and punishment,
10	134	17	However insupportable, be all
10	135	17	Devolv'd; though should I hold my peace, yet thou
10	136	17	Wouldst easily detect what I conceale.
10	137	17	This Woman whom thou mad'st to be my help,
10	138	17	And gav'st me as thy perfet gift, so good,
10	139	17	So fit, so acceptable, so Divine,
10	140	17	That from her hand I could suspect no ill,
10	141	17	And what she did, whatever in it self,
10	142	17	Her doing seem'd to justifie the deed;
10	143	17	Shee gave me of the Tree, and I did eate.
10	144	19	To whom the sovran Presence thus repli'd.
10	145	19	Was shee thy God, that her thou didst obey
10	146	19	Before his voice, or was shee made thy guide,
10	147	19	Superior, or but equal, that to her
10	148	19	Thou did'st resigne thy Manhood, and the Place
10	149	19	Wherein God set thee above her made of thee,
10	150	19	And for thee, whose perfection farr excell'd
10	151	19	Hers in all real dignitie: Adornd
10	152	19	She was indeed, and lovely to attract
10	153	19	Thy Love, not thy Subjection, and her Gifts
10	154	19	Were such as under Government well seem'd,
10	155	19	Unseemly to beare rule, which was thy part
10	156	19	And person, hadst thou known thy self aright.
10	157	21	So having said, he thus to Eve in few:
10	158	21	Say Woman, what is this which thou hast done?
10	159	23	To whom sad Eve with shame nigh overwhelm'd,
10	160	23	Confessing soon, yet not before her Judge
10	161	23	Bold or loquacious, thus abasht repli'd.
10	162	25	The Serpent me beguil'd and I did eate.
10	163	27	Which when the Lord God heard, without delay
10	164	27	To Judgement he proceeded on th' accus'd
10	165	27	Serpent though brute, unable to transferre
10	166	27	The Guilt on him who made him instrument
10	167	27	Of mischief, and polluted from the end
10	168	27	Of his Creation; justly then accurst,
10	169	27	As vitiated in Nature: more to know
10	170	27	Concern'd not Man (since he no further knew)
10	171	27	Nor alter'd his offence; yet God at last
10	172	27	To Satan first in sin his doom apply'd
10	173	27	Though in mysterious terms, judg'd as then best:
10	174	27	And on the Serpent thus his curse let fall.
10	175	29	Because thou hast done this, thou art accurst
10	176	29	Above all Cattle, each Beast of the Field;
10	177	29	Upon thy Belly groveling thou shalt goe,
10	178	29	And dust shalt eat all the dayes of thy Life.
10	179	29	Between Thee and the Woman I will put
10	180	29	Enmitie, and between thine and her Seed;
10	181	29	Her Seed shall bruise thy head, thou bruise his heel.
10	182	31	So spake this Oracle, then verifi'd
10	183	31	When Jesus son of Mary second Eve,
10	184	31	Saw Satan fall like Lightning down from Heav'n,
10	185	31	Prince of the Aire; then rising from his Grave
10	186	31	Spoild Principalities and Powers, triumpht
10	187	31	In open shew, and with ascention bright
10	188	31	Captivity led captive through the Aire,
10	189	31	The Realm it self of Satan long usurpt,
10	190	31	Whom he shall tread at last under our feet;
10	191	31	Eevn hee who now foretold his fatal bruise,
10	192	31	And to the Woman thus his Sentence turn'd.
10	193	33	Thy sorrow I will greatly multiplie
10	194	33	By thy Conception; Children thou shalt bring
10	195	33	In sorrow forth, and to thy Husbands will
10	196	33	Thine shall submit, hee over thee shall rule.
10	197	35	On Adam last thus judgement he pronounc'd.
10	198	35	Because thou hast heark'nd to the voice of thy Wife,
10	199	35	And eaten of the Tree concerning which
10	200	35	I charg'd thee, saying: Thou shalt not eate thereof,
10	201	35	Curs'd is the ground for thy sake, thou in sorrow
10	202	35	Shalt eate thereof all the days of thy Life;
10	203	35	Thorns also and Thistles it shall bring thee forth
10	204	35	Unbid, and thou shalt eate th' Herb of th' Field,
10	205	35	In the sweat of thy Face shalt thou eat Bread,
10	206	35	Till thou return unto the ground, for thou
10	207	35	Out of the ground wast taken, know thy Birth,
10	208	35	For dust thou art, and shalt to dust returne.
10	209	37	So judg'd he Man, both Judge and Saviour sent,
10	210	37	And th' instant stroke of Death denounc't that day
10	211	37	Remov'd farr off; then pittying how they stood
10	212	37	Before him naked to the aire, that now
10	213	37	Must suffer change, disdain'd not to begin
10	214	37	Thenceforth the form of servant to assume,
10	215	37	As when he wash'd his servants feet so now
10	216	37	As Father of his Familie he clad
10	217	37	Thir nakedness with Skins of Beasts, or slain,
10	218	37	Or as the Snake with youthful Coate repaid;
10	219	37	And thought not much to cloath his Enemies:
10	220	37	Nor hee thir outward onely with the Skins
10	221	37	Of Beasts, but inward nakedness, much more
10	222	37	Opprobrious, with his Robe of righteousness,
10	223	37	Araying cover'd from his Fathers sight.
10	224	37	To him with swift ascent he up returnd,
10	225	37	Into his blissful bosom reassum'd
10	226	37	In glory as of old, to him appeas'd
10	227	37	All, though all-knowing, what had past with Man
10	228	37	Recounted, mixing intercession sweet.
10	229	37	Meanwhile ere thus was sin'd and judg'd on Earth,
10	230	37	Within the Gates of Hell sate Sin and Death,
10	231	37	In counterview within the Gates, that now
10	232	37	Stood open wide, belching outrageous flame
10	233	37	Farr into Chaos, since the Fiend pass'd through,
10	234	37	Sin opening, who thus now to Death began.
10	235	39	O Son, why sit we here each other viewing
10	236	39	Idlely, while Satan our great Author thrives
10	237	39	In other Worlds, and happier Seat provides
10	238	39	For us his ofspring deare? It cannot be
10	239	39	But that success attends him; if mishap,
10	240	39	Ere this he had return'd, with fury driv'n
10	241	39	By his Avengers, since no place like this
10	242	39	Can fit his punishment, or their revenge.
10	243	39	Methinks I feel new strength within me rise,
10	244	39	Wings growing, and Dominion giv'n me large
10	245	39	Beyond this Deep; whatever drawes me on,
10	246	39	Or sympathie, or som connatural force
10	247	39	Powerful at greatest distance to unite
10	248	39	With secret amity things of like kinde
10	249	39	By secretest conveyance. Thou my Shade
10	250	39	Inseparable must with mee along:
10	251	39	For Death from Sin no power can separate.
10	252	39	But least the difficultie of passing back
10	253	39	Stay his return perhaps over this Gulfe
10	254	39	Impassable, Impervious, let us try
10	255	39	Adventrous work, yet to thy power and mine
10	256	39	Not unagreeable, to found a path
10	257	39	Over this Maine from Hell to that new World
10	258	39	Where Satan now prevailes, a Monument
10	259	39	Of merit high to all th' infernal Host,
10	260	39	Easing thir passage hence, for intercourse,
10	261	39	Or transmigration, as thir lot shall lead.
10	262	39	Nor can I miss the way, so strongly drawn
10	263	39	By this new felt attraction and instinct.
10	264	41	Whom thus the meager Shadow answerd soon.
10	265	41	Goe whither Fate and inclination strong
10	266	41	Leads thee, I shall not lag behinde, nor erre
10	267	41	The way, thou leading, such a sent I draw
10	268	41	Of carnage, prey innumerable, and taste
10	269	41	The savour of Death from all things there that live:
10	270	41	Nor shall I to the work thou enterprisest
10	271	41	Be wanting, but afford thee equal aid,
10	272	43	So saying, with delight he snuff'd the smell
10	273	43	Of mortal change on Earth. As when a flock
10	274	43	Of ravenous Fowl, though many a League remote,
10	275	43	Against the day of Battel, to a Field,
10	276	43	Where Armies lie encampt, come flying, lur'd
10	277	43	With sent of living Carcasses design'd
10	278	43	For death, the following day, in bloodie fight.
10	279	43	So sented the grim Feature, and upturn'd
10	280	43	His Nostril wide into the murkie Air,
10	281	43	Sagacious of his Quarry from so farr.
10	282	43	Then Both from out Hell Gates into the waste
10	283	43	Wide Anarchie of Chaos damp and dark
10	284	43	Flew divers, and with Power (thir Power was great)
10	285	43	Hovering upon the Waters; what they met
10	286	43	Solid or slimie, as in raging Sea
10	287	43	Tost up and down, together crowded drove
10	288	43	From each side shoaling towards the mouth of Hell.
10	289	43	As when two Polar Winds blowing adverse
10	290	43	Upon the Cronian Sea, together drive
10	291	43	Mountains of Ice, that stop th' imagin'd way
10	292	43	Beyond Petsora Eastward, to the rich
10	293	43	Cathaian Coast. The aggregated Soyle
10	294	43	Death with his Mace petrific, cold and dry,
10	295	43	As with a Trident smote, and fix't as firm
10	296	43	As Delos floating once; the rest his look
10	297	43	Bound with Gorgonian rigor not to move,
10	298	43	And with Asphaltic slime; broad as the Gate,
10	299	43	Deep to the Roots of Hell the gather'd beach
10	300	43	They fasten'd, and the Mole immense wraught on
10	301	43	Over the foaming deep high Archt, a Bridge
10	302	43	Of length prodigious joyning to the Wall
10	303	43	Immovable of this now fenceless world
10	304	43	Forfeit to Death; from hence a passage broad,
10	305	43	Smooth, easie, inoffensive down to Hell.
10	306	43	So, if great things to small may be compar'd,
10	307	43	Xerxes, the Libertie of Greece to yoke,
10	308	43	From  Susa his Memnonian Palace high
10	309	43	Came to the Sea, and over Hellespont
10	310	43	Bridging his way, Europe with Asia joyn'd,
10	311	43	And scourg'd with many a stroak th' indignant waves.
10	312	43	Now had they brought the work by wondrous Art
10	313	43	Pontifical, a ridge of pendent Rock
10	314	43	Over the vext Abyss, following the track
10	315	43	Of Satan, to the self same place where hee
10	316	43	First lighted from his Wing, and landed safe
10	317	43	From out of Chaos to the out side bare
10	318	43	Of this round World: with Pinns of Adamant
10	319	43	And Chains they made all fast, too fast they made
10	320	43	And durable; and now in little space
10	321	43	The confines met of Empyrean Heav'n
10	322	43	And of this World, and on the left hand Hell
10	323	43	With long reach interpos'd; three sev'ral wayes
10	324	43	In sight, to each of these three places led.
10	325	43	And now thir way to Earth they had descri'd,
10	326	43	To Paradise first tending, when behold
10	327	43	Satan in likeness of an Angel bright
10	328	43	Betwixt the Centaure and the Scorpion stearing
10	329	43	His Zenith, while the Sun in Aries rose:
10	330	43	Disguis'd he came, but those his Children dear
10	331	43	Thir Parent soon discern'd, though in disguise.
10	332	43	Hee after Eve seduc't, unminded slunk
10	333	43	Into the Wood fast by, and changing shape
10	334	43	To observe the sequel, saw his guileful act
10	335	43	By Eve, though all unweeting, seconded
10	336	43	Upon her Husband, saw thir shame that sought
10	337	43	Vain covertures; but when he saw descend
10	338	43	The Son of God to judge them terrifi'd
10	339	43	Hee fled, not hoping to escape, but shun
10	340	43	The present, fearing guiltie what his wrauth
10	341	43	Might suddenly inflict; that past, return'd
10	342	43	By Night, and listening where the hapless Paire
10	343	43	Sate in thir sad discourse, and various plaint,
10	344	43	Thence gatherd his own doom, which understood
10	345	43	Not instant, but of future time. With joy
10	346	43	And tidings fraught, to Hell he now return'd,
10	347	43	And at the brink of Chaos, neer the foot
10	348	43	Of this new wondrous Pontifice, unhop't
10	349	43	Met who to meet him came, his Ofspring dear.
10	350	43	Great joy was at thir meeting, and at sight
10	351	43	Of that stupendious Bridge his joy encreas'd.
10	352	43	Long hee admiring stood, till Sin, his faire
10	353	43	Inchanting Daughter, thus the silence broke.
10	354	45	O Parent, these are thy magnific deeds,
10	355	45	Thy Trophies, which thou view'st as not thine own,
10	356	45	Thou art thir Author and prime Architect:
10	357	45	For I no sooner in my Heart divin'd,
10	358	45	My Heart, which by a secret harmonie
10	359	45	Still moves with thine, join'd in connexion sweet,
10	360	45	That thou on Earth hadst prosper'd, which thy looks
10	361	45	Now also evidence, but straight I felt
10	362	45	Though distant from thee Worlds between, yet felt
10	363	45	That I must after thee with this thy Son;
10	364	45	Such fatal consequence unites us three:
10	365	45	Hell could no longer hold us in her bounds,
10	366	45	Nor this unvoyageable Gulf obscure
10	367	45	Detain from following thy illustrious track.
10	368	45	Thou hast atchiev'd our libertie, confin'd
10	369	45	Within Hell Gates till now, thou us impow'rd
10	370	45	To fortifie thus farr, and overlay
10	371	45	With this portentous Bridge the dark Abyss.
10	372	45	Thine now is all this World, thy vertue hath won
10	373	45	What thy hands builded not, thy Wisdom gain'd
10	374	45	With odds what Warr hath lost, and fully aveng'd
10	375	45	Our foile in Heav'n; here thou shalt Monarch reign,
10	376	45	There didst not; there let him still Victor sway,
10	377	45	As Battel hath adjudg'd, from this new World
10	378	45	Retiring, by his own doom alienated,
10	379	45	And henceforth Monarchie with thee divide
10	380	45	Of all things parted by th' Empyreal bounds,
10	381	45	His Quadrature, from thy Orbicular World,
10	382	45	Or trie thee now more dang'rous to his Throne.
10	383	47	Whom thus the Prince of Darkness answerd glad.
10	384	47	Fair Daughter, and thou Son and Grandchild both,
10	385	47	High proof ye now have giv'n to be the Race
10	386	47	Of Satan (for I glorie in the name,
10	387	47	Antagonist of Heav'ns Almightie King)
10	388	47	Amply have merited of me, of all
10	389	47	Th' Infernal Empire, that so neer Heav'ns dore
10	390	47	Triumphal with triumphal act have met,
10	391	47	Mine with this glorious Work, and made one Realm
10	392	47	Hell and this World, one Realm, one Continent
10	393	47	Of easie thorough-fare. Therefore while I
10	394	47	Descend through Darkness, on your Rode with ease
10	395	47	To my associate Powers, them to acquaint
10	396	47	With these successes, and with them rejoyce,
10	397	47	You two this way, among these numerous Orbs
10	398	47	All yours, right down to Paradise descend;
10	399	47	There dwell and Reign in bliss, thence on the Earth
10	400	47	Dominion exercise and in the Aire,
10	401	47	Chiefly on Man, sole Lord of all declar'd,
10	402	47	Him first make sure your thrall, and lastly kill.
10	403	47	My Substitutes I send ye, and Create
10	404	47	Plenipotent on Earth, of matchless might
10	405	47	Issuing from mee: on your joynt vigor now
10	406	47	My hold of this new Kingdom all depends,
10	407	47	Through Sin to Death expos'd by my exploit.
10	408	47	If your joynt power prevailes, th' affaires of Hell
10	409	47	No detriment need feare, goe and be strong.
10	410	49	So saying he dismiss'd them, they with speed
10	411	49	Thir course through thickest Constellations held
10	412	49	Spreading thir bane; the blasted Starrs lookt wan,
10	413	49	And Planets, Planet-strook, real Eclips
10	414	49	Then sufferd. Th' other way Satan went down
10	415	49	The Causey to Hell Gate; on either side
10	416	49	Disparted Chaos over built exclaimd,
10	417	49	And with rebounding surge the barrs assaild,
10	418	49	That scorn'd his indignation: through the Gate,
10	419	49	Wide open and unguarded, Satan pass'd,
10	420	49	And all about found desolate; for those
10	421	49	Appointed to sit there, had left thir charge,
10	422	49	Flown to the upper World; the rest were all
10	423	49	Farr to the inland retir'd, about the walls
10	424	49	Of Pandæmonium, Citie and proud seate
10	425	49	Of Lucifer, so by allusion calld,
10	426	49	Of that bright Starr to Satan paragond.
10	427	49	There kept thir Watch the Legions, while the Grand
10	428	49	In Council sate, sollicitous what chance
10	429	49	Might intercept thir Emperour sent, so hee
10	430	49	Departing gave command, and they observ'd.
10	431	49	As when the Tartar from his Russian Foe
10	432	49	By Astracan over the Snowie Plaines
10	433	49	Retires, or Bactrian Sophi from the hornes
10	434	49	Of Turkish Crescent, leaves all waste beyond
10	435	49	The Realm of Aladule, in his retreate
10	436	49	To Tauris or Casbeen. So these the late
10	437	49	Heav'n-banisht Host, left desert utmost Hell
10	438	49	Many a dark League, reduc't in careful Watch
10	439	49	Round thir Metropolis, and now expecting
10	440	49	Each hour thir great adventurer from the search
10	441	49	Of Forrein Worlds: he through the midst unmarkt,
10	442	49	In shew Plebeian Angel militant
10	443	49	Of lowest order, past; and from the dore
10	444	49	Of that Plutonian Hall, invisible
10	445	49	Ascended his high Throne, which under state
10	446	49	Of richest texture spred, at th' upper end
10	447	49	Was plac't in regal lustre. Down a while
10	448	49	He sate, and round about him saw unseen:
10	449	49	At last as from a Cloud his fulgent head
10	450	49	And shape Starr bright appeer'd, or brighter, clad
10	451	49	With what permissive glory since his fall
10	452	49	Was left him, or false glitter: All amaz'd
10	453	49	At that so sudden blaze the Stygian throng
10	454	49	Bent thir aspect, and whom they wish'd beheld,
10	455	49	Thir mighty Chief returnd: loud was th' acclaime:
10	456	49	Forth rush'd in haste the great consulting Peers,
10	457	49	Rais'd from thir dark Divan, and with like joy
10	458	49	Congratulant approach'd him, who with hand
10	459	49	Silence, and with these words attention won.
10	460	51	Thrones, Dominations, Princedoms, Vertues, Powers,
10	461	51	For in possession such, not onely of right,
10	462	51	I call ye and declare ye now, returnd
10	463	51	Successful beyond hope, to lead ye forth
10	464	51	Triumphant out of this infernal Pit
10	465	51	Abominable, accurst, the house of woe,
10	466	51	And Dungeon of our Tyrant: Now possess,
10	467	51	As Lords, a spacious World, to our native Heaven
10	468	51	Little inferiour, by my adventure hard
10	469	51	With peril great atchiev'd. Long were to tell
10	470	51	What I have don, what sufferd, with what paine
10	471	51	Voyag'd th' unreal, vast, unbounded deep
10	472	51	Of horrible confusion, over which
10	473	51	By Sin and Death a broad way now is pav'd
10	474	51	To expedite your glorious march; but I
10	475	51	Toild out my uncouth passage, forc't to ride
10	476	51	Th' untractable Abysse, plung'd in the womb
10	477	51	Of unoriginal Night and Chaos wilde,
10	478	51	That jealous of thir secrets fiercely oppos'd
10	479	51	My journey strange, with clamorous uproare
10	480	51	Protesting Fate supreame; thence how I found
10	481	51	The new created World, which fame in Heav'n
10	482	51	Long had foretold, a Fabrick wonderful
10	483	51	Of absolute perfection, therein Man
10	484	51	Plac't in a Paradise, by our exile
10	485	51	Made happie: Him by fraud I have seduc'd
10	486	51	From his Creator, and the more to increase
10	487	51	Your wonder, with an Apple; he thereat
10	488	51	Offended, worth your laughter, hath giv'n up
10	489	51	Both his beloved Man and all his World,
10	490	51	To Sin and Death a prey, and so to us,
10	491	51	Without our hazard, labour, or allarme,
10	492	51	To range in, and to dwell, and over Man
10	493	51	To rule, as over all he should have rul'd.
10	494	51	True is, mee also he hath judg'd, or rather
10	495	51	Mee not, but the brute Serpent in whose shape
10	496	51	Man I deceav'd: that which to mee belongs,
10	497	51	Is enmity, which he will put between
10	498	51	Mee and Mankinde; I am to bruise his heel;
10	499	51	His Seed, when is not set, shall bruise my head:
10	500	51	A World who would not purchase with a bruise,
10	501	51	Or much more grievous pain? Ye have th' account
10	502	51	Of my performance: What remains, ye Gods,
10	503	51	But up and enter now into full bliss.
10	504	53	So having said, a while he stood, expecting
10	505	53	Thir universal shout and high applause
10	506	53	To fill his eare, when contrary he hears
10	507	53	On all sides, from innumerable tongues
10	508	53	A dismal universal hiss, the sound
10	509	53	Of public scorn; he wonderd, but not long
10	510	53	Had leasure, wondring at himself now more;
10	511	53	His Visage drawn he felt to sharp and spare,
10	512	53	His Armes clung to his Ribs, his Leggs entwining
10	513	53	Each other, till supplanted down he fell
10	514	53	A monstrous Serpent on his Belly prone,
10	515	53	Reluctant, but in vaine: a greater power
10	516	53	Now rul'd him, punisht in the shape he sin'd,
10	517	53	According to his doom: he would have spoke,
10	518	53	But hiss for hiss returnd with forked tongue
10	519	53	To forked tongue, for now were all transform'd
10	520	53	Alike, to Serpents all as accessories
10	521	53	To his bold Riot: dreadful was the din
10	522	53	Of hissing through the Hall, thick swarming now
10	523	53	With complicated monsters head and taile,
10	524	53	Scorpion and Asp, and Amphisbæna dire,
10	525	53	Cerastes hornd, Hydrus, and Ellops drear,
10	526	53	And Dipsas (not so thick swarm'd once the Soil
10	527	53	Bedropt with blood of Gorgon, or the Isle
10	528	53	Ophiusa) but still greatest hee the midst,
10	529	53	Now Dragon grown, larger then whom the Sun
10	530	53	Ingenderd in the Pythian Vale on slime,
10	531	53	Huge Python, and his Power no less he seem'd
10	532	53	Above the rest still to retain; they all
10	533	53	Him follow'd issuing forth to th' open Field,
10	534	53	Where all yet left of that revolted Rout
10	535	53	Heav'n-fall'n, in station stood or just array,
10	536	53	Sublime with expectation when to see
10	537	53	In Triumph issuing forth thir glorious Chief;
10	538	53	They saw, but other sight instead, a crowd
10	539	53	Of ugly Serpents; horror on them fell,
10	540	53	And horrid sympathie; for what they saw,
10	541	53	They felt themselvs now changing; down thir arms,
10	542	53	Down fell both Spear and Shield, down they as fast,
10	543	53	And the dire hiss renew'd, and the dire form
10	544	53	Catcht by Contagion, like in punishment,
10	545	53	As in thir crime. Thus was th' applause they meant,
10	546	53	Turn'd to exploding hiss, triumph to shame
10	547	53	Cast on themselves from thir own mouths. There stood
10	548	53	A Grove hard by, sprung up with this thir change,
10	549	53	His will who reigns above, to aggravate
10	550	53	Thir penance, laden with Fruit like that
10	551	53	Which grew in Paradise, the bait of Eve
10	552	53	Us'd by the Tempter: on that prospect strange
10	553	53	Thir earnest eyes they fix'd, imagining
10	554	53	For one forbidden Tree a multitude
10	555	53	Now ris'n, to work them furder woe or shame;
10	556	53	Yet parcht with scalding thurst and hunger fierce,
10	557	53	Though to delude them sent, could not abstain,
10	558	53	But on they rould in heaps, and up the Trees
10	559	53	Climbing, sat thicker then the snakie locks
10	560	53	That curld Megæra: greedily they pluck'd
10	561	53	The Frutage fair to sight, like that which grew
10	562	53	Neer that bituminous Lake where Sodom flam'd;
10	563	53	This more delusive, not the touch, but taste
10	564	53	Deceav'd; they fondly thinking to allay
10	565	53	Thir appetite with gust, instead of Fruit
10	566	53	Chewd bitter Ashes, which th' offended taste
10	567	53	With spattering noise rejected: oft they assayd,
10	568	53	Hunger and thirst constraining, drugd as oft,
10	569	53	With hatefullest disrelish writh'd thir jaws
10	570	53	With soot and cinders fill'd; so oft they fell
10	571	53	Into the same illusion, not as Man
10	572	53	Whom they triumph'd once lapst. Thus were they plagu'd
10	573	53	And worn with Famin, long and ceasless hiss,
10	574	53	Till thir lost shape, permitted, they resum'd,
10	575	53	Yearly enjoynd, some say, to undergo
10	576	53	This annual humbling certain number'd days,
10	577	53	To dash thir pride, and joy for Man seduc't.
10	578	53	However some tradition they dispers'd
10	579	53	Among the Heathen of thir purchase got,
10	580	53	And Fabl'd how the Serpent, whom they calld
10	581	53	Ophion with Eurynome, the wide-
10	582	53	Encroaching Eve perhaps, had first the rule
10	583	53	Of high Olympus, thence by Saturn driv'n
10	584	53	And Ops, ere yet Dictæan Jove was born.
10	585	53	Mean while in Paradise the hellish pair
10	586	53	Too soon arriv'd, Sin there in power before,
10	587	53	Once actual, now in body, and to dwell
10	588	53	Habitual habitant; behind her Death
10	589	53	Close following pace for pace, not mounted yet
10	590	53	On his pale Horse: to whom Sin thus began.
10	591	55	Second of Satan sprung, all conquering Death,
10	592	55	What thinkst thou of our Empire now, though earnd
10	593	55	With travail difficult, not better farr
10	594	55	Then stil at Hels dark threshold to have sate watch,
10	595	55	Unnam'd, undreaded, and thy self half starv'd?
10	596	57	Whom thus the Sin-born Monster answerd soon.
10	597	57	To mee, who with eternal Famin pine,
10	598	57	Alike is Hell, or Paradise, or Heaven,
10	599	57	There best, where most with ravin I may meet;
10	600	57	Which here, though plenteous, all too little seems
10	601	57	To stuff this Maw, this vast unhide-bound Corps.
10	602	59	To whom th' incestuous Mother thus repli'd.
10	603	59	Thou therefore on these Herbs, and Fruits, and Flours
10	604	59	Feed first, on each Beast next, and Fish, and Fowle,
10	605	59	No homely morsels, and whatever thing
10	606	59	The Sithe of Time mowes down, devour unspar'd,
10	607	59	Till I in Man residing through the Race,
10	608	59	His thoughts, his looks, words, actions all infect,
10	609	59	And season him thy last and sweetest prey.
10	610	61	This said, they both betook them several wayes,
10	611	61	Both to destroy, or unimmortal make
10	612	61	All kinds, and for destruction to mature
10	613	61	Sooner or later; which th' Almightie seeing,
10	614	61	From his transcendent Seat the Saints among,
10	615	61	To those bright Orders utterd thus his voice.
10	616	63	See with what heat these Dogs of Hell advance
10	617	63	To waste and havoc yonder World, which I
10	618	63	So fair and good created, and had still
10	619	63	Kept in that State, had not the folly of Man
10	620	63	Let in these wastful Furies, who impute
10	621	63	Folly to mee, so doth the Prince of Hell
10	622	63	And his Adherents, that with so much ease
10	623	63	I suffer them to enter and possess
10	624	63	A place so heav'nly, and conniving seem
10	625	63	To gratifie my scornful Enemies,
10	626	63	That laugh, as if transported with some fit
10	627	63	Of Passion, I to them had quitted all,
10	628	63	At random yielded up to their misrule;
10	629	63	And know not that I call'd and drew them thither
10	630	63	My Hell-hounds, to lick up the draff and filth
10	631	63	Which mans polluting Sin with taint hath shed
10	632	63	On what was pure, till cramm'd and gorg'd, nigh burst
10	633	63	With suckt and glutted offal, at one sling
10	634	63	Of thy victorious Arm, well-pleasing Son,
10	635	63	Both Sin, and Death, and yawning Grave at last
10	636	63	Through Chaos hurld, obstruct the mouth of Hell
10	637	63	For ever, and seal up his ravenous Jawes.
10	638	63	Then Heav'n and Earth renewd shall be made pure
10	639	63	To sanctitie that shall receive no staine:
10	640	63	Till then the Curse pronounc't on both precedes.
10	641	65	He ended, and the Heav'nly Audience loud
10	642	65	Sung Halleluia, as the sound of Seas,
10	643	65	Through multitude that sung: Just are thy ways,
10	644	65	Righteous are thy Decrees on all thy Works;
10	645	65	Who can extenuate thee? Next, to the Son,
10	646	65	Destin'd restorer of Mankind, by whom
10	647	65	New Heav'n and Earth shall to the Ages rise,
10	648	65	Or down from Heav'n descend. Such was thir song,
10	649	65	While the Creator calling forth by name
10	650	65	His mightie Angels gave them several charge,
10	651	65	As sorted best with present things. The Sun
10	652	65	Had first his precept so to move, so shine,
10	653	65	As might affect the Earth with cold and heat
10	654	65	Scarce tollerable, and from the North to call
10	655	65	Decrepit Winter, from the South to bring
10	656	65	Solstitial summers heat. To the blanc Moone
10	657	65	Her office they prescrib'd, to th' other five
10	658	65	Thir planetarie motions and aspects
10	659	65	In Sextile, Square, and Trine, and Opposite,
10	660	65	Of noxious efficacie, and when to joyne
10	661	65	In Synod unbenigne, and taught the fixt
10	662	65	Thir influence malignant when to showre,
10	663	65	Which of them rising with the Sun, or falling,
10	664	65	Should prove tempestuous: To the Winds they set
10	665	65	Thir corners, when with bluster to confound
10	666	65	Sea, Aire, and Shoar, the Thunder when to rowle
10	667	65	With terror through the dark Aereal Hall.
10	668	65	Some say he bid his Angels turne ascanse
10	669	65	The Poles of Earth twice ten degrees and more
10	670	65	From the Suns Axle; they with labour push'd
10	671	65	Oblique the Centric Globe: Som say the Sun
10	672	65	Was bid turn Reines from th' Equinoctial Rode
10	673	65	Like distant breadth to Taurus with the Seav'n
10	674	65	Atlantick Sisters, and the Spartan Twins
10	675	65	Up to the Tropic Crab; thence down amaine
10	676	65	By Leo and the Virgin and the Scales,
10	677	65	As deep as Capricorne, to bring in change
10	678	65	Of Seasons to each Clime; else had the Spring
10	679	65	Perpetual smil'd on Earth with vernant Flours,
10	680	65	Equal in Days and Nights, except to those
10	681	65	Beyond the Polar Circles; to them Day
10	682	65	Had unbenighted shon, while the low Sun
10	683	65	To recompence his distance, in thir sight
10	684	65	Had rounded still th' Horizon, and not known
10	685	65	Or East or West, which had forbid the Snow
10	686	65	From cold Estotiland, and South as farr
10	687	65	Beneath Magellan. At that tasted Fruit
10	688	65	The Sun, as from Thyestean Banquet, turn'd
10	689	65	His course intended; else how had the World
10	690	65	Inhabited, though sinless, more then now,
10	691	65	Avoided pinching cold and scorching heate?
10	692	65	These changes in the Heav'ns, though slow, produc'd
10	693	65	Like change on Sea and Land, sideral blast,
10	694	65	Vapour, and Mist, and Exhalation hot,
10	695	65	Corrupt and Pestilent: Now from the North
10	696	65	Of Norumbega, and the Samoed shoar
10	697	65	Bursting thir brazen Dungeon, armd with ice
10	698	65	And snow and haile and stormie gust and flaw,
10	699	65	Boreas and Cæcias and Argestes loud
10	700	65	And Thrascias rend the Woods and Seas upturn;
10	701	65	With adverse blast up-turns them from the South
10	702	65	Notus and Afer black with thundrous Clouds
10	703	65	From Serraliona; thwart of these as fierce
10	704	65	Forth rush the Levant and the Ponent Windes
10	705	65	Eurus and Zephir with thir lateral noise,
10	706	65	Sirocco, and Libecchio. Thus began
10	707	65	Outrage from liveless things; but Discord first
10	708	65	Daughter of Sin, among th' irrational,
10	709	65	Death introduc'd through fierce antipathie:
10	710	65	Beast now with Beast gan war, and Fowle with Fowle,
10	711	65	And Fish with Fish; to graze the Herb all leaving,
10	712	65	Devourd each other; nor stood much in awe
10	713	65	Of Man, but fled him, or with count'nance grim
10	714	65	Glar'd on him passing: these were from without
10	715	65	The growing miseries, which Adam saw
10	716	65	Alreadie in part, though hid in gloomiest shade,
10	717	65	To sorrow abandond, but worse felt within,
10	718	65	And in a troubl'd Sea of passion tost,
10	719	65	Thus to disburd'n sought with sad complaint.
10	720	67	O miserable of happie! is this the end
10	721	67	Of this new glorious World, and mee so late
10	722	67	The Glory of that Glory, who now becom
10	723	67	Accurst of blessed, hide me from the face
10	724	67	Of God, whom to behold was then my highth
10	725	67	Of happiness: yet well, if here would end
10	726	67	The miserie, I deserv'd it, and would beare
10	727	67	My own deservings; but this will not serve;
10	728	67	All that I eat or drink, or shall beget,
10	729	67	Is propagated curse. O voice once heard
10	730	67	Delightfully, Encrease and multiply,
10	731	67	Now death to hear! for what can I encrease
10	732	67	Or multiplie, but curses on my head?
10	733	67	Who of all Ages to succeed, but feeling
10	734	67	The evil on him brought by me, will curse
10	735	67	My Head, Ill fare our Ancestor impure,
10	736	67	For this we may thank Adam; but his thanks
10	737	67	Shall be the execration; so besides
10	738	67	Mine own that bide upon me, all from mee
10	739	67	Shall with a fierce reflux on mee redound,
10	740	67	On mee as on thir natural center light
10	741	67	Heavie, though in thir place. O fleeting joyes
10	742	67	Of Paradise, deare bought with lasting woes!
10	743	67	Did I request thee, Maker, from my Clay
10	744	67	To mould me Man, did I sollicite thee
10	745	67	From darkness to promote me, or here place
10	746	67	In this delicious Garden? as my Will
10	747	67	Concurd not to my being, it were but right
10	748	67	And equal to reduce me to my dust,
10	749	67	Desirous to resigne, and render back
10	750	67	All I receav'd, unable to performe
10	751	67	Thy terms too hard, by which I was to hold
10	752	67	The good I sought not. To the loss of that,
10	753	67	Sufficient penaltie, why hast thou added
10	754	67	The sense of endless woes? inexplicable
10	755	67	Thy Justice seems; yet to say truth, too late,
10	756	67	I thus contest; then should have been refusd
10	757	67	Those terms whatever, when they were propos'd:
10	758	67	Thou didst accept them; wilt thou enjoy the good,
10	759	67	Then cavil the conditions? and though God
10	760	67	Made thee without thy leave, what if thy Son
10	761	67	Prove disobedient, and reprov'd, retort,
10	762	67	Wherefore didst thou beget me? I sought it not
10	763	67	Wouldst thou admit for his contempt of thee
10	764	67	That proud excuse? yet him not thy election,
10	765	67	But Natural necessity begot.
10	766	67	God made thee of choice his own, and of his own
10	767	67	To serve him, thy reward was of his grace,
10	768	67	Thy punishment then justly is at his Will.
10	769	67	Be it so, for I submit, his doom is fair,
10	770	67	That dust I am, and shall to dust returne:
10	771	67	O welcom hour whenever! why delayes
10	772	67	His hand to execute what his Decree
10	773	67	Fixd on this day? why do I overlive,
10	774	67	Why am I mockt with death, and length'nd out
10	775	67	To deathless pain? how gladly would I meet
10	776	67	Mortalitie my sentence, and be Earth
10	777	67	Insensible, how glad would lay me down
10	778	67	As in my Mothers lap! There I should rest
10	779	67	And sleep secure; his dreadful voice no more
10	780	67	Would Thunder in my ears, no fear of worse
10	781	67	To mee and to my ofspring would torment me
10	782	67	With cruel expectation. Yet one doubt
10	783	67	Pursues me still, least all I cannot die,
10	784	67	Least that pure breath of Life, the Spirit of Man
10	785	67	Which God inspir'd, cannot together perish
10	786	67	With this corporeal Clod; then in the Grave,
10	787	67	Or in some other dismal place who knows
10	788	67	But I shall die a living Death? O thought
10	789	67	Horrid, if true! yet why? it was but breath
10	790	67	Of Life that sinn'd; what dies but what had life
10	791	67	And sin? the Bodie properly hath neither.
10	792	67	All of me then shall die: let this appease
10	793	67	The doubt, since humane reach no further knows.
10	794	67	For though the Lord of all be infinite,
10	795	67	Is his wrauth also? be it, man is not so,
10	796	67	But mortal doom'd. How can he exercise
10	797	67	Wrath without end on Man whom Death must end?
10	798	67	Can he make deathless Death? that were to make
10	799	67	Strange contradiction, which to God himself
10	800	67	Impossible is held, as Argument
10	801	67	Of weakness, not of Power. Will he, draw out,
10	802	67	For angers sake, finite to infinite
10	803	67	In punisht man, to satisfie his rigour
10	804	67	Satisfi'd never; that were to extend
10	805	67	His Sentence beyond dust and Natures Law,
10	806	67	By which all Causes else according still
10	807	67	To the reception of thir matter act,
10	808	67	Not to th' extent of thir own Spheare. But say
10	809	67	That Death be not one stroak, as I suppos'd,
10	810	67	Bereaving sense, but endless miserie
10	811	67	From this day onward, which I feel begun
10	812	67	Both in me, and without me, and so last
10	813	67	To perpetuitie; Ay me, that fear
10	814	67	Comes thundring back with dreadful revolution
10	815	67	On my defensless head; both Death and I
10	816	67	Am found Eternal, and incorporate both,
10	817	67	Nor I on my part single, in mee all
10	818	67	Posteritie stands curst: Fair Patrimonie
10	819	67	That I must leave ye, Sons; O were I able
10	820	67	To waste it all my self, and leave ye none!
10	821	67	So disinherited how would ye bless
10	822	67	Me now your curse! Ah, why should all mankind
10	823	67	For one mans fault thus guiltless be condemn'd,
10	824	67	If guiltless? But from mee what can proceed,
10	825	67	But all corrupt, both Mind and Will deprav'd,
10	826	67	Not to do onely, but to will the same
10	827	67	With me? how can they then acquitted stand
10	828	67	In sight of God? Him after all Disputes
10	829	67	Forc't I absolve: all my evasions vain
10	830	67	And reasonings, though through Mazes, lead me still
10	831	67	But to my own conviction: first and last
10	832	67	On mee, mee onely, as the sourse and spring
10	833	67	Of all corruption, all the blame lights due;
10	834	67	So might the wrauth. Fond wish! couldst thou support
10	835	67	That burden heavier then the Earth to bear
10	836	67	Then all the World much heavier, though divided
10	837	67	With that bad Woman? Thus what thou desir'st,
10	838	67	And what thou fearst, alike destroyes all hope
10	839	67	Of refuge, and concludes thee miserable
10	840	67	Beyond all past example and future,
10	841	67	To Satan only like both crime and doom.
10	842	67	O Conscience, into what Abyss of fears
10	843	67	And horrors hast thou driv'n me; out of which
10	844	67	I find no way, from deep to deeper plung'd!
10	845	69	Thus Adam to himself lamented loud
10	846	69	Through the still Night, not now, as ere man fell,
10	847	69	Wholsom and cool, and mild, but with black Air
10	848	69	Accompanied, with damps and dreadful gloom,
10	849	69	Which to his evil Conscience represented
10	850	69	All things with double terror: On the ground
10	851	69	Outstretcht he lay, on the cold ground, and oft
10	852	69	Curs'd his Creation, Death as oft accus'd
10	853	69	Of tardie execution, since denounc't
10	854	69	The day of his offence. Why comes not Death,
10	855	69	Said hee, with one thrice acceptable stroke
10	856	69	To end me? Shall Truth fail to keep her word,
10	857	69	Justice Divine not hast'n to be just?
10	858	69	But Death comes not at call, Justice Divine
10	859	69	Mends not her slowest pace for prayers or cries.
10	860	69	O Woods, O Fountains, Hillocks, Dales and Bowrs,
10	861	69	With other echo late I taught your Shades
10	862	69	To answer, and resound farr other Song.
10	863	69	Whom thus afflicted when sad Eve beheld,
10	864	69	Desolate where she sate, approaching nigh,
10	865	69	Soft words to his fierce passion she assay'd:
10	866	69	But her with stern regard he thus repell'd.
10	867	71	Out of my sight, thou Serpent, that name best
10	868	71	Befits thee with him leagu'd, thy self as false
10	869	71	And hateful; nothing wants, but that thy shape,
10	870	71	Like his, and colour Serpentine may shew
10	871	71	Thy inward fraud, to warn all Creatures from thee
10	872	71	Henceforth; least that too heav'nly form, pretended
10	873	71	To hellish falshood, snare them. But for thee
10	874	71	I had persisted happie, had not thy pride
10	875	71	And wandring vanitie, when lest was safe,
10	876	71	Rejected my forewarning, and disdain'd
10	877	71	Not to be trusted, longing to be seen
10	878	71	Though by the Devil himself, him overweening
10	879	71	To over-reach, but with the Serpent meeting
10	880	71	Fool'd and beguil'd, by him thou, I by thee,
10	881	71	To trust thee from my side, imagin'd wise,
10	882	71	Constant, mature, proof against all assaults,
10	883	71	And understood not all was but a shew
10	884	71	Rather then solid vertu, all but a Rib
10	885	71	Crooked by nature, bent, as now appears,
10	886	71	More to the part sinister from me drawn,
10	887	71	Well if thrown out, as supernumerarie
10	888	71	To my just number found. O why did God,
10	889	71	Creator wise, that peopl'd highest Heav'n
10	890	71	With Spirits Masculine, create at last
10	891	71	This noveltie on Earth, this fair defect
10	892	71	Of Nature, and not fill the World at once
10	893	71	With Men as Angels without Feminine,
10	894	71	Or find some other way to generate
10	895	71	Mankind? this mischief had not then befall'n,
10	896	71	And more that shall befall, innumerable
10	897	71	Disturbances on Earth through Femal snares,
10	898	71	And straight conjunction with this Sex: for either
10	899	71	He never shall find out fit Mate, but such
10	900	71	As some misfortune brings him, or mistake,
10	901	71	Or whom he wishes most shall seldom gain
10	902	71	Through her perversness, but shall see her gaind
10	903	71	By a farr worse, or if she love, withheld
10	904	71	By Parents, or his happiest choice too late
10	905	71	Shall meet, alreadie linkt and Wedlock-bound
10	906	71	To a fell Adversarie, his hate or shame:
10	907	71	Which infinite calamitie shall cause
10	908	71	To Humane life, and houshold peace confound.
10	909	73	He added not, and from her turn'd, but Eve
10	910	73	Not so repulst, with Tears that ceas'd not flowing,
10	911	73	And tresses all disorderd, at his feet
10	912	73	Fell humble, and imbracing them, besaught
10	913	73	His peace, and thus proceeded in her plaint.
10	914	75	Forsake me not thus, Adam, witness Heav'n
10	915	75	What love sincere, and reverence in my heart
10	916	75	I beare thee, and unweeting have offended,
10	917	75	Unhappilie deceav'd; thy suppliant
10	918	75	I beg, and clasp thy knees; bereave me not,
10	919	75	Whereon I live, thy gentle looks, thy aid,
10	920	75	Thy counsel in this uttermost distress,
10	921	75	My onely strength and stay: forlorn of thee,
10	922	75	Whither shall I betake me, where subsist?
10	923	75	While yet we live, scarse one short hour perhaps,
10	924	75	Between us two let there be peace, both joyning,
10	925	75	As joyn'd in injuries, one enmitie
10	926	75	Against a Foe by doom express assign'd us,
10	927	75	That cruel Serpent: On me exercise not
10	928	75	Thy hatred for this miserie befall'n,
10	929	75	On me alreadie lost, mee then thy self
10	930	75	More miserable; both have sin'd, but thou
10	931	75	Against God onely, I against God and thee,
10	932	75	And to the place of judgment will return,
10	933	75	There with my cries importune Heaven, that all
10	934	75	The sentence from thy head remov'd may light
10	935	75	On me, sole cause to thee of all this woe,
10	936	75	Mee mee onely just object of his ire.
10	937	77	She ended weeping, and her lowlie plight,
10	938	77	Immovable till peace obtain'd from fault
10	939	77	Acknowledg'd and deplor'd, in Adam wraught
10	940	77	Commiseration; soon his heart relented
10	941	77	Towards her, his life so late and sole delight,
10	942	77	Now at his feet submissive in distress,
10	943	77	Creature so faire his reconcilement seeking,
10	944	77	His counsel whom she had displeas'd, his aide;
10	945	77	As one disarm'd, his anger all he lost,
10	946	77	And thus with peaceful words uprais'd her soon.
10	947	79	Unwarie, and too desirous, as before,
10	948	79	So now of what thou knowst not, who desir'st
10	949	79	The punishment all on thy self; alas,
10	950	79	Beare thine own first, ill able to sustaine
10	951	79	His full wrauth whose thou feelst as yet lest part,
10	952	79	And my displeasure bearst so ill. If Prayers
10	953	79	Could alter high Decrees, I to that place
10	954	79	Would speed before thee, and be louder heard,
10	955	79	That on my head all might be visited,
10	956	79	Thy frailtie and infirmer Sex forgiv'n,
10	957	79	To me committed and by me expos'd.
10	958	79	But rise, let us no more contend, nor blame
10	959	79	Each other, blam'd enough elsewhere, but strive
10	960	79	In offices of Love, how we may light'n
10	961	79	Each others burden in our share of woe;
10	962	79	Since this days Death denounc't, if ought I see,
10	963	79	Will prove no sudden, but a slow-pac't evill,
10	964	79	A long days dying to augment our paine,
10	965	79	And to our Seed (O hapless Seed!) deriv'd.
10	966	81	To whom thus Eve, recovering heart, repli'd.
10	967	81	Adam, by sad experiment I know
10	968	81	How little weight my words with thee can finde,
10	969	81	Found so erroneous, thence by just event
10	970	81	Found so unfortunate; nevertheless,
10	971	81	Restor'd by thee, vile as I am, to place
10	972	81	Of new acceptance, hopeful to regaine
10	973	81	Thy Love, the sole contentment of my heart
10	974	81	Living or dying, from thee I will not hide
10	975	81	What thoughts in my unquiet brest are ris'n,
10	976	81	Tending to some relief of our extremes,
10	977	81	Or end, though sharp and sad, yet tolerable,
10	978	81	As in our evils, and of easier choice.
10	979	81	If care of our descent perplex us most,
10	980	81	Which must be born to certain woe, devourd
10	981	81	By Death at last, and miserable it is
10	982	81	To be to others cause of misery,
10	983	81	Our own begotten, and of our Loines to bring
10	984	81	Into this cursed World a woful Race,
10	985	81	That after wretched Life must be at last
10	986	81	Food for so foule a Monster, in thy power
10	987	81	It lies, yet ere Conception to prevent
10	988	81	The Race unblest, to being yet unbegot.
10	989	81	Childless thou art, Childless remaine:
10	990	81	So Death shall be deceav'd his glut, and with us two
10	991	81	Be forc'd to satisfie his Rav'nous Maw.
10	992	81	But if thou judge it hard and difficult,
10	993	81	Conversing, looking, loving, to abstain
10	994	81	From Loves due Rites, Nuptial imbraces sweet,
10	995	81	And with desire to languish without hope,
10	996	81	Before the present object languishing
10	997	81	With like desire, which would be miserie
10	998	81	And torment less then none of what we dread,
10	999	81	Then both our selves and Seed at once to free
10	1000	81	From what we fear for both, let us make short,
10	1001	81	Let us seek Death, or he not found, supply
10	1002	81	With our own hands his Office on our selves;
10	1003	81	Why stand we longer shivering under feares,
10	1004	81	That shew no end but Death, and have the power,
10	1005	81	Of many ways to die the shortest choosing,
10	1006	81	Destruction with destruction to destroy.
10	1007	83	She ended heer, or vehement despaire
10	1008	83	Broke off the rest; so much of Death her thoughts
10	1009	83	Had entertaind, as di'd her Cheeks with pale.
10	1010	83	But Adam with such counsel nothing sway'd,
10	1011	83	To better hopes his more attentive minde
10	1012	83	Labouring had rais'd, and thus to Eve repli'd.
10	1013	85	Eve, thy contempt of life and pleasure seems
10	1014	85	To argue in thee somthing more sublime
10	1015	85	And excellent then what thy minde contemnes;
10	1016	85	But self-destruction therefore saught, refutes
10	1017	85	That excellence thought in thee, and implies,
10	1018	85	Not thy contempt, but anguish and regret
10	1019	85	For loss of life and pleasure overlov'd.
10	1020	85	Or if thou covet death, as utmost end
10	1021	85	Of miserie, so thinking to evade
10	1022	85	The penaltie pronounc't, doubt not but God
10	1023	85	Hath wiselier arm'd his vengeful ire then so
10	1024	85	To be forestall'd; much more I fear least Death
10	1025	85	So snatcht will not exempt us from the paine
10	1026	85	We are by doom to pay; rather such acts
10	1027	85	Of contumacie will provoke the highest
10	1028	85	To make death in us live: Then let us seek
10	1029	85	Some safer resolution, which methinks
10	1030	85	I have in view, calling to minde with heed
10	1031	85	Part of our Sentence, that thy Seed shall bruise
10	1032	85	The Serpents head; piteous amends, unless
10	1033	85	Be meant, whom I conjecture, our grand Foe
10	1034	85	Satan, who in the Serpent hath contriv'd
10	1035	85	Against us this deceit: to crush his head
10	1036	85	Would be revenge indeed; which will be lost
10	1037	85	By death brought on our selves, or childless days
10	1038	85	Resolv'd, as thou proposest; so our Foe
10	1039	85	Shall scape his punishment ordain'd, and wee
10	1040	85	Instead shall double ours upon our heads.
10	1041	85	No more be mention'd then of violence
10	1042	85	Against our selves, and wilful barrenness,
10	1043	85	That cuts us off from hope, and savours onely
10	1044	85	Rancor and pride, impatience and despite,
10	1045	85	Reluctance against God and his just yoke
10	1046	85	Laid on our Necks. Remember with what mild
10	1047	85	And gracious temper he both heard and judg'd
10	1048	85	Without wrauth or reviling; wee expected
10	1049	85	Immediate dissolution, which we thought
10	1050	85	Was meant by Death that day, when lo, to thee
10	1051	85	Pains onely in Child-bearing were foretold,
10	1052	85	And bringing forth, soon recompenc't with joy,
10	1053	85	Fruit of thy Womb: On mee the Curse aslope
10	1054	85	Glanc'd on the ground, with labour I must earne
10	1055	85	My bread; what harm? Idleness had bin worse;
10	1056	85	My labour will sustain me; and least Cold
10	1057	85	Or Heat should injure us, his timely care
10	1058	85	Hath unbesaught provided, and his hands
10	1059	85	Cloath'd us unworthie, pitying while he judg'd;
10	1060	85	How much more, if we pray him, will his ear
10	1061	85	Be open, and his heart to pitie incline,
10	1062	85	And teach us further by what means to shun
10	1063	85	Th' inclement Seasons, Rain, Ice, Hail and Snow,
10	1064	85	Which now the Skie with various Face begins
10	1065	85	To shew us in this Mountain, while the Winds
10	1066	85	Blow moist and keen, shattering the graceful locks
10	1067	85	Of these fair spreading Trees; which bids us seek
10	1068	85	Som better shroud, som better warmth to cherish
10	1069	85	Our Limbs benumm'd, ere this diurnal Starr
10	1070	85	Leave cold the Night, how we his gather'd beams
10	1071	85	Reflected, may with matter sere foment,
10	1072	85	Or by collision of two bodies grinde
10	1073	85	The Air attrite to Fire, as late the Clouds
10	1074	85	Justling or pusht with Winds rude in thir shock
10	1075	85	Tine the slant Lightning, whose thwart flame driv'n down
10	1076	85	Kindles the gummie bark of Firr or Pine,
10	1077	85	And sends a comfortable heat from farr,
10	1078	85	Which might supplie the Sun: such Fire to use,
10	1079	85	And what may else be remedie or cure
10	1080	85	To evils which our own misdeeds have wrought,
10	1081	85	Hee will instruct us praying, and of Grace
10	1082	85	Beseeching him, so as we need not fear
10	1083	85	To pass commodiously this life, sustain'd
10	1084	85	By him with many comforts, till we end
10	1085	85	In dust, our final rest and native home.
10	1086	85	What better can we do, then to the place
10	1087	85	Repairing where he judg'd us, prostrate fall
10	1088	85	Before him reverent, and there confess
10	1089	85	Humbly our faults, and pardon beg, with tears
10	1090	85	Watering the ground, and with our sighs the Air
10	1091	85	Frequenting, sent from hearts contrite, in sign
10	1092	85	Of sorrow unfeign'd, and humiliation meek.
10	1093	85	Undoubtedly he will relent and turn
10	1094	85	From his displeasure; in whose look serene,
10	1095	85	When angry most he seem'd and most severe,
10	1096	85	What else but favor, grace, and mercie shon?
10	1097	87	So spake our Father penitent, nor Eve
10	1098	87	Felt less remorse: they forthwith to the place
10	1099	87	Repairing where he judg'd them prostrate fell
10	1100	87	Before him reverent, and both confess'd
10	1101	87	Humbly thir faults, and pardon beg'd, with tears
10	1102	87	Watering the ground, and with thir sighs the Air
10	1103	87	Frequenting, sent from hearts contrite, in sign
10	1104	87	Of sorrow unfeign'd, and humiliation meek.
11	1	1	THus they in lowliest plight repentant stood
11	2	1	Praying, for from the Mercie-seat above
11	3	1	Prevenient Grace descending had remov'd
11	4	1	The stonie from thir hearts, & made new flesh
11	5	1	Regenerate grow instead, that sighs now breath'd
11	6	1	Unutterable, which the Spirit of prayer
11	7	1	Inspir'd, and wing'd for Heav'n with speedier flight
11	8	1	Then loudest Oratorie: yet thir port
11	9	1	Not of mean suiters, nor important less
11	10	1	Seem'd thir Petition, then when th' ancient Pair
11	11	1	In Fables old, less ancient yet then these,
11	12	1	Deucalion and chaste Pyrrha to restore
11	13	1	The Race of Mankind drownd, before the Shrine
11	14	1	Of Themis stood devout. To Heav'n thir prayers
11	15	1	Flew up, nor missd the way, by envious windes
11	16	1	Blow'n vagabond or frustrate: in they passd
11	17	1	Dimentionless through Heav'nly dores; then clad
11	18	1	With incense, where the Golden Altar fum'd,
11	19	1	By thir great Intercessor, came in sight
11	20	1	Before the Fathers Throne: Them the glad Son
11	21	1	Presenting, thus to intercede began.
11	22	3	See Father, what first fruits on Earth are sprung
11	23	3	From thy implanted Grace in Man, these Sighs
11	24	3	And Prayers, which in this Golden Censer, mixt
11	25	3	With Incense, I thy Priest before thee bring,
11	26	3	Fruits of more pleasing savour from thy seed
11	27	3	Sow'n with contrition in his heart, then those
11	28	3	Which his own hand manuring all the Trees
11	29	3	Of Paradise could have produc't, ere fall'n
11	30	3	From innocence. Now therefore bend thine eare
11	31	3	To supplication, heare his sighs though mute;
11	32	3	Unskilful with what words to pray, let mee
11	33	3	Interpret for him, mee his Advocate
11	34	3	And propitiation, all his works on mee
11	35	3	Good or not good ingraft, my Merit those
11	36	3	Shall perfet, and for these my Death shall pay.
11	37	3	Accept me, and in mee from these receave
11	38	3	The smell of peace toward Mankinde, let him live
11	39	3	Before thee reconcil'd, at least his days
11	40	3	Numberd, though sad, till Death, his doom (which I
11	41	3	To mitigate thus plead, not to reverse)
11	42	3	To better life shall yeeld him, where with mee
11	43	3	All my redeemd may dwell in joy and bliss,
11	44	3	Made one with me as I with thee am one.
11	45	5	To whom the Father, without Cloud, serene.
11	46	5	All thy request for Man, accepted Son,
11	47	5	Obtain, all thy request was my Decree:
11	48	5	But longer in that Paradise to dwell,
11	49	5	The Law I gave to Nature him forbids:
11	50	5	Those pure immortal Elements that know
11	51	5	No gross, no unharmoneous mixture foule,
11	52	5	Eject him tainted now, and purge him off
11	53	5	As a distemper, gross to aire as gross,
11	54	5	And mortal food, as may dispose him best
11	55	5	For dissolution wrought by Sin, that first
11	56	5	Distemperd all things, and of incorrupt
11	57	5	Corrupted. I at first with two fair gifts
11	58	5	Created him endowd, with Happiness
11	59	5	And Immortalitie: that fondly lost,
11	60	5	This other serv'd but to eternize woe;
11	61	5	Till I provided Death; so Death becomes
11	62	5	His final remedie, and after Life
11	63	5	Tri'd in sharp tribulation, and refin'd
11	64	5	By Faith and faithful works, to second Life,
11	65	5	Wak't in the renovation of the just,
11	66	5	Resignes him up with Heav'n and Earth renewd.
11	67	5	But let us call to Synod all the Blest
11	68	5	Through Heav'ns wide bounds; from them I will not hide
11	69	5	My judgments, how with Mankind I proceed,
11	70	5	As how with peccant Angels late they saw;
11	71	5	And in thir state, though firm, stood more confirmd.
11	72	7	He ended, and the Son gave signal high
11	73	7	To the bright Minister that watchd, hee blew
11	74	7	His Trumpet, heard in Oreb since perhaps
11	75	7	When God descended, and perhaps once more
11	76	7	To sound at general Doom. Th' Angelic blast
11	77	7	Filld all the Regions: from thir blissful Bowrs
11	78	7	Of Amarantin Shade, Fountain or Spring,
11	79	7	By the waters of Life, where ere they sate
11	80	7	In fellowships of joy: the Sons of Light
11	81	7	Hasted, resorting to the Summons high,
11	82	7	And took thir Seats; till from his Throne supream
11	83	7	Th' Almighty thus pronouncd his sovran Will.
11	84	9	O Sons, like one of us Man is become
11	85	9	To know both Good and Evil, since his taste
11	86	9	Of that defended Fruit; but let him boast
11	87	9	His knowledge of Good lost, and Evil got,
11	88	9	Happier, had suffic'd him to have known
11	89	9	Good by it self, and Evil not at all.
11	90	9	He sorrows now, repents, and prayes contrite,
11	91	9	My motions in him, longer then they move,
11	92	9	His heart I know, how variable and vain
11	93	9	Self-left. Least therefore his now bolder hand
11	94	9	Reach also of the Tree of Life, and eat,
11	95	9	And live for ever, dream at least to live
11	96	9	For ever, to remove him I decree,
11	97	9	And send him from the Garden forth to Till
11	98	9	The Ground whence he was taken, fitter soile.
11	99	11	Michael, this my behest have thou in charge,
11	100	11	Take to thee from among the Cherubim
11	101	11	Thy choice of flaming Warriours, least the Fiend
11	102	11	Or in behalf of Man, or to invade
11	103	11	Vacant possession som new trouble raise:
11	104	11	Hast thee, and from the Paradise of God
11	105	11	Without remorse drive out the sinful Pair,
11	106	11	From hallowd ground th' unholie, and denounce
11	107	11	To them and to thir Progenie from thence
11	108	11	Perpetual banishment. Yet least they faint
11	109	11	At the sad Sentence rigorously urg'd,
11	110	11	For I behold them softn'd and with tears
11	111	11	Bewailing thir excess, all terror hide.
11	112	11	If patiently thy bidding they obey,
11	113	11	Dismiss them not disconsolate; reveale
11	114	11	To Adam what shall come in future dayes,
11	115	11	As I shall thee enlighten, intermix
11	116	11	My Cov'nant in the womans seed renewd;
11	117	11	So send them forth, though sorrowing, yet in peace:
11	118	11	And on the East side of the Garden place,
11	119	11	Where entrance up from Eden easiest climbes,
11	120	11	Cherubic watch, and of a Sword the flame
11	121	11	Wide waving, all approach farr off to fright,
11	122	11	And guard all passage to the Tree of Life:
11	123	11	Least Paradise a receptacle prove
11	124	11	To Spirits foule, and all my Trees thir prey,
11	125	11	With whose stol'n Fruit Man once more to delude.
11	126	13	He ceas'd; and th' Archangelic Power prepar'd
11	127	13	For swift descent, with him the Cohort bright
11	128	13	Of watchful Cherubim; four faces each
11	129	13	Had, like a double Janus, all thir shape
11	130	13	Spangl'd with eyes more numerous then those
11	131	13	Of Argus, and more wakeful then to drouze,
11	132	13	Charm'd with Arcadian Pipe, the Pastoral Reed
11	133	13	Of Hermes, or his opiate Rod. Mean while
11	134	13	To resalute the World with sacred Light
11	135	13	Leucothea wak'd, and with fresh dews imbalmd
11	136	13	The Earth, when Adam and first Matron Eve
11	137	13	Had ended now thir Orisons, and found,
11	138	13	Strength added from above, new hope to spring
11	139	13	Out of despaire, joy, but with fear yet linkt;
11	140	13	Which thus to Eve his welcome words renewd.
11	141	15	Eve, easily may Faith admit, that all
11	142	15	The good which we enjoy, from Heav'n descends;
11	143	15	But that from us ought should ascend to Heav'n
11	144	15	So prevalent as to concerne the mind
11	145	15	Of God high-blest, or to incline his will,
11	146	15	Hard to belief may seem; yet this will Prayer,
11	147	15	Or one short sigh of humane breath, up-borne
11	148	15	Ev'n to the Seat of God. For since I saught
11	149	15	By Prayer th' offended Deitie to appease,
11	150	15	Kneel'd and before him humbl'd all my heart,
11	151	15	Methought I saw him placable and mild,
11	152	15	Bending his eare; perswasion in me grew
11	153	15	That I was heard with favour; peace returnd
11	154	15	Home to my brest, and to my memorie
11	155	15	His promise, that thy Seed shall bruise our Foe;
11	156	15	Which then not minded in dismay, yet now
11	157	15	Assures me that the bitterness of death
11	158	15	Is past, and we shall live. Whence Haile to thee,
11	159	15	Eve rightly call'd, Mother of all Mankind,
11	160	15	Mother of all things living, since by thee
11	161	15	Man is to live, and all things live for Man.
11	162	17	To whom thus Eve with sad demeanour meek.
11	163	17	Ill worthie I such title should belong
11	164	17	To me transgressour, who for thee ordaind
11	165	17	A help, became thy snare; to mee reproach
11	166	17	Rather belongs, distrust and all dispraise:
11	167	17	But infinite in pardon was my Judge,
11	168	17	That I who first brought Death on all, am grac't
11	169	17	The sourse of life; next favourable thou,
11	170	17	Who highly thus to entitle me voutsaf'st,
11	171	17	Farr other name deserving. But the Field
11	172	17	To labour calls us now with sweat impos'd,
11	173	17	Though after sleepless Night; for see the Morn,
11	174	17	All unconcern'd with our unrest, begins
11	175	17	Her rosie progress smiling; let us forth,
11	176	17	I never from thy side henceforth to stray,
11	177	17	Wherere our days work lies, though now enjoind
11	178	17	Laborious, till day droop; while here we dwell,
11	179	17	What can be toilsom in these pleasant Walkes?
11	180	17	Here let us live, though in fall'n state, content.
11	181	19	So spake, so wish'd much-humbl'd Eve, but Fate
11	182	19	Subscrib'd not; Nature first gave Signs, imprest
11	183	19	On Bird, Beast, Aire, Aire suddenly eclips'd
11	184	19	After short blush of Morn; nigh in her sight
11	185	19	The Bird of Jove, stoopt from his aerie tour,
11	186	19	Two Birds of gayest plume before him drove:
11	187	19	Down from a Hill the Beast that reigns in Woods,
11	188	19	First hunter then, pursu'd a gentle brace,
11	189	19	Goodliest of all the Forrest, Hart and Hinde;
11	190	19	Direct to th' Eastern Gate was bent thir flight.
11	191	19	Adam observ'd, and with his Eye the chase
11	192	19	Pursuing, not unmov'd to Eve thus spake.
11	193	21	O Eve, some furder change awaits us nigh,
11	194	21	Which Heav'n by these mute signs in Nature shews
11	195	21	Forerunners of his purpose, or to warn
11	196	21	Us haply too secure of our discharge
11	197	21	From penaltie, because from death releast
11	198	21	Some days; how long, and what till then our life,
11	199	21	Who knows, or more then this, that we are dust,
11	200	21	And thither must return and be no more.
11	201	21	Why else this double object in our sight
11	202	21	Of flight pursu'd in th' Air and ore the ground
11	203	21	One way the self-same hour? why in the East
11	204	21	Darkness ere Dayes mid-course, and Morning light
11	205	21	More orient in yon Western Cloud that draws
11	206	21	O're the blew Firmament a radiant white,
11	207	21	And slow descends, with somthing heav'nly fraught.
11	208	23	He err'd not, for by this the heav'nly Bands
11	209	23	Down from a Skie of Jasper lighted now
11	210	23	In Paradise, and on a Hill made alt,
11	211	23	A glorious Apparition, had not doubt
11	212	23	And carnal fear that day dimm'd Adams eye.
11	213	23	Not that more glorious, when the Angels met
11	214	23	Jacob in Mahanaim, where he saw
11	215	23	The field Pavilion'd with his Guardians bright;
11	216	23	Nor that which on the flaming Mount appeerd
11	217	23	In Dothan, cover'd with a Camp of Fire,
11	218	23	Against the Syrian King, who to surprize
11	219	23	One man, Assassin-like had levied Warr,
11	220	23	Warr unproclam'd. The Princely Hierarch
11	221	23	In thir bright stand, there left his Powers to seise
11	222	23	Possession of the Garden; hee alone,
11	223	23	To find where Adam shelterd, took his way,
11	224	23	Not unperceav'd of Adam, who to Eve,
11	225	23	While the great Visitant approachd, thus spake.
11	226	25	Eve, now expect great tidings, which perhaps
11	227	25	Of us will soon determin, or impose
11	228	25	New Laws to be observ'd; for I descrie
11	229	25	From yonder blazing Cloud that veils the Hill
11	230	25	One of the heav'nly Host, and by his Gate
11	231	25	None of the meanest, some great Potentate
11	232	25	Or of the Thrones above, such Majestie
11	233	25	Invests him coming? yet not terrible,
11	234	25	That I should fear, nor sociably mild,
11	235	25	As Raphael, that I should much confide,
11	236	25	But solemn and sublime, whom not to offend,
11	237	25	With reverence I must meet, and thou retire.
11	238	25	He ended; and th' Arch-Angel soon drew nigh,
11	239	25	Not in his shape Celestial, but as Man
11	240	25	Clad to meet Man; over his lucid Armes
11	241	25	A militarie Vest of purple flowd
11	242	25	Livelier then Melibœan, or the graine
11	243	25	Of Sarra, worn by Kings and Hero's old
11	244	25	In time of Truce; Iris had dipt the wooff;
11	245	25	His starrie Helme unbuckl'd shew'd him prime
11	246	25	In Manhood where Youth ended; by his side
11	247	25	As in a glistering Zodiac hung the Sword,
11	248	25	Satans dire dread, and in his hand the Spear.
11	249	25	Adam bowd low, hee Kingly from his State
11	250	25	Inclin'd not, but his coming thus declar'd.
11	251	27	Adam, Heav'ns high behest no Preface needs:
11	252	27	Sufficient that thy Prayers are heard, and Death,
11	253	27	Then due by sentence when thou didst transgress,
11	254	27	Defeated of his seisure many dayes
11	255	27	Giv'n thee of Grace, wherein thou may'st repent,
11	256	27	And one bad act with many deeds well done
11	257	27	Mayst cover: well may then thy Lord appeas'd
11	258	27	Redeem thee quite from Deaths rapacious claime;
11	259	27	But longer in this Paradise to dwell
11	260	27	Permits not; to remove thee I am come,
11	261	27	And send thee from the Garden forth to till
11	262	27	The ground whence thou wast tak'n, fitter Soile.
11	263	29	He added not, for Adam at the newes
11	264	29	Heart-strook with chilling gripe of sorrow stood,
11	265	29	That all his senses bound; Eve, who unseen
11	266	29	Yet all had heard, with audible lament
11	267	29	Discover'd soon the place of her retire.
11	268	31	O unexpected stroke, worse then of Death!
11	269	31	Must I thus leave thee Paradise? thus leave
11	270	31	Thee Native Soile, these happie Walks and Shades,
11	271	31	Fit haunt of Gods? where I had hope to spend,
11	272	31	Quiet though sad, the respit of that day
11	273	31	That must be mortal to us both. O flours,
11	274	31	That never will in other Climate grow,
11	275	31	My early visitation, and my last
11	276	31	At Eev'n, which I bred up with tender hand
11	277	31	From the first op'ning bud, and gave ye Names,
11	278	31	Who now shall reare ye to the Sun, or ranke
11	279	31	Your Tribes, and water from th' ambrosial Fount?
11	280	31	Thee lastly nuptial Bowre, by mee adornd
11	281	31	With what to sight or smell was sweet; from thee
11	282	31	How shall I part, and whither wander down
11	283	31	Into a lower World, to this obscure
11	284	31	And wilde, how shall we breath in other Aire
11	285	31	Less pure, accustomd to immortal Fruits?
11	286	33	Whom thus the Angel interrupted milde.
11	287	33	Lament not Eve, but patiently resigne
11	288	33	What justly thou hast lost; nor set thy heart,
11	289	33	Thus over-fond, on that which is not thine;
11	290	33	Thy going is not lonely, with thee goes
11	291	33	Thy Husband, him to follow thou art bound;
11	292	33	Where he abides, think there thy native soile.
11	293	35	Adam by this from the cold sudden damp
11	294	35	Recovering, and his scatterd spirits returnd,
11	295	35	To Michael thus his humble words addressd.
11	296	37	Celestial, whether among the Thrones, or nam'd
11	297	37	Of them the Highest, for such of shape may seem
11	298	37	Prince above Princes, gently hast thou tould
11	299	37	Thy message, which might else in telling wound,
11	300	37	And in performing end us; what besides
11	301	37	Of sorrow and dejection and despair
11	302	37	Our frailtie can sustain, thy tidings bring,
11	303	37	Departure from this happy place, our sweet
11	304	37	Recess, and onely consolation left
11	305	37	Familiar to our eyes, all places else
11	306	37	Inhospitable appeer and desolate,
11	307	37	Nor knowing us nor known: and if by prayer
11	308	37	Incessant I could hope to change the will
11	309	37	Of him who all things can, I would not cease
11	310	37	To wearie him with my assiduous cries:
11	311	37	But prayer against his absolute Decree
11	312	37	No more availes then breath against the winde,
11	313	37	Blown stifling back on him that breaths it forth:
11	314	37	Therefore to his great bidding I submit.
11	315	37	This most afflicts me, that departing hence,
11	316	37	As from his face I shall be hid, deprivd
11	317	37	His blessed count'nance; here I could frequent,
11	318	37	With worship, place by place where he voutsaf'd
11	319	37	Presence Divine, and to my Sons relate;
11	320	37	On this Mount he appeerd, under this Tree
11	321	37	Stood visible, among these Pines his voice
11	322	37	I heard, here with him at this Fountain talk'd:
11	323	37	So many grateful Altars I would reare
11	324	37	Of grassie Terfe, and pile up every Stone
11	325	37	Of lustre from the brook, in memorie,
11	326	37	Or monument to Ages, and thereon
11	327	37	Offer sweet smelling Gumms and Fruits and Flours:
11	328	37	In yonder nether World where shall I seek
11	329	37	His bright appearances, or foot step-trace?
11	330	37	For though I fled him angrie, yet recall'd
11	331	37	To life prolongd and promisd Race, I now
11	332	37	Gladly behold though but his utmost skirts
11	333	37	Of glory, and farr off his steps adore.
11	334	39	To whom thus Michael with regard benigne.
11	335	39	Adam, thou know'st Heav'n his, and all the Earth.
11	336	39	Not this Rock onely; his Omnipresence fills
11	337	39	Land, Sea, and Aire, and every kinde that lives,
11	338	39	Fomented by his virtual power and warmd:
11	339	39	All th' Earth he gave thee to possess and rule,
11	340	39	No despicable gift; surmise not then
11	341	39	His presence to these narrow bounds confin'd
11	342	39	Of Paradise or Eden: this had been
11	343	39	Perhaps thy Capital Seate, from whence had spred
11	344	39	All generations, and had hither come
11	345	39	From all the ends of th' Earth, to celebrate
11	346	39	And reverence thee thir great Progenitor.
11	347	39	But this præeminence thou hast lost, brought down
11	348	39	To dwell on eeven ground now with thy Sons:
11	349	39	Yet doubt not but in Vallie and in Plaine
11	350	39	God is as here, and will be found alike
11	351	39	Present, and of his presence many a signe
11	352	39	Still following thee, still compassing thee round
11	353	39	With goodness and paternal Love, his Face
11	354	39	Express, and of his steps the track Divine.
11	355	39	Which that thou mayst beleeve, and be confirmd
11	356	39	Ere thou from hence depart, know I am sent
11	357	39	To shew thee what shall come in future dayes
11	358	39	To thee and to thy Ofspring; good with bad
11	359	39	Expect to hear, supernal Grace contending
11	360	39	With sinfulness of Men; thereby to learn
11	361	39	True patience, and to temper joy with fear
11	362	39	And pious sorrow, equally enur'd
11	363	39	By moderation either state to beare,
11	364	39	Prosperous or adverse: so shalt thou lead
11	365	39	Safest thy life, and best prepar'd endure
11	366	39	Thy mortal passage when it comes. Ascend
11	367	39	This Hill; let Eve (for I have drencht her eyes)
11	368	39	Here sleep below while thou to foresight wak'st,
11	369	39	As once thou slepst, while Shee to life was formd.
11	370	41	To whom thus Adam gratefully repli'd.
11	371	41	Ascend, I follow thee, safe Guide, the path
11	372	41	Thou lead'st me, and to the hand of Heav'n submit,
11	373	41	However chast'ning, to the evil turne
11	374	41	My obvious breast, arming to overcom
11	375	41	By suffering, and earne rest from labour won,
11	376	41	If so I may attain. So both ascend
11	377	41	In the Visions of God: It was a Hill
11	378	41	Of Paradise the highest, from whose top
11	379	41	The Hemisphere of Earth in cleerest Ken
11	380	41	Stretcht out to amplest reach of prospect lay.
11	381	41	Not higher that Hill nor wider looking round,
11	382	41	Whereon for different cause the Tempter set
11	383	41	Our second Adam in the Wilderness,
11	384	41	To shew him all Earths Kingdomes and thir Glory.
11	385	41	His Eye might there command wherever stood
11	386	41	City of old or modern Fame, the Seat
11	387	41	Of mightiest Empire, from the destind Walls
11	388	41	Of Cambalu, seat of Cathaian Can
11	389	41	And Samarchand by Oxus, Temirs Throne,
11	390	41	To Paquin of Sinæan Kings, and thence
11	391	41	To Agra and Lahor of great Mogul
11	392	41	Down to the golden Chersonese, or where
11	393	41	The Persian in Ecbatan sate, or since
11	394	41	In Hispahan, or where the Russian Ksar
11	395	41	In Mosco, or the Sultan in Bizance,
11	396	41	Turchestan-born; nor could his eye not ken
11	397	41	Th' Empire of Negus to his utmost Port
11	398	41	Ercoco and the less Maritim Kings
11	399	41	Mombaza, and Quiloa, and Melind,
11	400	41	And Sofala thought Ophir, to the Realme
11	401	41	Of Congo, and Angola fardest South;
11	402	41	Or thence from Niger Flood to Atlas Mount
11	403	41	The Kingdoms of Almansor, Fez and Sus,
11	404	41	Marocco and Algiers, and Tremisen;
11	405	41	On Europe thence, and where Rome was to sway
11	406	41	The World: in Spirit perhaps he also saw
11	407	41	Rich Mexico the seat of Motezume,
11	408	41	And Cusco in Peru, the richer seat
11	409	41	Of Atabalipa, and yet unspoil'd
11	410	41	Guiana, whose great Citie Geryons Sons
11	411	41	Call El Dorado: but to nobler sights
11	412	41	Michael from Adams eyes the Filme remov'd
11	413	41	Which that false Fruit that promis'd clearer sight
11	414	41	Had bred; then purg'd with Euphrasie and Rue
11	415	41	The visual Nerve, for he had much to see;
11	416	41	And from the Well of Life three drops instill'd.
11	417	41	So deep the power of these Ingredients pierc'd,
11	418	41	Eevn to the inmost seat of mental sight,
11	419	41	That Adam now enforc't to close his eyes,
11	420	41	Sunk down and all his Spirits became intranst:
11	421	41	But him the gentle Angel by the hand
11	422	41	Soon rais'd, and his attention thus recall'd.
11	423	43	Adam, now ope thine eyes, and first behold
11	424	43	Th' effects which thy original crime hath wrought
11	425	43	In some to spring from thee, who never touch'd
11	426	43	Th' excepted Tree, nor with the Snake conspir'd,
11	427	43	Nor sinn'd thy sin, yet from that sin derive
11	428	43	Corruption to bring forth more violent deeds.
11	429	45	His eyes he op'nd, and beheld a field,
11	430	45	Part arable and tilth, whereon were Sheaves
11	431	45	New reapt, the other part sheep-walks and foulds;
11	432	45	Ith' midst an Altar as the Land-mark stood
11	433	45	Rustic, of grassie sord; thither anon
11	434	45	A sweatie Reaper from his Tillage brought
11	435	45	First Fruits, the green Eare, and the yellow Sheaf,
11	436	45	Uncull'd, as came to hand; a Shepherd next
11	437	45	More meek came with the Firstlings of his Flock
11	438	45	Choicest and best; then sacrificing, laid
11	439	45	The Inwards and thir Fat, with Incense strew'd,
11	440	45	On the cleft Wood, and all due Rites perform'd.
11	441	45	His Offring soon propitious Fire from Heav'n
11	442	45	Consum'd with nimble glance, and grateful steame;
11	443	45	The others not, for his was not sincere;
11	444	45	Whereat hee inlie rag'd, and as they talk'd,
11	445	45	Smote him into the Midriff with a stone
11	446	45	That beat out life; he fell, and deadly pale
11	447	45	Groand out his Soul with gushing bloud effus'd.
11	448	45	Much at that sight was Adam in his heart
11	449	45	Dismai'd, and thus in haste to th' Angel cri'd.
11	450	47	O Teacher, some great mischief hath befall'n
11	451	47	To that meek man, who well had sacrific'd;
11	452	47	Is Pietie thus and pure Devotion paid?
11	453	49	T' whom Michael thus, hee also mov'd, repli'd.
11	454	49	These two are Brethren, Adam, and to come
11	455	49	Out of thy loyns; th' unjust the just hath slain,
11	456	49	For envie that his Brothers Offering found
11	457	49	From Heav'n acceptance; but the bloodie Fact
11	458	49	Will be aveng'd, and th' others Faith approv'd
11	459	49	Loose no reward, though here thou see him die,
11	460	49	Rowling in dust and gore. To which our Sire.
11	461	51	Alas, both for the deed and for the cause!
11	462	51	But have I now seen Death? Is this the way
11	463	51	I must return to native dust? O sight
11	464	51	Of terrour, foul and ugly to behold,
11	465	51	Horrid to think, how horrible to feel!
11	466	53	To whom thus Michael. Death thou hast seen
11	467	53	In his first shape on man; but many shapes
11	468	53	Of Death, and many are the wayes that lead
11	469	53	To his grim Cave, all dismal; yet to sense
11	470	53	More terrible at th' entrance then within.
11	471	53	Some, as thou saw'st, by violent stroke shall die,
11	472	53	By Fire, Flood, Famin, by Intemperance more
11	473	53	In Meats and Drinks, which on the Earth shall bring
11	474	53	Diseases dire, of which a monstrous crew
11	475	53	Before thee shall appear; that thou mayst know
11	476	53	What miserie th' inabstinence of Eve
11	477	53	Shall bring on men. Immediately a place
11	478	53	Before his eyes appeard, sad, noysom, dark,
11	479	53	A Lazar-house it seemd, wherein were laid
11	480	53	Numbers of all diseas'd, all maladies
11	481	53	Of gastly Spasm, or racking torture, qualmes
11	482	53	Of heart-sick Agonie, all feavorous kinds,
11	483	53	Convulsions, Epilepsies, fierce Catarrhs,
11	484	53	Intestin Stone and Ulcer, Colic pangs,
11	485	53	Dæmoniac Phrenzie, moaping Melancholie
11	486	53	And Moon-struck madness, pining Atrophie
11	487	53	Marasmus and wide-wasting Pestilence,
11	488	53	Dropsies, and Asthma's, and Joint-racking Rheums.
11	489	53	Dire was the tossing, deep the groans, despair
11	490	53	Tended the sick busiest from Couch to Couch;
11	491	53	And over them triumphant Death his Dart
11	492	53	Shook, but delaid to strike, though oft invokt
11	493	53	With vows, as thir chief good, and final hope.
11	494	53	Sight so deform what heart of Rock could long
11	495	53	Drie-ey'd behold? Adam could not, but wept,
11	496	53	Though not of Woman born; compassion quell'd
11	497	53	His best of Man, and gave him up to tears
11	498	53	A space, till firmer thoughts restraind excess,
11	499	53	And scarce recovering words his plaint renew'd.
11	500	55	O miserable Mankind, to what fall
11	501	55	Degraded, to what wretched state reserv'd!
11	502	55	Better end heer unborn. Why is life giv'n
11	503	55	To be thus wrested from us? rather why
11	504	55	Obtruded on us thus? who if we knew
11	505	55	What we receive, would either not accept
11	506	55	Life offer'd, or soon beg to lay it down,
11	507	55	Glad to be so dismist in peace. Can thus
11	508	55	Th' Image of God in man created once
11	509	55	So goodly and erect, though faultie since,
11	510	55	To such unsightly sufferings be debas't
11	511	55	Under inhuman pains? Why should not Man,
11	512	55	Retaining still Divine similitude
11	513	55	In part, from such deformities be free,
11	514	55	And for his Makers Image sake exempt?
11	515	57	Thir Makers Image, answerd Michael, then
11	516	57	Forsook them, when themselves they villifi'd
11	517	57	To serve ungovern'd appetite, and took
11	518	57	His Image whom they serv'd, a brutish vice,
11	519	57	Inductive mainly to the sin of Eve.
11	520	57	Therefore so abject is thir punishment,
11	521	57	Disfiguring not Gods likeness, but thir own,
11	522	57	Or if his likeness, by themselves defac't
11	523	57	While they pervert pure Natures healthful rules
11	524	57	To loathsom sickness, worthily, since they
11	525	57	Gods Image did not reverence in themselves.
11	526	59	I yield it just, said Adam, and submit.
11	527	59	But is there yet no other way, besides
11	528	59	These painful passages, how we may come
11	529	59	To Death, and mix with our connatural dust?
11	530	61	There is, said Michael, if thou well observe
11	531	61	The rule of not too much, by temperance taught
11	532	61	In what thou eatst and drinkst, seeking from thence
11	533	61	Due nourishment, not gluttonous delight,
11	534	61	Till many years over thy head return:
11	535	61	So maist thou live, till like ripe Fruit thou drop
11	536	61	Into thy Mothers lap, or be with ease
11	537	61	Gatherd, not harshly pluckt, for death mature:
11	538	61	This is old age; but then thou must outlive
11	539	61	Thy youth, thy strength, thy beauty, which will change
11	540	61	To witherd weak and gray; thy Senses then
11	541	61	Obtuse, all taste of pleasure must forgoe,
11	542	61	To what thou hast, and for the Aire of youth
11	543	61	Hopeful and cheerful, in thy blood will reigne
11	544	61	A melancholly damp of cold and dry
11	545	61	To weigh thy spirits down, and last consume
11	546	61	The Balme of Life. To whom our Ancestor.
11	547	63	Henceforth I flie not Death, nor would prolong
11	548	63	Life much, bent rather how I may be quit
11	549	63	Fairest and easiest of this combrous charge,
11	550	63	Which I must keep till my appointed day
11	551	63	Of rendring up, and patiently attend
11	552	63	My dissolution. Michael repli'd,
11	553	65	Nor love thy Life, nor hate; but what thou livst
11	554	65	Live well, how long or short permit to Heav'n:
11	555	65	And now prepare thee for another sight.
11	556	67	He lookd and saw a spacious Plaine, whereon
11	557	67	Were Tents of various hue; by some were herds
11	558	67	Of Cattel grazing: others, whence the sound
11	559	67	Of Instruments that made melodious chime
11	560	67	Was heard, of Harp and Organ; and who moovd
11	561	67	Thir stops and chords was seen: his volant touch
11	562	67	Instinct through all proportions low and high
11	563	67	Fled and pursu'd transverse the resonant fugue.
11	564	67	In other part stood one who at the Forge
11	565	67	Labouring, two massie clods of Iron and Brass
11	566	67	Had melted (whether found where casual fire
11	567	67	Had wasted woods on Mountain or in Vale,
11	568	67	Down to the veins of Earth, thence gliding hot
11	569	67	To som Caves mouth, or whether washt by stream
11	570	67	From underground) the liquid Ore he dreind
11	571	67	Into fit moulds prepar'd; from which he formd
11	572	67	First his own Tooles; then, what might else be wrought
11	573	67	Fusil or grav'n in mettle. After these,
11	574	67	But on the hether side a different sort
11	575	67	From the high neighbouring Hills, which was thir Seat,
11	576	67	Down to the Plain descended: by thir guise
11	577	67	Just men they seemd, and all thir study bent
11	578	67	To worship God aright, and know his works
11	579	67	Not hid, nor those things last which might preserve
11	580	67	Freedom and Peace to men: they on the Plain
11	581	67	Long had not walkt, when from the Tents behold
11	582	67	A Beavie of fair Women, richly gay
11	583	67	In Gems and wanton dress; to the Harp they sung
11	584	67	Soft amorous Ditties, and in dance came on:
11	585	67	The Men though grave, ey'd them, and let thir eyes
11	586	67	Rove without rein, till in the amorous Net
11	587	67	Fast caught, they lik'd, and each his liking chose;
11	588	67	And now of love they treat till th'Eevning Star
11	589	67	Loves Harbinger appeerd; then all in heat
11	590	67	They light the Nuptial Torch, and bid invoke
11	591	67	Hymen, then first to marriage Rites invok't;
11	592	67	With Feast and Musick all the Tents resound.
11	593	67	Such happy interview and fair event
11	594	67	Of love and youth not lost, Songs, Garlands, Flours,
11	595	67	And charming Symphonies attach'd the heart
11	596	67	Of Adam, soon enclin'd to admit delight,
11	597	67	The bent of Nature; which he thus express'd.
11	598	69	True opener of mine eyes, prime Angel blest,
11	599	69	Much better seems this Vision, and more hope
11	600	69	Of peaceful dayes portends, then those two past;
11	601	69	Those were of hate and death, or pain much worse,
11	602	69	Here Nature seems fulfilld in all her ends.
11	603	71	To whom thus Michael. Judg not what is best
11	604	71	By pleasure, though to Nature seeming meet,
11	605	71	Created, as thou art, to nobler end
11	606	71	Holie and pure, conformitie divine.
11	607	71	Those Tents thou sawst so pleasant, were the Tents
11	608	71	Of wickedness, wherein shall dwell his Race
11	609	71	Who slew his Brother; studious they appere
11	610	71	Of Arts that polish Life, Inventers rare,
11	611	71	Unmindful of thir Maker, though his Spirit
11	612	71	Taught them, but they his gifts acknowledg'd none.
11	613	71	Yet they a beauteous ofspring shall beget;
11	614	71	For that fair femal Troop thou sawst, that seemd
11	615	71	Of Goddesses, so blithe, so smooth, so gay,
11	616	71	Yet empty of all good wherein consists
11	617	71	Womans domestic honour and chief praise;
11	618	71	Bred onely and completed to the taste
11	619	71	Of lustful appetence, to sing, to dance,
11	620	71	To dress, and troule the Tongue, and roule the Eye.
11	621	71	To these that sober Race of Men, whose lives
11	622	71	Religious titl'd them the Sons of God,
11	623	71	Shall yield up all thir vertue, all thir fame
11	624	71	Ignobly, to the traines and to the smiles
11	625	71	Of these fair Atheists, and now swim in joy,
11	626	71	(Erelong to swim at large) and laugh; for which
11	627	71	The world erelong a world of tears must weepe.
11	628	73	To whom thus Adam of short joy bereft.
11	629	73	O pittie and shame, that they who to live well
11	630	73	Enterd so faire, should turn aside to tread
11	631	73	Paths indirect, or in the mid way faint!
11	632	73	But still I see the tenor of Mans woe
11	633	73	Holds on the same, from Woman to begin.
11	634	75	From Mans effeminate slackness it begins,
11	635	75	Said th' Angel, who should better hold his place
11	636	75	By wisdome, and superiour gifts receav'd.
11	637	75	But now prepare thee for another Scene.
11	638	77	He lookd and saw wide Territorie spred
11	639	77	Before him, Towns, and rural works between,
11	640	77	Cities of Men with lofty Gates and Towrs,
11	641	77	Concours in Arms, fierce Faces threatning Warr,
11	642	77	Giants of mightie Bone, and bould emprise;
11	643	77	Part wield thir Arms, part courb the foaming Steed,
11	644	77	Single or in Array of Battel rang'd
11	645	77	Both Horse and Foot, nor idely mustring stood;
11	646	77	One way a Band select from forage drives
11	647	77	A herd of Beeves, faire Oxen and faire Kine
11	648	77	From a fat Meddow ground; or fleecy Flock,
11	649	77	Ewes and thir bleating Lambs over the Plaine,
11	650	77	Thir Bootie; scarce with Life the Shepherds flye,
11	651	77	But call in aide, which makes a bloody Fray;
11	652	77	With cruel Tournament the Squadrons joine;
11	653	77	Where Cattle pastur'd late, now scatterd lies
11	654	77	With Carcasses and Arms th'ensanguind Field
11	655	77	Deserted: Others to a Citie strong
11	656	77	Lay Seige, encampt; by Batterie, Scale, and Mine,
11	657	77	Assaulting; others from the Wall defend
11	658	77	With Dart and Jav'lin, Stones and sulfurous Fire;
11	659	77	On each hand slaughter and gigantic deeds.
11	660	77	In other part the scepter'd Haralds call
11	661	77	To Council in the Citie Gates: anon
11	662	77	Grey-headed men and grave, with Warriours mixt,
11	663	77	Assemble, and Harangues are heard, but soon
11	664	77	In factious opposition, till at last
11	665	77	Of middle Age one rising, eminent
11	666	77	In wise deport, spake much of Right and Wrong,
11	667	77	Of Justice, of Religion, Truth and Peace,
11	668	77	And Judgment from above: him old and young
11	669	77	Exploded, and had seiz'd with violent hands,
11	670	77	Had not a Cloud descending snatch'd him thence
11	671	77	Unseen amid the throng: so violence
11	672	77	Proceeded, and Oppression, and Sword-Law
11	673	77	Through all the Plain, and refuge none was found.
11	674	77	Adam was all in tears, and to his guide
11	675	77	Lamenting turnd full sad; O what are these,
11	676	77	Deaths Ministers, not Men, who thus deal Death
11	677	77	Inhumanly to men, and multiply
11	678	77	Ten thousandfould the sin of him who slew
11	679	77	His Brother; for of whom such massacher
11	680	77	Make they but of thir Brethren, men of men?
11	681	77	But who was that Just Man, whom had not Heav'n
11	682	77	Rescu'd, had in his Righteousness bin lost?
11	683	79	To whom thus Michael. These are the product
11	684	79	Of those ill mated Marriages thou saw'st:
11	685	79	Where good with bad were matcht, who of themselves
11	686	79	Abhor to joyn; and by imprudence mixt,
11	687	79	Produce prodigious Births of bodie or mind.
11	688	79	Such were these Giants, men of high renown;
11	689	79	For in those dayes Might onely shall be admir'd,
11	690	79	And Valour and Heroic Vertu call'd;
11	691	79	To overcome in Battle, and subdue
11	692	79	Nations, and bring home spoils with infinite
11	693	79	Man-slaughter, shall be held the highest pitch
11	694	79	Of human Glorie, and for Glorie done
11	695	79	Of triumph, to be styl'd great Conquerours,
11	696	79	Patrons of Mankind, Gods, and Sons of Gods,
11	697	79	Destroyers rightlier call'd and Plagues of men.
11	698	79	Thus Fame shall be atchiev'd, renown on Earth,
11	699	79	And what most merits fame in silence hid.
11	700	79	But hee the seventh from thee, whom thou beheldst
11	701	79	The onely righteous in a World perverse,
11	702	79	And therefore hated, therefore so beset
11	703	79	With Foes for daring single to be just,
11	704	79	And utter odious Truth, that God would come
11	705	79	To judge them with his Saints: Him the most High
11	706	79	Rapt in a balmie Cloud with winged Steeds
11	707	79	Did, as thou sawst, receave, to walk with God
11	708	79	High in Salvation and the Climes of bliss,
11	709	79	Exempt from Death; to shew thee what reward
11	710	79	Awaits the good, the rest what punishment?
11	711	79	Which now direct thine eyes and soon behold.
11	712	81	He look'd, and saw the face of things quite chang'd;
11	713	81	The brazen Throat of Warr had ceast to roar,
11	714	81	All now was turn'd to jollitie and game,
11	715	81	To luxurie and riot, feast and dance,
11	716	81	Marrying or prostituting, as befell,
11	717	81	Rape or Adulterie, where passing faire
11	718	81	Allurd them; thence from Cups to civil Broiles.
11	719	81	At length a Reverend Sire among them came,
11	720	81	And of thir doings great dislike declar'd,
11	721	81	And testifi'd against thir wayes; hee oft
11	722	81	Frequented thir Assemblies, whereso met,
11	723	81	Triumphs or Festivals, and to them preachd
11	724	81	Conversion and Repentance, as to Souls
11	725	81	In prison under Judgments imminent:
11	726	81	But all in vain: which when he saw, he ceas'd
11	727	81	Contending, and remov'd his Tents farr off;
11	728	81	Then from the Mountain hewing Timber tall,
11	729	81	Began to build a Vessel of huge bulk,
11	730	81	Measur'd by Cubit, length, and breadth, and highth,
11	731	81	Smeard round with Pitch, and in the side a dore
11	732	81	Contriv'd, and of provisions laid in large
11	733	81	For Man and Beast: when loe a wonder strange!
11	734	81	Of every Beast, and Bird, and Insect small
11	735	81	Came seavens, and pairs, and enterd in, as taught
11	736	81	Thir order; last the Sire, and his three Sons
11	737	81	With thir four Wives; and God made fast the dore.
11	738	81	Meanwhile the Southwind rose, and with black wings
11	739	81	Wide hovering, all the Clouds together drove
11	740	81	From under Heav'n; the Hills to their supplie
11	741	81	Vapour, and Exhalation dusk and moist,
11	742	81	Sent up amain; and now the thick'nd Skie
11	743	81	Like a dark Ceeling stood; down rush'd the Rain
11	744	81	Impetuous, and continu'd till the Earth
11	745	81	No more was seen; the floating Vessel swum
11	746	81	Uplifted; and secure with beaked prow
11	747	81	Rode tilting o're the Waves, all dwellings else
11	748	81	Flood overwhelmd, and them with all thir pomp
11	749	81	Deep under water rould; Sea cover'd Sea,
11	750	81	Sea without shoar; and in thir Palaces
11	751	81	Where luxurie late reign'd, Sea-monsters whelp'd
11	752	81	And stabl'd; of Mankind, so numerous late,
11	753	81	All left, in one small bottom swum imbark't.
11	754	81	How didst thou grieve then, Adam, to behold
11	755	81	The end of all thy Ofspring, end so sad,
11	756	81	Depopulation; thee another Floud,
11	757	81	Of tears and sorrow a Floud thee also drown'd,
11	758	81	And sunk thee as thy Sons; till gently reard
11	759	81	By th' Angel, on thy feet thou stoodst at last,
11	760	81	Though comfortless, as when a Father mourns
11	761	81	His Children, all in view destroyd at once;
11	762	81	And scarce to th' Angel utterdst thus thy plaint.
11	763	83	O Visions ill foreseen! better had I
11	764	83	Liv'd ignorant of future, so had borne
11	765	83	My part of evil onely, each dayes lot
11	766	83	Anough to bear; those now, that were dispenst
11	767	83	The burd'n of many Ages, on me light
11	768	83	At once, by my foreknowledge gaining Birth
11	769	83	Abortive, to torment me ere thir being,
11	770	83	With thought that they must be. Let no man seek
11	771	83	Henceforth to be foretold what shall befall
11	772	83	Him or his Childern, evil he may be sure,
11	773	83	Which neither his foreknowing can prevent,
11	774	83	And hee the future evil shall no less
11	775	83	In apprehension then in substance feel
11	776	83	Grievous to bear: but that care now is past,
11	777	83	Man is not whom to warne: those few escapt
11	778	83	Famin and anguish will at last consume
11	779	83	Wandring that watrie Desert: I had hope
11	780	83	When violence was ceas't, and Warr on Earth,
11	781	83	All would have then gon well, peace would have crownd
11	782	83	With length of happy dayes the race of man;
11	783	83	But I was farr deceav'd; for now I see
11	784	83	Peace to corrupt no less then Warr to waste.
11	785	83	How comes it thus? unfould, Celestial Guide,
11	786	83	And whether here the Race of man will end.
11	787	83	To whom thus Michael. Those whom last thou sawst
11	788	83	In triumph and luxurious wealth, are they
11	789	83	First seen in acts of prowess eminent
11	790	83	And great exploits, but of true vertu void;
11	791	83	Who having spilt much blood, and don much waste
11	792	83	Subduing Nations, and achievd thereby
11	793	83	Fame in the World, high titles, and rich prey,
11	794	83	Shall change thir course to pleasure, ease, and sloth,
11	795	83	Surfet, and lust, till wantonness and pride
11	796	83	Raise out of friendship hostil deeds in Peace.
11	797	83	The conquerd also, and enslav'd by Warr
11	798	83	Shall with thir freedom lost all vertu loose
11	799	83	And fear of God, from whom thir pietie feign'd
11	800	83	In sharp contest of Battel found no aide
11	801	83	Against invaders; therefore coold in zeale
11	802	83	Thenceforth shall practice how to live secure,
11	803	83	Worldlie or dissolute, on what thir Lords
11	804	83	Shall leave them to enjoy; for th' Earth shall bear
11	805	83	More then anough, that temperance may be tri'd:
11	806	83	So all shall turn degenerate, all deprav'd,
11	807	83	Justice and Temperance, Truth and Faith forgot;
11	808	83	One Man except, the onely Son of light
11	809	83	In a dark Age, against example good,
11	810	83	Against allurement, custom, and a World
11	811	83	Offended; fearless of reproach and scorn,
11	812	83	Or violence, hee of wicked wayes
11	813	83	Shall them admonish, and before them set
11	814	83	The paths of righteousness, how much more safe,
11	815	83	And full of peace, denouncing wrauth to come
11	816	83	On thir impenitence; and shall returne
11	817	83	Of them derided, but of God observd
11	818	83	The one just Man alive; by his command
11	819	83	Shall build a wondrous Ark, as thou beheldst,
11	820	83	To save himself and houshold from amidst
11	821	83	A World devote to universal rack.
11	822	83	No sooner hee with them of Man and Beast
11	823	83	Select for life shall in the Ark be lodg'd,
11	824	83	And shelterd round, but all the Cataracts
11	825	83	Of Heav'n set open on the Earth shall powre
11	826	83	Raine day and night, all fountains of the Deep
11	827	83	Broke up, shall heave the Ocean to usurp
11	828	83	Beyond all bounds, till inundation rise
11	829	83	Above the highest Hills: then shall this Mount
11	830	83	Of Paradise by might of Waves be moovd
11	831	83	Out of his place, pushd by the horned floud,
11	832	83	With all his verdure spoil'd, and Trees adrift
11	833	83	Down the great River to the op'ning Gulf,
11	834	83	And there take root an Iland salt and bare,
11	835	83	The haunt of Seales and Orcs, and Sea-mews clang.
11	836	83	To teach thee that God attributes to place
11	837	83	No sanctitie, if none be thither brought
11	838	83	By Men who there frequent, or therein dwell.
11	839	83	And now what further shall ensue, behold.
11	840	85	He lookd, and saw the Ark hull on the floud,
11	841	85	Which now abated, for the Clouds were fled,
11	842	85	Drivn by a keen North- winde, that blowing drie
11	843	85	Wrinkl'd the face of Deluge, as decai'd;
11	844	85	And the cleer Sun on his wide watrie Glass
11	845	85	Gaz'd hot, and of the fresh Wave largely drew,
11	846	85	As after thirst, which made thir flowing shrink
11	847	85	From standing lake to tripping ebbe, that stole
11	848	85	With soft foot towards the deep, who now had stopt
11	849	85	His Sluces, as the Heav'n his windows shut.
11	850	85	The Ark no more now flotes, but seems on ground
11	851	85	Fast on the top of som high mountain fixt.
11	852	85	And now the tops of Hills as Rocks appeer;
11	853	85	With clamor thence the rapid Currents drive
11	854	85	Towards the retreating Sea thir furious tyde.
11	855	85	Forthwith from out the Arke a Raven flies,
11	856	85	And after him, the surer messenger,
11	857	85	A Dove sent forth once and agen to spie
11	858	85	Green Tree or ground whereon his foot may light;
11	859	85	The second time returning, in his Bill
11	860	85	An Olive leafe he brings, pacific signe:
11	861	85	Anon drie ground appeers, and from his Arke
11	862	85	The ancient Sire descends with all his Train;
11	863	85	Then with uplifted hands, and eyes devout,
11	864	85	Grateful to Heav'n, over his head beholds
11	865	85	A dewie Cloud, and in the Cloud a Bow
11	866	85	Conspicuous with three listed colours gay,
11	867	85	Betok'ning peace from God, and Cov'nant new.
11	868	85	Whereat the heart of Adam erst so sad
11	869	85	Greatly rejoyc'd, and thus his joy broke forth.
11	870	87	O thou that future things canst represent
11	871	87	As present, Heav'nly instructer, I revive
11	872	87	At this last sight, assur'd that Man shall live
11	873	87	With all the Creatures, and thir seed preserve.
11	874	87	Farr less I now lament for one whole World
11	875	87	Of wicked Sons destroyd, then I rejoyce
11	876	87	For one Man found so perfet and so just,
11	877	87	That God voutsafes to raise another World
11	878	87	From him, and all his anger to forget.
11	879	87	But say, what mean those colourd streaks in Heavn,
11	880	87	Distended as the Brow of God appeas'd,
11	881	87	Or serve they as a flourie verge to binde
11	882	87	The fluid skirts of that same watrie Cloud,
11	883	87	Least it again dissolve and showr the Earth?
11	884	89	To whom th' Archangel. Dextrously thou aim'st;
11	885	89	So willingly doth God remit his Ire,
11	886	89	Though late repenting him of Man deprav'd,
11	887	89	Griev'd at his heart, when looking down he saw
11	888	89	The whole Earth fill'd with violence, and all flesh
11	889	89	Corrupting each thir way; yet those remoov'd,
11	890	89	Such grace shall one just Man find in his sight,
11	891	89	That he relents, not to blot out mankind,
11	892	89	And makes a Covenant never to destroy
11	893	89	The Earth again by flood, nor let the Sea
11	894	89	Surpass his bounds, nor Rain to drown the World
11	895	89	With Man therein or Beast; but when he brings
11	896	89	Over the Earth a Cloud, will therein set
11	897	89	His triple-colour'd Bow, whereon to look
11	898	89	And call to mind his Cov'nant: Day and Night,
11	899	89	Seed time and Harvest, Heat and hoary Frost
11	900	89	Shall hold thir course, till fire purge all things new,
11	901	89	Both Heav'n and Earth, wherein the just shall dwell.
12	1	1	AS one who in his journey bates at Noone,
12	2	1	Though bent on speed, so heer the Archangel paus'd
12	3	1	Betwixt the world destroy'd and world restor'd,
12	4	1	If Adam aught perhaps might interpose;
12	5	1	Then with transition sweet new Speech resumes.
12	6	3	Thus thou hast seen one World begin and end;
12	7	3	And Man as from a second stock proceed.
12	8	3	Much thou hast yet to see, but I perceave
12	9	3	Thy mortal sight to faile; objects divine
12	10	3	Must needs impaire and wearie human sense:
12	11	3	Henceforth what is to com I will relate,
12	12	3	Thou therefore give due audience, and attend.
12	13	3	This second sours of Men, while yet but few;
12	14	3	And while the dread of judgement past remains
12	15	3	Fresh in thir mindes, fearing the Deitie,
12	16	3	With some regard to what is just and right
12	17	3	Shall lead thir lives and multiplie apace,
12	18	3	Labouring the soile, and reaping plenteous crop,
12	19	3	Corn wine and oyle; and from the herd or flock,
12	20	3	Oft sacrificing Bullock, Lamb, or Kid,
12	21	3	With large Wine-offerings pour'd, and sacred Feast,
12	22	3	Shal spend thir dayes in joy unblam'd, and dwell
12	23	3	Long time in peace by Families and Tribes
12	24	3	Under paternal rule; till one shall rise
12	25	3	Of proud ambitious heart, who not content
12	26	3	With fair equalitie, fraternal state,
12	27	3	Will arrogate Dominion undeserv'd
12	28	3	Over his brethren, and quite dispossess
12	29	3	Concord and law of Nature from the Earth,
12	30	3	Hunting (and Men not Beasts shall be his game)
12	31	3	With Warr and hostile snare such as refuse
12	32	3	Subjection to his Empire tyrannous:
12	33	3	A mightie Hunter thence he shall be styl'd
12	34	3	Before the Lord, as in despite of Heav'n,
12	35	3	Or from Heav'n claming second Sovrantie;
12	36	3	And from Rebellion shall derive his name,
12	37	3	Though of Rebellion others he accuse.
12	38	3	Hee with a crew, whom like Ambition joyns
12	39	3	With him or under him to tyrannize,
12	40	3	Marching from Eden towards the West, shall finde
12	41	3	The Plain, wherein a black bituminous gurge
12	42	3	Boiles out from under ground, the mouth of Hell;
12	43	3	Of Brick, and of that stuff they cast to build
12	44	3	A Citie and Towre, whose top may reach to Heav'n;
12	45	3	And get themselves a name, least far disperst
12	46	3	In foraign Lands thir memorie be lost,
12	47	3	Regardless whether good or evil fame.
12	48	3	But God who oft descends to visit men
12	49	3	Unseen, and through thir habitations walks
12	50	3	To mark thir doings, them beholding soon,
12	51	3	Comes down to see thir Citie, ere the Tower
12	52	3	Obstruct Heav'n Towrs, and in derision sets
12	53	3	Upon thir Tongues a various Spirit to rase
12	54	3	Quite out thir Native Language, and instead
12	55	3	To sow a jangling noise of words unknown:
12	56	3	Forthwith a hideous gabble rises loud
12	57	3	Among the Builders; each to other calls
12	58	3	Not understood, till hoarse, and all in rage,
12	59	3	As mockt they storm; great laughter was in Heav'n
12	60	3	And looking down, to see the hubbub strange
12	61	3	And hear the din; thus was the building left
12	62	3	Ridiculous, and the work Confusion nam'd.
12	63	5	Whereto thus Adam fatherly displeas'd.
12	64	5	O execrable Son so to aspire
12	65	5	Above his Brethren, to himself assuming
12	66	5	Authoritie usurpt, from God not giv'n:
12	67	5	He gave us onely over Beast, Fish, Fowl
12	68	5	Dominion absolute; that right we hold
12	69	5	By his donation; but Man over men
12	70	5	He made not Lord; such title to himself
12	71	5	Reserving, human left from human free.
12	72	5	But this Usurper his encroachment proud
12	73	5	Stayes not on Man; to God his Tower intends
12	74	5	Siege and defiance: Wretched man! what food
12	75	5	Will he convey up thither to sustain
12	76	5	Himself and his rash Armie, where thin Aire
12	77	5	Above the Clouds will pine his entrails gross,
12	78	5	And famish him of Breath, if not of Bread?
12	79	7	To whom thus Michael. Justly thou abhorr'st
12	80	7	That Son, who on the quiet state of men
12	81	7	Such trouble brought, affecting to subdue
12	82	7	Rational Libertie; yet know withall,
12	83	7	Since thy original lapse, true Libertie
12	84	7	Is lost, which alwayes with right Reason dwells
12	85	7	Twinn'd, and from her hath no dividual being:
12	86	7	Reason in man obscur'd, or not obeyd,
12	87	7	Immediately inordinate desires
12	88	7	And upstart Passions catch the Government
12	89	7	From Reason, and to servitude reduce
12	90	7	Man till then free. Therefore since hee permits
12	91	7	Within himself unworthie Powers to reign
12	92	7	Over free Reason, God in Judgement just
12	93	7	Subjects him from without to violent Lords;
12	94	7	Who oft as undeservedly enthrall
12	95	7	His outward freedom: Tyrannie must be,
12	96	7	Though to the Tyrant thereby no excuse.
12	97	7	Yet somtimes Nations will decline so low
12	98	7	From vertue, which is reason, that no wrong,
12	99	7	But Justice, and some fatal curse annext
12	100	7	Deprives them of thir outward libertie,
12	101	7	Thir inward lost: Witness th' irreverent Son
12	102	7	Of him who built the Ark, who for the shame
12	103	7	Don to his Father, heard this heavie curse,
12	104	7	Servant of Servants, on his vitious Race.
12	105	7	Thus will this latter, as the former World,
12	106	7	Still tend from bad to worse, till God at last
12	107	7	Wearied with their iniquities, withdraw
12	108	7	His presence from among them, and avert
12	109	7	His holy Eyes; resolving from thenceforth
12	110	7	To leave them to thir own polluted wayes;
12	111	7	And one peculiar Nation to select
12	112	7	From all the rest, of whom to be invok'd,
12	113	7	A Nation from one faithful man to spring:
12	114	7	Him on this side Euphrates yet residing,
12	115	7	Bred up in Idol-worship; O that men
12	116	7	(Canst thou believe?) should be so stupid grown,
12	117	7	While yet the Patriark liv'd, who scap'd the Flood,
12	118	7	As to forsake the living God, and fall
12	119	7	To worship thir own work in Wood and Stone
12	120	7	For Gods! yet him God the most High voutsafes
12	121	7	To call by Vision from his Fathers house,
12	122	7	His kindred and false Gods, into a Land
12	123	7	Which he will shew him, and from him will raise
12	124	7	A mightie Nation, and upon him showre
12	125	7	His benediction so, that in his Seed
12	126	7	All Nations shall be blest; he straight obeys
12	127	7	Not knowing to what Land, yet firm believes:
12	128	7	I see him, but thou canst not, with what Faith
12	129	7	He leaves his Gods, his Friends, and native Soile
12	130	7	Ur of Chaldæa, passing now the Ford
12	131	7	To Haran, after a cumbrous Train
12	132	7	Of Herds and Flocks, and numerous servitude;
12	133	7	Not wandring poor, but trusting all his wealth
12	134	7	With God, who call'd him, in a land unknown.
12	135	7	Canaan he now attains, I see his Tents
12	136	7	Pitcht about Sechem, and the neighbouring Plaine
12	137	7	Of Moreh; there by promise he receaves
12	138	7	Gift to his Progenie of all that Land;
12	139	7	From Hamath Northward to the Desert South
12	140	7	(Things by thir names I call, though yet unnam'd)
12	141	7	From Hermon East to the great Western Sea,
12	142	7	Mount Hermon, yonder Sea, each place behold
12	143	7	In prospect, as I point them; on the shoare
12	144	7	Mount Carmel; here the double-founted stream
12	145	7	Jordan, true limit Eastward; but his Sons
12	146	7	Shall dwell to Senir, that long ridge of Hills.
12	147	7	This ponder, that all Nations of the Earth
12	148	7	Shall in his Seed be blessed; by that Seed
12	149	7	Is meant thy great deliverer, who shall bruise
12	150	7	The Serpents head; whereof to thee anon
12	151	7	Plainlier shall be reveald. This Patriarch blest,
12	152	7	Whom faithful Abraham due time shall call,
12	153	7	A Son, and of his Son a Grand-childe leaves,
12	154	7	Like him in faith, in wisdom, and renown;
12	155	7	The Grandchilde with twelve Sons increast, departs
12	156	7	From Canaan, to a land hereafter call'd
12	157	7	Egypt, divided by the River Nile;
12	158	7	See where it flows, disgorging at  seaven mouthes
12	159	7	Into the Sea: to sojourn in that Land
12	160	7	He comes invited by a yonger Son
12	161	7	In time of dearth, a Son whose worthy deeds
12	162	7	Raise him to be the second in that Realme
12	163	7	Of Pharao: there he dies, and leaves his Race
12	164	7	Growing into a Nation, and now grown
12	165	7	Suspected to a sequent King, who seeks
12	166	7	To stop thir overgrowth, as inmate guests
12	167	7	Too numerous; whence of guests he makes them slaves
12	168	7	Inhospitably, and kills thir infant Males:
12	169	7	Till by two brethren (those two brethren call
12	170	7	Moses and Aaron) sent from God to claime
12	171	7	His people from enthralment, they return
12	172	7	With glory and spoile back to thir promis'd Land.
12	173	7	But first the lawless Tyrant, who denies
12	174	7	To know thir God, or message to regard,
12	175	7	Must be compelld by Signes and Judgements dire;
12	176	7	To blood unshed the Rivers must be turnd,
12	177	7	Frogs, Lice and Flies must all his Palace fill
12	178	7	With loath'd intrusion, and fill all the land;
12	179	7	His Cattel must of Rot and Murren die,
12	180	7	Botches and blaines must all his flesh imboss,
12	181	7	And all his people; Thunder mixt with Haile,
12	182	7	Haile mixt with fire must rend th' Egyptian Skie
12	183	7	And wheel on th' Earth, devouring where it rouls;
12	184	7	What it devours not, Herb, or Fruit, or Graine,
12	185	7	A darksom Cloud of Locusts swarming down
12	186	7	Must eat, and on the ground leave nothing green:
12	187	7	Darkness must overshadow all his bounds,
12	188	7	Palpable darkness, and blot out three dayes;
12	189	7	Last with one midnight stroke all the first-born
12	190	7	Of Egypt must lie dead. Thus with ten wounds
12	191	7	The River-dragon tam'd at length submits
12	192	7	To let his sojourners depart, and oft
12	193	7	Humbles his stubborn heart, but still as Ice
12	194	7	More hard'nd after thaw, till in his rage
12	195	7	Pursuing whom he late dismissd, the Sea
12	196	7	Swallows him with his Host, but them lets pass
12	197	7	As on drie land between two christal walls,
12	198	7	Aw'd by the rod of Moses so to stand
12	199	7	Divided, till his rescu'd gain thir shoar:
12	200	7	Such wondrous power God to his Saint will lend,
12	201	7	Though present in his Angel, who shall goe
12	202	7	Before them in a Cloud, and Pillar of Fire,
12	203	7	By day a Cloud, by night a Pillar of Fire,
12	204	7	To guide them in thir journey, and remove
12	205	7	Behinde them, while th' obdurat King pursues:
12	206	7	All night he will pursue, but his approach
12	207	7	Darkness defends between till morning Watch;
12	208	7	Then through the Firey Pillar and the Cloud
12	209	7	God looking forth will trouble all his Host
12	210	7	And craze thir Chariot wheels: when by command
12	211	7	Moses once more his potent Rod extends
12	212	7	Over the Sea; the Sea his Rod obeys;
12	213	7	On thir imbattelld ranks the Waves return,
12	214	7	And overwhelm thir Warr: the Race elect
12	215	7	Safe towards Canaan from the shoar advance
12	216	7	Through the wilde Desert, not the readiest way,
12	217	7	Least entring on the Canaanite allarmd
12	218	7	Warr terrifie them inexpert, and feare
12	219	7	Return them back to Egypt, choosing rather
12	220	7	Inglorious life with servitude; for life
12	221	7	To noble and ignoble is more sweet
12	222	7	Untraind in Armes, where rashness leads not on.
12	223	7	This also shall they gain by thir delay
12	224	7	In the wide Wilderness, there they shall found
12	225	7	Thir government, and thir great Senate choose
12	226	7	Through the twelve Tribes, to rule by Laws ordaind:
12	227	7	God from the Mount of Sinai, whose gray top
12	228	7	Shall tremble, he descending, will himself
12	229	7	In Thunder Lightning and loud Trumpets sound
12	230	7	Ordaine them Lawes; part such as appertaine
12	231	7	To civil Justice, part religious Rites
12	232	7	Of sacrifice, informing them, by types
12	233	7	And shadowes, of that destind Seed to bruise
12	234	7	The Serpent, by what meanes he shall achieve
12	235	7	Mankinds deliverance. But the voice of God
12	236	7	To mortal eare is dreadful; they beseech
12	237	7	That Moses might report to them his will,
12	238	7	And terror cease; he grants what they besaught
12	239	7	Instructed that to God is no access
12	240	7	Without Mediator, whose high Office now
12	241	7	Moses in figure beares, to introduce
12	242	7	One greater, of whose day he shall foretell,
12	243	7	And all the Prophets in thir Age the times
12	244	7	Of great Messiah shall sing. Thus Laws and Rites
12	245	7	Establisht, such delight hath God in Men
12	246	7	Obedient to his will, that he voutsafes
12	247	7	Among them to set up his Tabernacle,
12	248	7	The holy One with mortal Men to dwell:
12	249	7	By his prescript a Sanctuary is fram'd
12	250	7	Of Cedar, overlaid with Gold, therein
12	251	7	An Ark, and in the Ark his Testimony,
12	252	7	The Records of his Cov'nant, over these
12	253	7	A Mercie-seat of Gold between the wings
12	254	7	Of two bright Cherubim, before him burn
12	255	7	Seaven Lamps as in a Zodiac representing
12	256	7	The Heav'nly fires; over the Tent a Cloud
12	257	7	Shall rest by Day, a fiery gleame by Night,
12	258	7	Save when they journie, and at length they come,
12	259	7	Conducted by his Angel to the Land
12	260	7	Promisd to Abraham and his Seed: the rest
12	261	7	Were long to tell, how many Battels fought,
12	262	7	How many Kings destroyd, and Kingdoms won,
12	263	7	Or how the Sun shall in mid Heav'n stand still
12	264	7	A day entire, and Nights due course adjourne,
12	265	7	Mans voice commanding, Sun in Gibeon stand,
12	266	7	And thou Moon in the vale of Aialon,
12	267	7	Till Israel overcome; so call the third
12	268	7	From Abraham, Son of Isaac, and from him
12	269	7	His whole descent, who thus shall Canaan win.
12	270	9	Here Adam interpos'd. O sent from Heav'n,
12	271	9	Enlightner of my darkness, gracious things
12	272	9	Thou hast reveald, those chiefly which concerne
12	273	9	Just Abraham and his Seed: now first I finde
12	274	9	Mine eyes true op'ning, and my heart much eas'd,
12	275	9	Erwhile perplext with thoughts what would becom
12	276	9	Of mee and all Mankind; but now I see
12	277	9	His day, in whom all Nations shall be blest,
12	278	9	Favour unmerited by me, who sought
12	279	9	Forbidd'n knowledge by forbidd'n means.
12	280	9	This yet I apprehend not, why to those
12	281	9	Among whom God will deigne to dwell on Earth
12	282	9	So many and so various Laws are giv'n;
12	283	9	So many Laws argue so many sins
12	284	9	Among them; how can God with such reside?
12	285	11	To whom thus Michael. Doubt not but that sin
12	286	11	Will reign among them, as of thee begot;
12	287	11	And therefore was Law given them to evince
12	288	11	Thir natural pravitie, by stirring up
12	289	11	Sin against Law to fight; that when they see
12	290	11	Law can discover sin, but not remove,
12	291	11	Save by those shadowie expiations weak,
12	292	11	The bloud of Bulls and Goats, they may conclude
12	293	11	Some bloud more precious must be paid for Man,
12	294	11	Just for unjust, that in such righteousness
12	295	11	To them by Faith imputed, they may finde
12	296	11	Justification towards God, and peace
12	297	11	Of Conscience, which the Law by Ceremonies
12	298	11	Cannot appease, nor Man the moral part
12	299	11	Perform, and not performing cannot live.
12	300	11	So Law appears imperfet, and but giv'n
12	301	11	With purpose to resign them in full time
12	302	11	Up to a better Cov'nant, disciplin'd
12	303	11	From shadowie Types to Truth, from Flesh to Spirit,
12	304	11	From imposition of strict Laws, to free
12	305	11	Acceptance of large Grace, from servil fear
12	306	11	To filial, works of Law to works of Faith.
12	307	11	And therefore shall not Moses, though of God
12	308	11	Highly belov'd, being but the Minister
12	309	11	Of Law, his people into Canaan lead;
12	310	11	But Joshua whom the Gentiles Jesus call,
12	311	11	His Name and Office bearing, who shall quell
12	312	11	The adversarie Serpent, and bring back
12	313	11	Through the worlds wilderness long wanderd man
12	314	11	Safe to eternal Paradise of rest.
12	315	11	Meanwhile they in thir earthly Canaan plac't
12	316	11	Long time shall dwell and prosper, but when sins
12	317	11	National interrupt thir public peace,
12	318	11	Provoking God to raise them enemies:
12	319	11	From whom as oft he saves them penitent
12	320	11	By Judges first, then under Kings; of whom
12	321	11	The second, both for pietie renownd
12	322	11	And puissant deeds, a promise shall receive
12	323	11	Irrevocable, that his Regal Throne
12	324	11	For ever shall endure; the like shall sing
12	325	11	All Prophecie, That of the Royal Stock
12	326	11	Of David (so I name this King) shall rise
12	327	11	A Son, the Womans Seed to thee foretold,
12	328	11	Foretold to Abraham, as in whom shall trust
12	329	11	All Nations, and to Kings foretold, of Kings
12	330	11	The last, for of his Reign shall be no end.
12	331	11	But first a long succession must ensue,
12	332	11	And his next Son for Wealth and Wisdom fam'd,
12	333	11	The clouded Ark of God till then in Tents
12	334	11	Wandring, shall in a glorious Temple enshrine.
12	335	11	Such follow him, as shall be registerd
12	336	11	Part good, part bad, of bad the longer scrowle,
12	337	11	Whose foul Idolatries, and other faults
12	338	11	Heapt to the popular summe, will so incense
12	339	11	God, as to leave them, and expose thir Land,
12	340	11	Thir Citie, his Temple, and his holy Ark
12	341	11	With all his sacred things, a scorn and prey
12	342	11	To that proud Citie, whose high Walls thou saw'st
12	343	11	Left in confusion, Babylon thence call'd.
12	344	11	There in captivitie he lets them dwell
12	345	11	The space of seventie years, then brings them back,
12	346	11	Remembring mercie, and his Cov'nant sworn
12	347	11	To David, stablisht as the dayes of Heav'n.
12	348	11	Returnd from Babylon by leave of Kings
12	349	11	Thir Lords, whom God dispos'd, the house of God
12	350	11	They first re-edifie, and for a while
12	351	11	In mean estate live moderate, till grown
12	352	11	In wealth and multitude, factious they grow;
12	353	11	But first among the Priests dissension springs,
12	354	11	Men who attend the Altar, and should most
12	355	11	Endeavour Peace: thir strife pollution brings
12	356	11	Upon the Temple it self: at last they seise
12	357	11	The Scepter, and regard not Davids Sons,
12	358	11	Then loose it to a stranger, that the true
12	359	11	Anointed King Messiah might be born
12	360	11	Barr'd of his right; yet at his Birth a Starr
12	361	11	Unseen before in Heav'n proclaims him com,
12	362	11	And guides the Eastern Sages, who enquire
12	363	11	His place, to offer Incense, Myrrh, and Gold;
12	364	11	His place of birth a solemn Angel tells
12	365	11	To simple Shepherds, keeping watch by night;
12	366	11	They gladly thither haste, and by a Quire
12	367	11	Of squadrond Angels hear his Carol sung.
12	368	11	A Virgin is his Mother, but his Sire
12	369	11	The Power of the most High; he shall ascend
12	370	11	The Throne hereditarie, and bound his Reign
12	371	11	With earths wide bounds, his glory with the Heav'ns.
12	372	13	He ceas'd, discerning Adam with such joy
12	373	13	Surcharg'd, as had like grief bin dew'd in tears,
12	374	13	Without the vent of words, which these he breathd.
12	375	15	O Prophet of glad tidings, finisher
12	376	15	Of utmost hope! now clear I understand
12	377	15	What oft my steddiest thoughts have searcht in vain,
12	378	15	Why our great expectation should be call'd
12	379	15	The seed of Woman: Virgin Mother, Haile,
12	380	15	High in the love of Heav'n, yet from my Loynes
12	381	15	Thou shalt proceed, and from thy Womb the Son
12	382	15	Of God most High; So God with man unites.
12	383	15	Needs must the Serpent now his capital bruise
12	384	15	Expect with mortal paine: say where and when
12	385	15	Thir fight, what stroke shall bruise the Victors heel.
12	386	17	To whom thus Michael. Dream not of thir fight,
12	387	17	As of a Duel, or the local wounds
12	388	17	Of head or heel: not therefore joynes the Son
12	389	17	Manhood to God-head, with more strength to foil
12	390	17	Thy enemie; nor so is overcome
12	391	17	Satan, whose fall from Heav'n, a deadlier bruise,
12	392	17	Disabl'd not to give thee thy deaths wound:
12	393	17	Which hee, who comes thy Saviour, shall recure,
12	394	17	Not by destroying Satan, but his works
12	395	17	In thee and in thy Seed: nor can this be,
12	396	17	But by fulfilling that which thou didst want,
12	397	17	Obedience to the Law of God, impos'd
12	398	17	On penaltie of death, and suffering death,
12	399	17	The penaltie to thy transgression due,
12	400	17	And due to theirs which out of thine will grow:
12	401	17	So onely can high Justice rest appaid.
12	402	17	The Law of God exact he shall fulfill
12	403	17	Both by obedience and by love, though love
12	404	17	Alone fulfill the Law; thy punishment
12	405	17	He shall endure by coming in the Flesh
12	406	17	To a reproachful life and cursed death,
12	407	17	Proclaiming Life to all who shall believe
12	408	17	In his redemption, and that his obedience
12	409	17	Imputed becomes theirs by Faith, his merits
12	410	17	To save them, not thir own, though legal works.
12	411	17	For this he shall live hated, be blasphem'd,
12	412	17	Seis'd on by force, judg'd, and to death condemnd
12	413	17	A shameful and accurst, naild to the Cross
12	414	17	By his own Nation, slaine for bringing Life;
12	415	17	But to the Cross he nailes thy Enemies,
12	416	17	The Law that is against thee, and the sins
12	417	17	Of all mankinde, with him there crucifi'd,
12	418	17	Never to hurt them more who rightly trust
12	419	17	In this his satisfaction; so he dies,
12	420	17	But soon revives, Death over him no power
12	421	17	Shall long usurp; ere the third dawning light
12	422	17	Returne, the Starres of Morn shall see him rise
12	423	17	Out of his grave, fresh as the dawning light,
12	424	17	Thy ransom paid, which Man from death redeems,
12	425	17	His death for Man, as many as offerd Life
12	426	17	Neglect not, and the benefit imbrace
12	427	17	By Faith not void of workes: this God-like act
12	428	17	Annuls thy doom, the death thou shouldst have dy'd,
12	429	17	In sin for ever lost from life; this act
12	430	17	Shall bruise the head of Satan, crush his strength
12	431	17	Defeating Sin and Death, his two maine armes,
12	432	17	And fix farr deeper in his head thir stings
12	433	17	Then temporal death shall bruise the Victors heel,
12	434	17	Or theirs whom he redeems, a death like sleep,
12	435	17	A gentle wafting to immortal Life.
12	436	17	Nor after resurrection shall he stay
12	437	17	Longer on Earth then certaine times to appeer
12	438	17	To his Disciples, Men who in his Life
12	439	17	Still follow'd him; to them shall leave in charge
12	440	17	To teach all nations what of him they learn'd
12	441	17	And his Salvation, them who shall beleeve
12	442	17	Baptizing in the profluent streame, the signe
12	443	17	Of washing them from guilt of sin to Life
12	444	17	Pure, and in mind prepar'd, if so befall,
12	445	17	For death, like that which the redeemer dy'd.
12	446	17	All Nations they shall teach; for from that day
12	447	17	Not onely to the Sons of Abrahams Loines
12	448	17	Salvation shall be Preacht, but to the Sons
12	449	17	Of Abrahams Faith wherever through the world;
12	450	17	So in his seed all Nations shall be blest.
12	451	17	Then to the Heav'n of Heav'ns he shall ascend
12	452	17	With victory, triumphing through the aire
12	453	17	Over his foes and thine; there shall surprise
12	454	17	The Serpent, Prince of aire, and drag in Chaines
12	455	17	Through all his Realme, and there confounded leave;
12	456	17	Then enter into glory, and resume
12	457	17	His Seat at Gods right hand, exalted high
12	458	17	Above all names in Heav'n; and thence shall come,
12	459	17	When this worlds dissolution shall be ripe,
12	460	17	With glory and power to judge both quick and dead
12	461	17	To judge th' unfaithful dead, but to reward
12	462	17	His faithful, and receave them into bliss,
12	463	17	Whether in Heav'n or Earth, for then the Earth
12	464	17	Shall all be Paradise, far happier place
12	465	17	Then this of Eden, and far happier daies.
12	466	19	So spake th' Archangel Michael, then paus'd,
12	467	19	As at the Worlds great period; and our Sire
12	468	19	Replete with joy and wonder thus repli'd.
12	469	21	O goodness infinite, goodness immense!
12	470	21	That all this good of evil shall produce,
12	471	21	And evil turn to good; more wonderful
12	472	21	Then that which by creation first brought forth
12	473	21	Light out of darkness! full of doubt I stand,
12	474	21	Whether I should repent me now of sin
12	475	21	By mee done and occasiond, or rejoyce
12	476	21	Much more, that much more good thereof shall spring,
12	477	21	To God more glory, more good will to Men
12	478	21	From God, and over wrauth grace shall abound.
12	479	21	But say, if our deliverer up to Heav'n
12	480	21	Must reascend, what will betide the few
12	481	21	His faithful, left among th' unfaithful herd,
12	482	21	The enemies of truth; who then shall guide
12	483	21	His people, who defend? will they not deale
12	484	21	Wors with his followers then with him they dealt?
12	485	23	Be sure they will, said th' Angel; but from Heav'n
12	486	23	Hee to his own a Comforter will send,
12	487	23	The promise of the Father, who shall dwell
12	488	23	His Spirit within them, and the Law of Faith
12	489	23	Working through love, upon thir hearts shall write,
12	490	23	To guide them in all truth, and also arme
12	491	23	With spiritual Armour, able to resist
12	492	23	Satans assaults, and quench his fierie darts,
12	493	23	What Man can do against them, not affraid,
12	494	23	Though to the death, against such cruelties
12	495	23	With inward consolations recompenc't,
12	496	23	And oft supported so as shall amaze
12	497	23	Thir proudest persecuters: for the Spirit
12	498	23	 Powrd first on his Apostles, whom he sends
12	499	23	To evangelize the Nations, then on all
12	500	23	Baptiz'd, shall them with wondrous gifts endue
12	501	23	To speak all Tongues, and do all Miracles,
12	502	23	As did thir Lord before them. Thus they win
12	503	23	Great numbers of each Nation to receave
12	504	23	With joy the tidings brought from Heav'n: at length
12	505	23	Thir Ministry perform'd, and race well run,
12	506	23	Thir doctrine and thir story written left,
12	507	23	They die; but in thir room, as they forewarne,
12	508	23	Wolves shall succeed for teachers, grievous Wolves,
12	509	23	Who all the sacred mysteries of Heav'n
12	510	23	To thir own vile advantages shall turne
12	511	23	Of lucre and ambition, and the truth
12	512	23	With superstitions and traditions taint,
12	513	23	Left onely in those written Records pure,
12	514	23	Though not but by the Spirit understood.
12	515	23	Then shall they seek to avail themselves of names,
12	516	23	Places and titles, and with these to joine
12	517	23	Secular power, though feigning still to act
12	518	23	By spiritual, to themselves appropriating
12	519	23	The Spirit of God, promisd alike and giv'n
12	520	23	To all Beleevers; and from that pretense,
12	521	23	Spiritual Lawes by carnal power shall force
12	522	23	On every conscience; Laws which none shall finde
12	523	23	Left them inrould, or what the Spirit within
12	524	23	Shall on the heart engrave. What will they then
12	525	23	But force the Spirit of Grace it self, and binde
12	526	23	His consort Libertie; what, but unbuild
12	527	23	His living Temples, built by Faith to stand,
12	528	23	Thir own Faith not anothers: for on Earth
12	529	23	Who against Faith and Conscience can be heard
12	530	23	Infallible? yet many will presume:
12	531	23	Whence heavie persecution shall arise
12	532	23	On all who in the worship persevere
12	533	23	Of Spirit and Truth; the rest, farr greater part,
12	534	23	Well deem in outward Rites and specious formes
12	535	23	Religion satisfi'd; Truth shall retire
12	536	23	Bestuck with slandrous darts, and works of Faith
12	537	23	Rarely be found: so shall the World goe on,
12	538	23	To good malignant, to bad men benigne,
12	539	23	Under her own waight groaning till the day
12	540	23	Appeer of respiration to the just,
12	541	23	And vengeance to the wicked, at return
12	542	23	Of him so lately promiss'd to thy aid
12	543	23	The Womans seed, obscurely then foretold,
12	544	23	Now amplier known thy Saviour and thy Lord,
12	545	23	Last in the Clouds from Heav'n to be reveald
12	546	23	In glory of the Father, to dissolve
12	547	23	Satan with his perverted World, then raise
12	548	23	From the conflagrant mass, purg'd and refin'd,
12	549	23	New Heav'ns, new Earth, Ages of endless date
12	550	23	Founded in righteousness and peace and love
12	551	23	To bring forth fruits Joy and eternal Bliss.
12	552	25	He ended; and thus Adam last reply'd.
12	553	25	How soon hath thy prediction, Seer blest,
12	554	25	Measur'd this transient World, the Race of time,
12	555	25	Till time stand fixt: beyond is all abyss,
12	556	25	Eternitie, whose end no eye can reach.
12	557	25	Greatly instructed I shall hence depart.
12	558	25	Greatly in peace of thought, and have my fill
12	559	25	Of knowledge, what this Vessel can containe;
12	560	25	Beyond which was my folly to aspire.
12	561	25	Henceforth I learne, that to obey is best,
12	562	25	And love with feare the onely God, to walk
12	563	25	As in his presence, ever to observe
12	564	25	His providence, and on him sole depend,
12	565	25	Merciful over all his works, with good
12	566	25	Still overcoming evil, and by small
12	567	25	Accomplishing great things, by things deemd weak
12	568	25	Subverting worldly strong, and worldly wise
12	569	25	By simply meek; that suffering for Truths sake
12	570	25	Is fortitude to highest victorie,
12	571	25	And to the faithful Death the Gate of Life;
12	572	25	Taught this by his example whom I now
12	573	25	Acknowledge my Redeemer ever blest.
12	574	27	To whom thus also th' Angel last repli'd:
12	575	27	This having learnt, thou hast attained the summe
12	576	27	Of wisdom; hope no higher, though all the Starrs
12	577	27	Thou knewst by name, and all th' ethereal Powers,
12	578	27	All secrets of the deep, all Natures works,
12	579	27	Or works of God in Heav'n, Aire, Earth, or Sea,
12	580	27	And all the riches of this World enjoydst,
12	581	27	And all the rule, one Empire; onely add
12	582	27	Deeds to thy knowledge answerable, add Faith,
12	583	27	Add vertue, Patience, Temperance, add Love,
12	584	27	By name to come call'd Charitie, the soul
12	585	27	Of all the rest: then wilt thou not be loath
12	586	27	To leave this Paradise, but shalt possess
12	587	27	A Paradise within thee, happier farr.
12	588	27	Let us descend now therefore from this top
12	589	27	Of Speculation; for the hour precise
12	590	27	Exacts our parting hence; and see the Guards,
12	591	27	By mee encampt on yonder Hill, expect
12	592	27	Thir motion, at whose Front a flaming Sword,
12	593	27	In signal of remove, waves fiercely round;
12	594	27	We may no longer stay: go, waken Eve;
12	595	27	Her also I with gentle Dreams have calm'd
12	596	27	Portending good, and all her spirits compos'd
12	597	27	To meek submission: thou at season fit
12	598	27	Let her with thee partake what thou hast heard,
12	599	27	Chiefly what may concern her Faith to know,
12	600	27	The great deliverance by her Seed to come
12	601	27	(For by the Womans Seed) on all Mankind.
12	602	27	That ye may live, which will be many dayes,
12	603	27	Both in one Faith unanimous though sad,
12	604	27	With cause for evils past, yet much more cheer'd
12	605	27	With meditation on the happie end.
12	606	29	He ended, and they both descend the Hill;
12	607	29	Descended, Adam to the Bowre where Eve
12	608	29	Lay sleeping ran before, but found her wak't;
12	609	29	And thus with words not sad she him receav'd.
12	610	31	Whence thou returnst, and whither wentst, I know;
12	611	31	For God is also in sleep, and Dreams advise,
12	612	31	Which he hath sent propitious, some great good
12	613	31	Presaging, since with sorrow and hearts distress
12	614	31	Wearied I fell asleep: but now lead on;
12	615	31	In mee is no delay; with thee to goe,
12	616	31	Is to stay here; without thee here to stay,
12	617	31	Is to go hence unwilling; thou to mee
12	618	31	Art all things under Heav'n, all places thou,
12	619	31	Who for my wilful crime art banisht hence.
12	620	31	This further consolation yet secure
12	621	31	I carry hence; though all by mee is lost,
12	622	31	Such favour I unworthie am voutsaft,
12	623	31	By mee the Promis'd Seed shall all restore.
12	624	33	So spake our Mother Eve, and Adam heard
12	625	33	Well pleas'd, but answer'd not; for now too nigh
12	626	33	Th' Archangel stood, and from the other Hill
12	627	33	To thir fixt Station, all in bright array
12	628	33	The Cherubim descended; on the ground
12	629	33	Gliding meteorous, as Ev'ning Mist
12	630	33	Ris'n from a River o're the marish glides,
12	631	33	And gathers ground fast at the Labourers heel
12	632	33	Homeward returning. High in Front advanc't,
12	633	33	The brandisht Sword of God before them blaz'd
12	634	33	Fierce as a Comet; which with torrid heat,
12	635	33	And vapour as the Libyan Air adust,
12	636	33	Began to parch that temperate Clime; whereat
12	637	33	In either hand the hastning Angel caught
12	638	33	Our lingring Parents, and to th' Eastern Gate
12	639	33	Led them direct, and down the Cliff as fast
12	640	33	To the subjected Plaine; then disappeer'd.
12	641	33	They looking back, all th' Eastern side beheld
12	642	33	Of Paradise, so late thir happie seat,
12	643	33	Wav'd over by that flaming Brand, the Gate
12	644	33	With dreadful Faces throng'd and fierie Armes:
12	645	33	Som natural tears they drop'd, but wip'd them soon;
12	646	33	The World was all before them, where to choose
12	647	33	Thir place of rest, and Providence thir guide:
12	648	33	They hand in hand with wandring steps and slow,
12	649	33	Through Eden took thir solitarie way.
